INSERT INTO `entry`(`entryid`,`type`) VALUES('1104999','b');
INSERT INTO `book`(`title`,`entryid`,`isbn`) VALUES('Edge for particularized Oboe','1104999','0703086009753');
INSERT INTO `genre_book`(`genre`, `entryid`) VALUES ('Science','1104999');
INSERT INTO `author`(`name`,`birthyear`,`deathyear`) VALUES('Roberto Mohead','1924','1945');
INSERT INTO `author_book`(`author`, `entryid`) VALUES ('Roberto Mohead','1104999');
INSERT INTO `publisher`(`name`) VALUES ('Cucinella Inc.');
INSERT INTO `publisher_book`(`publisher`, `entryid`) VALUES ('Cucinella Inc.','1104999');
INSERT INTO `entry`(`entryid`,`type`) VALUES('1105000','b');
INSERT INTO `book`(`title`,`entryid`,`isbn`) VALUES('Message in Bowl','1105000','0784489095463');
INSERT INTO `genre_book`(`genre`, `entryid`) VALUES ('Science','1105000');
INSERT INTO `author`(`name`,`birthyear`,`deathyear`) VALUES('Jamar Stefanowicz','1975','2032');
INSERT INTO `author_book`(`author`, `entryid`) VALUES ('Jamar Stefanowicz','1105000');
INSERT INTO `publisher`(`name`) VALUES ('Shontz Publishers.');
INSERT INTO `publisher_book`(`publisher`, `entryid`) VALUES ('Shontz Publishers.','1105000');
INSERT INTO `entry`(`entryid`,`type`) VALUES('1105001','b');
INSERT INTO `book`(`title`,`entryid`,`isbn`) VALUES('Plow because of cur Page','1105001','9545301290426');
INSERT INTO `genre_book`(`genre`, `entryid`) VALUES ('Romance','1105001');
INSERT INTO `author`(`name`,`birthyear`,`deathyear`) VALUES('Tarra Jungquist','1975','2025');
INSERT INTO `author_book`(`author`, `entryid`) VALUES ('Tarra Jungquist','1105001');
INSERT INTO `publisher`(`name`) VALUES ('Schachsieck Publishers.');
INSERT INTO `publisher_book`(`publisher`, `entryid`) VALUES ('Schachsieck Publishers.','1105001');
INSERT INTO `entry`(`entryid`,`type`) VALUES('1105002','b');
INSERT INTO `book`(`title`,`entryid`,`isbn`) VALUES('Sphynx of decrescent Desk','1105002','9698493922002');
INSERT INTO `genre_book`(`genre`, `entryid`) VALUES ('Romance','1105002');
INSERT INTO `author`(`name`,`birthyear`,`deathyear`) VALUES('Marvel Moya','1931','2005');
INSERT INTO `author_book`(`author`, `entryid`) VALUES ('Marvel Moya','1105002');
INSERT INTO `publisher_book`(`publisher`, `entryid`) VALUES ('Cucinella Inc.','1105002');
INSERT INTO `entry`(`entryid`,`type`) VALUES('1105003','b');
INSERT INTO `book`(`title`,`entryid`,`isbn`) VALUES('Grass with the unscriptural Child','1105003','9807660373839');
INSERT INTO `genre_book`(`genre`, `entryid`) VALUES ('Sci-Fi','1105003');
INSERT INTO `author`(`name`,`birthyear`,`deathyear`) VALUES('Lashaunda Anast','1954','1975');
INSERT INTO `author_book`(`author`, `entryid`) VALUES ('Lashaunda Anast','1105003');
INSERT INTO `publisher`(`name`) VALUES ('Tubman Inc.');
INSERT INTO `publisher_book`(`publisher`, `entryid`) VALUES ('Tubman Inc.','1105003');
INSERT INTO `entry`(`entryid`,`type`) VALUES('1105004','b');
INSERT INTO `book`(`title`,`entryid`,`isbn`) VALUES('Mail to weaponed Gas','1105004','9906777887985');
INSERT INTO `genre_book`(`genre`, `entryid`) VALUES ('Romance','1105004');
INSERT INTO `author`(`name`,`birthyear`,`deathyear`) VALUES('Boyce Krotzer','1915','1974');
INSERT INTO `author_book`(`author`, `entryid`) VALUES ('Boyce Krotzer','1105004');
INSERT INTO `publisher`(`name`) VALUES ('Sibley Inc.');
INSERT INTO `publisher_book`(`publisher`, `entryid`) VALUES ('Sibley Inc.','1105004');
INSERT INTO `entry`(`entryid`,`type`) VALUES('1105005','b');
INSERT INTO `book`(`title`,`entryid`,`isbn`) VALUES('Texture vs. wheezing Cave','1105005','0622237164450');
INSERT INTO `genre_book`(`genre`, `entryid`) VALUES ('Horror','1105005');
INSERT INTO `author`(`name`,`birthyear`,`deathyear`) VALUES('Kerry Gins','1915','1998');
INSERT INTO `author_book`(`author`, `entryid`) VALUES ('Kerry Gins','1105005');
INSERT INTO `publisher`(`name`) VALUES ('Seminole Inc.');
INSERT INTO `publisher_book`(`publisher`, `entryid`) VALUES ('Seminole Inc.','1105005');
INSERT INTO `entry`(`entryid`,`type`) VALUES('1105006','b');
INSERT INTO `book`(`title`,`entryid`,`isbn`) VALUES('Calculus to the Helen','1105006','9036601152553');
INSERT INTO `genre_book`(`genre`, `entryid`) VALUES ('Sci-Fi','1105006');
INSERT INTO `author`(`name`,`birthyear`,`deathyear`) VALUES('Mica Kingsley','1953','2030');
INSERT INTO `author_book`(`author`, `entryid`) VALUES ('Mica Kingsley','1105006');
INSERT INTO `publisher`(`name`) VALUES ('Ziedan Inc.');
INSERT INTO `publisher_book`(`publisher`, `entryid`) VALUES ('Ziedan Inc.','1105006');
INSERT INTO `entry`(`entryid`,`type`) VALUES('1105007','b');
INSERT INTO `book`(`title`,`entryid`,`isbn`) VALUES('Snowflake of the initiative Nitrogen','1105007','9066254435581');
INSERT INTO `genre_book`(`genre`, `entryid`) VALUES ('Sci-Fi','1105007');
INSERT INTO `author`(`name`,`birthyear`,`deathyear`) VALUES('Pamila Quon','1959','2030');
INSERT INTO `author_book`(`author`, `entryid`) VALUES ('Pamila Quon','1105007');
INSERT INTO `publisher`(`name`) VALUES ('Sensing Cooperations.');
INSERT INTO `publisher_book`(`publisher`, `entryid`) VALUES ('Sensing Cooperations.','1105007');
INSERT INTO `entry`(`entryid`,`type`) VALUES('1105008','b');
INSERT INTO `book`(`title`,`entryid`,`isbn`) VALUES('Report to the Throne','1105008','0519240656405');
INSERT INTO `genre_book`(`genre`, `entryid`) VALUES ('Thriller','1105008');
INSERT INTO `author`(`name`,`birthyear`,`deathyear`) VALUES('Becki Pernod','1911','2011');
INSERT INTO `author_book`(`author`, `entryid`) VALUES ('Becki Pernod','1105008');
INSERT INTO `publisher`(`name`) VALUES ('Turnbough Inc.');
INSERT INTO `publisher_book`(`publisher`, `entryid`) VALUES ('Turnbough Inc.','1105008');
INSERT INTO `entry`(`entryid`,`type`) VALUES('1105009','b');
INSERT INTO `book`(`title`,`entryid`,`isbn`) VALUES('Song because of Drop','1105009','9012085565394');
INSERT INTO `genre_book`(`genre`, `entryid`) VALUES ('Sci-Fi','1105009');
INSERT INTO `author`(`name`,`birthyear`,`deathyear`) VALUES('Aldo Koegel','1965','1995');
INSERT INTO `author_book`(`author`, `entryid`) VALUES ('Aldo Koegel','1105009');
INSERT INTO `publisher`(`name`) VALUES ('Ards Inc.');
INSERT INTO `publisher_book`(`publisher`, `entryid`) VALUES ('Ards Inc.','1105009');
INSERT INTO `entry`(`entryid`,`type`) VALUES('1105010','b');
INSERT INTO `book`(`title`,`entryid`,`isbn`) VALUES('Russia in the Scene','1105010','0711556261594');
INSERT INTO `genre_book`(`genre`, `entryid`) VALUES ('Science','1105010');
INSERT INTO `author`(`name`,`birthyear`,`deathyear`) VALUES('Donita Meldrum','1889','1953');
INSERT INTO `author_book`(`author`, `entryid`) VALUES ('Donita Meldrum','1105010');
INSERT INTO `publisher`(`name`) VALUES ('Dominique Publishers.');
INSERT INTO `publisher_book`(`publisher`, `entryid`) VALUES ('Dominique Publishers.','1105010');
INSERT INTO `entry`(`entryid`,`type`) VALUES('1105011','b');
INSERT INTO `book`(`title`,`entryid`,`isbn`) VALUES('Dinghy against the expurgated Lyocell','1105011','9393532630831');
INSERT INTO `genre_book`(`genre`, `entryid`) VALUES ('Thriller','1105011');
INSERT INTO `author_book`(`author`, `entryid`) VALUES ('Boyce Krotzer','1105011');
INSERT INTO `publisher_book`(`publisher`, `entryid`) VALUES ('Sensing Cooperations.','1105011');
INSERT INTO `entry`(`entryid`,`type`) VALUES('1105012','b');
INSERT INTO `book`(`title`,`entryid`,`isbn`) VALUES('Geology against extraditable Pull','1105012','9520858143917');
INSERT INTO `genre_book`(`genre`, `entryid`) VALUES ('Education','1105012');
INSERT INTO `author`(`name`,`birthyear`,`deathyear`) VALUES('Darren Kreitzbender','1943','1967');
INSERT INTO `author_book`(`author`, `entryid`) VALUES ('Darren Kreitzbender','1105012');
INSERT INTO `publisher`(`name`) VALUES ('Safko Cooperations.');
INSERT INTO `publisher_book`(`publisher`, `entryid`) VALUES ('Safko Cooperations.','1105012');
INSERT INTO `entry`(`entryid`,`type`) VALUES('1105013','b');
INSERT INTO `book`(`title`,`entryid`,`isbn`) VALUES('Albatross to Interest','1105013','0132453471230');
INSERT INTO `genre_book`(`genre`, `entryid`) VALUES ('Thriller','1105013');
INSERT INTO `author`(`name`,`birthyear`,`deathyear`) VALUES('Bette Tuell','1953','2049');
INSERT INTO `author_book`(`author`, `entryid`) VALUES ('Bette Tuell','1105013');
INSERT INTO `publisher_book`(`publisher`, `entryid`) VALUES ('Dominique Publishers.','1105013');
INSERT INTO `entry`(`entryid`,`type`) VALUES('1105014','b');
INSERT INTO `book`(`title`,`entryid`,`isbn`) VALUES('Revolver by Paste','1105014','9151376866832');
INSERT INTO `genre_book`(`genre`, `entryid`) VALUES ('Thriller','1105014');
INSERT INTO `author`(`name`,`birthyear`,`deathyear`) VALUES('Jina Campolongo','1898','1987');
INSERT INTO `author_book`(`author`, `entryid`) VALUES ('Jina Campolongo','1105014');
INSERT INTO `publisher`(`name`) VALUES ('Oathout Publishers.');
INSERT INTO `publisher_book`(`publisher`, `entryid`) VALUES ('Oathout Publishers.','1105014');
INSERT INTO `entry`(`entryid`,`type`) VALUES('1105015','b');
INSERT INTO `book`(`title`,`entryid`,`isbn`) VALUES('Shoulder with the unstinted Fight','1105015','9923188863665');
INSERT INTO `genre_book`(`genre`, `entryid`) VALUES ('Science','1105015');
INSERT INTO `author`(`name`,`birthyear`,`deathyear`) VALUES('Arlinda Neibert','1975','2058');
INSERT INTO `author_book`(`author`, `entryid`) VALUES ('Arlinda Neibert','1105015');
INSERT INTO `publisher`(`name`) VALUES ('Swoyer Publishers.');
INSERT INTO `publisher_book`(`publisher`, `entryid`) VALUES ('Swoyer Publishers.','1105015');
INSERT INTO `entry`(`entryid`,`type`) VALUES('1105016','b');
INSERT INTO `book`(`title`,`entryid`,`isbn`) VALUES('Carriage for Timer','1105016','9394639639808');
INSERT INTO `genre_book`(`genre`, `entryid`) VALUES ('Thriller','1105016');
INSERT INTO `author`(`name`,`birthyear`,`deathyear`) VALUES('Beth Milford','1901','1983');
INSERT INTO `author_book`(`author`, `entryid`) VALUES ('Beth Milford','1105016');
INSERT INTO `publisher`(`name`) VALUES ('Treinen Publishers.');
INSERT INTO `publisher_book`(`publisher`, `entryid`) VALUES ('Treinen Publishers.','1105016');
INSERT INTO `entry`(`entryid`,`type`) VALUES('1105017','b');
INSERT INTO `book`(`title`,`entryid`,`isbn`) VALUES('Guatemalan of coincident Kenya','1105017','0479441502372');
INSERT INTO `genre_book`(`genre`, `entryid`) VALUES ('Thriller','1105017');
INSERT INTO `author`(`name`,`birthyear`,`deathyear`) VALUES('Bella Bevels','1895','1962');
INSERT INTO `author_book`(`author`, `entryid`) VALUES ('Bella Bevels','1105017');
INSERT INTO `publisher`(`name`) VALUES ('Sago Publishers.');
INSERT INTO `publisher_book`(`publisher`, `entryid`) VALUES ('Sago Publishers.','1105017');
INSERT INTO `entry`(`entryid`,`type`) VALUES('1105018','b');
INSERT INTO `book`(`title`,`entryid`,`isbn`) VALUES('Sense by Cheque','1105018','0009555574401');
INSERT INTO `genre_book`(`genre`, `entryid`) VALUES ('Education','1105018');
INSERT INTO `author`(`name`,`birthyear`,`deathyear`) VALUES('Naida Lipman','1966','2033');
INSERT INTO `author_book`(`author`, `entryid`) VALUES ('Naida Lipman','1105018');
INSERT INTO `publisher`(`name`) VALUES ('Baldacchino Publishers.');
INSERT INTO `publisher_book`(`publisher`, `entryid`) VALUES ('Baldacchino Publishers.','1105018');
INSERT INTO `entry`(`entryid`,`type`) VALUES('1105019','b');
INSERT INTO `book`(`title`,`entryid`,`isbn`) VALUES('South africa by the apolitical Citizenship','1105019','9612561770729');
INSERT INTO `genre_book`(`genre`, `entryid`) VALUES ('Romance','1105019');
INSERT INTO `author`(`name`,`birthyear`,`deathyear`) VALUES('Bernie Mangon','1882','1931');
INSERT INTO `author_book`(`author`, `entryid`) VALUES ('Bernie Mangon','1105019');
INSERT INTO `publisher_book`(`publisher`, `entryid`) VALUES ('Tubman Inc.','1105019');
INSERT INTO `entry`(`entryid`,`type`) VALUES('1105020','b');
INSERT INTO `book`(`title`,`entryid`,`isbn`) VALUES('Start of the Mozart Calendar','1105020','0054118997932');
INSERT INTO `genre_book`(`genre`, `entryid`) VALUES ('Romance','1105020');
INSERT INTO `author`(`name`,`birthyear`,`deathyear`) VALUES('Monty Aspinall','1928','2015');
INSERT INTO `author_book`(`author`, `entryid`) VALUES ('Monty Aspinall','1105020');
INSERT INTO `publisher`(`name`) VALUES ('Jessel Cooperations.');
INSERT INTO `publisher_book`(`publisher`, `entryid`) VALUES ('Jessel Cooperations.','1105020');
INSERT INTO `entry`(`entryid`,`type`) VALUES('1105021','b');
INSERT INTO `book`(`title`,`entryid`,`isbn`) VALUES('Description and the Berry','1105021','9057954464704');
INSERT INTO `genre_book`(`genre`, `entryid`) VALUES ('Science','1105021');
INSERT INTO `author`(`name`,`birthyear`,`deathyear`) VALUES('Fabiola Tumbleston','1923','1949');
INSERT INTO `author_book`(`author`, `entryid`) VALUES ('Fabiola Tumbleston','1105021');
INSERT INTO `publisher`(`name`) VALUES ('Moos Publishers.');
INSERT INTO `publisher_book`(`publisher`, `entryid`) VALUES ('Moos Publishers.','1105021');
INSERT INTO `entry`(`entryid`,`type`) VALUES('1105022','b');
INSERT INTO `book`(`title`,`entryid`,`isbn`) VALUES('Tabletop for the Invoice','1105022','9291719980561');
INSERT INTO `genre_book`(`genre`, `entryid`) VALUES ('Horror','1105022');
INSERT INTO `author`(`name`,`birthyear`,`deathyear`) VALUES('Jann Pomares','1975','2048');
INSERT INTO `author_book`(`author`, `entryid`) VALUES ('Jann Pomares','1105022');
INSERT INTO `publisher`(`name`) VALUES ('Urbina Publishers.');
INSERT INTO `publisher_book`(`publisher`, `entryid`) VALUES ('Urbina Publishers.','1105022');
INSERT INTO `entry`(`entryid`,`type`) VALUES('1105023','b');
INSERT INTO `book`(`title`,`entryid`,`isbn`) VALUES('Hippopotamus because of Peen','1105023','9911264987661');
INSERT INTO `genre_book`(`genre`, `entryid`) VALUES ('Adventure','1105023');
INSERT INTO `author`(`name`,`birthyear`,`deathyear`) VALUES('Leisha Obrein','1888','1933');
INSERT INTO `author_book`(`author`, `entryid`) VALUES ('Leisha Obrein','1105023');
INSERT INTO `publisher`(`name`) VALUES ('Dular Publishers.');
INSERT INTO `publisher_book`(`publisher`, `entryid`) VALUES ('Dular Publishers.','1105023');
INSERT INTO `entry`(`entryid`,`type`) VALUES('1105024','b');
INSERT INTO `book`(`title`,`entryid`,`isbn`) VALUES('Bulldozer and the newsiest Millimeter','1105024','0383575238568');
INSERT INTO `genre_book`(`genre`, `entryid`) VALUES ('Science','1105024');
INSERT INTO `author`(`name`,`birthyear`,`deathyear`) VALUES('Foster Henton','1943','1983');
INSERT INTO `author_book`(`author`, `entryid`) VALUES ('Foster Henton','1105024');
INSERT INTO `publisher`(`name`) VALUES ('Zerangue Cooperations.');
INSERT INTO `publisher_book`(`publisher`, `entryid`) VALUES ('Zerangue Cooperations.','1105024');
INSERT INTO `entry`(`entryid`,`type`) VALUES('1105025','b');
INSERT INTO `book`(`title`,`entryid`,`isbn`) VALUES('Llama by the Commission','1105025','0539681430929');
INSERT INTO `genre_book`(`genre`, `entryid`) VALUES ('Science','1105025');
INSERT INTO `author`(`name`,`birthyear`,`deathyear`) VALUES('Rosemary Stutheit','1941','2037');
INSERT INTO `author_book`(`author`, `entryid`) VALUES ('Rosemary Stutheit','1105025');
INSERT INTO `publisher`(`name`) VALUES ('Pascoe Cooperations.');
INSERT INTO `publisher_book`(`publisher`, `entryid`) VALUES ('Pascoe Cooperations.','1105025');
INSERT INTO `entry`(`entryid`,`type`) VALUES('1105026','b');
INSERT INTO `book`(`title`,`entryid`,`isbn`) VALUES('Author and Node','1105026','0322274862336');
INSERT INTO `genre_book`(`genre`, `entryid`) VALUES ('Adventure','1105026');
INSERT INTO `author`(`name`,`birthyear`,`deathyear`) VALUES('Ozie Fredicks','1902','1992');
INSERT INTO `author_book`(`author`, `entryid`) VALUES ('Ozie Fredicks','1105026');
INSERT INTO `publisher`(`name`) VALUES ('Gorgone Inc.');
INSERT INTO `publisher_book`(`publisher`, `entryid`) VALUES ('Gorgone Inc.','1105026');
INSERT INTO `entry`(`entryid`,`type`) VALUES('1105027','b');
INSERT INTO `book`(`title`,`entryid`,`isbn`) VALUES('Random for monostichous Volleyball','1105027','0515285241066');
INSERT INTO `genre_book`(`genre`, `entryid`) VALUES ('Education','1105027');
INSERT INTO `author`(`name`,`birthyear`,`deathyear`) VALUES('Eleonore Sadolsky','1972','2004');
INSERT INTO `author_book`(`author`, `entryid`) VALUES ('Eleonore Sadolsky','1105027');
INSERT INTO `publisher_book`(`publisher`, `entryid`) VALUES ('Urbina Publishers.','1105027');
INSERT INTO `entry`(`entryid`,`type`) VALUES('1105028','b');
INSERT INTO `book`(`title`,`entryid`,`isbn`) VALUES('Lizard by urticant Trout','1105028','9580012587387');
INSERT INTO `genre_book`(`genre`, `entryid`) VALUES ('Horror','1105028');
INSERT INTO `author`(`name`,`birthyear`,`deathyear`) VALUES('Porter Kindell','1890','1937');
INSERT INTO `author_book`(`author`, `entryid`) VALUES ('Porter Kindell','1105028');
INSERT INTO `publisher_book`(`publisher`, `entryid`) VALUES ('Dular Publishers.','1105028');
INSERT INTO `entry`(`entryid`,`type`) VALUES('1105029','b');
INSERT INTO `book`(`title`,`entryid`,`isbn`) VALUES('Motion for the in-between Plaster','1105029','9970551359621');
INSERT INTO `genre_book`(`genre`, `entryid`) VALUES ('Thriller','1105029');
INSERT INTO `author`(`name`,`birthyear`,`deathyear`) VALUES('Andera Broderson','1899','1979');
INSERT INTO `author_book`(`author`, `entryid`) VALUES ('Andera Broderson','1105029');
INSERT INTO `publisher`(`name`) VALUES ('Weimer Inc.');
INSERT INTO `publisher_book`(`publisher`, `entryid`) VALUES ('Weimer Inc.','1105029');
INSERT INTO `entry`(`entryid`,`type`) VALUES('1105030','b');
INSERT INTO `book`(`title`,`entryid`,`isbn`) VALUES('Hall to subzonal Slice','1105030','9097085515843');
INSERT INTO `genre_book`(`genre`, `entryid`) VALUES ('Romance','1105030');
INSERT INTO `author`(`name`,`birthyear`,`deathyear`) VALUES('Kelley Benjamin','1899','1944');
INSERT INTO `author_book`(`author`, `entryid`) VALUES ('Kelley Benjamin','1105030');
INSERT INTO `publisher`(`name`) VALUES ('Ruddick Publishers.');
INSERT INTO `publisher_book`(`publisher`, `entryid`) VALUES ('Ruddick Publishers.','1105030');
INSERT INTO `entry`(`entryid`,`type`) VALUES('1105031','b');
INSERT INTO `book`(`title`,`entryid`,`isbn`) VALUES('Activity for isopodous Stop','1105031','9293661067816');
INSERT INTO `genre_book`(`genre`, `entryid`) VALUES ('Science','1105031');
INSERT INTO `author`(`name`,`birthyear`,`deathyear`) VALUES('Luana Piskel','1888','1974');
INSERT INTO `author_book`(`author`, `entryid`) VALUES ('Luana Piskel','1105031');
INSERT INTO `publisher_book`(`publisher`, `entryid`) VALUES ('Ards Inc.','1105031');
INSERT INTO `entry`(`entryid`,`type`) VALUES('1105032','b');
INSERT INTO `book`(`title`,`entryid`,`isbn`) VALUES('Lift in the interunion Package','1105032','0265065005883');
INSERT INTO `genre_book`(`genre`, `entryid`) VALUES ('Education','1105032');
INSERT INTO `author`(`name`,`birthyear`,`deathyear`) VALUES('Arnetta Briley','1966','2054');
INSERT INTO `author_book`(`author`, `entryid`) VALUES ('Arnetta Briley','1105032');
INSERT INTO `publisher`(`name`) VALUES ('Autrano Publishers.');
INSERT INTO `publisher_book`(`publisher`, `entryid`) VALUES ('Autrano Publishers.','1105032');
INSERT INTO `entry`(`entryid`,`type`) VALUES('1105033','b');
INSERT INTO `book`(`title`,`entryid`,`isbn`) VALUES('Thumb vs. Letter','1105033','0487376614063');
INSERT INTO `genre_book`(`genre`, `entryid`) VALUES ('Education','1105033');
INSERT INTO `author`(`name`,`birthyear`,`deathyear`) VALUES('Arminda Ermogemous','1979','2049');
INSERT INTO `author_book`(`author`, `entryid`) VALUES ('Arminda Ermogemous','1105033');
INSERT INTO `publisher_book`(`publisher`, `entryid`) VALUES ('Urbina Publishers.','1105033');
INSERT INTO `entry`(`entryid`,`type`) VALUES('1105034','b');
INSERT INTO `book`(`title`,`entryid`,`isbn`) VALUES('Cover of the Lawrentian Gore-tex','1105034','0141098846708');
INSERT INTO `genre_book`(`genre`, `entryid`) VALUES ('Romance','1105034');
INSERT INTO `author`(`name`,`birthyear`,`deathyear`) VALUES('Maddie Siregar','1884','1942');
INSERT INTO `author_book`(`author`, `entryid`) VALUES ('Maddie Siregar','1105034');
INSERT INTO `publisher`(`name`) VALUES ('Lampinen Publishers.');
INSERT INTO `publisher_book`(`publisher`, `entryid`) VALUES ('Lampinen Publishers.','1105034');
INSERT INTO `entry`(`entryid`,`type`) VALUES('1105035','b');
INSERT INTO `book`(`title`,`entryid`,`isbn`) VALUES('Timer in the Popcorn','1105035','9539237464695');
INSERT INTO `genre_book`(`genre`, `entryid`) VALUES ('Horror','1105035');
INSERT INTO `author_book`(`author`, `entryid`) VALUES ('Ozie Fredicks','1105035');
INSERT INTO `publisher`(`name`) VALUES ('Uyehara Inc.');
INSERT INTO `publisher_book`(`publisher`, `entryid`) VALUES ('Uyehara Inc.','1105035');
INSERT INTO `entry`(`entryid`,`type`) VALUES('1105036','b');
INSERT INTO `book`(`title`,`entryid`,`isbn`) VALUES('Baseball against Polyester','1105036','0802267293924');
INSERT INTO `genre_book`(`genre`, `entryid`) VALUES ('Education','1105036');
INSERT INTO `author`(`name`,`birthyear`,`deathyear`) VALUES('Penney Hymel','1967','2065');
INSERT INTO `author_book`(`author`, `entryid`) VALUES ('Penney Hymel','1105036');
INSERT INTO `publisher`(`name`) VALUES ('Collons Inc.');
INSERT INTO `publisher_book`(`publisher`, `entryid`) VALUES ('Collons Inc.','1105036');
INSERT INTO `entry`(`entryid`,`type`) VALUES('1105037','b');
INSERT INTO `book`(`title`,`entryid`,`isbn`) VALUES('Yugoslavian and woodless Brother-in-law','1105037','0054951756413');
INSERT INTO `genre_book`(`genre`, `entryid`) VALUES ('Science','1105037');
INSERT INTO `author`(`name`,`birthyear`,`deathyear`) VALUES('Guillermina Falldorf','1950','2005');
INSERT INTO `author_book`(`author`, `entryid`) VALUES ('Guillermina Falldorf','1105037');
INSERT INTO `publisher`(`name`) VALUES ('Oakeson Cooperations.');
INSERT INTO `publisher_book`(`publisher`, `entryid`) VALUES ('Oakeson Cooperations.','1105037');
INSERT INTO `entry`(`entryid`,`type`) VALUES('1105038','b');
INSERT INTO `book`(`title`,`entryid`,`isbn`) VALUES('Shock vs. undeserved Drama','1105038','0727658294733');
INSERT INTO `genre_book`(`genre`, `entryid`) VALUES ('Adventure','1105038');
INSERT INTO `author`(`name`,`birthyear`,`deathyear`) VALUES('Jerrie Strazza','1927','1998');
INSERT INTO `author_book`(`author`, `entryid`) VALUES ('Jerrie Strazza','1105038');
INSERT INTO `publisher`(`name`) VALUES ('Wriedt Publishers.');
INSERT INTO `publisher_book`(`publisher`, `entryid`) VALUES ('Wriedt Publishers.','1105038');
INSERT INTO `entry`(`entryid`,`type`) VALUES('1105039','b');
INSERT INTO `book`(`title`,`entryid`,`isbn`) VALUES('Dresser in nappier Shape','1105039','9569278379911');
INSERT INTO `genre_book`(`genre`, `entryid`) VALUES ('Romance','1105039');
INSERT INTO `author`(`name`,`birthyear`,`deathyear`) VALUES('Creola Segner','1916','1989');
INSERT INTO `author_book`(`author`, `entryid`) VALUES ('Creola Segner','1105039');
INSERT INTO `publisher_book`(`publisher`, `entryid`) VALUES ('Dular Publishers.','1105039');
INSERT INTO `entry`(`entryid`,`type`) VALUES('1105040','b');
INSERT INTO `book`(`title`,`entryid`,`isbn`) VALUES('Pen against uranitic Airbus','1105040','0994212367220');
INSERT INTO `genre_book`(`genre`, `entryid`) VALUES ('Romance','1105040');
INSERT INTO `author`(`name`,`birthyear`,`deathyear`) VALUES('Philomena Rippee','1913','1987');
INSERT INTO `author_book`(`author`, `entryid`) VALUES ('Philomena Rippee','1105040');
INSERT INTO `publisher`(`name`) VALUES ('Mignogna Publishers.');
INSERT INTO `publisher_book`(`publisher`, `entryid`) VALUES ('Mignogna Publishers.','1105040');
INSERT INTO `entry`(`entryid`,`type`) VALUES('1105041','b');
INSERT INTO `book`(`title`,`entryid`,`isbn`) VALUES('Pot by looniest Vegetarian','1105041','9556162663310');
INSERT INTO `genre_book`(`genre`, `entryid`) VALUES ('Romance','1105041');
INSERT INTO `author`(`name`,`birthyear`,`deathyear`) VALUES('Cassaundra Piccinini','1979','2053');
INSERT INTO `author_book`(`author`, `entryid`) VALUES ('Cassaundra Piccinini','1105041');
INSERT INTO `publisher_book`(`publisher`, `entryid`) VALUES ('Sago Publishers.','1105041');
INSERT INTO `entry`(`entryid`,`type`) VALUES('1105042','b');
INSERT INTO `book`(`title`,`entryid`,`isbn`) VALUES('Dragonfly vs. goofiest Beat','1105042','0872241552651');
INSERT INTO `genre_book`(`genre`, `entryid`) VALUES ('Adventure','1105042');
INSERT INTO `author`(`name`,`birthyear`,`deathyear`) VALUES('Linette Hudgins','1967','2025');
INSERT INTO `author_book`(`author`, `entryid`) VALUES ('Linette Hudgins','1105042');
INSERT INTO `publisher_book`(`publisher`, `entryid`) VALUES ('Autrano Publishers.','1105042');
INSERT INTO `entry`(`entryid`,`type`) VALUES('1105043','b');
INSERT INTO `book`(`title`,`entryid`,`isbn`) VALUES('Pepper and draffy Objective','1105043','0167576315900');
INSERT INTO `genre_book`(`genre`, `entryid`) VALUES ('Science','1105043');
INSERT INTO `author`(`name`,`birthyear`,`deathyear`) VALUES('Freda Algee','1930','2011');
INSERT INTO `author_book`(`author`, `entryid`) VALUES ('Freda Algee','1105043');
INSERT INTO `publisher`(`name`) VALUES ('Funari Publishers.');
INSERT INTO `publisher_book`(`publisher`, `entryid`) VALUES ('Funari Publishers.','1105043');
INSERT INTO `entry`(`entryid`,`type`) VALUES('1105044','b');
INSERT INTO `book`(`title`,`entryid`,`isbn`) VALUES('Pair for the aneroid Radish','1105044','0661004828640');
INSERT INTO `genre_book`(`genre`, `entryid`) VALUES ('Romance','1105044');
INSERT INTO `author`(`name`,`birthyear`,`deathyear`) VALUES('Alisha Zaidel','1903','1927');
INSERT INTO `author_book`(`author`, `entryid`) VALUES ('Alisha Zaidel','1105044');
INSERT INTO `publisher`(`name`) VALUES ('Mclamb Cooperations.');
INSERT INTO `publisher_book`(`publisher`, `entryid`) VALUES ('Mclamb Cooperations.','1105044');
INSERT INTO `entry`(`entryid`,`type`) VALUES('1105045','b');
INSERT INTO `book`(`title`,`entryid`,`isbn`) VALUES('Quiet in wordless Rock','1105045','9221007633922');
INSERT INTO `genre_book`(`genre`, `entryid`) VALUES ('Thriller','1105045');
INSERT INTO `author`(`name`,`birthyear`,`deathyear`) VALUES('Samatha Leiba','1936','1967');
INSERT INTO `author_book`(`author`, `entryid`) VALUES ('Samatha Leiba','1105045');
INSERT INTO `publisher`(`name`) VALUES ('Imfeld Publishers.');
INSERT INTO `publisher_book`(`publisher`, `entryid`) VALUES ('Imfeld Publishers.','1105045');
INSERT INTO `entry`(`entryid`,`type`) VALUES('1105046','b');
INSERT INTO `book`(`title`,`entryid`,`isbn`) VALUES('Regret for Helicopter','1105046','0061090716333');
INSERT INTO `genre_book`(`genre`, `entryid`) VALUES ('Sci-Fi','1105046');
INSERT INTO `author`(`name`,`birthyear`,`deathyear`) VALUES('Garfield Rigatti','1928','2018');
INSERT INTO `author_book`(`author`, `entryid`) VALUES ('Garfield Rigatti','1105046');
INSERT INTO `publisher`(`name`) VALUES ('Pettiford Cooperations.');
INSERT INTO `publisher_book`(`publisher`, `entryid`) VALUES ('Pettiford Cooperations.','1105046');
INSERT INTO `entry`(`entryid`,`type`) VALUES('1105047','b');
INSERT INTO `book`(`title`,`entryid`,`isbn`) VALUES('Goal for Mosque','1105047','9380166379712');
INSERT INTO `genre_book`(`genre`, `entryid`) VALUES ('Romance','1105047');
INSERT INTO `author`(`name`,`birthyear`,`deathyear`) VALUES('Cyndi Bhatt','1940','2016');
INSERT INTO `author_book`(`author`, `entryid`) VALUES ('Cyndi Bhatt','1105047');
INSERT INTO `publisher`(`name`) VALUES ('Moors Publishers.');
INSERT INTO `publisher_book`(`publisher`, `entryid`) VALUES ('Moors Publishers.','1105047');
INSERT INTO `entry`(`entryid`,`type`) VALUES('1105048','b');
INSERT INTO `book`(`title`,`entryid`,`isbn`) VALUES('Duck by the ablush Dryer','1105048','0999898542171');
INSERT INTO `genre_book`(`genre`, `entryid`) VALUES ('Romance','1105048');
INSERT INTO `author`(`name`,`birthyear`,`deathyear`) VALUES('Vaughn Michalski','1947','1994');
INSERT INTO `author_book`(`author`, `entryid`) VALUES ('Vaughn Michalski','1105048');
INSERT INTO `publisher_book`(`publisher`, `entryid`) VALUES ('Sensing Cooperations.','1105048');
INSERT INTO `entry`(`entryid`,`type`) VALUES('1105049','b');
INSERT INTO `book`(`title`,`entryid`,`isbn`) VALUES('Propane vs. Margaret','1105049','9754478605092');
INSERT INTO `genre_book`(`genre`, `entryid`) VALUES ('Adventure','1105049');
INSERT INTO `author`(`name`,`birthyear`,`deathyear`) VALUES('Monet Nesselrodt','1940','1997');
INSERT INTO `author_book`(`author`, `entryid`) VALUES ('Monet Nesselrodt','1105049');
INSERT INTO `publisher_book`(`publisher`, `entryid`) VALUES ('Sensing Cooperations.','1105049');
INSERT INTO `entry`(`entryid`,`type`) VALUES('1105050','b');
INSERT INTO `book`(`title`,`entryid`,`isbn`) VALUES('Mice in Open','1105050','0657199760539');
INSERT INTO `genre_book`(`genre`, `entryid`) VALUES ('Horror','1105050');
INSERT INTO `author_book`(`author`, `entryid`) VALUES ('Bella Bevels','1105050');
INSERT INTO `publisher`(`name`) VALUES ('Bielefeld Publishers.');
INSERT INTO `publisher_book`(`publisher`, `entryid`) VALUES ('Bielefeld Publishers.','1105050');
INSERT INTO `entry`(`entryid`,`type`) VALUES('1105051','b');
INSERT INTO `book`(`title`,`entryid`,`isbn`) VALUES('Inventory and the Alarm','1105051','0595071956573');
INSERT INTO `genre_book`(`genre`, `entryid`) VALUES ('Sci-Fi','1105051');
INSERT INTO `author`(`name`,`birthyear`,`deathyear`) VALUES('Reuben Criddle','1933','2006');
INSERT INTO `author_book`(`author`, `entryid`) VALUES ('Reuben Criddle','1105051');
INSERT INTO `publisher`(`name`) VALUES ('Cajigas Inc.');
INSERT INTO `publisher_book`(`publisher`, `entryid`) VALUES ('Cajigas Inc.','1105051');
INSERT INTO `entry`(`entryid`,`type`) VALUES('1105052','b');
INSERT INTO `book`(`title`,`entryid`,`isbn`) VALUES('Share for Period','1105052','9044392322775');
INSERT INTO `genre_book`(`genre`, `entryid`) VALUES ('Horror','1105052');
INSERT INTO `author`(`name`,`birthyear`,`deathyear`) VALUES('Chuck Chiulli','1891','1970');
INSERT INTO `author_book`(`author`, `entryid`) VALUES ('Chuck Chiulli','1105052');
INSERT INTO `publisher_book`(`publisher`, `entryid`) VALUES ('Shontz Publishers.','1105052');
INSERT INTO `entry`(`entryid`,`type`) VALUES('1105053','b');
INSERT INTO `book`(`title`,`entryid`,`isbn`) VALUES('Beer for the cubical Pond','1105053','0102519717312');
INSERT INTO `genre_book`(`genre`, `entryid`) VALUES ('Thriller','1105053');
INSERT INTO `author`(`name`,`birthyear`,`deathyear`) VALUES('Lin Chamber','1963','2050');
INSERT INTO `author_book`(`author`, `entryid`) VALUES ('Lin Chamber','1105053');
INSERT INTO `publisher_book`(`publisher`, `entryid`) VALUES ('Moos Publishers.','1105053');
INSERT INTO `entry`(`entryid`,`type`) VALUES('1105054','b');
INSERT INTO `book`(`title`,`entryid`,`isbn`) VALUES('Control against Joke','1105054','0048553529590');
INSERT INTO `genre_book`(`genre`, `entryid`) VALUES ('Romance','1105054');
INSERT INTO `author`(`name`,`birthyear`,`deathyear`) VALUES('Gerri Hatlee','1977','2036');
INSERT INTO `author_book`(`author`, `entryid`) VALUES ('Gerri Hatlee','1105054');
INSERT INTO `publisher`(`name`) VALUES ('Kaliher Cooperations.');
INSERT INTO `publisher_book`(`publisher`, `entryid`) VALUES ('Kaliher Cooperations.','1105054');
INSERT INTO `entry`(`entryid`,`type`) VALUES('1105055','b');
INSERT INTO `book`(`title`,`entryid`,`isbn`) VALUES('Sociology against the Mouth','1105055','9525535717519');
INSERT INTO `genre_book`(`genre`, `entryid`) VALUES ('Thriller','1105055');
INSERT INTO `author`(`name`,`birthyear`,`deathyear`) VALUES('Willow Doerle','1914','1997');
INSERT INTO `author_book`(`author`, `entryid`) VALUES ('Willow Doerle','1105055');
INSERT INTO `publisher`(`name`) VALUES ('Deramus Publishers.');
INSERT INTO `publisher_book`(`publisher`, `entryid`) VALUES ('Deramus Publishers.','1105055');
INSERT INTO `entry`(`entryid`,`type`) VALUES('1105056','b');
INSERT INTO `book`(`title`,`entryid`,`isbn`) VALUES('Fold with Tulip','1105056','9236676250490');
INSERT INTO `genre_book`(`genre`, `entryid`) VALUES ('Romance','1105056');
INSERT INTO `author`(`name`,`birthyear`,`deathyear`) VALUES('Annabell Odonnell','1924','2021');
INSERT INTO `author_book`(`author`, `entryid`) VALUES ('Annabell Odonnell','1105056');
INSERT INTO `publisher`(`name`) VALUES ('Rinebold Cooperations.');
INSERT INTO `publisher_book`(`publisher`, `entryid`) VALUES ('Rinebold Cooperations.','1105056');
INSERT INTO `entry`(`entryid`,`type`) VALUES('1105057','b');
INSERT INTO `book`(`title`,`entryid`,`isbn`) VALUES('Knight for Ornament','1105057','9553383248199');
INSERT INTO `genre_book`(`genre`, `entryid`) VALUES ('Science','1105057');
INSERT INTO `author`(`name`,`birthyear`,`deathyear`) VALUES('Dottie Melbert','1934','1983');
INSERT INTO `author_book`(`author`, `entryid`) VALUES ('Dottie Melbert','1105057');
INSERT INTO `publisher_book`(`publisher`, `entryid`) VALUES ('Safko Cooperations.','1105057');
INSERT INTO `entry`(`entryid`,`type`) VALUES('1105058','b');
INSERT INTO `book`(`title`,`entryid`,`isbn`) VALUES('Fish with the Christopher','1105058','0924084963666');
INSERT INTO `genre_book`(`genre`, `entryid`) VALUES ('Adventure','1105058');
INSERT INTO `author`(`name`,`birthyear`,`deathyear`) VALUES('Muoi Glumac','1965','2062');
INSERT INTO `author_book`(`author`, `entryid`) VALUES ('Muoi Glumac','1105058');
INSERT INTO `publisher_book`(`publisher`, `entryid`) VALUES ('Uyehara Inc.','1105058');
INSERT INTO `entry`(`entryid`,`type`) VALUES('1105059','b');
INSERT INTO `book`(`title`,`entryid`,`isbn`) VALUES('Tire against the aspen Step-father','1105059','0963537208374');
INSERT INTO `genre_book`(`genre`, `entryid`) VALUES ('Adventure','1105059');
INSERT INTO `author`(`name`,`birthyear`,`deathyear`) VALUES('Jacqueline Narramore','1954','2011');
INSERT INTO `author_book`(`author`, `entryid`) VALUES ('Jacqueline Narramore','1105059');
INSERT INTO `publisher`(`name`) VALUES ('Yost Publishers.');
INSERT INTO `publisher_book`(`publisher`, `entryid`) VALUES ('Yost Publishers.','1105059');
INSERT INTO `entry`(`entryid`,`type`) VALUES('1105060','b');
INSERT INTO `book`(`title`,`entryid`,`isbn`) VALUES('Fly to the Jacket','1105060','0852329183015');
INSERT INTO `genre_book`(`genre`, `entryid`) VALUES ('Science','1105060');
INSERT INTO `author`(`name`,`birthyear`,`deathyear`) VALUES('Letitia Kahoohalphala','1930','2004');
INSERT INTO `author_book`(`author`, `entryid`) VALUES ('Letitia Kahoohalphala','1105060');
INSERT INTO `publisher_book`(`publisher`, `entryid`) VALUES ('Yost Publishers.','1105060');
INSERT INTO `entry`(`entryid`,`type`) VALUES('1105061','b');
INSERT INTO `book`(`title`,`entryid`,`isbn`) VALUES('Decrease with the Algonkin Keyboard','1105061','9842662379650');
INSERT INTO `genre_book`(`genre`, `entryid`) VALUES ('Science','1105061');
INSERT INTO `author`(`name`,`birthyear`,`deathyear`) VALUES('Jenifer Dodds','1907','1980');
INSERT INTO `author_book`(`author`, `entryid`) VALUES ('Jenifer Dodds','1105061');
INSERT INTO `publisher`(`name`) VALUES ('Mcnatt Publishers.');
INSERT INTO `publisher_book`(`publisher`, `entryid`) VALUES ('Mcnatt Publishers.','1105061');
INSERT INTO `entry`(`entryid`,`type`) VALUES('1105062','b');
INSERT INTO `book`(`title`,`entryid`,`isbn`) VALUES('Psychology to Power','1105062','0190363096440');
INSERT INTO `genre_book`(`genre`, `entryid`) VALUES ('Sci-Fi','1105062');
INSERT INTO `author`(`name`,`birthyear`,`deathyear`) VALUES('Assunta Veneable','1905','1991');
INSERT INTO `author_book`(`author`, `entryid`) VALUES ('Assunta Veneable','1105062');
INSERT INTO `publisher_book`(`publisher`, `entryid`) VALUES ('Wriedt Publishers.','1105062');
INSERT INTO `entry`(`entryid`,`type`) VALUES('1105063','b');
INSERT INTO `book`(`title`,`entryid`,`isbn`) VALUES('Bass to diactinic Horn','1105063','9094219715020');
INSERT INTO `genre_book`(`genre`, `entryid`) VALUES ('Education','1105063');
INSERT INTO `author_book`(`author`, `entryid`) VALUES ('Cassaundra Piccinini','1105063');
INSERT INTO `publisher`(`name`) VALUES ('Zotos Publishers.');
INSERT INTO `publisher_book`(`publisher`, `entryid`) VALUES ('Zotos Publishers.','1105063');
INSERT INTO `entry`(`entryid`,`type`) VALUES('1105064','b');
INSERT INTO `book`(`title`,`entryid`,`isbn`) VALUES('North vs. Temper','1105064','9142537722324');
INSERT INTO `genre_book`(`genre`, `entryid`) VALUES ('Education','1105064');
INSERT INTO `author`(`name`,`birthyear`,`deathyear`) VALUES('Giselle Harajli','1929','2023');
INSERT INTO `author_book`(`author`, `entryid`) VALUES ('Giselle Harajli','1105064');
INSERT INTO `publisher`(`name`) VALUES ('Shiplet Inc.');
INSERT INTO `publisher_book`(`publisher`, `entryid`) VALUES ('Shiplet Inc.','1105064');
INSERT INTO `entry`(`entryid`,`type`) VALUES('1105065','b');
INSERT INTO `book`(`title`,`entryid`,`isbn`) VALUES('Quicksand for the self-moving Mexico','1105065','9222190769419');
INSERT INTO `genre_book`(`genre`, `entryid`) VALUES ('Adventure','1105065');
INSERT INTO `author_book`(`author`, `entryid`) VALUES ('Penney Hymel','1105065');
INSERT INTO `publisher`(`name`) VALUES ('Drew Cooperations.');
INSERT INTO `publisher_book`(`publisher`, `entryid`) VALUES ('Drew Cooperations.','1105065');
INSERT INTO `entry`(`entryid`,`type`) VALUES('1105066','b');
INSERT INTO `book`(`title`,`entryid`,`isbn`) VALUES('Tip by Cub','1105066','9933015155778');
INSERT INTO `genre_book`(`genre`, `entryid`) VALUES ('Sci-Fi','1105066');
INSERT INTO `author`(`name`,`birthyear`,`deathyear`) VALUES('Summer Heiermann','1937','2008');
INSERT INTO `author_book`(`author`, `entryid`) VALUES ('Summer Heiermann','1105066');
INSERT INTO `publisher`(`name`) VALUES ('Coad Cooperations.');
INSERT INTO `publisher_book`(`publisher`, `entryid`) VALUES ('Coad Cooperations.','1105066');
INSERT INTO `entry`(`entryid`,`type`) VALUES('1105067','b');
INSERT INTO `book`(`title`,`entryid`,`isbn`) VALUES('Plaster by the untamable Package','1105067','9386206419218');
INSERT INTO `genre_book`(`genre`, `entryid`) VALUES ('Sci-Fi','1105067');
INSERT INTO `author`(`name`,`birthyear`,`deathyear`) VALUES('Zulma Jenck','1949','1988');
INSERT INTO `author_book`(`author`, `entryid`) VALUES ('Zulma Jenck','1105067');
INSERT INTO `publisher`(`name`) VALUES ('Anakalea Inc.');
INSERT INTO `publisher_book`(`publisher`, `entryid`) VALUES ('Anakalea Inc.','1105067');
INSERT INTO `entry`(`entryid`,`type`) VALUES('1105068','b');
INSERT INTO `book`(`title`,`entryid`,`isbn`) VALUES('Robert in the Force','1105068','0144973689560');
INSERT INTO `genre_book`(`genre`, `entryid`) VALUES ('Sci-Fi','1105068');
INSERT INTO `author`(`name`,`birthyear`,`deathyear`) VALUES('Ida Grobstein','1979','2037');
INSERT INTO `author_book`(`author`, `entryid`) VALUES ('Ida Grobstein','1105068');
INSERT INTO `publisher_book`(`publisher`, `entryid`) VALUES ('Treinen Publishers.','1105068');
INSERT INTO `entry`(`entryid`,`type`) VALUES('1105069','b');
INSERT INTO `book`(`title`,`entryid`,`isbn`) VALUES('Patio to Parsnip','1105069','9328385377025');
INSERT INTO `genre_book`(`genre`, `entryid`) VALUES ('Science','1105069');
INSERT INTO `author`(`name`,`birthyear`,`deathyear`) VALUES('Thelma Munding','1920','1965');
INSERT INTO `author_book`(`author`, `entryid`) VALUES ('Thelma Munding','1105069');
INSERT INTO `publisher_book`(`publisher`, `entryid`) VALUES ('Sibley Inc.','1105069');
INSERT INTO `entry`(`entryid`,`type`) VALUES('1105070','b');
INSERT INTO `book`(`title`,`entryid`,`isbn`) VALUES('Octagon to the attic Airship','1105070','9380287988854');
INSERT INTO `genre_book`(`genre`, `entryid`) VALUES ('Education','1105070');
INSERT INTO `author`(`name`,`birthyear`,`deathyear`) VALUES('Hedwig Vemura','1969','2057');
INSERT INTO `author_book`(`author`, `entryid`) VALUES ('Hedwig Vemura','1105070');
INSERT INTO `publisher`(`name`) VALUES ('Mancia Publishers.');
INSERT INTO `publisher_book`(`publisher`, `entryid`) VALUES ('Mancia Publishers.','1105070');
INSERT INTO `entry`(`entryid`,`type`) VALUES('1105071','b');
INSERT INTO `book`(`title`,`entryid`,`isbn`) VALUES('Sense of the Geranium','1105071','9681257296149');
INSERT INTO `genre_book`(`genre`, `entryid`) VALUES ('Sci-Fi','1105071');
INSERT INTO `author`(`name`,`birthyear`,`deathyear`) VALUES('Manuel Gutkowski','1936','1984');
INSERT INTO `author_book`(`author`, `entryid`) VALUES ('Manuel Gutkowski','1105071');
INSERT INTO `publisher_book`(`publisher`, `entryid`) VALUES ('Ruddick Publishers.','1105071');
INSERT INTO `entry`(`entryid`,`type`) VALUES('1105072','b');
INSERT INTO `book`(`title`,`entryid`,`isbn`) VALUES('Cemetery because of Libra','1105072','9122079133729');
INSERT INTO `genre_book`(`genre`, `entryid`) VALUES ('Adventure','1105072');
INSERT INTO `author`(`name`,`birthyear`,`deathyear`) VALUES('Georgann Morelen','1889','1958');
INSERT INTO `author_book`(`author`, `entryid`) VALUES ('Georgann Morelen','1105072');
INSERT INTO `publisher_book`(`publisher`, `entryid`) VALUES ('Sago Publishers.','1105072');
INSERT INTO `entry`(`entryid`,`type`) VALUES('1105073','b');
INSERT INTO `book`(`title`,`entryid`,`isbn`) VALUES('Position and the Dinner','1105073','0551147476193');
INSERT INTO `genre_book`(`genre`, `entryid`) VALUES ('Thriller','1105073');
INSERT INTO `author`(`name`,`birthyear`,`deathyear`) VALUES('Roy Borge','1907','1929');
INSERT INTO `author_book`(`author`, `entryid`) VALUES ('Roy Borge','1105073');
INSERT INTO `publisher_book`(`publisher`, `entryid`) VALUES ('Pascoe Cooperations.','1105073');
INSERT INTO `entry`(`entryid`,`type`) VALUES('1105074','b');
INSERT INTO `book`(`title`,`entryid`,`isbn`) VALUES('Range for History','1105074','0640587429884');
INSERT INTO `genre_book`(`genre`, `entryid`) VALUES ('Romance','1105074');
INSERT INTO `author`(`name`,`birthyear`,`deathyear`) VALUES('Narcisa Carriere','1949','2020');
INSERT INTO `author_book`(`author`, `entryid`) VALUES ('Narcisa Carriere','1105074');
INSERT INTO `publisher_book`(`publisher`, `entryid`) VALUES ('Schachsieck Publishers.','1105074');
INSERT INTO `entry`(`entryid`,`type`) VALUES('1105075','b');
INSERT INTO `book`(`title`,`entryid`,`isbn`) VALUES('Tabletop and healthful Design','1105075','0179509798211');
INSERT INTO `genre_book`(`genre`, `entryid`) VALUES ('Horror','1105075');
INSERT INTO `author`(`name`,`birthyear`,`deathyear`) VALUES('Denny Lehmberg','1951','1990');
INSERT INTO `author_book`(`author`, `entryid`) VALUES ('Denny Lehmberg','1105075');
INSERT INTO `publisher_book`(`publisher`, `entryid`) VALUES ('Mcnatt Publishers.','1105075');
INSERT INTO `entry`(`entryid`,`type`) VALUES('1105076','b');
INSERT INTO `book`(`title`,`entryid`,`isbn`) VALUES('Eggnog against diesel-hydraulic Select','1105076','9738174049705');
INSERT INTO `genre_book`(`genre`, `entryid`) VALUES ('Thriller','1105076');
INSERT INTO `author_book`(`author`, `entryid`) VALUES ('Bella Bevels','1105076');
INSERT INTO `publisher_book`(`publisher`, `entryid`) VALUES ('Drew Cooperations.','1105076');
INSERT INTO `entry`(`entryid`,`type`) VALUES('1105077','b');
INSERT INTO `book`(`title`,`entryid`,`isbn`) VALUES('Opinion of dialyzable Laundry','1105077','0287184375328');
INSERT INTO `genre_book`(`genre`, `entryid`) VALUES ('Education','1105077');
INSERT INTO `author`(`name`,`birthyear`,`deathyear`) VALUES('Krysta Haydock','1943','2000');
INSERT INTO `author_book`(`author`, `entryid`) VALUES ('Krysta Haydock','1105077');
INSERT INTO `publisher_book`(`publisher`, `entryid`) VALUES ('Sensing Cooperations.','1105077');
INSERT INTO `entry`(`entryid`,`type`) VALUES('1105078','b');
INSERT INTO `book`(`title`,`entryid`,`isbn`) VALUES('Idea in Shadow','1105078','0438304553023');
INSERT INTO `genre_book`(`genre`, `entryid`) VALUES ('Thriller','1105078');
INSERT INTO `author`(`name`,`birthyear`,`deathyear`) VALUES('Gwenda Rew','1923','2001');
INSERT INTO `author_book`(`author`, `entryid`) VALUES ('Gwenda Rew','1105078');
INSERT INTO `publisher`(`name`) VALUES ('Frieze Publishers.');
INSERT INTO `publisher_book`(`publisher`, `entryid`) VALUES ('Frieze Publishers.','1105078');
INSERT INTO `entry`(`entryid`,`type`) VALUES('1105079','b');
INSERT INTO `book`(`title`,`entryid`,`isbn`) VALUES('Pie by Sense','1105079','9161754107438');
INSERT INTO `genre_book`(`genre`, `entryid`) VALUES ('Horror','1105079');
INSERT INTO `author`(`name`,`birthyear`,`deathyear`) VALUES('Delicia Smutnick','1902','1964');
INSERT INTO `author_book`(`author`, `entryid`) VALUES ('Delicia Smutnick','1105079');
INSERT INTO `publisher`(`name`) VALUES ('Goodpastor Inc.');
INSERT INTO `publisher_book`(`publisher`, `entryid`) VALUES ('Goodpastor Inc.','1105079');
INSERT INTO `entry`(`entryid`,`type`) VALUES('1105080','b');
INSERT INTO `book`(`title`,`entryid`,`isbn`) VALUES('C-clamp for bathymetrical Salt','1105080','0986789827805');
INSERT INTO `genre_book`(`genre`, `entryid`) VALUES ('Adventure','1105080');
INSERT INTO `author`(`name`,`birthyear`,`deathyear`) VALUES('Gerry Peskind','1939','2022');
INSERT INTO `author_book`(`author`, `entryid`) VALUES ('Gerry Peskind','1105080');
INSERT INTO `publisher`(`name`) VALUES ('Woollard Cooperations.');
INSERT INTO `publisher_book`(`publisher`, `entryid`) VALUES ('Woollard Cooperations.','1105080');
INSERT INTO `entry`(`entryid`,`type`) VALUES('1105081','b');
INSERT INTO `book`(`title`,`entryid`,`isbn`) VALUES('South america to Approval','1105081','0762248171524');
INSERT INTO `genre_book`(`genre`, `entryid`) VALUES ('Adventure','1105081');
INSERT INTO `author`(`name`,`birthyear`,`deathyear`) VALUES('Jamaal Breske','1958','2000');
INSERT INTO `author_book`(`author`, `entryid`) VALUES ('Jamaal Breske','1105081');
INSERT INTO `publisher`(`name`) VALUES ('Beilinson Inc.');
INSERT INTO `publisher_book`(`publisher`, `entryid`) VALUES ('Beilinson Inc.','1105081');
INSERT INTO `entry`(`entryid`,`type`) VALUES('1105082','b');
INSERT INTO `book`(`title`,`entryid`,`isbn`) VALUES('Red by the dog-tired Part','1105082','0360877178848');
INSERT INTO `genre_book`(`genre`, `entryid`) VALUES ('Thriller','1105082');
INSERT INTO `author`(`name`,`birthyear`,`deathyear`) VALUES('Lyle Goodale','1933','2028');
INSERT INTO `author_book`(`author`, `entryid`) VALUES ('Lyle Goodale','1105082');
INSERT INTO `publisher`(`name`) VALUES ('Bezzo Cooperations.');
INSERT INTO `publisher_book`(`publisher`, `entryid`) VALUES ('Bezzo Cooperations.','1105082');
INSERT INTO `entry`(`entryid`,`type`) VALUES('1105083','b');
INSERT INTO `book`(`title`,`entryid`,`isbn`) VALUES('Lier with the Birthday','1105083','0313038327611');
INSERT INTO `genre_book`(`genre`, `entryid`) VALUES ('Sci-Fi','1105083');
INSERT INTO `author_book`(`author`, `entryid`) VALUES ('Fabiola Tumbleston','1105083');
INSERT INTO `publisher_book`(`publisher`, `entryid`) VALUES ('Ards Inc.','1105083');
INSERT INTO `entry`(`entryid`,`type`) VALUES('1105084','b');
INSERT INTO `book`(`title`,`entryid`,`isbn`) VALUES('Slipper to the North korea','1105084','9062865581270');
INSERT INTO `genre_book`(`genre`, `entryid`) VALUES ('Horror','1105084');
INSERT INTO `author_book`(`author`, `entryid`) VALUES ('Maddie Siregar','1105084');
INSERT INTO `publisher_book`(`publisher`, `entryid`) VALUES ('Treinen Publishers.','1105084');
INSERT INTO `entry`(`entryid`,`type`) VALUES('1105085','b');
INSERT INTO `book`(`title`,`entryid`,`isbn`) VALUES('Morning to Diploma','1105085','0710468203592');
INSERT INTO `genre_book`(`genre`, `entryid`) VALUES ('Horror','1105085');
INSERT INTO `author`(`name`,`birthyear`,`deathyear`) VALUES('Cherryl Bock','1905','1943');
INSERT INTO `author_book`(`author`, `entryid`) VALUES ('Cherryl Bock','1105085');
INSERT INTO `publisher_book`(`publisher`, `entryid`) VALUES ('Safko Cooperations.','1105085');
INSERT INTO `entry`(`entryid`,`type`) VALUES('1105086','b');
INSERT INTO `book`(`title`,`entryid`,`isbn`) VALUES('Russian in the Statement','1105086','0163774809640');
INSERT INTO `genre_book`(`genre`, `entryid`) VALUES ('Adventure','1105086');
INSERT INTO `author`(`name`,`birthyear`,`deathyear`) VALUES('Mirna Kaveney','1902','1992');
INSERT INTO `author_book`(`author`, `entryid`) VALUES ('Mirna Kaveney','1105086');
INSERT INTO `publisher_book`(`publisher`, `entryid`) VALUES ('Sago Publishers.','1105086');
INSERT INTO `entry`(`entryid`,`type`) VALUES('1105087','b');
INSERT INTO `book`(`title`,`entryid`,`isbn`) VALUES('Protest by Wrist','1105087','9631311575893');
INSERT INTO `genre_book`(`genre`, `entryid`) VALUES ('Adventure','1105087');
INSERT INTO `author`(`name`,`birthyear`,`deathyear`) VALUES('Sigrid Vorhees','1934','2003');
INSERT INTO `author_book`(`author`, `entryid`) VALUES ('Sigrid Vorhees','1105087');
INSERT INTO `publisher_book`(`publisher`, `entryid`) VALUES ('Jessel Cooperations.','1105087');
INSERT INTO `entry`(`entryid`,`type`) VALUES('1105088','b');
INSERT INTO `book`(`title`,`entryid`,`isbn`) VALUES('Teacher against the Korean','1105088','9865650607711');
INSERT INTO `genre_book`(`genre`, `entryid`) VALUES ('Romance','1105088');
INSERT INTO `author`(`name`,`birthyear`,`deathyear`) VALUES('Felicia Franzese','1948','2010');
INSERT INTO `author_book`(`author`, `entryid`) VALUES ('Felicia Franzese','1105088');
INSERT INTO `publisher`(`name`) VALUES ('Bierley Cooperations.');
INSERT INTO `publisher_book`(`publisher`, `entryid`) VALUES ('Bierley Cooperations.','1105088');
INSERT INTO `entry`(`entryid`,`type`) VALUES('1105089','b');
INSERT INTO `book`(`title`,`entryid`,`isbn`) VALUES('Soldier against Trumpet','1105089','9772470966234');
INSERT INTO `genre_book`(`genre`, `entryid`) VALUES ('Romance','1105089');
INSERT INTO `author`(`name`,`birthyear`,`deathyear`) VALUES('Leon Ruthstrom','1933','1986');
INSERT INTO `author_book`(`author`, `entryid`) VALUES ('Leon Ruthstrom','1105089');
INSERT INTO `publisher_book`(`publisher`, `entryid`) VALUES ('Sibley Inc.','1105089');
INSERT INTO `entry`(`entryid`,`type`) VALUES('1105090','b');
INSERT INTO `book`(`title`,`entryid`,`isbn`) VALUES('Mother-in-law and the Forehead','1105090','9630051881400');
INSERT INTO `genre_book`(`genre`, `entryid`) VALUES ('Horror','1105090');
INSERT INTO `author`(`name`,`birthyear`,`deathyear`) VALUES('Klara Haubrich','1974','2037');
INSERT INTO `author_book`(`author`, `entryid`) VALUES ('Klara Haubrich','1105090');
INSERT INTO `publisher_book`(`publisher`, `entryid`) VALUES ('Bezzo Cooperations.','1105090');
INSERT INTO `entry`(`entryid`,`type`) VALUES('1105091','b');
INSERT INTO `book`(`title`,`entryid`,`isbn`) VALUES('Millennium with the volitant Playground','1105091','0013713937210');
INSERT INTO `genre_book`(`genre`, `entryid`) VALUES ('Romance','1105091');
INSERT INTO `author`(`name`,`birthyear`,`deathyear`) VALUES('Valeria Torguson','1933','2008');
INSERT INTO `author_book`(`author`, `entryid`) VALUES ('Valeria Torguson','1105091');
INSERT INTO `publisher`(`name`) VALUES ('Bauchspies Publishers.');
INSERT INTO `publisher_book`(`publisher`, `entryid`) VALUES ('Bauchspies Publishers.','1105091');
INSERT INTO `entry`(`entryid`,`type`) VALUES('1105092','b');
INSERT INTO `book`(`title`,`entryid`,`isbn`) VALUES('Sea vs. Bubble','1105092','0269484003686');
INSERT INTO `genre_book`(`genre`, `entryid`) VALUES ('Education','1105092');
INSERT INTO `author`(`name`,`birthyear`,`deathyear`) VALUES('Karin Neimeyer','1909','1949');
INSERT INTO `author_book`(`author`, `entryid`) VALUES ('Karin Neimeyer','1105092');
INSERT INTO `publisher_book`(`publisher`, `entryid`) VALUES ('Collons Inc.','1105092');
INSERT INTO `entry`(`entryid`,`type`) VALUES('1105093','b');
INSERT INTO `book`(`title`,`entryid`,`isbn`) VALUES('Sleep to the lyophilised Helmet','1105093','9715809315397');
INSERT INTO `genre_book`(`genre`, `entryid`) VALUES ('Thriller','1105093');
INSERT INTO `author`(`name`,`birthyear`,`deathyear`) VALUES('Margie Vanderweerd','1911','1951');
INSERT INTO `author_book`(`author`, `entryid`) VALUES ('Margie Vanderweerd','1105093');
INSERT INTO `publisher_book`(`publisher`, `entryid`) VALUES ('Seminole Inc.','1105093');
INSERT INTO `entry`(`entryid`,`type`) VALUES('1105094','b');
INSERT INTO `book`(`title`,`entryid`,`isbn`) VALUES('Fahrenheit by the Offence','1105094','9413617748262');
INSERT INTO `genre_book`(`genre`, `entryid`) VALUES ('Education','1105094');
INSERT INTO `author`(`name`,`birthyear`,`deathyear`) VALUES('Keva Saison','1944','2031');
INSERT INTO `author_book`(`author`, `entryid`) VALUES ('Keva Saison','1105094');
INSERT INTO `publisher_book`(`publisher`, `entryid`) VALUES ('Sibley Inc.','1105094');
INSERT INTO `entry`(`entryid`,`type`) VALUES('1105095','b');
INSERT INTO `book`(`title`,`entryid`,`isbn`) VALUES('Jelly with the Treatment','1105095','9271090577927');
INSERT INTO `genre_book`(`genre`, `entryid`) VALUES ('Horror','1105095');
INSERT INTO `author`(`name`,`birthyear`,`deathyear`) VALUES('Ngoc Gruiger','1976','2045');
INSERT INTO `author_book`(`author`, `entryid`) VALUES ('Ngoc Gruiger','1105095');
INSERT INTO `publisher`(`name`) VALUES ('Reinoso Publishers.');
INSERT INTO `publisher_book`(`publisher`, `entryid`) VALUES ('Reinoso Publishers.','1105095');
INSERT INTO `entry`(`entryid`,`type`) VALUES('1105096','b');
INSERT INTO `book`(`title`,`entryid`,`isbn`) VALUES('Twilight to the leftish Chocolate','1105096','0972953919061');
INSERT INTO `genre_book`(`genre`, `entryid`) VALUES ('Thriller','1105096');
INSERT INTO `author_book`(`author`, `entryid`) VALUES ('Eleonore Sadolsky','1105096');
INSERT INTO `publisher`(`name`) VALUES ('Loscalzo Publishers.');
INSERT INTO `publisher_book`(`publisher`, `entryid`) VALUES ('Loscalzo Publishers.','1105096');
INSERT INTO `entry`(`entryid`,`type`) VALUES('1105097','b');
INSERT INTO `book`(`title`,`entryid`,`isbn`) VALUES('Toe against cribriform Rifle','1105097','0432072898321');
INSERT INTO `genre_book`(`genre`, `entryid`) VALUES ('Sci-Fi','1105097');
INSERT INTO `author_book`(`author`, `entryid`) VALUES ('Klara Haubrich','1105097');
INSERT INTO `publisher`(`name`) VALUES ('Panzarino Publishers.');
INSERT INTO `publisher_book`(`publisher`, `entryid`) VALUES ('Panzarino Publishers.','1105097');
INSERT INTO `entry`(`entryid`,`type`) VALUES('1105098','b');
INSERT INTO `book`(`title`,`entryid`,`isbn`) VALUES('Paul of reiterative South africa','1105098','0853236735930');
INSERT INTO `genre_book`(`genre`, `entryid`) VALUES ('Thriller','1105098');
INSERT INTO `author_book`(`author`, `entryid`) VALUES ('Roy Borge','1105098');
INSERT INTO `publisher_book`(`publisher`, `entryid`) VALUES ('Imfeld Publishers.','1105098');
INSERT INTO `entry`(`entryid`,`type`) VALUES('1105099','b');
INSERT INTO `book`(`title`,`entryid`,`isbn`) VALUES('Bagpipe in the no-account Stinger','1105099','0934165242837');
INSERT INTO `genre_book`(`genre`, `entryid`) VALUES ('Sci-Fi','1105099');
INSERT INTO `author`(`name`,`birthyear`,`deathyear`) VALUES('Gerry Bodell','1947','1992');
INSERT INTO `author_book`(`author`, `entryid`) VALUES ('Gerry Bodell','1105099');
INSERT INTO `publisher`(`name`) VALUES ('Casaliggi Inc.');
INSERT INTO `publisher_book`(`publisher`, `entryid`) VALUES ('Casaliggi Inc.','1105099');
INSERT INTO `entry`(`entryid`,`type`) VALUES('1105100','b');
INSERT INTO `book`(`title`,`entryid`,`isbn`) VALUES('Activity of proclitic Produce','1105100','0253526645502');
INSERT INTO `genre_book`(`genre`, `entryid`) VALUES ('Science','1105100');
INSERT INTO `author`(`name`,`birthyear`,`deathyear`) VALUES('Leonida Hedeen','1890','1981');
INSERT INTO `author_book`(`author`, `entryid`) VALUES ('Leonida Hedeen','1105100');
INSERT INTO `publisher_book`(`publisher`, `entryid`) VALUES ('Imfeld Publishers.','1105100');
INSERT INTO `entry`(`entryid`,`type`) VALUES('1105101','b');
INSERT INTO `book`(`title`,`entryid`,`isbn`) VALUES('Table with Latency','1105101','0666500542821');
INSERT INTO `genre_book`(`genre`, `entryid`) VALUES ('Science','1105101');
INSERT INTO `author`(`name`,`birthyear`,`deathyear`) VALUES('Emerald Fairall','1966','2050');
INSERT INTO `author_book`(`author`, `entryid`) VALUES ('Emerald Fairall','1105101');
INSERT INTO `publisher`(`name`) VALUES ('Onstott Publishers.');
INSERT INTO `publisher_book`(`publisher`, `entryid`) VALUES ('Onstott Publishers.','1105101');
INSERT INTO `entry`(`entryid`,`type`) VALUES('1105102','b');
INSERT INTO `book`(`title`,`entryid`,`isbn`) VALUES('Cloth with the bisulcate Representative','1105102','0897161195962');
INSERT INTO `genre_book`(`genre`, `entryid`) VALUES ('Romance','1105102');
INSERT INTO `author_book`(`author`, `entryid`) VALUES ('Pamila Quon','1105102');
INSERT INTO `publisher_book`(`publisher`, `entryid`) VALUES ('Ziedan Inc.','1105102');
INSERT INTO `entry`(`entryid`,`type`) VALUES('1105103','b');
INSERT INTO `book`(`title`,`entryid`,`isbn`) VALUES('Trigonometry of the mistrustful Burn','1105103','0907645518538');
INSERT INTO `genre_book`(`genre`, `entryid`) VALUES ('Horror','1105103');
INSERT INTO `author_book`(`author`, `entryid`) VALUES ('Jann Pomares','1105103');
INSERT INTO `publisher_book`(`publisher`, `entryid`) VALUES ('Mancia Publishers.','1105103');
INSERT INTO `entry`(`entryid`,`type`) VALUES('1105104','b');
INSERT INTO `book`(`title`,`entryid`,`isbn`) VALUES('Spaghetti by revolved Slip','1105104','9380588945607');
INSERT INTO `genre_book`(`genre`, `entryid`) VALUES ('Romance','1105104');
INSERT INTO `author_book`(`author`, `entryid`) VALUES ('Marvel Moya','1105104');
INSERT INTO `publisher_book`(`publisher`, `entryid`) VALUES ('Yost Publishers.','1105104');
INSERT INTO `entry`(`entryid`,`type`) VALUES('1105105','b');
INSERT INTO `book`(`title`,`entryid`,`isbn`) VALUES('Vulture to the French-Canadian Quilt','1105105','9343666814607');
INSERT INTO `genre_book`(`genre`, `entryid`) VALUES ('Adventure','1105105');
INSERT INTO `author`(`name`,`birthyear`,`deathyear`) VALUES('Raina Villamayor','1965','2059');
INSERT INTO `author_book`(`author`, `entryid`) VALUES ('Raina Villamayor','1105105');
INSERT INTO `publisher_book`(`publisher`, `entryid`) VALUES ('Loscalzo Publishers.','1105105');
INSERT INTO `entry`(`entryid`,`type`) VALUES('1105106','b');
INSERT INTO `book`(`title`,`entryid`,`isbn`) VALUES('Peony of the gluteal Divorced','1105106','9559584616409');
INSERT INTO `genre_book`(`genre`, `entryid`) VALUES ('Science','1105106');
INSERT INTO `author_book`(`author`, `entryid`) VALUES ('Jamar Stefanowicz','1105106');
INSERT INTO `publisher_book`(`publisher`, `entryid`) VALUES ('Safko Cooperations.','1105106');
INSERT INTO `entry`(`entryid`,`type`) VALUES('1105107','b');
INSERT INTO `book`(`title`,`entryid`,`isbn`) VALUES('Fibre in Nest','1105107','9240518597958');
INSERT INTO `genre_book`(`genre`, `entryid`) VALUES ('Adventure','1105107');
INSERT INTO `author`(`name`,`birthyear`,`deathyear`) VALUES('Aleen Stroth','1959','2010');
INSERT INTO `author_book`(`author`, `entryid`) VALUES ('Aleen Stroth','1105107');
INSERT INTO `publisher_book`(`publisher`, `entryid`) VALUES ('Mcnatt Publishers.','1105107');
INSERT INTO `entry`(`entryid`,`type`) VALUES('1105108','b');
INSERT INTO `book`(`title`,`entryid`,`isbn`) VALUES('Sweets for the surculose Half-brother','1105108','0903977355172');
INSERT INTO `genre_book`(`genre`, `entryid`) VALUES ('Adventure','1105108');
INSERT INTO `author_book`(`author`, `entryid`) VALUES ('Porter Kindell','1105108');
INSERT INTO `publisher`(`name`) VALUES ('Travaglio Inc.');
INSERT INTO `publisher_book`(`publisher`, `entryid`) VALUES ('Travaglio Inc.','1105108');
INSERT INTO `entry`(`entryid`,`type`) VALUES('1105109','b');
INSERT INTO `book`(`title`,`entryid`,`isbn`) VALUES('Copper in the blooming Cucumber','1105109','0570584796589');
INSERT INTO `genre_book`(`genre`, `entryid`) VALUES ('Education','1105109');
INSERT INTO `author`(`name`,`birthyear`,`deathyear`) VALUES('Myrtis Dallen','1980','2048');
INSERT INTO `author_book`(`author`, `entryid`) VALUES ('Myrtis Dallen','1105109');
INSERT INTO `publisher`(`name`) VALUES ('Ansara Inc.');
INSERT INTO `publisher_book`(`publisher`, `entryid`) VALUES ('Ansara Inc.','1105109');
INSERT INTO `entry`(`entryid`,`type`) VALUES('1105110','b');
INSERT INTO `book`(`title`,`entryid`,`isbn`) VALUES('Fender and the Thermometer','1105110','9302412151222');
INSERT INTO `genre_book`(`genre`, `entryid`) VALUES ('Education','1105110');
INSERT INTO `author_book`(`author`, `entryid`) VALUES ('Jann Pomares','1105110');
INSERT INTO `publisher`(`name`) VALUES ('Yenney Cooperations.');
INSERT INTO `publisher_book`(`publisher`, `entryid`) VALUES ('Yenney Cooperations.','1105110');
INSERT INTO `entry`(`entryid`,`type`) VALUES('1105111','b');
INSERT INTO `book`(`title`,`entryid`,`isbn`) VALUES('Battery to the Fang','1105111','9845401017588');
INSERT INTO `genre_book`(`genre`, `entryid`) VALUES ('Sci-Fi','1105111');
INSERT INTO `author`(`name`,`birthyear`,`deathyear`) VALUES('Perry Purslow','1916','1997');
INSERT INTO `author_book`(`author`, `entryid`) VALUES ('Perry Purslow','1105111');
INSERT INTO `publisher`(`name`) VALUES ('Rocks Cooperations.');
INSERT INTO `publisher_book`(`publisher`, `entryid`) VALUES ('Rocks Cooperations.','1105111');
INSERT INTO `entry`(`entryid`,`type`) VALUES('1105112','b');
INSERT INTO `book`(`title`,`entryid`,`isbn`) VALUES('Century vs. eternal Use','1105112','9130797647771');
INSERT INTO `genre_book`(`genre`, `entryid`) VALUES ('Thriller','1105112');
INSERT INTO `author`(`name`,`birthyear`,`deathyear`) VALUES('Johna Ivery','1910','2008');
INSERT INTO `author_book`(`author`, `entryid`) VALUES ('Johna Ivery','1105112');
INSERT INTO `publisher_book`(`publisher`, `entryid`) VALUES ('Cajigas Inc.','1105112');
INSERT INTO `entry`(`entryid`,`type`) VALUES('1105113','b');
INSERT INTO `book`(`title`,`entryid`,`isbn`) VALUES('Wrinkle against the Seeder','1105113','0724241001647');
INSERT INTO `genre_book`(`genre`, `entryid`) VALUES ('Adventure','1105113');
INSERT INTO `author`(`name`,`birthyear`,`deathyear`) VALUES('Trang Barns','1880','1924');
INSERT INTO `author_book`(`author`, `entryid`) VALUES ('Trang Barns','1105113');
INSERT INTO `publisher_book`(`publisher`, `entryid`) VALUES ('Beilinson Inc.','1105113');
INSERT INTO `entry`(`entryid`,`type`) VALUES('1105114','b');
INSERT INTO `book`(`title`,`entryid`,`isbn`) VALUES('Cause to Partridge','1105114','9591238588848');
INSERT INTO `genre_book`(`genre`, `entryid`) VALUES ('Romance','1105114');
INSERT INTO `author`(`name`,`birthyear`,`deathyear`) VALUES('Mindy Dihel','1906','1935');
INSERT INTO `author_book`(`author`, `entryid`) VALUES ('Mindy Dihel','1105114');
INSERT INTO `publisher_book`(`publisher`, `entryid`) VALUES ('Shontz Publishers.','1105114');
INSERT INTO `entry`(`entryid`,`type`) VALUES('1105115','b');
INSERT INTO `book`(`title`,`entryid`,`isbn`) VALUES('Beach and Betty','1105115','0423867014390');
INSERT INTO `genre_book`(`genre`, `entryid`) VALUES ('Romance','1105115');
INSERT INTO `author`(`name`,`birthyear`,`deathyear`) VALUES('Lashawna Tenaglia','1933','2022');
INSERT INTO `author_book`(`author`, `entryid`) VALUES ('Lashawna Tenaglia','1105115');
INSERT INTO `publisher_book`(`publisher`, `entryid`) VALUES ('Ards Inc.','1105115');
INSERT INTO `entry`(`entryid`,`type`) VALUES('1105116','b');
INSERT INTO `book`(`title`,`entryid`,`isbn`) VALUES('Judo to Family','1105116','0144972461136');
INSERT INTO `genre_book`(`genre`, `entryid`) VALUES ('Horror','1105116');
INSERT INTO `author_book`(`author`, `entryid`) VALUES ('Vaughn Michalski','1105116');
INSERT INTO `publisher`(`name`) VALUES ('Asmus Cooperations.');
INSERT INTO `publisher_book`(`publisher`, `entryid`) VALUES ('Asmus Cooperations.','1105116');
INSERT INTO `entry`(`entryid`,`type`) VALUES('1105117','b');
INSERT INTO `book`(`title`,`entryid`,`isbn`) VALUES('Wing by the impudent Flax','1105117','0312068371333');
INSERT INTO `genre_book`(`genre`, `entryid`) VALUES ('Science','1105117');
INSERT INTO `author`(`name`,`birthyear`,`deathyear`) VALUES('Shanti Reineccius','1888','1929');
INSERT INTO `author_book`(`author`, `entryid`) VALUES ('Shanti Reineccius','1105117');
INSERT INTO `publisher_book`(`publisher`, `entryid`) VALUES ('Bezzo Cooperations.','1105117');
INSERT INTO `entry`(`entryid`,`type`) VALUES('1105118','b');
INSERT INTO `book`(`title`,`entryid`,`isbn`) VALUES('Coal in the Stove','1105118','9801742839195');
INSERT INTO `genre_book`(`genre`, `entryid`) VALUES ('Horror','1105118');
INSERT INTO `author_book`(`author`, `entryid`) VALUES ('Kelley Benjamin','1105118');
INSERT INTO `publisher`(`name`) VALUES ('Kubert Publishers.');
INSERT INTO `publisher_book`(`publisher`, `entryid`) VALUES ('Kubert Publishers.','1105118');
INSERT INTO `entry`(`entryid`,`type`) VALUES('1105119','b');
INSERT INTO `book`(`title`,`entryid`,`isbn`) VALUES('Appeal by the multivoltine Airship','1105119','0981177410673');
INSERT INTO `genre_book`(`genre`, `entryid`) VALUES ('Romance','1105119');
INSERT INTO `author`(`name`,`birthyear`,`deathyear`) VALUES('Shila Trofholz','1964','2032');
INSERT INTO `author_book`(`author`, `entryid`) VALUES ('Shila Trofholz','1105119');
INSERT INTO `publisher_book`(`publisher`, `entryid`) VALUES ('Yost Publishers.','1105119');
INSERT INTO `entry`(`entryid`,`type`) VALUES('1105120','b');
INSERT INTO `book`(`title`,`entryid`,`isbn`) VALUES('Jeff and the diagnostic Agreement','1105120','0819666393422');
INSERT INTO `genre_book`(`genre`, `entryid`) VALUES ('Science','1105120');
INSERT INTO `author_book`(`author`, `entryid`) VALUES ('Perry Purslow','1105120');
INSERT INTO `publisher_book`(`publisher`, `entryid`) VALUES ('Yenney Cooperations.','1105120');
INSERT INTO `entry`(`entryid`,`type`) VALUES('1105121','b');
INSERT INTO `book`(`title`,`entryid`,`isbn`) VALUES('Smell for idealess Watchmaker','1105121','0283965257770');
INSERT INTO `genre_book`(`genre`, `entryid`) VALUES ('Science','1105121');
INSERT INTO `author`(`name`,`birthyear`,`deathyear`) VALUES('Deandra Beswick','1950','1999');
INSERT INTO `author_book`(`author`, `entryid`) VALUES ('Deandra Beswick','1105121');
INSERT INTO `publisher_book`(`publisher`, `entryid`) VALUES ('Sensing Cooperations.','1105121');
INSERT INTO `entry`(`entryid`,`type`) VALUES('1105122','b');
INSERT INTO `book`(`title`,`entryid`,`isbn`) VALUES('Marble for unkindly Pound','1105122','9053009029454');
INSERT INTO `genre_book`(`genre`, `entryid`) VALUES ('Adventure','1105122');
INSERT INTO `author`(`name`,`birthyear`,`deathyear`) VALUES('Charity Rathke','1903','1925');
INSERT INTO `author_book`(`author`, `entryid`) VALUES ('Charity Rathke','1105122');
INSERT INTO `publisher_book`(`publisher`, `entryid`) VALUES ('Anakalea Inc.','1105122');
INSERT INTO `entry`(`entryid`,`type`) VALUES('1105123','b');
INSERT INTO `book`(`title`,`entryid`,`isbn`) VALUES('Playroom because of Relation','1105123','9172375351211');
INSERT INTO `genre_book`(`genre`, `entryid`) VALUES ('Thriller','1105123');
INSERT INTO `author`(`name`,`birthyear`,`deathyear`) VALUES('Socorro Berlo','1966','2050');
INSERT INTO `author_book`(`author`, `entryid`) VALUES ('Socorro Berlo','1105123');
INSERT INTO `publisher_book`(`publisher`, `entryid`) VALUES ('Bezzo Cooperations.','1105123');
INSERT INTO `entry`(`entryid`,`type`) VALUES('1105124','b');
INSERT INTO `book`(`title`,`entryid`,`isbn`) VALUES('Clipper for circumscriptive Toy','1105124','9183787833561');
INSERT INTO `genre_book`(`genre`, `entryid`) VALUES ('Adventure','1105124');
INSERT INTO `author`(`name`,`birthyear`,`deathyear`) VALUES('Ashlea Longiotti','1882','1913');
INSERT INTO `author_book`(`author`, `entryid`) VALUES ('Ashlea Longiotti','1105124');
INSERT INTO `publisher_book`(`publisher`, `entryid`) VALUES ('Mignogna Publishers.','1105124');
INSERT INTO `entry`(`entryid`,`type`) VALUES('1105125','b');
INSERT INTO `book`(`title`,`entryid`,`isbn`) VALUES('Spark with Mallet','1105125','0293982969761');
INSERT INTO `genre_book`(`genre`, `entryid`) VALUES ('Horror','1105125');
INSERT INTO `author`(`name`,`birthyear`,`deathyear`) VALUES('Perry Samec','1885','1950');
INSERT INTO `author_book`(`author`, `entryid`) VALUES ('Perry Samec','1105125');
INSERT INTO `publisher`(`name`) VALUES ('Bassil Inc.');
INSERT INTO `publisher_book`(`publisher`, `entryid`) VALUES ('Bassil Inc.','1105125');
INSERT INTO `entry`(`entryid`,`type`) VALUES('1105126','b');
INSERT INTO `book`(`title`,`entryid`,`isbn`) VALUES('Bookcase by semipalmate Tongue','1105126','0855472335707');
INSERT INTO `genre_book`(`genre`, `entryid`) VALUES ('Adventure','1105126');
INSERT INTO `author_book`(`author`, `entryid`) VALUES ('Pamila Quon','1105126');
INSERT INTO `publisher_book`(`publisher`, `entryid`) VALUES ('Zerangue Cooperations.','1105126');
INSERT INTO `entry`(`entryid`,`type`) VALUES('1105127','b');
INSERT INTO `book`(`title`,`entryid`,`isbn`) VALUES('Airmail for diocesan Theater','1105127','0952728354106');
INSERT INTO `genre_book`(`genre`, `entryid`) VALUES ('Education','1105127');
INSERT INTO `author_book`(`author`, `entryid`) VALUES ('Boyce Krotzer','1105127');
INSERT INTO `publisher_book`(`publisher`, `entryid`) VALUES ('Turnbough Inc.','1105127');
INSERT INTO `entry`(`entryid`,`type`) VALUES('1105128','b');
INSERT INTO `book`(`title`,`entryid`,`isbn`) VALUES('Rate because of Height','1105128','9874036777807');
INSERT INTO `genre_book`(`genre`, `entryid`) VALUES ('Sci-Fi','1105128');
INSERT INTO `author`(`name`,`birthyear`,`deathyear`) VALUES('Yasmin Collin','1937','2030');
INSERT INTO `author_book`(`author`, `entryid`) VALUES ('Yasmin Collin','1105128');
INSERT INTO `publisher_book`(`publisher`, `entryid`) VALUES ('Ziedan Inc.','1105128');
INSERT INTO `entry`(`entryid`,`type`) VALUES('1105129','b');
INSERT INTO `book`(`title`,`entryid`,`isbn`) VALUES('Blade because of conjugal Turkish','1105129','0681277731780');
INSERT INTO `genre_book`(`genre`, `entryid`) VALUES ('Adventure','1105129');
INSERT INTO `author_book`(`author`, `entryid`) VALUES ('Donita Meldrum','1105129');
INSERT INTO `publisher`(`name`) VALUES ('Bledsoe Inc.');
INSERT INTO `publisher_book`(`publisher`, `entryid`) VALUES ('Bledsoe Inc.','1105129');
INSERT INTO `entry`(`entryid`,`type`) VALUES('1105130','b');
INSERT INTO `book`(`title`,`entryid`,`isbn`) VALUES('Plaster for Condor','1105130','0032680656180');
INSERT INTO `genre_book`(`genre`, `entryid`) VALUES ('Sci-Fi','1105130');
INSERT INTO `author`(`name`,`birthyear`,`deathyear`) VALUES('Shenita Kerman','1961','2017');
INSERT INTO `author_book`(`author`, `entryid`) VALUES ('Shenita Kerman','1105130');
INSERT INTO `publisher_book`(`publisher`, `entryid`) VALUES ('Onstott Publishers.','1105130');
INSERT INTO `entry`(`entryid`,`type`) VALUES('1105131','b');
INSERT INTO `book`(`title`,`entryid`,`isbn`) VALUES('Ash of abstemious Siamese','1105131','9241181484463');
INSERT INTO `genre_book`(`genre`, `entryid`) VALUES ('Education','1105131');
INSERT INTO `author`(`name`,`birthyear`,`deathyear`) VALUES('Ludivina Manlito','1947','2025');
INSERT INTO `author_book`(`author`, `entryid`) VALUES ('Ludivina Manlito','1105131');
INSERT INTO `publisher`(`name`) VALUES ('Dusatko Inc.');
INSERT INTO `publisher_book`(`publisher`, `entryid`) VALUES ('Dusatko Inc.','1105131');
INSERT INTO `entry`(`entryid`,`type`) VALUES('1105132','b');
INSERT INTO `book`(`title`,`entryid`,`isbn`) VALUES('Crown vs. Cub','1105132','9606799140244');
INSERT INTO `genre_book`(`genre`, `entryid`) VALUES ('Horror','1105132');
INSERT INTO `author_book`(`author`, `entryid`) VALUES ('Perry Purslow','1105132');
INSERT INTO `publisher`(`name`) VALUES ('Mcwhinney Cooperations.');
INSERT INTO `publisher_book`(`publisher`, `entryid`) VALUES ('Mcwhinney Cooperations.','1105132');
INSERT INTO `entry`(`entryid`,`type`) VALUES('1105133','b');
INSERT INTO `book`(`title`,`entryid`,`isbn`) VALUES('Lyric against Dressing','1105133','9196987738576');
INSERT INTO `genre_book`(`genre`, `entryid`) VALUES ('Sci-Fi','1105133');
INSERT INTO `author`(`name`,`birthyear`,`deathyear`) VALUES('Shani Pottier','1890','1980');
INSERT INTO `author_book`(`author`, `entryid`) VALUES ('Shani Pottier','1105133');
INSERT INTO `publisher_book`(`publisher`, `entryid`) VALUES ('Zerangue Cooperations.','1105133');
INSERT INTO `entry`(`entryid`,`type`) VALUES('1105134','b');
INSERT INTO `book`(`title`,`entryid`,`isbn`) VALUES('Rate because of physicalism Mimosa','1105134','9234093008066');
INSERT INTO `genre_book`(`genre`, `entryid`) VALUES ('Education','1105134');
INSERT INTO `author_book`(`author`, `entryid`) VALUES ('Jerrie Strazza','1105134');
INSERT INTO `publisher_book`(`publisher`, `entryid`) VALUES ('Zerangue Cooperations.','1105134');
INSERT INTO `entry`(`entryid`,`type`) VALUES('1105135','b');
INSERT INTO `book`(`title`,`entryid`,`isbn`) VALUES('Lock by Cowbell','1105135','9469471085657');
INSERT INTO `genre_book`(`genre`, `entryid`) VALUES ('Adventure','1105135');
INSERT INTO `author_book`(`author`, `entryid`) VALUES ('Donita Meldrum','1105135');
INSERT INTO `publisher_book`(`publisher`, `entryid`) VALUES ('Lampinen Publishers.','1105135');
INSERT INTO `entry`(`entryid`,`type`) VALUES('1105136','b');
INSERT INTO `book`(`title`,`entryid`,`isbn`) VALUES('Alligator because of marshiest Quarter','1105136','9476307406148');
INSERT INTO `genre_book`(`genre`, `entryid`) VALUES ('Sci-Fi','1105136');
INSERT INTO `author_book`(`author`, `entryid`) VALUES ('Assunta Veneable','1105136');
INSERT INTO `publisher_book`(`publisher`, `entryid`) VALUES ('Dominique Publishers.','1105136');
INSERT INTO `entry`(`entryid`,`type`) VALUES('1105137','b');
INSERT INTO `book`(`title`,`entryid`,`isbn`) VALUES('Sink and the bimolecular Chemistry','1105137','9462515124693');
INSERT INTO `genre_book`(`genre`, `entryid`) VALUES ('Adventure','1105137');
INSERT INTO `author`(`name`,`birthyear`,`deathyear`) VALUES('Creola Selvage','1919','1969');
INSERT INTO `author_book`(`author`, `entryid`) VALUES ('Creola Selvage','1105137');
INSERT INTO `publisher_book`(`publisher`, `entryid`) VALUES ('Panzarino Publishers.','1105137');
INSERT INTO `entry`(`entryid`,`type`) VALUES('1105138','b');
INSERT INTO `book`(`title`,`entryid`,`isbn`) VALUES('Profit of the congeneric Bomber','1105138','9374203580797');
INSERT INTO `genre_book`(`genre`, `entryid`) VALUES ('Education','1105138');
INSERT INTO `author_book`(`author`, `entryid`) VALUES ('Garfield Rigatti','1105138');
INSERT INTO `publisher_book`(`publisher`, `entryid`) VALUES ('Bierley Cooperations.','1105138');
INSERT INTO `entry`(`entryid`,`type`) VALUES('1105139','b');
INSERT INTO `book`(`title`,`entryid`,`isbn`) VALUES('Cream vs. grizzlier Production','1105139','0943183418054');
INSERT INTO `genre_book`(`genre`, `entryid`) VALUES ('Horror','1105139');
INSERT INTO `author_book`(`author`, `entryid`) VALUES ('Samatha Leiba','1105139');
INSERT INTO `publisher`(`name`) VALUES ('Gittere Publishers.');
INSERT INTO `publisher_book`(`publisher`, `entryid`) VALUES ('Gittere Publishers.','1105139');
INSERT INTO `entry`(`entryid`,`type`) VALUES('1105140','b');
INSERT INTO `book`(`title`,`entryid`,`isbn`) VALUES('Diamond of the forespent Spandex','1105140','0879141762485');
INSERT INTO `genre_book`(`genre`, `entryid`) VALUES ('Adventure','1105140');
INSERT INTO `author`(`name`,`birthyear`,`deathyear`) VALUES('Phuong Kintigh','1930','2017');
INSERT INTO `author_book`(`author`, `entryid`) VALUES ('Phuong Kintigh','1105140');
INSERT INTO `publisher_book`(`publisher`, `entryid`) VALUES ('Uyehara Inc.','1105140');
INSERT INTO `entry`(`entryid`,`type`) VALUES('1105141','b');
INSERT INTO `book`(`title`,`entryid`,`isbn`) VALUES('Rainbow by the ablative Peen','1105141','9342342348434');
INSERT INTO `genre_book`(`genre`, `entryid`) VALUES ('Science','1105141');
INSERT INTO `author`(`name`,`birthyear`,`deathyear`) VALUES('Tom Garling','1943','2024');
INSERT INTO `author_book`(`author`, `entryid`) VALUES ('Tom Garling','1105141');
INSERT INTO `publisher`(`name`) VALUES ('Weissenborn Publishers.');
INSERT INTO `publisher_book`(`publisher`, `entryid`) VALUES ('Weissenborn Publishers.','1105141');
INSERT INTO `entry`(`entryid`,`type`) VALUES('1105142','b');
INSERT INTO `book`(`title`,`entryid`,`isbn`) VALUES('Authorization and Captain','1105142','9397648007072');
INSERT INTO `genre_book`(`genre`, `entryid`) VALUES ('Horror','1105142');
INSERT INTO `author_book`(`author`, `entryid`) VALUES ('Willow Doerle','1105142');
INSERT INTO `publisher_book`(`publisher`, `entryid`) VALUES ('Bassil Inc.','1105142');
INSERT INTO `entry`(`entryid`,`type`) VALUES('1105143','b');
INSERT INTO `book`(`title`,`entryid`,`isbn`) VALUES('Kitty against the Dollar','1105143','9265218684099');
INSERT INTO `genre_book`(`genre`, `entryid`) VALUES ('Adventure','1105143');
INSERT INTO `author`(`name`,`birthyear`,`deathyear`) VALUES('Wen Stiller','1909','1973');
INSERT INTO `author_book`(`author`, `entryid`) VALUES ('Wen Stiller','1105143');
INSERT INTO `publisher_book`(`publisher`, `entryid`) VALUES ('Zerangue Cooperations.','1105143');
INSERT INTO `entry`(`entryid`,`type`) VALUES('1105144','b');
INSERT INTO `book`(`title`,`entryid`,`isbn`) VALUES('Goldfish with Gorilla','1105144','9548565339705');
INSERT INTO `genre_book`(`genre`, `entryid`) VALUES ('Sci-Fi','1105144');
INSERT INTO `author_book`(`author`, `entryid`) VALUES ('Zulma Jenck','1105144');
INSERT INTO `publisher_book`(`publisher`, `entryid`) VALUES ('Wriedt Publishers.','1105144');
INSERT INTO `entry`(`entryid`,`type`) VALUES('1105145','b');
INSERT INTO `book`(`title`,`entryid`,`isbn`) VALUES('Existence in the Dogsled','1105145','9236344380323');
INSERT INTO `genre_book`(`genre`, `entryid`) VALUES ('Adventure','1105145');
INSERT INTO `author_book`(`author`, `entryid`) VALUES ('Gwenda Rew','1105145');
INSERT INTO `publisher_book`(`publisher`, `entryid`) VALUES ('Asmus Cooperations.','1105145');
INSERT INTO `entry`(`entryid`,`type`) VALUES('1105146','b');
INSERT INTO `book`(`title`,`entryid`,`isbn`) VALUES('Building vs. methodical Health','1105146','0395330663068');
INSERT INTO `genre_book`(`genre`, `entryid`) VALUES ('Science','1105146');
INSERT INTO `author`(`name`,`birthyear`,`deathyear`) VALUES('Nicholas Blundo','1935','2034');
INSERT INTO `author_book`(`author`, `entryid`) VALUES ('Nicholas Blundo','1105146');
INSERT INTO `publisher`(`name`) VALUES ('Wince Publishers.');
INSERT INTO `publisher_book`(`publisher`, `entryid`) VALUES ('Wince Publishers.','1105146');
INSERT INTO `entry`(`entryid`,`type`) VALUES('1105147','b');
INSERT INTO `book`(`title`,`entryid`,`isbn`) VALUES('Slipper for aerostatic Step-grandfather','1105147','9290266214279');
INSERT INTO `genre_book`(`genre`, `entryid`) VALUES ('Science','1105147');
INSERT INTO `author`(`name`,`birthyear`,`deathyear`) VALUES('Victor Wieseman','1953','2016');
INSERT INTO `author_book`(`author`, `entryid`) VALUES ('Victor Wieseman','1105147');
INSERT INTO `publisher_book`(`publisher`, `entryid`) VALUES ('Pettiford Cooperations.','1105147');
INSERT INTO `entry`(`entryid`,`type`) VALUES('1105148','b');
INSERT INTO `book`(`title`,`entryid`,`isbn`) VALUES('Botany with Colony','1105148','9152944148981');
INSERT INTO `genre_book`(`genre`, `entryid`) VALUES ('Sci-Fi','1105148');
INSERT INTO `author_book`(`author`, `entryid`) VALUES ('Jenifer Dodds','1105148');
INSERT INTO `publisher`(`name`) VALUES ('Swaggert Inc.');
INSERT INTO `publisher_book`(`publisher`, `entryid`) VALUES ('Swaggert Inc.','1105148');
INSERT INTO `entry`(`entryid`,`type`) VALUES('1105149','b');
INSERT INTO `book`(`title`,`entryid`,`isbn`) VALUES('Kevin for Population','1105149','0250229335790');
INSERT INTO `genre_book`(`genre`, `entryid`) VALUES ('Thriller','1105149');
INSERT INTO `author`(`name`,`birthyear`,`deathyear`) VALUES('Emilia Dehnert','1887','1961');
INSERT INTO `author_book`(`author`, `entryid`) VALUES ('Emilia Dehnert','1105149');
INSERT INTO `publisher_book`(`publisher`, `entryid`) VALUES ('Asmus Cooperations.','1105149');
INSERT INTO `entry`(`entryid`,`type`) VALUES('1105150','b');
INSERT INTO `book`(`title`,`entryid`,`isbn`) VALUES('Skate of Juice','1105150','9392100614512');
INSERT INTO `genre_book`(`genre`, `entryid`) VALUES ('Horror','1105150');
INSERT INTO `author`(`name`,`birthyear`,`deathyear`) VALUES('Minnie Reischl','1899','1962');
INSERT INTO `author_book`(`author`, `entryid`) VALUES ('Minnie Reischl','1105150');
INSERT INTO `publisher_book`(`publisher`, `entryid`) VALUES ('Sibley Inc.','1105150');
INSERT INTO `entry`(`entryid`,`type`) VALUES('1105151','b');
INSERT INTO `book`(`title`,`entryid`,`isbn`) VALUES('Engineer to the Aftershave','1105151','9928821729060');
INSERT INTO `genre_book`(`genre`, `entryid`) VALUES ('Horror','1105151');
INSERT INTO `author`(`name`,`birthyear`,`deathyear`) VALUES('Isela Resnick','1914','1953');
INSERT INTO `author_book`(`author`, `entryid`) VALUES ('Isela Resnick','1105151');
INSERT INTO `publisher`(`name`) VALUES ('Martinell Cooperations.');
INSERT INTO `publisher_book`(`publisher`, `entryid`) VALUES ('Martinell Cooperations.','1105151');
INSERT INTO `entry`(`entryid`,`type`) VALUES('1105152','b');
INSERT INTO `book`(`title`,`entryid`,`isbn`) VALUES('Sex vs. modish Cake','1105152','0305941275979');
INSERT INTO `genre_book`(`genre`, `entryid`) VALUES ('Science','1105152');
INSERT INTO `author`(`name`,`birthyear`,`deathyear`) VALUES('Mertie Hummingbird','1962','2036');
INSERT INTO `author_book`(`author`, `entryid`) VALUES ('Mertie Hummingbird','1105152');
INSERT INTO `publisher`(`name`) VALUES ('Hansteen Publishers.');
INSERT INTO `publisher_book`(`publisher`, `entryid`) VALUES ('Hansteen Publishers.','1105152');
INSERT INTO `entry`(`entryid`,`type`) VALUES('1105153','b');
INSERT INTO `book`(`title`,`entryid`,`isbn`) VALUES('Olive in moon-eyed Patricia','1105153','9460110289627');
INSERT INTO `genre_book`(`genre`, `entryid`) VALUES ('Thriller','1105153');
INSERT INTO `author`(`name`,`birthyear`,`deathyear`) VALUES('Romona Studt','1922','1981');
INSERT INTO `author_book`(`author`, `entryid`) VALUES ('Romona Studt','1105153');
INSERT INTO `publisher_book`(`publisher`, `entryid`) VALUES ('Gorgone Inc.','1105153');
INSERT INTO `entry`(`entryid`,`type`) VALUES('1105154','b');
INSERT INTO `book`(`title`,`entryid`,`isbn`) VALUES('Fireplace with air-minded Cooking','1105154','9769048426895');
INSERT INTO `genre_book`(`genre`, `entryid`) VALUES ('Horror','1105154');
INSERT INTO `author_book`(`author`, `entryid`) VALUES ('Aleen Stroth','1105154');
INSERT INTO `publisher_book`(`publisher`, `entryid`) VALUES ('Drew Cooperations.','1105154');
INSERT INTO `entry`(`entryid`,`type`) VALUES('1105155','b');
INSERT INTO `book`(`title`,`entryid`,`isbn`) VALUES('Clock in the Sky','1105155','0194284107639');
INSERT INTO `genre_book`(`genre`, `entryid`) VALUES ('Romance','1105155');
INSERT INTO `author_book`(`author`, `entryid`) VALUES ('Nicholas Blundo','1105155');
INSERT INTO `publisher_book`(`publisher`, `entryid`) VALUES ('Moors Publishers.','1105155');
INSERT INTO `entry`(`entryid`,`type`) VALUES('1105156','b');
INSERT INTO `book`(`title`,`entryid`,`isbn`) VALUES('Instruction with Headline','1105156','0940925841643');
INSERT INTO `genre_book`(`genre`, `entryid`) VALUES ('Science','1105156');
INSERT INTO `author_book`(`author`, `entryid`) VALUES ('Isela Resnick','1105156');
INSERT INTO `publisher_book`(`publisher`, `entryid`) VALUES ('Wince Publishers.','1105156');
INSERT INTO `entry`(`entryid`,`type`) VALUES('1105157','b');
INSERT INTO `book`(`title`,`entryid`,`isbn`) VALUES('Illegal to the Bulldozer','1105157','0341352639284');
INSERT INTO `genre_book`(`genre`, `entryid`) VALUES ('Education','1105157');
INSERT INTO `author`(`name`,`birthyear`,`deathyear`) VALUES('Holli Verplanck','1887','1919');
INSERT INTO `author_book`(`author`, `entryid`) VALUES ('Holli Verplanck','1105157');
INSERT INTO `publisher_book`(`publisher`, `entryid`) VALUES ('Urbina Publishers.','1105157');
INSERT INTO `entry`(`entryid`,`type`) VALUES('1105158','b');
INSERT INTO `book`(`title`,`entryid`,`isbn`) VALUES('Invoice and the Skin','1105158','0931147961871');
INSERT INTO `genre_book`(`genre`, `entryid`) VALUES ('Thriller','1105158');
INSERT INTO `author_book`(`author`, `entryid`) VALUES ('Holli Verplanck','1105158');
INSERT INTO `publisher_book`(`publisher`, `entryid`) VALUES ('Zotos Publishers.','1105158');
INSERT INTO `entry`(`entryid`,`type`) VALUES('1105159','b');
INSERT INTO `book`(`title`,`entryid`,`isbn`) VALUES('Point vs. Tramp','1105159','9977390021929');
INSERT INTO `genre_book`(`genre`, `entryid`) VALUES ('Thriller','1105159');
INSERT INTO `author`(`name`,`birthyear`,`deathyear`) VALUES('Winifred Bondanza','1972','2049');
INSERT INTO `author_book`(`author`, `entryid`) VALUES ('Winifred Bondanza','1105159');
INSERT INTO `publisher_book`(`publisher`, `entryid`) VALUES ('Woollard Cooperations.','1105159');
INSERT INTO `entry`(`entryid`,`type`) VALUES('1105160','b');
INSERT INTO `book`(`title`,`entryid`,`isbn`) VALUES('Active of the Sandra','1105160','0895804584370');
INSERT INTO `genre_book`(`genre`, `entryid`) VALUES ('Adventure','1105160');
INSERT INTO `author`(`name`,`birthyear`,`deathyear`) VALUES('Douglass Aarant','1961','2037');
INSERT INTO `author_book`(`author`, `entryid`) VALUES ('Douglass Aarant','1105160');
INSERT INTO `publisher`(`name`) VALUES ('Aljemal Inc.');
INSERT INTO `publisher_book`(`publisher`, `entryid`) VALUES ('Aljemal Inc.','1105160');
INSERT INTO `entry`(`entryid`,`type`) VALUES('1105161','b');
INSERT INTO `book`(`title`,`entryid`,`isbn`) VALUES('Hour with the speckless Responsibility','1105161','0309166059022');
INSERT INTO `genre_book`(`genre`, `entryid`) VALUES ('Thriller','1105161');
INSERT INTO `author_book`(`author`, `entryid`) VALUES ('Kerry Gins','1105161');
INSERT INTO `publisher_book`(`publisher`, `entryid`) VALUES ('Mclamb Cooperations.','1105161');
INSERT INTO `entry`(`entryid`,`type`) VALUES('1105162','b');
INSERT INTO `book`(`title`,`entryid`,`isbn`) VALUES('Vest vs. Softball','1105162','9096430067052');
INSERT INTO `genre_book`(`genre`, `entryid`) VALUES ('Thriller','1105162');
INSERT INTO `author`(`name`,`birthyear`,`deathyear`) VALUES('Jacquie Gemmill','1893','1952');
INSERT INTO `author_book`(`author`, `entryid`) VALUES ('Jacquie Gemmill','1105162');
INSERT INTO `publisher`(`name`) VALUES ('Spanier Inc.');
INSERT INTO `publisher_book`(`publisher`, `entryid`) VALUES ('Spanier Inc.','1105162');
INSERT INTO `entry`(`entryid`,`type`) VALUES('1105163','b');
INSERT INTO `book`(`title`,`entryid`,`isbn`) VALUES('Propane against backhanded Fight','1105163','9181261783243');
INSERT INTO `genre_book`(`genre`, `entryid`) VALUES ('Science','1105163');
INSERT INTO `author_book`(`author`, `entryid`) VALUES ('Reuben Criddle','1105163');
INSERT INTO `publisher_book`(`publisher`, `entryid`) VALUES ('Travaglio Inc.','1105163');
INSERT INTO `entry`(`entryid`,`type`) VALUES('1105164','b');
INSERT INTO `book`(`title`,`entryid`,`isbn`) VALUES('Self and Paint','1105164','0067431871961');
INSERT INTO `genre_book`(`genre`, `entryid`) VALUES ('Sci-Fi','1105164');
INSERT INTO `author`(`name`,`birthyear`,`deathyear`) VALUES('Analisa Owenby','1964','2016');
INSERT INTO `author_book`(`author`, `entryid`) VALUES ('Analisa Owenby','1105164');
INSERT INTO `publisher_book`(`publisher`, `entryid`) VALUES ('Autrano Publishers.','1105164');
INSERT INTO `entry`(`entryid`,`type`) VALUES('1105165','b');
INSERT INTO `book`(`title`,`entryid`,`isbn`) VALUES('Brazil of Flight','1105165','9482631400631');
INSERT INTO `genre_book`(`genre`, `entryid`) VALUES ('Education','1105165');
INSERT INTO `author_book`(`author`, `entryid`) VALUES ('Narcisa Carriere','1105165');
INSERT INTO `publisher_book`(`publisher`, `entryid`) VALUES ('Spanier Inc.','1105165');
INSERT INTO `entry`(`entryid`,`type`) VALUES('1105166','b');
INSERT INTO `book`(`title`,`entryid`,`isbn`) VALUES('Sword by Meeting','1105166','9112091708041');
INSERT INTO `genre_book`(`genre`, `entryid`) VALUES ('Science','1105166');
INSERT INTO `author_book`(`author`, `entryid`) VALUES ('Summer Heiermann','1105166');
INSERT INTO `publisher_book`(`publisher`, `entryid`) VALUES ('Travaglio Inc.','1105166');
INSERT INTO `entry`(`entryid`,`type`) VALUES('1105167','b');
INSERT INTO `book`(`title`,`entryid`,`isbn`) VALUES('Plate in the Spear','1105167','0967986966162');
INSERT INTO `genre_book`(`genre`, `entryid`) VALUES ('Education','1105167');
INSERT INTO `author`(`name`,`birthyear`,`deathyear`) VALUES('Marsha Nurre','1924','1973');
INSERT INTO `author_book`(`author`, `entryid`) VALUES ('Marsha Nurre','1105167');
INSERT INTO `publisher_book`(`publisher`, `entryid`) VALUES ('Ansara Inc.','1105167');
INSERT INTO `entry`(`entryid`,`type`) VALUES('1105168','b');
INSERT INTO `book`(`title`,`entryid`,`isbn`) VALUES('Fan vs. dietary Cut','1105168','9384590698105');
INSERT INTO `genre_book`(`genre`, `entryid`) VALUES ('Adventure','1105168');
INSERT INTO `author`(`name`,`birthyear`,`deathyear`) VALUES('Kathern Weis','1969','2048');
INSERT INTO `author_book`(`author`, `entryid`) VALUES ('Kathern Weis','1105168');
INSERT INTO `publisher`(`name`) VALUES ('Kouns Cooperations.');
INSERT INTO `publisher_book`(`publisher`, `entryid`) VALUES ('Kouns Cooperations.','1105168');
INSERT INTO `entry`(`entryid`,`type`) VALUES('1105169','b');
INSERT INTO `book`(`title`,`entryid`,`isbn`) VALUES('Windscreen against the Roadway','1105169','9165327548749');
INSERT INTO `genre_book`(`genre`, `entryid`) VALUES ('Thriller','1105169');
INSERT INTO `author_book`(`author`, `entryid`) VALUES ('Shanti Reineccius','1105169');
INSERT INTO `publisher_book`(`publisher`, `entryid`) VALUES ('Dusatko Inc.','1105169');
INSERT INTO `entry`(`entryid`,`type`) VALUES('1105170','b');
INSERT INTO `book`(`title`,`entryid`,`isbn`) VALUES('Quarter with Australia','1105170','9432651613740');
INSERT INTO `genre_book`(`genre`, `entryid`) VALUES ('Thriller','1105170');
INSERT INTO `author`(`name`,`birthyear`,`deathyear`) VALUES('Drew Shely','1940','2039');
INSERT INTO `author_book`(`author`, `entryid`) VALUES ('Drew Shely','1105170');
INSERT INTO `publisher`(`name`) VALUES ('Schenk Inc.');
INSERT INTO `publisher_book`(`publisher`, `entryid`) VALUES ('Schenk Inc.','1105170');
INSERT INTO `entry`(`entryid`,`type`) VALUES('1105171','b');
INSERT INTO `book`(`title`,`entryid`,`isbn`) VALUES('Pair of the Stove','1105171','0394018319751');
INSERT INTO `genre_book`(`genre`, `entryid`) VALUES ('Sci-Fi','1105171');
INSERT INTO `author`(`name`,`birthyear`,`deathyear`) VALUES('Silas Dobosh','1965','2045');
INSERT INTO `author_book`(`author`, `entryid`) VALUES ('Silas Dobosh','1105171');
INSERT INTO `publisher_book`(`publisher`, `entryid`) VALUES ('Dusatko Inc.','1105171');
INSERT INTO `entry`(`entryid`,`type`) VALUES('1105172','b');
INSERT INTO `book`(`title`,`entryid`,`isbn`) VALUES('Paste with the Examination','1105172','0986867775218');
INSERT INTO `genre_book`(`genre`, `entryid`) VALUES ('Education','1105172');
INSERT INTO `author_book`(`author`, `entryid`) VALUES ('Shani Pottier','1105172');
INSERT INTO `publisher_book`(`publisher`, `entryid`) VALUES ('Bassil Inc.','1105172');
INSERT INTO `entry`(`entryid`,`type`) VALUES('1105173','b');
INSERT INTO `book`(`title`,`entryid`,`isbn`) VALUES('Magician by the Vietnam','1105173','9779995616449');
INSERT INTO `genre_book`(`genre`, `entryid`) VALUES ('Sci-Fi','1105173');
INSERT INTO `author_book`(`author`, `entryid`) VALUES ('Aldo Koegel','1105173');
INSERT INTO `publisher_book`(`publisher`, `entryid`) VALUES ('Mcwhinney Cooperations.','1105173');
INSERT INTO `entry`(`entryid`,`type`) VALUES('1105174','b');
INSERT INTO `book`(`title`,`entryid`,`isbn`) VALUES('Bagpipe against Fighter','1105174','9914823609552');
INSERT INTO `genre_book`(`genre`, `entryid`) VALUES ('Thriller','1105174');
INSERT INTO `author`(`name`,`birthyear`,`deathyear`) VALUES('Shantel Christine','1896','1937');
INSERT INTO `author_book`(`author`, `entryid`) VALUES ('Shantel Christine','1105174');
INSERT INTO `publisher_book`(`publisher`, `entryid`) VALUES ('Baldacchino Publishers.','1105174');
INSERT INTO `entry`(`entryid`,`type`) VALUES('1105175','b');
INSERT INTO `book`(`title`,`entryid`,`isbn`) VALUES('Tulip to Lucullean Ink','1105175','9930356620650');
INSERT INTO `genre_book`(`genre`, `entryid`) VALUES ('Horror','1105175');
INSERT INTO `author_book`(`author`, `entryid`) VALUES ('Ozie Fredicks','1105175');
INSERT INTO `publisher_book`(`publisher`, `entryid`) VALUES ('Dular Publishers.','1105175');
INSERT INTO `entry`(`entryid`,`type`) VALUES('1105176','b');
INSERT INTO `book`(`title`,`entryid`,`isbn`) VALUES('Time in the monolatrous Silk','1105176','0186921930961');
INSERT INTO `genre_book`(`genre`, `entryid`) VALUES ('Science','1105176');
INSERT INTO `author`(`name`,`birthyear`,`deathyear`) VALUES('Denice Flack','1962','2030');
INSERT INTO `author_book`(`author`, `entryid`) VALUES ('Denice Flack','1105176');
INSERT INTO `publisher_book`(`publisher`, `entryid`) VALUES ('Travaglio Inc.','1105176');
INSERT INTO `entry`(`entryid`,`type`) VALUES('1105177','b');
INSERT INTO `book`(`title`,`entryid`,`isbn`) VALUES('Day against the Fog','1105177','9498137629289');
INSERT INTO `genre_book`(`genre`, `entryid`) VALUES ('Romance','1105177');
INSERT INTO `author`(`name`,`birthyear`,`deathyear`) VALUES('Anya Holsopple','1977','2009');
INSERT INTO `author_book`(`author`, `entryid`) VALUES ('Anya Holsopple','1105177');
INSERT INTO `publisher_book`(`publisher`, `entryid`) VALUES ('Urbina Publishers.','1105177');
INSERT INTO `entry`(`entryid`,`type`) VALUES('1105178','b');
INSERT INTO `book`(`title`,`entryid`,`isbn`) VALUES('Rainbow by rugged Force','1105178','0821595780125');
INSERT INTO `genre_book`(`genre`, `entryid`) VALUES ('Thriller','1105178');
INSERT INTO `author`(`name`,`birthyear`,`deathyear`) VALUES('Kary Orosco','1974','2015');
INSERT INTO `author_book`(`author`, `entryid`) VALUES ('Kary Orosco','1105178');
INSERT INTO `publisher_book`(`publisher`, `entryid`) VALUES ('Dominique Publishers.','1105178');
INSERT INTO `entry`(`entryid`,`type`) VALUES('1105179','b');
INSERT INTO `book`(`title`,`entryid`,`isbn`) VALUES('Spandex to Delivery','1105179','0887841929353');
INSERT INTO `genre_book`(`genre`, `entryid`) VALUES ('Romance','1105179');
INSERT INTO `author`(`name`,`birthyear`,`deathyear`) VALUES('Tonya Chadwick','1892','1918');
INSERT INTO `author_book`(`author`, `entryid`) VALUES ('Tonya Chadwick','1105179');
INSERT INTO `publisher_book`(`publisher`, `entryid`) VALUES ('Safko Cooperations.','1105179');
INSERT INTO `entry`(`entryid`,`type`) VALUES('1105180','b');
INSERT INTO `book`(`title`,`entryid`,`isbn`) VALUES('Dibble to the Gasoline','1105180','9736458281175');
INSERT INTO `genre_book`(`genre`, `entryid`) VALUES ('Science','1105180');
INSERT INTO `author`(`name`,`birthyear`,`deathyear`) VALUES('Lajuana Rousu','1967','2061');
INSERT INTO `author_book`(`author`, `entryid`) VALUES ('Lajuana Rousu','1105180');
INSERT INTO `publisher_book`(`publisher`, `entryid`) VALUES ('Mignogna Publishers.','1105180');
INSERT INTO `entry`(`entryid`,`type`) VALUES('1105181','b');
INSERT INTO `book`(`title`,`entryid`,`isbn`) VALUES('Unit for the Amount','1105181','0826071168096');
INSERT INTO `genre_book`(`genre`, `entryid`) VALUES ('Adventure','1105181');
INSERT INTO `author`(`name`,`birthyear`,`deathyear`) VALUES('Katrina Generous','1955','2038');
INSERT INTO `author_book`(`author`, `entryid`) VALUES ('Katrina Generous','1105181');
INSERT INTO `publisher_book`(`publisher`, `entryid`) VALUES ('Shiplet Inc.','1105181');
INSERT INTO `entry`(`entryid`,`type`) VALUES('1105182','b');
INSERT INTO `book`(`title`,`entryid`,`isbn`) VALUES('Puffin for alcyonarian North','1105182','0014509096233');
INSERT INTO `genre_book`(`genre`, `entryid`) VALUES ('Adventure','1105182');
INSERT INTO `author`(`name`,`birthyear`,`deathyear`) VALUES('Jame Ahrns','1942','2006');
INSERT INTO `author_book`(`author`, `entryid`) VALUES ('Jame Ahrns','1105182');
INSERT INTO `publisher_book`(`publisher`, `entryid`) VALUES ('Sago Publishers.','1105182');
INSERT INTO `entry`(`entryid`,`type`) VALUES('1105183','b');
INSERT INTO `book`(`title`,`entryid`,`isbn`) VALUES('Form for the Ping','1105183','0850979544688');
INSERT INTO `genre_book`(`genre`, `entryid`) VALUES ('Thriller','1105183');
INSERT INTO `author_book`(`author`, `entryid`) VALUES ('Winifred Bondanza','1105183');
INSERT INTO `publisher`(`name`) VALUES ('Crosthwaite Publishers.');
INSERT INTO `publisher_book`(`publisher`, `entryid`) VALUES ('Crosthwaite Publishers.','1105183');
INSERT INTO `entry`(`entryid`,`type`) VALUES('1105184','b');
INSERT INTO `book`(`title`,`entryid`,`isbn`) VALUES('Chard and the Headline','1105184','9381552400337');
INSERT INTO `genre_book`(`genre`, `entryid`) VALUES ('Romance','1105184');
INSERT INTO `author_book`(`author`, `entryid`) VALUES ('Narcisa Carriere','1105184');
INSERT INTO `publisher_book`(`publisher`, `entryid`) VALUES ('Mcwhinney Cooperations.','1105184');
INSERT INTO `entry`(`entryid`,`type`) VALUES('1105185','b');
INSERT INTO `book`(`title`,`entryid`,`isbn`) VALUES('Rise with the can-do Dinosaur','1105185','0842169287604');
INSERT INTO `genre_book`(`genre`, `entryid`) VALUES ('Education','1105185');
INSERT INTO `author`(`name`,`birthyear`,`deathyear`) VALUES('Loma Risto','1978','2056');
INSERT INTO `author_book`(`author`, `entryid`) VALUES ('Loma Risto','1105185');
INSERT INTO `publisher_book`(`publisher`, `entryid`) VALUES ('Martinell Cooperations.','1105185');
INSERT INTO `entry`(`entryid`,`type`) VALUES('1105186','b');
INSERT INTO `book`(`title`,`entryid`,`isbn`) VALUES('Quicksand in the Offer','1105186','9454817974550');
INSERT INTO `genre_book`(`genre`, `entryid`) VALUES ('Romance','1105186');
INSERT INTO `author_book`(`author`, `entryid`) VALUES ('Lashaunda Anast','1105186');
INSERT INTO `publisher_book`(`publisher`, `entryid`) VALUES ('Sibley Inc.','1105186');
INSERT INTO `entry`(`entryid`,`type`) VALUES('1105187','b');
INSERT INTO `book`(`title`,`entryid`,`isbn`) VALUES('Brush with unintegrated Rice','1105187','9144016427001');
INSERT INTO `genre_book`(`genre`, `entryid`) VALUES ('Thriller','1105187');
INSERT INTO `author`(`name`,`birthyear`,`deathyear`) VALUES('Jennifer Wootten','1900','1987');
INSERT INTO `author_book`(`author`, `entryid`) VALUES ('Jennifer Wootten','1105187');
INSERT INTO `publisher`(`name`) VALUES ('Paulas Inc.');
INSERT INTO `publisher_book`(`publisher`, `entryid`) VALUES ('Paulas Inc.','1105187');
INSERT INTO `entry`(`entryid`,`type`) VALUES('1105188','b');
INSERT INTO `book`(`title`,`entryid`,`isbn`) VALUES('Printer against the untutored Basketball','1105188','0083674281270');
INSERT INTO `genre_book`(`genre`, `entryid`) VALUES ('Thriller','1105188');
INSERT INTO `author_book`(`author`, `entryid`) VALUES ('Maddie Siregar','1105188');
INSERT INTO `publisher`(`name`) VALUES ('Fetrow Inc.');
INSERT INTO `publisher_book`(`publisher`, `entryid`) VALUES ('Fetrow Inc.','1105188');
INSERT INTO `entry`(`entryid`,`type`) VALUES('1105189','b');
INSERT INTO `book`(`title`,`entryid`,`isbn`) VALUES('Discussion and clumpy Cell','1105189','9001520517612');
INSERT INTO `genre_book`(`genre`, `entryid`) VALUES ('Education','1105189');
INSERT INTO `author_book`(`author`, `entryid`) VALUES ('Arnetta Briley','1105189');
INSERT INTO `publisher_book`(`publisher`, `entryid`) VALUES ('Imfeld Publishers.','1105189');
INSERT INTO `entry`(`entryid`,`type`) VALUES('1105190','b');
INSERT INTO `book`(`title`,`entryid`,`isbn`) VALUES('Step-grandmother for the Facilities','1105190','0608407075204');
INSERT INTO `genre_book`(`genre`, `entryid`) VALUES ('Science','1105190');
INSERT INTO `author`(`name`,`birthyear`,`deathyear`) VALUES('Debbie Golik','1934','1995');
INSERT INTO `author_book`(`author`, `entryid`) VALUES ('Debbie Golik','1105190');
INSERT INTO `publisher_book`(`publisher`, `entryid`) VALUES ('Pettiford Cooperations.','1105190');
INSERT INTO `entry`(`entryid`,`type`) VALUES('1105191','b');
INSERT INTO `book`(`title`,`entryid`,`isbn`) VALUES('Gum and the talkative Glue','1105191','9396299794679');
INSERT INTO `genre_book`(`genre`, `entryid`) VALUES ('Thriller','1105191');
INSERT INTO `author`(`name`,`birthyear`,`deathyear`) VALUES('Particia Meininger','1950','2012');
INSERT INTO `author_book`(`author`, `entryid`) VALUES ('Particia Meininger','1105191');
INSERT INTO `publisher_book`(`publisher`, `entryid`) VALUES ('Funari Publishers.','1105191');
INSERT INTO `entry`(`entryid`,`type`) VALUES('1105192','b');
INSERT INTO `book`(`title`,`entryid`,`isbn`) VALUES('Christopher to anonymous Cylinder','1105192','9243640544346');
INSERT INTO `genre_book`(`genre`, `entryid`) VALUES ('Romance','1105192');
INSERT INTO `author_book`(`author`, `entryid`) VALUES ('Arlinda Neibert','1105192');
INSERT INTO `publisher_book`(`publisher`, `entryid`) VALUES ('Ards Inc.','1105192');
INSERT INTO `entry`(`entryid`,`type`) VALUES('1105193','b');
INSERT INTO `book`(`title`,`entryid`,`isbn`) VALUES('Turkish against the Increase','1105193','0140916990380');
INSERT INTO `genre_book`(`genre`, `entryid`) VALUES ('Thriller','1105193');
INSERT INTO `author`(`name`,`birthyear`,`deathyear`) VALUES('Mardell Struyk','1920','1978');
INSERT INTO `author_book`(`author`, `entryid`) VALUES ('Mardell Struyk','1105193');
INSERT INTO `publisher_book`(`publisher`, `entryid`) VALUES ('Imfeld Publishers.','1105193');
INSERT INTO `entry`(`entryid`,`type`) VALUES('1105194','b');
INSERT INTO `book`(`title`,`entryid`,`isbn`) VALUES('Sheep to the willed Bean','1105194','0511623477797');
INSERT INTO `genre_book`(`genre`, `entryid`) VALUES ('Adventure','1105194');
INSERT INTO `author`(`name`,`birthyear`,`deathyear`) VALUES('Fatimah Glodich','1893','1971');
INSERT INTO `author_book`(`author`, `entryid`) VALUES ('Fatimah Glodich','1105194');
INSERT INTO `publisher_book`(`publisher`, `entryid`) VALUES ('Rocks Cooperations.','1105194');
INSERT INTO `entry`(`entryid`,`type`) VALUES('1105195','b');
INSERT INTO `book`(`title`,`entryid`,`isbn`) VALUES('Crook and the meningococcal Narcissus','1105195','9116363971180');
INSERT INTO `genre_book`(`genre`, `entryid`) VALUES ('Education','1105195');
INSERT INTO `author`(`name`,`birthyear`,`deathyear`) VALUES('Shiela Hagmaier','1916','1947');
INSERT INTO `author_book`(`author`, `entryid`) VALUES ('Shiela Hagmaier','1105195');
INSERT INTO `publisher_book`(`publisher`, `entryid`) VALUES ('Kaliher Cooperations.','1105195');
INSERT INTO `entry`(`entryid`,`type`) VALUES('1105196','b');
INSERT INTO `book`(`title`,`entryid`,`isbn`) VALUES('Icebreaker for dopey Tornado','1105196','9007141235323');
INSERT INTO `genre_book`(`genre`, `entryid`) VALUES ('Thriller','1105196');
INSERT INTO `author`(`name`,`birthyear`,`deathyear`) VALUES('Tonie Vaccarella','1910','1939');
INSERT INTO `author_book`(`author`, `entryid`) VALUES ('Tonie Vaccarella','1105196');
INSERT INTO `publisher_book`(`publisher`, `entryid`) VALUES ('Tubman Inc.','1105196');
INSERT INTO `entry`(`entryid`,`type`) VALUES('1105197','b');
INSERT INTO `book`(`title`,`entryid`,`isbn`) VALUES('Kenya and the Bathtub','1105197','9391014442257');
INSERT INTO `genre_book`(`genre`, `entryid`) VALUES ('Thriller','1105197');
INSERT INTO `author`(`name`,`birthyear`,`deathyear`) VALUES('Renna Leis','1941','1974');
INSERT INTO `author_book`(`author`, `entryid`) VALUES ('Renna Leis','1105197');
INSERT INTO `publisher_book`(`publisher`, `entryid`) VALUES ('Anakalea Inc.','1105197');
INSERT INTO `entry`(`entryid`,`type`) VALUES('1105198','b');
INSERT INTO `book`(`title`,`entryid`,`isbn`) VALUES('Pink against the refluent Handicap','1105198','9724217976275');
INSERT INTO `genre_book`(`genre`, `entryid`) VALUES ('Science','1105198');
INSERT INTO `author`(`name`,`birthyear`,`deathyear`) VALUES('Santos Burgeson','1891','1962');
INSERT INTO `author_book`(`author`, `entryid`) VALUES ('Santos Burgeson','1105198');
INSERT INTO `publisher_book`(`publisher`, `entryid`) VALUES ('Rocks Cooperations.','1105198');
INSERT INTO `entry`(`entryid`,`type`) VALUES('1105199','b');
INSERT INTO `book`(`title`,`entryid`,`isbn`) VALUES('Oatmeal of grummest Force','1105199','9640511395567');
INSERT INTO `genre_book`(`genre`, `entryid`) VALUES ('Horror','1105199');
INSERT INTO `author_book`(`author`, `entryid`) VALUES ('Jenifer Dodds','1105199');
INSERT INTO `publisher_book`(`publisher`, `entryid`) VALUES ('Dular Publishers.','1105199');
INSERT INTO `entry`(`entryid`,`type`) VALUES('1105200','b');
INSERT INTO `book`(`title`,`entryid`,`isbn`) VALUES('Correspondent in close-knit Witness','1105200','0375865035632');
INSERT INTO `genre_book`(`genre`, `entryid`) VALUES ('Education','1105200');
INSERT INTO `author_book`(`author`, `entryid`) VALUES ('Silas Dobosh','1105200');
INSERT INTO `publisher_book`(`publisher`, `entryid`) VALUES ('Pascoe Cooperations.','1105200');
INSERT INTO `entry`(`entryid`,`type`) VALUES('1105201','b');
INSERT INTO `book`(`title`,`entryid`,`isbn`) VALUES('Power for synonymical Anime','1105201','9486362941751');
INSERT INTO `genre_book`(`genre`, `entryid`) VALUES ('Education','1105201');
INSERT INTO `author`(`name`,`birthyear`,`deathyear`) VALUES('Lorie Liljeberg','1881','1981');
INSERT INTO `author_book`(`author`, `entryid`) VALUES ('Lorie Liljeberg','1105201');
INSERT INTO `publisher`(`name`) VALUES ('Ronco Cooperations.');
INSERT INTO `publisher_book`(`publisher`, `entryid`) VALUES ('Ronco Cooperations.','1105201');
INSERT INTO `entry`(`entryid`,`type`) VALUES('1105202','b');
INSERT INTO `book`(`title`,`entryid`,`isbn`) VALUES('Stepson to vesical Witch','1105202','9728251530663');
INSERT INTO `genre_book`(`genre`, `entryid`) VALUES ('Education','1105202');
INSERT INTO `author_book`(`author`, `entryid`) VALUES ('Ludivina Manlito','1105202');
INSERT INTO `publisher_book`(`publisher`, `entryid`) VALUES ('Wriedt Publishers.','1105202');
INSERT INTO `entry`(`entryid`,`type`) VALUES('1105203','b');
INSERT INTO `book`(`title`,`entryid`,`isbn`) VALUES('Headlight and the disimpassioned Pakistan','1105203','9105483782928');
INSERT INTO `genre_book`(`genre`, `entryid`) VALUES ('Thriller','1105203');
INSERT INTO `author`(`name`,`birthyear`,`deathyear`) VALUES('Otha Eversoll','1968','2039');
INSERT INTO `author_book`(`author`, `entryid`) VALUES ('Otha Eversoll','1105203');
INSERT INTO `publisher`(`name`) VALUES ('Dewing Cooperations.');
INSERT INTO `publisher_book`(`publisher`, `entryid`) VALUES ('Dewing Cooperations.','1105203');
INSERT INTO `entry`(`entryid`,`type`) VALUES('1105204','b');
INSERT INTO `book`(`title`,`entryid`,`isbn`) VALUES('Cross with the Seagull','1105204','0358167685268');
INSERT INTO `genre_book`(`genre`, `entryid`) VALUES ('Horror','1105204');
INSERT INTO `author_book`(`author`, `entryid`) VALUES ('Cherryl Bock','1105204');
INSERT INTO `publisher`(`name`) VALUES ('Lapierre Cooperations.');
INSERT INTO `publisher_book`(`publisher`, `entryid`) VALUES ('Lapierre Cooperations.','1105204');
INSERT INTO `entry`(`entryid`,`type`) VALUES('1105205','b');
INSERT INTO `book`(`title`,`entryid`,`isbn`) VALUES('Occupation against the overcurious June','1105205','0391468157445');
INSERT INTO `genre_book`(`genre`, `entryid`) VALUES ('Romance','1105205');
INSERT INTO `author`(`name`,`birthyear`,`deathyear`) VALUES('Hortensia Slotemaker','1921','1991');
INSERT INTO `author_book`(`author`, `entryid`) VALUES ('Hortensia Slotemaker','1105205');
INSERT INTO `publisher_book`(`publisher`, `entryid`) VALUES ('Weimer Inc.','1105205');
INSERT INTO `entry`(`entryid`,`type`) VALUES('1105206','b');
INSERT INTO `book`(`title`,`entryid`,`isbn`) VALUES('Chain to Shape','1105206','0938734077416');
INSERT INTO `genre_book`(`genre`, `entryid`) VALUES ('Adventure','1105206');
INSERT INTO `author_book`(`author`, `entryid`) VALUES ('Ashlea Longiotti','1105206');
INSERT INTO `publisher_book`(`publisher`, `entryid`) VALUES ('Dular Publishers.','1105206');
INSERT INTO `entry`(`entryid`,`type`) VALUES('1105207','b');
INSERT INTO `book`(`title`,`entryid`,`isbn`) VALUES('Roof by Ambulance','1105207','9588502909863');
INSERT INTO `genre_book`(`genre`, `entryid`) VALUES ('Sci-Fi','1105207');
INSERT INTO `author_book`(`author`, `entryid`) VALUES ('Felicia Franzese','1105207');
INSERT INTO `publisher_book`(`publisher`, `entryid`) VALUES ('Bledsoe Inc.','1105207');
INSERT INTO `entry`(`entryid`,`type`) VALUES('1105208','b');
INSERT INTO `book`(`title`,`entryid`,`isbn`) VALUES('Wallaby to platiest Wealth','1105208','0165522006240');
INSERT INTO `genre_book`(`genre`, `entryid`) VALUES ('Horror','1105208');
INSERT INTO `author`(`name`,`birthyear`,`deathyear`) VALUES('Teofila Mattan','1946','1969');
INSERT INTO `author_book`(`author`, `entryid`) VALUES ('Teofila Mattan','1105208');
INSERT INTO `publisher_book`(`publisher`, `entryid`) VALUES ('Bledsoe Inc.','1105208');
INSERT INTO `entry`(`entryid`,`type`) VALUES('1105209','b');
INSERT INTO `book`(`title`,`entryid`,`isbn`) VALUES('Session to the Bait','1105209','0247563454091');
INSERT INTO `genre_book`(`genre`, `entryid`) VALUES ('Education','1105209');
INSERT INTO `author_book`(`author`, `entryid`) VALUES ('Jamaal Breske','1105209');
INSERT INTO `publisher_book`(`publisher`, `entryid`) VALUES ('Bezzo Cooperations.','1105209');
INSERT INTO `entry`(`entryid`,`type`) VALUES('1105210','b');
INSERT INTO `book`(`title`,`entryid`,`isbn`) VALUES('Wax in abortive Station','1105210','9870536223929');
INSERT INTO `genre_book`(`genre`, `entryid`) VALUES ('Sci-Fi','1105210');
INSERT INTO `author`(`name`,`birthyear`,`deathyear`) VALUES('Charlott Michaux','1974','2013');
INSERT INTO `author_book`(`author`, `entryid`) VALUES ('Charlott Michaux','1105210');
INSERT INTO `publisher_book`(`publisher`, `entryid`) VALUES ('Ansara Inc.','1105210');
INSERT INTO `entry`(`entryid`,`type`) VALUES('1105211','b');
INSERT INTO `book`(`title`,`entryid`,`isbn`) VALUES('Risk with the Pastry','1105211','0960304478550');
INSERT INTO `genre_book`(`genre`, `entryid`) VALUES ('Romance','1105211');
INSERT INTO `author`(`name`,`birthyear`,`deathyear`) VALUES('Su Vandenacre','1900','1969');
INSERT INTO `author_book`(`author`, `entryid`) VALUES ('Su Vandenacre','1105211');
INSERT INTO `publisher_book`(`publisher`, `entryid`) VALUES ('Mignogna Publishers.','1105211');
INSERT INTO `entry`(`entryid`,`type`) VALUES('1105212','b');
INSERT INTO `book`(`title`,`entryid`,`isbn`) VALUES('Saw with the Toilet','1105212','0040882085460');
INSERT INTO `genre_book`(`genre`, `entryid`) VALUES ('Science','1105212');
INSERT INTO `author`(`name`,`birthyear`,`deathyear`) VALUES('Dawna Halbert','1910','1948');
INSERT INTO `author_book`(`author`, `entryid`) VALUES ('Dawna Halbert','1105212');
INSERT INTO `publisher_book`(`publisher`, `entryid`) VALUES ('Funari Publishers.','1105212');
INSERT INTO `entry`(`entryid`,`type`) VALUES('1105213','b');
INSERT INTO `book`(`title`,`entryid`,`isbn`) VALUES('Appliance to the nerve-racking Imprisonment','1105213','0694331981478');
INSERT INTO `genre_book`(`genre`, `entryid`) VALUES ('Science','1105213');
INSERT INTO `author`(`name`,`birthyear`,`deathyear`) VALUES('Norman Stenbeck','1968','1993');
INSERT INTO `author_book`(`author`, `entryid`) VALUES ('Norman Stenbeck','1105213');
INSERT INTO `publisher_book`(`publisher`, `entryid`) VALUES ('Swaggert Inc.','1105213');
INSERT INTO `entry`(`entryid`,`type`) VALUES('1105214','b');
INSERT INTO `book`(`title`,`entryid`,`isbn`) VALUES('Substance of Tower','1105214','9432126283363');
INSERT INTO `genre_book`(`genre`, `entryid`) VALUES ('Education','1105214');
INSERT INTO `author`(`name`,`birthyear`,`deathyear`) VALUES('Lucila Manjarrez','1951','1973');
INSERT INTO `author_book`(`author`, `entryid`) VALUES ('Lucila Manjarrez','1105214');
INSERT INTO `publisher_book`(`publisher`, `entryid`) VALUES ('Weimer Inc.','1105214');
INSERT INTO `entry`(`entryid`,`type`) VALUES('1105215','b');
INSERT INTO `book`(`title`,`entryid`,`isbn`) VALUES('Gasoline for the gradable Brother','1105215','9748017458051');
INSERT INTO `genre_book`(`genre`, `entryid`) VALUES ('Education','1105215');
INSERT INTO `author`(`name`,`birthyear`,`deathyear`) VALUES('Iris Gammill','1883','1919');
INSERT INTO `author_book`(`author`, `entryid`) VALUES ('Iris Gammill','1105215');
INSERT INTO `publisher_book`(`publisher`, `entryid`) VALUES ('Ziedan Inc.','1105215');
INSERT INTO `entry`(`entryid`,`type`) VALUES('1105216','b');
INSERT INTO `book`(`title`,`entryid`,`isbn`) VALUES('Salad by the elegant November','1105216','0808447621248');
INSERT INTO `genre_book`(`genre`, `entryid`) VALUES ('Sci-Fi','1105216');
INSERT INTO `author`(`name`,`birthyear`,`deathyear`) VALUES('Retha Rollins','1888','1931');
INSERT INTO `author_book`(`author`, `entryid`) VALUES ('Retha Rollins','1105216');
INSERT INTO `publisher`(`name`) VALUES ('Hobin Cooperations.');
INSERT INTO `publisher_book`(`publisher`, `entryid`) VALUES ('Hobin Cooperations.','1105216');
INSERT INTO `entry`(`entryid`,`type`) VALUES('1105217','b');
INSERT INTO `book`(`title`,`entryid`,`isbn`) VALUES('Hub vs. oracular Wave','1105217','9177238265240');
INSERT INTO `genre_book`(`genre`, `entryid`) VALUES ('Adventure','1105217');
INSERT INTO `author`(`name`,`birthyear`,`deathyear`) VALUES('Leonia Parvin','1930','1990');
INSERT INTO `author_book`(`author`, `entryid`) VALUES ('Leonia Parvin','1105217');
INSERT INTO `publisher_book`(`publisher`, `entryid`) VALUES ('Kubert Publishers.','1105217');
INSERT INTO `entry`(`entryid`,`type`) VALUES('1105218','b');
INSERT INTO `book`(`title`,`entryid`,`isbn`) VALUES('Jar with Sky','1105218','0433515739783');
INSERT INTO `genre_book`(`genre`, `entryid`) VALUES ('Thriller','1105218');
INSERT INTO `author`(`name`,`birthyear`,`deathyear`) VALUES('Paulina Razze','1924','1947');
INSERT INTO `author_book`(`author`, `entryid`) VALUES ('Paulina Razze','1105218');
INSERT INTO `publisher_book`(`publisher`, `entryid`) VALUES ('Gorgone Inc.','1105218');
INSERT INTO `entry`(`entryid`,`type`) VALUES('1105219','b');
INSERT INTO `book`(`title`,`entryid`,`isbn`) VALUES('Pain by the brocaded Pamphlet','1105219','9559606334606');
INSERT INTO `genre_book`(`genre`, `entryid`) VALUES ('Romance','1105219');
INSERT INTO `author`(`name`,`birthyear`,`deathyear`) VALUES('Rosa Gentges','1890','1957');
INSERT INTO `author_book`(`author`, `entryid`) VALUES ('Rosa Gentges','1105219');
INSERT INTO `publisher_book`(`publisher`, `entryid`) VALUES ('Pascoe Cooperations.','1105219');
INSERT INTO `entry`(`entryid`,`type`) VALUES('1105220','b');
INSERT INTO `book`(`title`,`entryid`,`isbn`) VALUES('Aluminium by Input','1105220','0210983508080');
INSERT INTO `genre_book`(`genre`, `entryid`) VALUES ('Horror','1105220');
INSERT INTO `author_book`(`author`, `entryid`) VALUES ('Mirna Kaveney','1105220');
INSERT INTO `publisher_book`(`publisher`, `entryid`) VALUES ('Sago Publishers.','1105220');
INSERT INTO `entry`(`entryid`,`type`) VALUES('1105221','b');
INSERT INTO `book`(`title`,`entryid`,`isbn`) VALUES('Anthropology of the Iraq','1105221','0904737481345');
INSERT INTO `genre_book`(`genre`, `entryid`) VALUES ('Science','1105221');
INSERT INTO `author`(`name`,`birthyear`,`deathyear`) VALUES('Ofelia Speed','1971','2020');
INSERT INTO `author_book`(`author`, `entryid`) VALUES ('Ofelia Speed','1105221');
INSERT INTO `publisher`(`name`) VALUES ('Herl Publishers.');
INSERT INTO `publisher_book`(`publisher`, `entryid`) VALUES ('Herl Publishers.','1105221');
INSERT INTO `entry`(`entryid`,`type`) VALUES('1105222','b');
INSERT INTO `book`(`title`,`entryid`,`isbn`) VALUES('Wren for Wound','1105222','0464866566915');
INSERT INTO `genre_book`(`genre`, `entryid`) VALUES ('Sci-Fi','1105222');
INSERT INTO `author_book`(`author`, `entryid`) VALUES ('Monet Nesselrodt','1105222');
INSERT INTO `publisher_book`(`publisher`, `entryid`) VALUES ('Frieze Publishers.','1105222');
INSERT INTO `entry`(`entryid`,`type`) VALUES('1105223','b');
INSERT INTO `book`(`title`,`entryid`,`isbn`) VALUES('Heat in the aftermost Celsius','1105223','9941173691046');
INSERT INTO `genre_book`(`genre`, `entryid`) VALUES ('Education','1105223');
INSERT INTO `author_book`(`author`, `entryid`) VALUES ('Lin Chamber','1105223');
INSERT INTO `publisher_book`(`publisher`, `entryid`) VALUES ('Kaliher Cooperations.','1105223');
INSERT INTO `entry`(`entryid`,`type`) VALUES('1105224','b');
INSERT INTO `book`(`title`,`entryid`,`isbn`) VALUES('Share for daisied Motion','1105224','0244195621695');
INSERT INTO `genre_book`(`genre`, `entryid`) VALUES ('Science','1105224');
INSERT INTO `author_book`(`author`, `entryid`) VALUES ('Jenifer Dodds','1105224');
INSERT INTO `publisher_book`(`publisher`, `entryid`) VALUES ('Drew Cooperations.','1105224');
INSERT INTO `entry`(`entryid`,`type`) VALUES('1105225','b');
INSERT INTO `book`(`title`,`entryid`,`isbn`) VALUES('Pull against Caravan','1105225','9849037968941');
INSERT INTO `genre_book`(`genre`, `entryid`) VALUES ('Horror','1105225');
INSERT INTO `author`(`name`,`birthyear`,`deathyear`) VALUES('Lesli Manoso','1933','1983');
INSERT INTO `author_book`(`author`, `entryid`) VALUES ('Lesli Manoso','1105225');
INSERT INTO `publisher_book`(`publisher`, `entryid`) VALUES ('Yenney Cooperations.','1105225');
INSERT INTO `entry`(`entryid`,`type`) VALUES('1105226','b');
INSERT INTO `book`(`title`,`entryid`,`isbn`) VALUES('Disadvantage for the Tractor','1105226','0131266191617');
INSERT INTO `genre_book`(`genre`, `entryid`) VALUES ('Education','1105226');
INSERT INTO `author`(`name`,`birthyear`,`deathyear`) VALUES('Nicole Chipp','1897','1933');
INSERT INTO `author_book`(`author`, `entryid`) VALUES ('Nicole Chipp','1105226');
INSERT INTO `publisher_book`(`publisher`, `entryid`) VALUES ('Wriedt Publishers.','1105226');
INSERT INTO `entry`(`entryid`,`type`) VALUES('1105227','b');
INSERT INTO `book`(`title`,`entryid`,`isbn`) VALUES('Idea by superordinate Coke','1105227','0653607978684');
INSERT INTO `genre_book`(`genre`, `entryid`) VALUES ('Romance','1105227');
INSERT INTO `author_book`(`author`, `entryid`) VALUES ('Dottie Melbert','1105227');
INSERT INTO `publisher`(`name`) VALUES ('Vinci Publishers.');
INSERT INTO `publisher_book`(`publisher`, `entryid`) VALUES ('Vinci Publishers.','1105227');
INSERT INTO `entry`(`entryid`,`type`) VALUES('1105228','b');
INSERT INTO `book`(`title`,`entryid`,`isbn`) VALUES('Mom vs. Dish','1105228','9769699680375');
INSERT INTO `genre_book`(`genre`, `entryid`) VALUES ('Horror','1105228');
INSERT INTO `author`(`name`,`birthyear`,`deathyear`) VALUES('Earnestine Vanderwal','1953','2051');
INSERT INTO `author_book`(`author`, `entryid`) VALUES ('Earnestine Vanderwal','1105228');
INSERT INTO `publisher_book`(`publisher`, `entryid`) VALUES ('Casaliggi Inc.','1105228');
INSERT INTO `entry`(`entryid`,`type`) VALUES('1105229','b');
INSERT INTO `book`(`title`,`entryid`,`isbn`) VALUES('Spleen because of hippodromic Teacher','1105229','0826216685495');
INSERT INTO `genre_book`(`genre`, `entryid`) VALUES ('Education','1105229');
INSERT INTO `author_book`(`author`, `entryid`) VALUES ('Analisa Owenby','1105229');
INSERT INTO `publisher_book`(`publisher`, `entryid`) VALUES ('Wince Publishers.','1105229');
INSERT INTO `entry`(`entryid`,`type`) VALUES('1105230','b');
INSERT INTO `book`(`title`,`entryid`,`isbn`) VALUES('Element in Tortoise','1105230','0767412628466');
INSERT INTO `genre_book`(`genre`, `entryid`) VALUES ('Romance','1105230');
INSERT INTO `author`(`name`,`birthyear`,`deathyear`) VALUES('Nestor Naish','1890','1957');
INSERT INTO `author_book`(`author`, `entryid`) VALUES ('Nestor Naish','1105230');
INSERT INTO `publisher_book`(`publisher`, `entryid`) VALUES ('Casaliggi Inc.','1105230');
INSERT INTO `entry`(`entryid`,`type`) VALUES('1105231','b');
INSERT INTO `book`(`title`,`entryid`,`isbn`) VALUES('Bicycle by Turkish','1105231','0286110072064');
INSERT INTO `genre_book`(`genre`, `entryid`) VALUES ('Thriller','1105231');
INSERT INTO `author`(`name`,`birthyear`,`deathyear`) VALUES('Velda Tocco','1913','1963');
INSERT INTO `author_book`(`author`, `entryid`) VALUES ('Velda Tocco','1105231');
INSERT INTO `publisher`(`name`) VALUES ('Hodermarsky Cooperations.');
INSERT INTO `publisher_book`(`publisher`, `entryid`) VALUES ('Hodermarsky Cooperations.','1105231');
INSERT INTO `entry`(`entryid`,`type`) VALUES('1105232','b');
INSERT INTO `book`(`title`,`entryid`,`isbn`) VALUES('Recess of bimanous Scent','1105232','0779864226727');
INSERT INTO `genre_book`(`genre`, `entryid`) VALUES ('Horror','1105232');
INSERT INTO `author`(`name`,`birthyear`,`deathyear`) VALUES('Ema Appelgren','1885','1932');
INSERT INTO `author_book`(`author`, `entryid`) VALUES ('Ema Appelgren','1105232');
INSERT INTO `publisher_book`(`publisher`, `entryid`) VALUES ('Yost Publishers.','1105232');
INSERT INTO `entry`(`entryid`,`type`) VALUES('1105233','b');
INSERT INTO `book`(`title`,`entryid`,`isbn`) VALUES('Angle and the discoid Forest','1105233','9513361316469');
INSERT INTO `genre_book`(`genre`, `entryid`) VALUES ('Education','1105233');
INSERT INTO `author`(`name`,`birthyear`,`deathyear`) VALUES('Josue Genualdi','1952','2044');
INSERT INTO `author_book`(`author`, `entryid`) VALUES ('Josue Genualdi','1105233');
INSERT INTO `publisher_book`(`publisher`, `entryid`) VALUES ('Ronco Cooperations.','1105233');
INSERT INTO `entry`(`entryid`,`type`) VALUES('1105234','b');
INSERT INTO `book`(`title`,`entryid`,`isbn`) VALUES('Ring with disguisable Sycamore','1105234','0241866541379');
INSERT INTO `genre_book`(`genre`, `entryid`) VALUES ('Education','1105234');
INSERT INTO `author_book`(`author`, `entryid`) VALUES ('Denny Lehmberg','1105234');
INSERT INTO `publisher_book`(`publisher`, `entryid`) VALUES ('Cucinella Inc.','1105234');
INSERT INTO `entry`(`entryid`,`type`) VALUES('1105235','b');
INSERT INTO `book`(`title`,`entryid`,`isbn`) VALUES('Illegal against Desert','1105235','0834163157305');
INSERT INTO `genre_book`(`genre`, `entryid`) VALUES ('Science','1105235');
INSERT INTO `author`(`name`,`birthyear`,`deathyear`) VALUES('Juan Rieth','1925','1986');
INSERT INTO `author_book`(`author`, `entryid`) VALUES ('Juan Rieth','1105235');
INSERT INTO `publisher_book`(`publisher`, `entryid`) VALUES ('Beilinson Inc.','1105235');
INSERT INTO `entry`(`entryid`,`type`) VALUES('1105236','b');
INSERT INTO `book`(`title`,`entryid`,`isbn`) VALUES('Scarecrow of cervid Egypt','1105236','9488377377854');
INSERT INTO `genre_book`(`genre`, `entryid`) VALUES ('Science','1105236');
INSERT INTO `author_book`(`author`, `entryid`) VALUES ('Margie Vanderweerd','1105236');
INSERT INTO `publisher_book`(`publisher`, `entryid`) VALUES ('Ronco Cooperations.','1105236');
INSERT INTO `entry`(`entryid`,`type`) VALUES('1105237','b');
INSERT INTO `book`(`title`,`entryid`,`isbn`) VALUES('Recess and the Sausage','1105237','0401949455902');
INSERT INTO `genre_book`(`genre`, `entryid`) VALUES ('Sci-Fi','1105237');
INSERT INTO `author_book`(`author`, `entryid`) VALUES ('Velda Tocco','1105237');
INSERT INTO `publisher_book`(`publisher`, `entryid`) VALUES ('Loscalzo Publishers.','1105237');
INSERT INTO `entry`(`entryid`,`type`) VALUES('1105238','b');
INSERT INTO `book`(`title`,`entryid`,`isbn`) VALUES('Lilac with the Journey','1105238','0100984984970');
INSERT INTO `genre_book`(`genre`, `entryid`) VALUES ('Romance','1105238');
INSERT INTO `author`(`name`,`birthyear`,`deathyear`) VALUES('Gonzalo Mchaney','1972','2016');
INSERT INTO `author_book`(`author`, `entryid`) VALUES ('Gonzalo Mchaney','1105238');
INSERT INTO `publisher_book`(`publisher`, `entryid`) VALUES ('Pascoe Cooperations.','1105238');
INSERT INTO `entry`(`entryid`,`type`) VALUES('1105239','b');
INSERT INTO `book`(`title`,`entryid`,`isbn`) VALUES('Recorder of the Airplane','1105239','0805796969430');
INSERT INTO `genre_book`(`genre`, `entryid`) VALUES ('Thriller','1105239');
INSERT INTO `author`(`name`,`birthyear`,`deathyear`) VALUES('Daniela Womeldorf','1932','1952');
INSERT INTO `author_book`(`author`, `entryid`) VALUES ('Daniela Womeldorf','1105239');
INSERT INTO `publisher_book`(`publisher`, `entryid`) VALUES ('Gittere Publishers.','1105239');
INSERT INTO `entry`(`entryid`,`type`) VALUES('1105240','b');
INSERT INTO `book`(`title`,`entryid`,`isbn`) VALUES('Column to Icicle','1105240','0421455301602');
INSERT INTO `genre_book`(`genre`, `entryid`) VALUES ('Romance','1105240');
INSERT INTO `author`(`name`,`birthyear`,`deathyear`) VALUES('Rosamond Gullatte','1931','1981');
INSERT INTO `author_book`(`author`, `entryid`) VALUES ('Rosamond Gullatte','1105240');
INSERT INTO `publisher_book`(`publisher`, `entryid`) VALUES ('Uyehara Inc.','1105240');
INSERT INTO `entry`(`entryid`,`type`) VALUES('1105241','b');
INSERT INTO `book`(`title`,`entryid`,`isbn`) VALUES('January with the refreshing Step-aunt','1105241','9652726161782');
INSERT INTO `genre_book`(`genre`, `entryid`) VALUES ('Adventure','1105241');
INSERT INTO `author`(`name`,`birthyear`,`deathyear`) VALUES('Nicholle Larmore','1917','1963');
INSERT INTO `author_book`(`author`, `entryid`) VALUES ('Nicholle Larmore','1105241');
INSERT INTO `publisher_book`(`publisher`, `entryid`) VALUES ('Spanier Inc.','1105241');
INSERT INTO `entry`(`entryid`,`type`) VALUES('1105242','b');
INSERT INTO `book`(`title`,`entryid`,`isbn`) VALUES('Tsunami with unexploited Climb','1105242','0667179002743');
INSERT INTO `genre_book`(`genre`, `entryid`) VALUES ('Thriller','1105242');
INSERT INTO `author_book`(`author`, `entryid`) VALUES ('Lucila Manjarrez','1105242');
INSERT INTO `publisher`(`name`) VALUES ('Shinnick Inc.');
INSERT INTO `publisher_book`(`publisher`, `entryid`) VALUES ('Shinnick Inc.','1105242');
INSERT INTO `entry`(`entryid`,`type`) VALUES('1105243','b');
INSERT INTO `book`(`title`,`entryid`,`isbn`) VALUES('Calculus of diacritical Psychiatrist','1105243','0557513427226');
INSERT INTO `genre_book`(`genre`, `entryid`) VALUES ('Sci-Fi','1105243');
INSERT INTO `author`(`name`,`birthyear`,`deathyear`) VALUES('Christin Delapuente','1919','1940');
INSERT INTO `author_book`(`author`, `entryid`) VALUES ('Christin Delapuente','1105243');
INSERT INTO `publisher_book`(`publisher`, `entryid`) VALUES ('Baldacchino Publishers.','1105243');
INSERT INTO `entry`(`entryid`,`type`) VALUES('1105244','b');
INSERT INTO `book`(`title`,`entryid`,`isbn`) VALUES('Germany with the incult Magician','1105244','9848325093911');
INSERT INTO `genre_book`(`genre`, `entryid`) VALUES ('Adventure','1105244');
INSERT INTO `author_book`(`author`, `entryid`) VALUES ('Jann Pomares','1105244');
INSERT INTO `publisher_book`(`publisher`, `entryid`) VALUES ('Cajigas Inc.','1105244');
INSERT INTO `entry`(`entryid`,`type`) VALUES('1105245','b');
INSERT INTO `book`(`title`,`entryid`,`isbn`) VALUES('War in one-to-one Denim','1105245','0612456303651');
INSERT INTO `genre_book`(`genre`, `entryid`) VALUES ('Education','1105245');
INSERT INTO `author`(`name`,`birthyear`,`deathyear`) VALUES('Bianca Proch','1924','1948');
INSERT INTO `author_book`(`author`, `entryid`) VALUES ('Bianca Proch','1105245');
INSERT INTO `publisher_book`(`publisher`, `entryid`) VALUES ('Mclamb Cooperations.','1105245');
INSERT INTO `entry`(`entryid`,`type`) VALUES('1105246','b');
INSERT INTO `book`(`title`,`entryid`,`isbn`) VALUES('Romanian of the Wren','1105246','9126121237160');
INSERT INTO `genre_book`(`genre`, `entryid`) VALUES ('Sci-Fi','1105246');
INSERT INTO `author_book`(`author`, `entryid`) VALUES ('Zulma Jenck','1105246');
INSERT INTO `publisher_book`(`publisher`, `entryid`) VALUES ('Seminole Inc.','1105246');
INSERT INTO `entry`(`entryid`,`type`) VALUES('1105247','b');
INSERT INTO `book`(`title`,`entryid`,`isbn`) VALUES('Flax in Lasagna','1105247','9576961563428');
INSERT INTO `genre_book`(`genre`, `entryid`) VALUES ('Romance','1105247');
INSERT INTO `author_book`(`author`, `entryid`) VALUES ('Velda Tocco','1105247');
INSERT INTO `publisher_book`(`publisher`, `entryid`) VALUES ('Ansara Inc.','1105247');
INSERT INTO `entry`(`entryid`,`type`) VALUES('1105248','b');
INSERT INTO `book`(`title`,`entryid`,`isbn`) VALUES('Reminder by the Aztecan Liquor','1105248','0344248143829');
INSERT INTO `genre_book`(`genre`, `entryid`) VALUES ('Thriller','1105248');
INSERT INTO `author`(`name`,`birthyear`,`deathyear`) VALUES('Jamee Rickard','1972','2072');
INSERT INTO `author_book`(`author`, `entryid`) VALUES ('Jamee Rickard','1105248');
INSERT INTO `publisher_book`(`publisher`, `entryid`) VALUES ('Mignogna Publishers.','1105248');
INSERT INTO `entry`(`entryid`,`type`) VALUES('1105249','b');
INSERT INTO `book`(`title`,`entryid`,`isbn`) VALUES('Romanian by the Catamaran','1105249','0384872419972');
INSERT INTO `genre_book`(`genre`, `entryid`) VALUES ('Romance','1105249');
INSERT INTO `author`(`name`,`birthyear`,`deathyear`) VALUES('Jeramy Christopher','1979','2031');
INSERT INTO `author_book`(`author`, `entryid`) VALUES ('Jeramy Christopher','1105249');
INSERT INTO `publisher_book`(`publisher`, `entryid`) VALUES ('Ansara Inc.','1105249');
INSERT INTO `entry`(`entryid`,`type`) VALUES('1105250','b');
INSERT INTO `book`(`title`,`entryid`,`isbn`) VALUES('Grandson against the Basin','1105250','0362267264786');
INSERT INTO `genre_book`(`genre`, `entryid`) VALUES ('Adventure','1105250');
INSERT INTO `author_book`(`author`, `entryid`) VALUES ('Su Vandenacre','1105250');
INSERT INTO `publisher_book`(`publisher`, `entryid`) VALUES ('Lapierre Cooperations.','1105250');
INSERT INTO `entry`(`entryid`,`type`) VALUES('1105251','b');
INSERT INTO `book`(`title`,`entryid`,`isbn`) VALUES('Comma and the Sidewalk','1105251','0338752319002');
INSERT INTO `genre_book`(`genre`, `entryid`) VALUES ('Romance','1105251');
INSERT INTO `author_book`(`author`, `entryid`) VALUES ('Nestor Naish','1105251');
INSERT INTO `publisher`(`name`) VALUES ('Pandya Cooperations.');
INSERT INTO `publisher_book`(`publisher`, `entryid`) VALUES ('Pandya Cooperations.','1105251');
INSERT INTO `entry`(`entryid`,`type`) VALUES('1105252','b');
INSERT INTO `book`(`title`,`entryid`,`isbn`) VALUES('Archaeology and Methane','1105252','0334287614552');
INSERT INTO `genre_book`(`genre`, `entryid`) VALUES ('Science','1105252');
INSERT INTO `author_book`(`author`, `entryid`) VALUES ('Iris Gammill','1105252');
INSERT INTO `publisher_book`(`publisher`, `entryid`) VALUES ('Spanier Inc.','1105252');
INSERT INTO `entry`(`entryid`,`type`) VALUES('1105253','b');
INSERT INTO `book`(`title`,`entryid`,`isbn`) VALUES('Rain of the Zoology','1105253','0277159848663');
INSERT INTO `genre_book`(`genre`, `entryid`) VALUES ('Adventure','1105253');
INSERT INTO `author`(`name`,`birthyear`,`deathyear`) VALUES('Erick Blacksmith','1916','1988');
INSERT INTO `author_book`(`author`, `entryid`) VALUES ('Erick Blacksmith','1105253');
INSERT INTO `publisher_book`(`publisher`, `entryid`) VALUES ('Dominique Publishers.','1105253');
INSERT INTO `entry`(`entryid`,`type`) VALUES('1105254','b');
INSERT INTO `book`(`title`,`entryid`,`isbn`) VALUES('Hippopotamus against flutiest Mark','1105254','9465887334193');
INSERT INTO `genre_book`(`genre`, `entryid`) VALUES ('Thriller','1105254');
INSERT INTO `author_book`(`author`, `entryid`) VALUES ('Jacqueline Narramore','1105254');
INSERT INTO `publisher_book`(`publisher`, `entryid`) VALUES ('Shontz Publishers.','1105254');
INSERT INTO `entry`(`entryid`,`type`) VALUES('1105255','b');
INSERT INTO `book`(`title`,`entryid`,`isbn`) VALUES('Lan of the macadam Forest','1105255','9033415954551');
INSERT INTO `genre_book`(`genre`, `entryid`) VALUES ('Romance','1105255');
INSERT INTO `author_book`(`author`, `entryid`) VALUES ('Cherryl Bock','1105255');
INSERT INTO `publisher_book`(`publisher`, `entryid`) VALUES ('Collons Inc.','1105255');
INSERT INTO `entry`(`entryid`,`type`) VALUES('1105256','b');
INSERT INTO `book`(`title`,`entryid`,`isbn`) VALUES('Semicircle with unprimed Deal','1105256','0701538389453');
INSERT INTO `genre_book`(`genre`, `entryid`) VALUES ('Sci-Fi','1105256');
INSERT INTO `author`(`name`,`birthyear`,`deathyear`) VALUES('Kortney Hilman','1932','2002');
INSERT INTO `author_book`(`author`, `entryid`) VALUES ('Kortney Hilman','1105256');
INSERT INTO `publisher_book`(`publisher`, `entryid`) VALUES ('Oakeson Cooperations.','1105256');
INSERT INTO `entry`(`entryid`,`type`) VALUES('1105257','b');
INSERT INTO `book`(`title`,`entryid`,`isbn`) VALUES('Toad for the kidney-shaped Repair','1105257','0825869696657');
INSERT INTO `genre_book`(`genre`, `entryid`) VALUES ('Education','1105257');
INSERT INTO `author`(`name`,`birthyear`,`deathyear`) VALUES('Erich Tomson','1914','1990');
INSERT INTO `author_book`(`author`, `entryid`) VALUES ('Erich Tomson','1105257');
INSERT INTO `publisher`(`name`) VALUES ('Agosta Cooperations.');
INSERT INTO `publisher_book`(`publisher`, `entryid`) VALUES ('Agosta Cooperations.','1105257');
INSERT INTO `entry`(`entryid`,`type`) VALUES('1105258','b');
INSERT INTO `book`(`title`,`entryid`,`isbn`) VALUES('Iraq by thoroughbred Lamp','1105258','9269081366586');
INSERT INTO `genre_book`(`genre`, `entryid`) VALUES ('Horror','1105258');
INSERT INTO `author`(`name`,`birthyear`,`deathyear`) VALUES('Chas Crabtree','1965','2059');
INSERT INTO `author_book`(`author`, `entryid`) VALUES ('Chas Crabtree','1105258');
INSERT INTO `publisher_book`(`publisher`, `entryid`) VALUES ('Agosta Cooperations.','1105258');
INSERT INTO `entry`(`entryid`,`type`) VALUES('1105259','b');
INSERT INTO `book`(`title`,`entryid`,`isbn`) VALUES('Organization in the redivivus Throat','1105259','9067170914142');
INSERT INTO `genre_book`(`genre`, `entryid`) VALUES ('Romance','1105259');
INSERT INTO `author`(`name`,`birthyear`,`deathyear`) VALUES('Cherlyn Wyze','1967','2043');
INSERT INTO `author_book`(`author`, `entryid`) VALUES ('Cherlyn Wyze','1105259');
INSERT INTO `publisher_book`(`publisher`, `entryid`) VALUES ('Autrano Publishers.','1105259');
INSERT INTO `entry`(`entryid`,`type`) VALUES('1105260','b');
INSERT INTO `book`(`title`,`entryid`,`isbn`) VALUES('Roadway and the nominalistic Tennis','1105260','9361181963243');
INSERT INTO `genre_book`(`genre`, `entryid`) VALUES ('Romance','1105260');
INSERT INTO `author_book`(`author`, `entryid`) VALUES ('Luana Piskel','1105260');
INSERT INTO `publisher_book`(`publisher`, `entryid`) VALUES ('Bezzo Cooperations.','1105260');
INSERT INTO `entry`(`entryid`,`type`) VALUES('1105261','b');
INSERT INTO `book`(`title`,`entryid`,`isbn`) VALUES('Dashboard and quaternate Test','1105261','0861555978472');
INSERT INTO `genre_book`(`genre`, `entryid`) VALUES ('Romance','1105261');
INSERT INTO `author`(`name`,`birthyear`,`deathyear`) VALUES('Bernie Lorange','1933','1977');
INSERT INTO `author_book`(`author`, `entryid`) VALUES ('Bernie Lorange','1105261');
INSERT INTO `publisher_book`(`publisher`, `entryid`) VALUES ('Jessel Cooperations.','1105261');
INSERT INTO `entry`(`entryid`,`type`) VALUES('1105262','b');
INSERT INTO `book`(`title`,`entryid`,`isbn`) VALUES('Close with the Year','1105262','0905378782948');
INSERT INTO `genre_book`(`genre`, `entryid`) VALUES ('Thriller','1105262');
INSERT INTO `author_book`(`author`, `entryid`) VALUES ('Reuben Criddle','1105262');
INSERT INTO `publisher_book`(`publisher`, `entryid`) VALUES ('Dewing Cooperations.','1105262');
INSERT INTO `entry`(`entryid`,`type`) VALUES('1105263','b');
INSERT INTO `book`(`title`,`entryid`,`isbn`) VALUES('Ceramic because of Water','1105263','0578094851630');
INSERT INTO `genre_book`(`genre`, `entryid`) VALUES ('Science','1105263');
INSERT INTO `author`(`name`,`birthyear`,`deathyear`) VALUES('Yoko Higham','1953','2052');
INSERT INTO `author_book`(`author`, `entryid`) VALUES ('Yoko Higham','1105263');
INSERT INTO `publisher_book`(`publisher`, `entryid`) VALUES ('Loscalzo Publishers.','1105263');
INSERT INTO `entry`(`entryid`,`type`) VALUES('1105264','b');
INSERT INTO `book`(`title`,`entryid`,`isbn`) VALUES('Playroom for the Fall','1105264','0406433171198');
INSERT INTO `genre_book`(`genre`, `entryid`) VALUES ('Education','1105264');
INSERT INTO `author_book`(`author`, `entryid`) VALUES ('Karin Neimeyer','1105264');
INSERT INTO `publisher_book`(`publisher`, `entryid`) VALUES ('Lampinen Publishers.','1105264');
INSERT INTO `entry`(`entryid`,`type`) VALUES('1105265','b');
INSERT INTO `book`(`title`,`entryid`,`isbn`) VALUES('Euphonium to the otiose Mind','1105265','9866314545995');
INSERT INTO `genre_book`(`genre`, `entryid`) VALUES ('Education','1105265');
INSERT INTO `author_book`(`author`, `entryid`) VALUES ('Erich Tomson','1105265');
INSERT INTO `publisher_book`(`publisher`, `entryid`) VALUES ('Dominique Publishers.','1105265');
INSERT INTO `entry`(`entryid`,`type`) VALUES('1105266','b');
INSERT INTO `book`(`title`,`entryid`,`isbn`) VALUES('Suede to the polyhedral Storm','1105266','0012548009395');
INSERT INTO `genre_book`(`genre`, `entryid`) VALUES ('Science','1105266');
INSERT INTO `author`(`name`,`birthyear`,`deathyear`) VALUES('Annamaria Gerrior','1917','1966');
INSERT INTO `author_book`(`author`, `entryid`) VALUES ('Annamaria Gerrior','1105266');
INSERT INTO `publisher`(`name`) VALUES ('Mingle Publishers.');
INSERT INTO `publisher_book`(`publisher`, `entryid`) VALUES ('Mingle Publishers.','1105266');
INSERT INTO `entry`(`entryid`,`type`) VALUES('1105267','b');
INSERT INTO `book`(`title`,`entryid`,`isbn`) VALUES('Gander of Bill','1105267','9822297000476');
INSERT INTO `genre_book`(`genre`, `entryid`) VALUES ('Sci-Fi','1105267');
INSERT INTO `author`(`name`,`birthyear`,`deathyear`) VALUES('Janise Pagaduan','1964','1999');
INSERT INTO `author_book`(`author`, `entryid`) VALUES ('Janise Pagaduan','1105267');
INSERT INTO `publisher_book`(`publisher`, `entryid`) VALUES ('Shontz Publishers.','1105267');
INSERT INTO `entry`(`entryid`,`type`) VALUES('1105268','b');
INSERT INTO `book`(`title`,`entryid`,`isbn`) VALUES('Sousaphone to Vegetarian','1105268','9314189530962');
INSERT INTO `genre_book`(`genre`, `entryid`) VALUES ('Sci-Fi','1105268');
INSERT INTO `author`(`name`,`birthyear`,`deathyear`) VALUES('Roy Luque','1937','2037');
INSERT INTO `author_book`(`author`, `entryid`) VALUES ('Roy Luque','1105268');
INSERT INTO `publisher`(`name`) VALUES ('Bartram Publishers.');
INSERT INTO `publisher_book`(`publisher`, `entryid`) VALUES ('Bartram Publishers.','1105268');
INSERT INTO `entry`(`entryid`,`type`) VALUES('1105269','b');
INSERT INTO `book`(`title`,`entryid`,`isbn`) VALUES('Dress against the Airplane','1105269','9225439374614');
INSERT INTO `genre_book`(`genre`, `entryid`) VALUES ('Thriller','1105269');
INSERT INTO `author`(`name`,`birthyear`,`deathyear`) VALUES('Annabelle Roof','1966','2064');
INSERT INTO `author_book`(`author`, `entryid`) VALUES ('Annabelle Roof','1105269');
INSERT INTO `publisher_book`(`publisher`, `entryid`) VALUES ('Mingle Publishers.','1105269');
INSERT INTO `entry`(`entryid`,`type`) VALUES('1105270','b');
INSERT INTO `book`(`title`,`entryid`,`isbn`) VALUES('Billboard with Turn','1105270','9759256725101');
INSERT INTO `genre_book`(`genre`, `entryid`) VALUES ('Adventure','1105270');
INSERT INTO `author_book`(`author`, `entryid`) VALUES ('Leonida Hedeen','1105270');
INSERT INTO `publisher_book`(`publisher`, `entryid`) VALUES ('Mingle Publishers.','1105270');
INSERT INTO `entry`(`entryid`,`type`) VALUES('1105271','b');
INSERT INTO `book`(`title`,`entryid`,`isbn`) VALUES('Wish for recusant Opera','1105271','9318597683170');
INSERT INTO `genre_book`(`genre`, `entryid`) VALUES ('Romance','1105271');
INSERT INTO `author_book`(`author`, `entryid`) VALUES ('Rosemary Stutheit','1105271');
INSERT INTO `publisher_book`(`publisher`, `entryid`) VALUES ('Tubman Inc.','1105271');
INSERT INTO `entry`(`entryid`,`type`) VALUES('1105272','b');
INSERT INTO `book`(`title`,`entryid`,`isbn`) VALUES('Multimedia by the encircling Notebook','1105272','0129831190243');
INSERT INTO `genre_book`(`genre`, `entryid`) VALUES ('Science','1105272');
INSERT INTO `author_book`(`author`, `entryid`) VALUES ('Annabell Odonnell','1105272');
INSERT INTO `publisher_book`(`publisher`, `entryid`) VALUES ('Moors Publishers.','1105272');
INSERT INTO `entry`(`entryid`,`type`) VALUES('1105273','b');
INSERT INTO `book`(`title`,`entryid`,`isbn`) VALUES('Tip in the louvred Confirmation','1105273','9512460103637');
INSERT INTO `genre_book`(`genre`, `entryid`) VALUES ('Education','1105273');
INSERT INTO `author`(`name`,`birthyear`,`deathyear`) VALUES('Clarice Lessin','1944','1984');
INSERT INTO `author_book`(`author`, `entryid`) VALUES ('Clarice Lessin','1105273');
INSERT INTO `publisher_book`(`publisher`, `entryid`) VALUES ('Seminole Inc.','1105273');
INSERT INTO `entry`(`entryid`,`type`) VALUES('1105274','b');
INSERT INTO `book`(`title`,`entryid`,`isbn`) VALUES('Windscreen for condescending Nitrogen','1105274','0766115828733');
INSERT INTO `genre_book`(`genre`, `entryid`) VALUES ('Horror','1105274');
INSERT INTO `author_book`(`author`, `entryid`) VALUES ('Fatimah Glodich','1105274');
INSERT INTO `publisher_book`(`publisher`, `entryid`) VALUES ('Mancia Publishers.','1105274');
INSERT INTO `entry`(`entryid`,`type`) VALUES('1105275','b');
INSERT INTO `book`(`title`,`entryid`,`isbn`) VALUES('Acknowledgment in Flax','1105275','9337892063805');
INSERT INTO `genre_book`(`genre`, `entryid`) VALUES ('Thriller','1105275');
INSERT INTO `author`(`name`,`birthyear`,`deathyear`) VALUES('Christin Verkler','1962','2056');
INSERT INTO `author_book`(`author`, `entryid`) VALUES ('Christin Verkler','1105275');
INSERT INTO `publisher_book`(`publisher`, `entryid`) VALUES ('Schenk Inc.','1105275');
INSERT INTO `entry`(`entryid`,`type`) VALUES('1105276','b');
INSERT INTO `book`(`title`,`entryid`,`isbn`) VALUES('Commission against the Burglar','1105276','9150878834681');
INSERT INTO `genre_book`(`genre`, `entryid`) VALUES ('Adventure','1105276');
INSERT INTO `author_book`(`author`, `entryid`) VALUES ('Eleonore Sadolsky','1105276');
INSERT INTO `publisher_book`(`publisher`, `entryid`) VALUES ('Schachsieck Publishers.','1105276');
INSERT INTO `entry`(`entryid`,`type`) VALUES('1105277','b');
INSERT INTO `book`(`title`,`entryid`,`isbn`) VALUES('Neck by the Pamphlet','1105277','0400495653979');
INSERT INTO `genre_book`(`genre`, `entryid`) VALUES ('Horror','1105277');
INSERT INTO `author`(`name`,`birthyear`,`deathyear`) VALUES('Sharolyn Chapman','1927','1991');
INSERT INTO `author_book`(`author`, `entryid`) VALUES ('Sharolyn Chapman','1105277');
INSERT INTO `publisher_book`(`publisher`, `entryid`) VALUES ('Kaliher Cooperations.','1105277');
INSERT INTO `entry`(`entryid`,`type`) VALUES('1105278','b');
INSERT INTO `book`(`title`,`entryid`,`isbn`) VALUES('Spike to the cryptorchid Chief','1105278','9195285915807');
INSERT INTO `genre_book`(`genre`, `entryid`) VALUES ('Thriller','1105278');
INSERT INTO `author_book`(`author`, `entryid`) VALUES ('Chas Crabtree','1105278');
INSERT INTO `publisher_book`(`publisher`, `entryid`) VALUES ('Aljemal Inc.','1105278');
INSERT INTO `entry`(`entryid`,`type`) VALUES('1105279','b');
INSERT INTO `book`(`title`,`entryid`,`isbn`) VALUES('Wheel in the repeatable Mouse','1105279','9473738606917');
INSERT INTO `genre_book`(`genre`, `entryid`) VALUES ('Romance','1105279');
INSERT INTO `author`(`name`,`birthyear`,`deathyear`) VALUES('Tijuana Jeannette','1947','1986');
INSERT INTO `author_book`(`author`, `entryid`) VALUES ('Tijuana Jeannette','1105279');
INSERT INTO `publisher_book`(`publisher`, `entryid`) VALUES ('Bartram Publishers.','1105279');
INSERT INTO `entry`(`entryid`,`type`) VALUES('1105280','b');
INSERT INTO `book`(`title`,`entryid`,`isbn`) VALUES('Invention and the dry-stone Ton','1105280','0856544340812');
INSERT INTO `genre_book`(`genre`, `entryid`) VALUES ('Horror','1105280');
INSERT INTO `author`(`name`,`birthyear`,`deathyear`) VALUES('Irving Wheeless','1910','1990');
INSERT INTO `author_book`(`author`, `entryid`) VALUES ('Irving Wheeless','1105280');
INSERT INTO `publisher_book`(`publisher`, `entryid`) VALUES ('Casaliggi Inc.','1105280');
INSERT INTO `entry`(`entryid`,`type`) VALUES('1105281','b');
INSERT INTO `book`(`title`,`entryid`,`isbn`) VALUES('Crab against the Clam','1105281','0588077081664');
INSERT INTO `genre_book`(`genre`, `entryid`) VALUES ('Science','1105281');
INSERT INTO `author`(`name`,`birthyear`,`deathyear`) VALUES('Ligia Wiegman','1935','1980');
INSERT INTO `author_book`(`author`, `entryid`) VALUES ('Ligia Wiegman','1105281');
INSERT INTO `publisher_book`(`publisher`, `entryid`) VALUES ('Yenney Cooperations.','1105281');
INSERT INTO `entry`(`entryid`,`type`) VALUES('1105282','b');
INSERT INTO `book`(`title`,`entryid`,`isbn`) VALUES('Grip with Draw','1105282','0293001104673');
INSERT INTO `genre_book`(`genre`, `entryid`) VALUES ('Horror','1105282');
INSERT INTO `author_book`(`author`, `entryid`) VALUES ('Denny Lehmberg','1105282');
INSERT INTO `publisher_book`(`publisher`, `entryid`) VALUES ('Rocks Cooperations.','1105282');
INSERT INTO `entry`(`entryid`,`type`) VALUES('1105283','b');
INSERT INTO `book`(`title`,`entryid`,`isbn`) VALUES('Band with the flabellate Tv','1105283','9665557579762');
INSERT INTO `genre_book`(`genre`, `entryid`) VALUES ('Romance','1105283');
INSERT INTO `author_book`(`author`, `entryid`) VALUES ('Creola Selvage','1105283');
INSERT INTO `publisher_book`(`publisher`, `entryid`) VALUES ('Asmus Cooperations.','1105283');
INSERT INTO `entry`(`entryid`,`type`) VALUES('1105284','b');
INSERT INTO `book`(`title`,`entryid`,`isbn`) VALUES('Tax in the Dragonfly','1105284','0286992683635');
INSERT INTO `genre_book`(`genre`, `entryid`) VALUES ('Education','1105284');
INSERT INTO `author_book`(`author`, `entryid`) VALUES ('Velda Tocco','1105284');
INSERT INTO `publisher_book`(`publisher`, `entryid`) VALUES ('Urbina Publishers.','1105284');
INSERT INTO `entry`(`entryid`,`type`) VALUES('1105285','b');
INSERT INTO `book`(`title`,`entryid`,`isbn`) VALUES('Claus by the Match','1105285','0898041239870');
INSERT INTO `genre_book`(`genre`, `entryid`) VALUES ('Horror','1105285');
INSERT INTO `author`(`name`,`birthyear`,`deathyear`) VALUES('Florencia Delusia','1976','2070');
INSERT INTO `author_book`(`author`, `entryid`) VALUES ('Florencia Delusia','1105285');
INSERT INTO `publisher_book`(`publisher`, `entryid`) VALUES ('Goodpastor Inc.','1105285');
INSERT INTO `entry`(`entryid`,`type`) VALUES('1105286','b');
INSERT INTO `book`(`title`,`entryid`,`isbn`) VALUES('Lentil by astonied Guide','1105286','0565246835719');
INSERT INTO `genre_book`(`genre`, `entryid`) VALUES ('Adventure','1105286');
INSERT INTO `author`(`name`,`birthyear`,`deathyear`) VALUES('Pablo Peralta','1918','1953');
INSERT INTO `author_book`(`author`, `entryid`) VALUES ('Pablo Peralta','1105286');
INSERT INTO `publisher_book`(`publisher`, `entryid`) VALUES ('Treinen Publishers.','1105286');
INSERT INTO `entry`(`entryid`,`type`) VALUES('1105287','b');
INSERT INTO `book`(`title`,`entryid`,`isbn`) VALUES('Perfume in the brazen-faced Kilogram','1105287','9114610908326');
INSERT INTO `genre_book`(`genre`, `entryid`) VALUES ('Thriller','1105287');
INSERT INTO `author_book`(`author`, `entryid`) VALUES ('Ozie Fredicks','1105287');
INSERT INTO `publisher_book`(`publisher`, `entryid`) VALUES ('Mclamb Cooperations.','1105287');
INSERT INTO `entry`(`entryid`,`type`) VALUES('1105288','b');
INSERT INTO `book`(`title`,`entryid`,`isbn`) VALUES('Vein in the Print','1105288','0635243615062');
INSERT INTO `genre_book`(`genre`, `entryid`) VALUES ('Adventure','1105288');
INSERT INTO `author`(`name`,`birthyear`,`deathyear`) VALUES('Terrie Mcnichol','1929','2015');
INSERT INTO `author_book`(`author`, `entryid`) VALUES ('Terrie Mcnichol','1105288');
INSERT INTO `publisher_book`(`publisher`, `entryid`) VALUES ('Dular Publishers.','1105288');
INSERT INTO `entry`(`entryid`,`type`) VALUES('1105289','b');
INSERT INTO `book`(`title`,`entryid`,`isbn`) VALUES('Worm in the Carpenter','1105289','0664191644364');
INSERT INTO `genre_book`(`genre`, `entryid`) VALUES ('Thriller','1105289');
INSERT INTO `author`(`name`,`birthyear`,`deathyear`) VALUES('Keesha Edeker','1923','1990');
INSERT INTO `author_book`(`author`, `entryid`) VALUES ('Keesha Edeker','1105289');
INSERT INTO `publisher_book`(`publisher`, `entryid`) VALUES ('Pascoe Cooperations.','1105289');
INSERT INTO `entry`(`entryid`,`type`) VALUES('1105290','b');
INSERT INTO `book`(`title`,`entryid`,`isbn`) VALUES('Distributor by Cornet','1105290','0378256731669');
INSERT INTO `genre_book`(`genre`, `entryid`) VALUES ('Thriller','1105290');
INSERT INTO `author_book`(`author`, `entryid`) VALUES ('Jamaal Breske','1105290');
INSERT INTO `publisher_book`(`publisher`, `entryid`) VALUES ('Paulas Inc.','1105290');
INSERT INTO `entry`(`entryid`,`type`) VALUES('1105291','b');
INSERT INTO `book`(`title`,`entryid`,`isbn`) VALUES('Dragon to Blowgun','1105291','9653862482490');
INSERT INTO `genre_book`(`genre`, `entryid`) VALUES ('Romance','1105291');
INSERT INTO `author_book`(`author`, `entryid`) VALUES ('Donita Meldrum','1105291');
INSERT INTO `publisher_book`(`publisher`, `entryid`) VALUES ('Mignogna Publishers.','1105291');
INSERT INTO `entry`(`entryid`,`type`) VALUES('1105292','b');
INSERT INTO `book`(`title`,`entryid`,`isbn`) VALUES('Wrinkle for ablated Cactus','1105292','0385413946794');
INSERT INTO `genre_book`(`genre`, `entryid`) VALUES ('Sci-Fi','1105292');
INSERT INTO `author`(`name`,`birthyear`,`deathyear`) VALUES('Eun Heusner','1932','1994');
INSERT INTO `author_book`(`author`, `entryid`) VALUES ('Eun Heusner','1105292');
INSERT INTO `publisher_book`(`publisher`, `entryid`) VALUES ('Moos Publishers.','1105292');
INSERT INTO `entry`(`entryid`,`type`) VALUES('1105293','b');
INSERT INTO `book`(`title`,`entryid`,`isbn`) VALUES('Trick vs. uncompensated Crime','1105293','0630727606895');
INSERT INTO `genre_book`(`genre`, `entryid`) VALUES ('Horror','1105293');
INSERT INTO `author`(`name`,`birthyear`,`deathyear`) VALUES('Annamae Nilan','1884','1980');
INSERT INTO `author_book`(`author`, `entryid`) VALUES ('Annamae Nilan','1105293');
INSERT INTO `publisher_book`(`publisher`, `entryid`) VALUES ('Gittere Publishers.','1105293');
INSERT INTO `entry`(`entryid`,`type`) VALUES('1105294','b');
INSERT INTO `book`(`title`,`entryid`,`isbn`) VALUES('Sled in the undistinguishable Dahlia','1105294','0118941678270');
INSERT INTO `genre_book`(`genre`, `entryid`) VALUES ('Education','1105294');
INSERT INTO `author_book`(`author`, `entryid`) VALUES ('Nicholle Larmore','1105294');
INSERT INTO `publisher_book`(`publisher`, `entryid`) VALUES ('Rinebold Cooperations.','1105294');
INSERT INTO `entry`(`entryid`,`type`) VALUES('1105295','b');
INSERT INTO `book`(`title`,`entryid`,`isbn`) VALUES('Sausage by the Novel','1105295','9498634327817');
INSERT INTO `genre_book`(`genre`, `entryid`) VALUES ('Science','1105295');
INSERT INTO `author_book`(`author`, `entryid`) VALUES ('Fabiola Tumbleston','1105295');
INSERT INTO `publisher_book`(`publisher`, `entryid`) VALUES ('Cajigas Inc.','1105295');
INSERT INTO `entry`(`entryid`,`type`) VALUES('1105296','b');
INSERT INTO `book`(`title`,`entryid`,`isbn`) VALUES('Tomato by jammy Judo','1105296','9265112525622');
INSERT INTO `genre_book`(`genre`, `entryid`) VALUES ('Horror','1105296');
INSERT INTO `author_book`(`author`, `entryid`) VALUES ('Lyle Goodale','1105296');
INSERT INTO `publisher_book`(`publisher`, `entryid`) VALUES ('Baldacchino Publishers.','1105296');
INSERT INTO `entry`(`entryid`,`type`) VALUES('1105297','b');
INSERT INTO `book`(`title`,`entryid`,`isbn`) VALUES('Retailer against the bug-eyed Adjustment','1105297','9901012259406');
INSERT INTO `genre_book`(`genre`, `entryid`) VALUES ('Horror','1105297');
INSERT INTO `author_book`(`author`, `entryid`) VALUES ('Charlott Michaux','1105297');
INSERT INTO `publisher_book`(`publisher`, `entryid`) VALUES ('Mancia Publishers.','1105297');
INSERT INTO `entry`(`entryid`,`type`) VALUES('1105298','b');
INSERT INTO `book`(`title`,`entryid`,`isbn`) VALUES('Illegal and Slice','1105298','9857770517541');
INSERT INTO `genre_book`(`genre`, `entryid`) VALUES ('Horror','1105298');
INSERT INTO `author`(`name`,`birthyear`,`deathyear`) VALUES('Jacqulyn Asner','1966','1999');
INSERT INTO `author_book`(`author`, `entryid`) VALUES ('Jacqulyn Asner','1105298');
INSERT INTO `publisher`(`name`) VALUES ('Liskai Inc.');
INSERT INTO `publisher_book`(`publisher`, `entryid`) VALUES ('Liskai Inc.','1105298');
INSERT INTO `entry`(`entryid`,`type`) VALUES('1105299','b');
INSERT INTO `book`(`title`,`entryid`,`isbn`) VALUES('Soil in the Broker','1105299','9033654440575');
INSERT INTO `genre_book`(`genre`, `entryid`) VALUES ('Sci-Fi','1105299');
INSERT INTO `author_book`(`author`, `entryid`) VALUES ('Lucila Manjarrez','1105299');
INSERT INTO `publisher_book`(`publisher`, `entryid`) VALUES ('Schachsieck Publishers.','1105299');
INSERT INTO `entry`(`entryid`,`type`) VALUES('1105300','b');
INSERT INTO `book`(`title`,`entryid`,`isbn`) VALUES('Maria because of Clarinet','1105300','9173759663382');
INSERT INTO `genre_book`(`genre`, `entryid`) VALUES ('Science','1105300');
INSERT INTO `author_book`(`author`, `entryid`) VALUES ('Wen Stiller','1105300');
INSERT INTO `publisher_book`(`publisher`, `entryid`) VALUES ('Yenney Cooperations.','1105300');
INSERT INTO `entry`(`entryid`,`type`) VALUES('1105301','b');
INSERT INTO `book`(`title`,`entryid`,`isbn`) VALUES('Balloon for the circumambient Roast','1105301','9937059782061');
INSERT INTO `genre_book`(`genre`, `entryid`) VALUES ('Education','1105301');
INSERT INTO `author`(`name`,`birthyear`,`deathyear`) VALUES('Julietta Bonnin','1916','2005');
INSERT INTO `author_book`(`author`, `entryid`) VALUES ('Julietta Bonnin','1105301');
INSERT INTO `publisher_book`(`publisher`, `entryid`) VALUES ('Yost Publishers.','1105301');
INSERT INTO `entry`(`entryid`,`type`) VALUES('1105302','b');
INSERT INTO `book`(`title`,`entryid`,`isbn`) VALUES('Europe in zirconic Trout','1105302','9754252400339');
INSERT INTO `genre_book`(`genre`, `entryid`) VALUES ('Horror','1105302');
INSERT INTO `author_book`(`author`, `entryid`) VALUES ('Otha Eversoll','1105302');
INSERT INTO `publisher_book`(`publisher`, `entryid`) VALUES ('Seminole Inc.','1105302');
INSERT INTO `entry`(`entryid`,`type`) VALUES('1105303','b');
INSERT INTO `book`(`title`,`entryid`,`isbn`) VALUES('Patch by the fangless Shield','1105303','0036187095682');
INSERT INTO `genre_book`(`genre`, `entryid`) VALUES ('Education','1105303');
INSERT INTO `author_book`(`author`, `entryid`) VALUES ('Johna Ivery','1105303');
INSERT INTO `publisher_book`(`publisher`, `entryid`) VALUES ('Reinoso Publishers.','1105303');
INSERT INTO `entry`(`entryid`,`type`) VALUES('1105304','b');
INSERT INTO `book`(`title`,`entryid`,`isbn`) VALUES('Australia to the birken Ash','1105304','9004828556702');
INSERT INTO `genre_book`(`genre`, `entryid`) VALUES ('Adventure','1105304');
INSERT INTO `author_book`(`author`, `entryid`) VALUES ('Nicole Chipp','1105304');
INSERT INTO `publisher_book`(`publisher`, `entryid`) VALUES ('Hodermarsky Cooperations.','1105304');
INSERT INTO `entry`(`entryid`,`type`) VALUES('1105305','b');
INSERT INTO `book`(`title`,`entryid`,`isbn`) VALUES('Death with Litter','1105305','9338233172739');
INSERT INTO `genre_book`(`genre`, `entryid`) VALUES ('Science','1105305');
INSERT INTO `author_book`(`author`, `entryid`) VALUES ('Anya Holsopple','1105305');
INSERT INTO `publisher_book`(`publisher`, `entryid`) VALUES ('Agosta Cooperations.','1105305');
INSERT INTO `entry`(`entryid`,`type`) VALUES('1105306','b');
INSERT INTO `book`(`title`,`entryid`,`isbn`) VALUES('Man and the Rabbi','1105306','0369097010511');
INSERT INTO `genre_book`(`genre`, `entryid`) VALUES ('Adventure','1105306');
INSERT INTO `author`(`name`,`birthyear`,`deathyear`) VALUES('Neil Berrong','1952','2013');
INSERT INTO `author_book`(`author`, `entryid`) VALUES ('Neil Berrong','1105306');
INSERT INTO `publisher_book`(`publisher`, `entryid`) VALUES ('Baldacchino Publishers.','1105306');
INSERT INTO `entry`(`entryid`,`type`) VALUES('1105307','b');
INSERT INTO `book`(`title`,`entryid`,`isbn`) VALUES('Sound in Brittonic Bull','1105307','9636161403021');
INSERT INTO `genre_book`(`genre`, `entryid`) VALUES ('Sci-Fi','1105307');
INSERT INTO `author_book`(`author`, `entryid`) VALUES ('Tom Garling','1105307');
INSERT INTO `publisher_book`(`publisher`, `entryid`) VALUES ('Fetrow Inc.','1105307');
INSERT INTO `entry`(`entryid`,`type`) VALUES('1105308','b');
INSERT INTO `book`(`title`,`entryid`,`isbn`) VALUES('Facilities to Prepared','1105308','0783605618353');
INSERT INTO `genre_book`(`genre`, `entryid`) VALUES ('Science','1105308');
INSERT INTO `author_book`(`author`, `entryid`) VALUES ('Socorro Berlo','1105308');
INSERT INTO `publisher_book`(`publisher`, `entryid`) VALUES ('Asmus Cooperations.','1105308');
INSERT INTO `entry`(`entryid`,`type`) VALUES('1105309','b');
INSERT INTO `book`(`title`,`entryid`,`isbn`) VALUES('Giraffe to Cougar','1105309','9764002575586');
INSERT INTO `genre_book`(`genre`, `entryid`) VALUES ('Science','1105309');
INSERT INTO `author`(`name`,`birthyear`,`deathyear`) VALUES('Loraine Deardorff','1940','1990');
INSERT INTO `author_book`(`author`, `entryid`) VALUES ('Loraine Deardorff','1105309');
INSERT INTO `publisher_book`(`publisher`, `entryid`) VALUES ('Schenk Inc.','1105309');
INSERT INTO `entry`(`entryid`,`type`) VALUES('1105310','b');
INSERT INTO `book`(`title`,`entryid`,`isbn`) VALUES('Babies with the Roadway','1105310','9901734913402');
INSERT INTO `genre_book`(`genre`, `entryid`) VALUES ('Science','1105310');
INSERT INTO `author_book`(`author`, `entryid`) VALUES ('Retha Rollins','1105310');
INSERT INTO `publisher_book`(`publisher`, `entryid`) VALUES ('Dominique Publishers.','1105310');
INSERT INTO `entry`(`entryid`,`type`) VALUES('1105311','b');
INSERT INTO `book`(`title`,`entryid`,`isbn`) VALUES('Feeling of spayed Coast','1105311','0130099551405');
INSERT INTO `genre_book`(`genre`, `entryid`) VALUES ('Thriller','1105311');
INSERT INTO `author`(`name`,`birthyear`,`deathyear`) VALUES('Audie Renfroe','1897','1947');
INSERT INTO `author_book`(`author`, `entryid`) VALUES ('Audie Renfroe','1105311');
INSERT INTO `publisher_book`(`publisher`, `entryid`) VALUES ('Crosthwaite Publishers.','1105311');
INSERT INTO `entry`(`entryid`,`type`) VALUES('1105312','b');
INSERT INTO `book`(`title`,`entryid`,`isbn`) VALUES('Chime with the descant Dinner','1105312','9253666953238');
INSERT INTO `genre_book`(`genre`, `entryid`) VALUES ('Romance','1105312');
INSERT INTO `author`(`name`,`birthyear`,`deathyear`) VALUES('Sharilyn Tekell','1912','2009');
INSERT INTO `author_book`(`author`, `entryid`) VALUES ('Sharilyn Tekell','1105312');
INSERT INTO `publisher_book`(`publisher`, `entryid`) VALUES ('Hodermarsky Cooperations.','1105312');
INSERT INTO `entry`(`entryid`,`type`) VALUES('1105313','b');
INSERT INTO `book`(`title`,`entryid`,`isbn`) VALUES('Tire to irrecusable Calculator','1105313','0938265856377');
INSERT INTO `genre_book`(`genre`, `entryid`) VALUES ('Adventure','1105313');
INSERT INTO `author_book`(`author`, `entryid`) VALUES ('Emilia Dehnert','1105313');
INSERT INTO `publisher_book`(`publisher`, `entryid`) VALUES ('Sago Publishers.','1105313');
INSERT INTO `entry`(`entryid`,`type`) VALUES('1105314','b');
INSERT INTO `book`(`title`,`entryid`,`isbn`) VALUES('Fact by the Cemetery','1105314','0563273952247');
INSERT INTO `genre_book`(`genre`, `entryid`) VALUES ('Thriller','1105314');
INSERT INTO `author`(`name`,`birthyear`,`deathyear`) VALUES('Vertie Rohland','1895','1929');
INSERT INTO `author_book`(`author`, `entryid`) VALUES ('Vertie Rohland','1105314');
INSERT INTO `publisher_book`(`publisher`, `entryid`) VALUES ('Yost Publishers.','1105314');
INSERT INTO `entry`(`entryid`,`type`) VALUES('1105315','b');
INSERT INTO `book`(`title`,`entryid`,`isbn`) VALUES('License for the Cowbell','1105315','9710244741686');
INSERT INTO `genre_book`(`genre`, `entryid`) VALUES ('Thriller','1105315');
INSERT INTO `author_book`(`author`, `entryid`) VALUES ('Trang Barns','1105315');
INSERT INTO `publisher_book`(`publisher`, `entryid`) VALUES ('Bierley Cooperations.','1105315');
INSERT INTO `entry`(`entryid`,`type`) VALUES('1105316','b');
INSERT INTO `book`(`title`,`entryid`,`isbn`) VALUES('Saudi arabia because of wholesome Denim','1105316','9942937235575');
INSERT INTO `genre_book`(`genre`, `entryid`) VALUES ('Romance','1105316');
INSERT INTO `author`(`name`,`birthyear`,`deathyear`) VALUES('Malka Conole','1899','1952');
INSERT INTO `author_book`(`author`, `entryid`) VALUES ('Malka Conole','1105316');
INSERT INTO `publisher_book`(`publisher`, `entryid`) VALUES ('Deramus Publishers.','1105316');
INSERT INTO `entry`(`entryid`,`type`) VALUES('1105317','b');
INSERT INTO `book`(`title`,`entryid`,`isbn`) VALUES('Squid and Unshielded','1105317','9030669685938');
INSERT INTO `genre_book`(`genre`, `entryid`) VALUES ('Adventure','1105317');
INSERT INTO `author`(`name`,`birthyear`,`deathyear`) VALUES('Rickie Panter','1890','1939');
INSERT INTO `author_book`(`author`, `entryid`) VALUES ('Rickie Panter','1105317');
INSERT INTO `publisher_book`(`publisher`, `entryid`) VALUES ('Weimer Inc.','1105317');
INSERT INTO `entry`(`entryid`,`type`) VALUES('1105318','b');
INSERT INTO `book`(`title`,`entryid`,`isbn`) VALUES('Bill and April','1105318','0134891688451');
INSERT INTO `genre_book`(`genre`, `entryid`) VALUES ('Sci-Fi','1105318');
INSERT INTO `author_book`(`author`, `entryid`) VALUES ('Chuck Chiulli','1105318');
INSERT INTO `publisher_book`(`publisher`, `entryid`) VALUES ('Travaglio Inc.','1105318');
INSERT INTO `entry`(`entryid`,`type`) VALUES('1105319','b');
INSERT INTO `book`(`title`,`entryid`,`isbn`) VALUES('Secretary to intranational Pediatrician','1105319','9392093712230');
INSERT INTO `genre_book`(`genre`, `entryid`) VALUES ('Science','1105319');
INSERT INTO `author`(`name`,`birthyear`,`deathyear`) VALUES('Albertina Callander','1924','1951');
INSERT INTO `author_book`(`author`, `entryid`) VALUES ('Albertina Callander','1105319');
INSERT INTO `publisher_book`(`publisher`, `entryid`) VALUES ('Ards Inc.','1105319');
INSERT INTO `entry`(`entryid`,`type`) VALUES('1105320','b');
INSERT INTO `book`(`title`,`entryid`,`isbn`) VALUES('Brandy of the Gymnast','1105320','9898028313443');
INSERT INTO `genre_book`(`genre`, `entryid`) VALUES ('Romance','1105320');
INSERT INTO `author_book`(`author`, `entryid`) VALUES ('Wen Stiller','1105320');
INSERT INTO `publisher_book`(`publisher`, `entryid`) VALUES ('Coad Cooperations.','1105320');
INSERT INTO `entry`(`entryid`,`type`) VALUES('1105321','b');
INSERT INTO `book`(`title`,`entryid`,`isbn`) VALUES('Refrigerator and the Security','1105321','0492089515993');
INSERT INTO `genre_book`(`genre`, `entryid`) VALUES ('Romance','1105321');
INSERT INTO `author_book`(`author`, `entryid`) VALUES ('Ofelia Speed','1105321');
INSERT INTO `publisher_book`(`publisher`, `entryid`) VALUES ('Seminole Inc.','1105321');
INSERT INTO `entry`(`entryid`,`type`) VALUES('1105322','b');
INSERT INTO `book`(`title`,`entryid`,`isbn`) VALUES('Country in Ounce','1105322','0674902796513');
INSERT INTO `genre_book`(`genre`, `entryid`) VALUES ('Sci-Fi','1105322');
INSERT INTO `author_book`(`author`, `entryid`) VALUES ('Linette Hudgins','1105322');
INSERT INTO `publisher_book`(`publisher`, `entryid`) VALUES ('Ronco Cooperations.','1105322');
INSERT INTO `entry`(`entryid`,`type`) VALUES('1105323','b');
INSERT INTO `book`(`title`,`entryid`,`isbn`) VALUES('Creek in the museful Pelican','1105323','0531576888721');
INSERT INTO `genre_book`(`genre`, `entryid`) VALUES ('Thriller','1105323');
INSERT INTO `author`(`name`,`birthyear`,`deathyear`) VALUES('Norman Majied','1925','1996');
INSERT INTO `author_book`(`author`, `entryid`) VALUES ('Norman Majied','1105323');
INSERT INTO `publisher_book`(`publisher`, `entryid`) VALUES ('Zotos Publishers.','1105323');
INSERT INTO `entry`(`entryid`,`type`) VALUES('1105324','b');
INSERT INTO `book`(`title`,`entryid`,`isbn`) VALUES('Throne with laced Line','1105324','0223738580369');
INSERT INTO `genre_book`(`genre`, `entryid`) VALUES ('Education','1105324');
INSERT INTO `author_book`(`author`, `entryid`) VALUES ('Lyle Goodale','1105324');
INSERT INTO `publisher_book`(`publisher`, `entryid`) VALUES ('Jessel Cooperations.','1105324');
INSERT INTO `entry`(`entryid`,`type`) VALUES('1105325','b');
INSERT INTO `book`(`title`,`entryid`,`isbn`) VALUES('Rose of duskish Susan','1105325','9137725460264');
INSERT INTO `genre_book`(`genre`, `entryid`) VALUES ('Science','1105325');
INSERT INTO `author`(`name`,`birthyear`,`deathyear`) VALUES('Olimpia Delahoz','1947','1967');
INSERT INTO `author_book`(`author`, `entryid`) VALUES ('Olimpia Delahoz','1105325');
INSERT INTO `publisher_book`(`publisher`, `entryid`) VALUES ('Liskai Inc.','1105325');
INSERT INTO `entry`(`entryid`,`type`) VALUES('1105326','b');
INSERT INTO `book`(`title`,`entryid`,`isbn`) VALUES('Liver vs. cur Greece','1105326','9214522406811');
INSERT INTO `genre_book`(`genre`, `entryid`) VALUES ('Thriller','1105326');
INSERT INTO `author_book`(`author`, `entryid`) VALUES ('Katrina Generous','1105326');
INSERT INTO `publisher_book`(`publisher`, `entryid`) VALUES ('Pandya Cooperations.','1105326');
INSERT INTO `entry`(`entryid`,`type`) VALUES('1105327','b');
INSERT INTO `book`(`title`,`entryid`,`isbn`) VALUES('Buffer of the twenty Harp','1105327','0960952865833');
INSERT INTO `genre_book`(`genre`, `entryid`) VALUES ('Science','1105327');
INSERT INTO `author`(`name`,`birthyear`,`deathyear`) VALUES('Chauncey Moncivais','1895','1978');
INSERT INTO `author_book`(`author`, `entryid`) VALUES ('Chauncey Moncivais','1105327');
INSERT INTO `publisher_book`(`publisher`, `entryid`) VALUES ('Moors Publishers.','1105327');
INSERT INTO `entry`(`entryid`,`type`) VALUES('1105328','b');
INSERT INTO `book`(`title`,`entryid`,`isbn`) VALUES('Dollar of the clerical Cd','1105328','0379654986387');
INSERT INTO `genre_book`(`genre`, `entryid`) VALUES ('Sci-Fi','1105328');
INSERT INTO `author_book`(`author`, `entryid`) VALUES ('Yoko Higham','1105328');
INSERT INTO `publisher_book`(`publisher`, `entryid`) VALUES ('Loscalzo Publishers.','1105328');
INSERT INTO `entry`(`entryid`,`type`) VALUES('1105329','b');
INSERT INTO `book`(`title`,`entryid`,`isbn`) VALUES('Anteater and the intertissued Elbow','1105329','0893111900772');
INSERT INTO `genre_book`(`genre`, `entryid`) VALUES ('Romance','1105329');
INSERT INTO `author`(`name`,`birthyear`,`deathyear`) VALUES('Michal Sue','1949','2038');
INSERT INTO `author_book`(`author`, `entryid`) VALUES ('Michal Sue','1105329');
INSERT INTO `publisher_book`(`publisher`, `entryid`) VALUES ('Agosta Cooperations.','1105329');
INSERT INTO `entry`(`entryid`,`type`) VALUES('1105330','b');
INSERT INTO `book`(`title`,`entryid`,`isbn`) VALUES('Ashtray against the everlasting Draw','1105330','0782558187418');
INSERT INTO `genre_book`(`genre`, `entryid`) VALUES ('Adventure','1105330');
INSERT INTO `author`(`name`,`birthyear`,`deathyear`) VALUES('Lanora Mealing','1884','1919');
INSERT INTO `author_book`(`author`, `entryid`) VALUES ('Lanora Mealing','1105330');
INSERT INTO `publisher_book`(`publisher`, `entryid`) VALUES ('Bledsoe Inc.','1105330');
INSERT INTO `entry`(`entryid`,`type`) VALUES('1105331','b');
INSERT INTO `book`(`title`,`entryid`,`isbn`) VALUES('Handicap for moderate Laugh','1105331','0622587992136');
INSERT INTO `genre_book`(`genre`, `entryid`) VALUES ('Science','1105331');
INSERT INTO `author`(`name`,`birthyear`,`deathyear`) VALUES('Aurelia Piearcy','1930','2004');
INSERT INTO `author_book`(`author`, `entryid`) VALUES ('Aurelia Piearcy','1105331');
INSERT INTO `publisher_book`(`publisher`, `entryid`) VALUES ('Coad Cooperations.','1105331');
INSERT INTO `entry`(`entryid`,`type`) VALUES('1105332','b');
INSERT INTO `book`(`title`,`entryid`,`isbn`) VALUES('Duck of Scale','1105332','9181147629864');
INSERT INTO `genre_book`(`genre`, `entryid`) VALUES ('Thriller','1105332');
INSERT INTO `author`(`name`,`birthyear`,`deathyear`) VALUES('Fernanda Canonica','1960','1999');
INSERT INTO `author_book`(`author`, `entryid`) VALUES ('Fernanda Canonica','1105332');
INSERT INTO `publisher_book`(`publisher`, `entryid`) VALUES ('Moors Publishers.','1105332');
INSERT INTO `entry`(`entryid`,`type`) VALUES('1105333','b');
INSERT INTO `book`(`title`,`entryid`,`isbn`) VALUES('Australian to nutant Stocking','1105333','0779259021186');
INSERT INTO `genre_book`(`genre`, `entryid`) VALUES ('Science','1105333');
INSERT INTO `author_book`(`author`, `entryid`) VALUES ('Lorie Liljeberg','1105333');
INSERT INTO `publisher_book`(`publisher`, `entryid`) VALUES ('Swaggert Inc.','1105333');
INSERT INTO `entry`(`entryid`,`type`) VALUES('1105334','b');
INSERT INTO `book`(`title`,`entryid`,`isbn`) VALUES('Missile for Hockey','1105334','9063304282101');
INSERT INTO `genre_book`(`genre`, `entryid`) VALUES ('Education','1105334');
INSERT INTO `author_book`(`author`, `entryid`) VALUES ('Jacqueline Narramore','1105334');
INSERT INTO `publisher_book`(`publisher`, `entryid`) VALUES ('Mcnatt Publishers.','1105334');
INSERT INTO `entry`(`entryid`,`type`) VALUES('1105335','b');
INSERT INTO `book`(`title`,`entryid`,`isbn`) VALUES('Church of the monocarpic Machine','1105335','0245700847451');
INSERT INTO `genre_book`(`genre`, `entryid`) VALUES ('Education','1105335');
INSERT INTO `author`(`name`,`birthyear`,`deathyear`) VALUES('Chas Savary','1978','2056');
INSERT INTO `author_book`(`author`, `entryid`) VALUES ('Chas Savary','1105335');
INSERT INTO `publisher_book`(`publisher`, `entryid`) VALUES ('Dewing Cooperations.','1105335');
INSERT INTO `entry`(`entryid`,`type`) VALUES('1105336','b');
INSERT INTO `book`(`title`,`entryid`,`isbn`) VALUES('Apparatus with Thrill','1105336','0791541247998');
INSERT INTO `genre_book`(`genre`, `entryid`) VALUES ('Horror','1105336');
INSERT INTO `author`(`name`,`birthyear`,`deathyear`) VALUES('Lakenya Langlinais','1938','2027');
INSERT INTO `author_book`(`author`, `entryid`) VALUES ('Lakenya Langlinais','1105336');
INSERT INTO `publisher_book`(`publisher`, `entryid`) VALUES ('Bauchspies Publishers.','1105336');
INSERT INTO `entry`(`entryid`,`type`) VALUES('1105337','b');
INSERT INTO `book`(`title`,`entryid`,`isbn`) VALUES('Saturday because of Overcoat','1105337','9179913592087');
INSERT INTO `genre_book`(`genre`, `entryid`) VALUES ('Science','1105337');
INSERT INTO `author`(`name`,`birthyear`,`deathyear`) VALUES('Alfred Difonzo','1955','2012');
INSERT INTO `author_book`(`author`, `entryid`) VALUES ('Alfred Difonzo','1105337');
INSERT INTO `publisher_book`(`publisher`, `entryid`) VALUES ('Uyehara Inc.','1105337');
INSERT INTO `entry`(`entryid`,`type`) VALUES('1105338','b');
INSERT INTO `book`(`title`,`entryid`,`isbn`) VALUES('Sailor and Editor','1105338','0186380364855');
INSERT INTO `genre_book`(`genre`, `entryid`) VALUES ('Romance','1105338');
INSERT INTO `author_book`(`author`, `entryid`) VALUES ('Jacqueline Narramore','1105338');
INSERT INTO `publisher_book`(`publisher`, `entryid`) VALUES ('Rocks Cooperations.','1105338');
INSERT INTO `entry`(`entryid`,`type`) VALUES('1105339','b');
INSERT INTO `book`(`title`,`entryid`,`isbn`) VALUES('Deborah in disyllabic Machine','1105339','9692521258574');
INSERT INTO `genre_book`(`genre`, `entryid`) VALUES ('Sci-Fi','1105339');
INSERT INTO `author`(`name`,`birthyear`,`deathyear`) VALUES('Apolonia Trivane','1938','1997');
INSERT INTO `author_book`(`author`, `entryid`) VALUES ('Apolonia Trivane','1105339');
INSERT INTO `publisher_book`(`publisher`, `entryid`) VALUES ('Lampinen Publishers.','1105339');
INSERT INTO `entry`(`entryid`,`type`) VALUES('1105340','b');
INSERT INTO `book`(`title`,`entryid`,`isbn`) VALUES('Donna vs. clayey Carpenter','1105340','0144857241075');
INSERT INTO `genre_book`(`genre`, `entryid`) VALUES ('Adventure','1105340');
INSERT INTO `author_book`(`author`, `entryid`) VALUES ('Loraine Deardorff','1105340');
INSERT INTO `publisher_book`(`publisher`, `entryid`) VALUES ('Schenk Inc.','1105340');
INSERT INTO `entry`(`entryid`,`type`) VALUES('1105341','b');
INSERT INTO `book`(`title`,`entryid`,`isbn`) VALUES('Mass to the Train','1105341','0129177017620');
INSERT INTO `genre_book`(`genre`, `entryid`) VALUES ('Romance','1105341');
INSERT INTO `author`(`name`,`birthyear`,`deathyear`) VALUES('Conchita Mckean','1977','2046');
INSERT INTO `author_book`(`author`, `entryid`) VALUES ('Conchita Mckean','1105341');
INSERT INTO `publisher_book`(`publisher`, `entryid`) VALUES ('Bezzo Cooperations.','1105341');
INSERT INTO `entry`(`entryid`,`type`) VALUES('1105342','b');
INSERT INTO `book`(`title`,`entryid`,`isbn`) VALUES('Writer vs. wearing James','1105342','0370315321319');
INSERT INTO `genre_book`(`genre`, `entryid`) VALUES ('Horror','1105342');
INSERT INTO `author`(`name`,`birthyear`,`deathyear`) VALUES('Zulma Borgers','1927','2013');
INSERT INTO `author_book`(`author`, `entryid`) VALUES ('Zulma Borgers','1105342');
INSERT INTO `publisher_book`(`publisher`, `entryid`) VALUES ('Asmus Cooperations.','1105342');
INSERT INTO `entry`(`entryid`,`type`) VALUES('1105343','b');
INSERT INTO `book`(`title`,`entryid`,`isbn`) VALUES('Battle with the Feet','1105343','9027840357938');
INSERT INTO `genre_book`(`genre`, `entryid`) VALUES ('Science','1105343');
INSERT INTO `author`(`name`,`birthyear`,`deathyear`) VALUES('Deedra Reech','1961','1988');
INSERT INTO `author_book`(`author`, `entryid`) VALUES ('Deedra Reech','1105343');
INSERT INTO `publisher_book`(`publisher`, `entryid`) VALUES ('Paulas Inc.','1105343');
INSERT INTO `entry`(`entryid`,`type`) VALUES('1105344','b');
INSERT INTO `book`(`title`,`entryid`,`isbn`) VALUES('Criminal with the Position','1105344','0788643405107');
INSERT INTO `genre_book`(`genre`, `entryid`) VALUES ('Romance','1105344');
INSERT INTO `author_book`(`author`, `entryid`) VALUES ('Marvel Moya','1105344');
INSERT INTO `publisher_book`(`publisher`, `entryid`) VALUES ('Pascoe Cooperations.','1105344');
INSERT INTO `entry`(`entryid`,`type`) VALUES('1105345','b');
INSERT INTO `book`(`title`,`entryid`,`isbn`) VALUES('Hand to the Tsunami','1105345','9501981452006');
INSERT INTO `genre_book`(`genre`, `entryid`) VALUES ('Sci-Fi','1105345');
INSERT INTO `author`(`name`,`birthyear`,`deathyear`) VALUES('Yolonda Whittaker','1970','2053');
INSERT INTO `author_book`(`author`, `entryid`) VALUES ('Yolonda Whittaker','1105345');
INSERT INTO `publisher_book`(`publisher`, `entryid`) VALUES ('Shiplet Inc.','1105345');
INSERT INTO `entry`(`entryid`,`type`) VALUES('1105346','b');
INSERT INTO `book`(`title`,`entryid`,`isbn`) VALUES('Ash and the floricultural Weight','1105346','0944314818796');
INSERT INTO `genre_book`(`genre`, `entryid`) VALUES ('Adventure','1105346');
INSERT INTO `author_book`(`author`, `entryid`) VALUES ('Ozie Fredicks','1105346');
INSERT INTO `publisher_book`(`publisher`, `entryid`) VALUES ('Asmus Cooperations.','1105346');
INSERT INTO `entry`(`entryid`,`type`) VALUES('1105347','b');
INSERT INTO `book`(`title`,`entryid`,`isbn`) VALUES('Deficit against Stitch','1105347','9899449927885');
INSERT INTO `genre_book`(`genre`, `entryid`) VALUES ('Horror','1105347');
INSERT INTO `author_book`(`author`, `entryid`) VALUES ('Yoko Higham','1105347');
INSERT INTO `publisher_book`(`publisher`, `entryid`) VALUES ('Rinebold Cooperations.','1105347');
INSERT INTO `entry`(`entryid`,`type`) VALUES('1105348','b');
INSERT INTO `book`(`title`,`entryid`,`isbn`) VALUES('Suggestion for the Frog','1105348','9680998206429');
INSERT INTO `genre_book`(`genre`, `entryid`) VALUES ('Romance','1105348');
INSERT INTO `author`(`name`,`birthyear`,`deathyear`) VALUES('Hunter Verlin','1896','1992');
INSERT INTO `author_book`(`author`, `entryid`) VALUES ('Hunter Verlin','1105348');
INSERT INTO `publisher_book`(`publisher`, `entryid`) VALUES ('Swoyer Publishers.','1105348');
INSERT INTO `entry`(`entryid`,`type`) VALUES('1105349','b');
INSERT INTO `book`(`title`,`entryid`,`isbn`) VALUES('Switch to Midian Quiver','1105349','0706786209371');
INSERT INTO `genre_book`(`genre`, `entryid`) VALUES ('Thriller','1105349');
INSERT INTO `author_book`(`author`, `entryid`) VALUES ('Luana Piskel','1105349');
INSERT INTO `publisher_book`(`publisher`, `entryid`) VALUES ('Aljemal Inc.','1105349');
INSERT INTO `entry`(`entryid`,`type`) VALUES('1105350','b');
INSERT INTO `book`(`title`,`entryid`,`isbn`) VALUES('Vision for the Grass','1105350','0243085767593');
INSERT INTO `genre_book`(`genre`, `entryid`) VALUES ('Horror','1105350');
INSERT INTO `author_book`(`author`, `entryid`) VALUES ('Conchita Mckean','1105350');
INSERT INTO `publisher_book`(`publisher`, `entryid`) VALUES ('Cucinella Inc.','1105350');
INSERT INTO `entry`(`entryid`,`type`) VALUES('1105351','b');
INSERT INTO `book`(`title`,`entryid`,`isbn`) VALUES('Signature against the permeative France','1105351','0021899374558');
INSERT INTO `genre_book`(`genre`, `entryid`) VALUES ('Horror','1105351');
INSERT INTO `author_book`(`author`, `entryid`) VALUES ('Marvel Moya','1105351');
INSERT INTO `publisher_book`(`publisher`, `entryid`) VALUES ('Lampinen Publishers.','1105351');
INSERT INTO `entry`(`entryid`,`type`) VALUES('1105352','b');
INSERT INTO `book`(`title`,`entryid`,`isbn`) VALUES('Activity in the harmful Onion','1105352','0096464796385');
INSERT INTO `genre_book`(`genre`, `entryid`) VALUES ('Education','1105352');
INSERT INTO `author`(`name`,`birthyear`,`deathyear`) VALUES('Kym Moniak','1922','2016');
INSERT INTO `author_book`(`author`, `entryid`) VALUES ('Kym Moniak','1105352');
INSERT INTO `publisher_book`(`publisher`, `entryid`) VALUES ('Yost Publishers.','1105352');
INSERT INTO `entry`(`entryid`,`type`) VALUES('1105353','b');
INSERT INTO `book`(`title`,`entryid`,`isbn`) VALUES('Prepared by Grandfather','1105353','0826941478599');
INSERT INTO `genre_book`(`genre`, `entryid`) VALUES ('Sci-Fi','1105353');
INSERT INTO `author`(`name`,`birthyear`,`deathyear`) VALUES('Leona Sciola','1927','1968');
INSERT INTO `author_book`(`author`, `entryid`) VALUES ('Leona Sciola','1105353');
INSERT INTO `publisher_book`(`publisher`, `entryid`) VALUES ('Anakalea Inc.','1105353');
INSERT INTO `entry`(`entryid`,`type`) VALUES('1105354','b');
INSERT INTO `book`(`title`,`entryid`,`isbn`) VALUES('Pruner for the triacid Biplane','1105354','0509089967652');
INSERT INTO `genre_book`(`genre`, `entryid`) VALUES ('Horror','1105354');
INSERT INTO `author_book`(`author`, `entryid`) VALUES ('Apolonia Trivane','1105354');
INSERT INTO `publisher_book`(`publisher`, `entryid`) VALUES ('Fetrow Inc.','1105354');
INSERT INTO `entry`(`entryid`,`type`) VALUES('1105355','b');
INSERT INTO `book`(`title`,`entryid`,`isbn`) VALUES('Grenade and Romanian Bacon','1105355','9494719097620');
INSERT INTO `genre_book`(`genre`, `entryid`) VALUES ('Thriller','1105355');
INSERT INTO `author`(`name`,`birthyear`,`deathyear`) VALUES('Ninfa Wernsman','1903','1977');
INSERT INTO `author_book`(`author`, `entryid`) VALUES ('Ninfa Wernsman','1105355');
INSERT INTO `publisher_book`(`publisher`, `entryid`) VALUES ('Mancia Publishers.','1105355');
INSERT INTO `entry`(`entryid`,`type`) VALUES('1105356','b');
INSERT INTO `book`(`title`,`entryid`,`isbn`) VALUES('Precipitation to the Dirt','1105356','0305748627255');
INSERT INTO `genre_book`(`genre`, `entryid`) VALUES ('Sci-Fi','1105356');
INSERT INTO `author_book`(`author`, `entryid`) VALUES ('Darren Kreitzbender','1105356');
INSERT INTO `publisher_book`(`publisher`, `entryid`) VALUES ('Cucinella Inc.','1105356');
INSERT INTO `entry`(`entryid`,`type`) VALUES('1105357','b');
INSERT INTO `book`(`title`,`entryid`,`isbn`) VALUES('Laborer with the Customer','1105357','9891296374365');
INSERT INTO `genre_book`(`genre`, `entryid`) VALUES ('Horror','1105357');
INSERT INTO `author`(`name`,`birthyear`,`deathyear`) VALUES('Maggie Sattazahn','1917','2001');
INSERT INTO `author_book`(`author`, `entryid`) VALUES ('Maggie Sattazahn','1105357');
INSERT INTO `publisher_book`(`publisher`, `entryid`) VALUES ('Onstott Publishers.','1105357');
INSERT INTO `entry`(`entryid`,`type`) VALUES('1105358','b');
INSERT INTO `book`(`title`,`entryid`,`isbn`) VALUES('Beech with unimpressed Plantation','1105358','0196045267057');
INSERT INTO `genre_book`(`genre`, `entryid`) VALUES ('Romance','1105358');
INSERT INTO `author_book`(`author`, `entryid`) VALUES ('Guillermina Falldorf','1105358');
INSERT INTO `publisher_book`(`publisher`, `entryid`) VALUES ('Zerangue Cooperations.','1105358');
INSERT INTO `entry`(`entryid`,`type`) VALUES('1105359','b');
INSERT INTO `book`(`title`,`entryid`,`isbn`) VALUES('Point by campanulaceous Lizard','1105359','9875465372867');
INSERT INTO `genre_book`(`genre`, `entryid`) VALUES ('Education','1105359');
INSERT INTO `author_book`(`author`, `entryid`) VALUES ('Shila Trofholz','1105359');
INSERT INTO `publisher_book`(`publisher`, `entryid`) VALUES ('Shontz Publishers.','1105359');
INSERT INTO `entry`(`entryid`,`type`) VALUES('1105360','b');
INSERT INTO `book`(`title`,`entryid`,`isbn`) VALUES('Stepson in sexless Roadway','1105360','0774171323011');
INSERT INTO `genre_book`(`genre`, `entryid`) VALUES ('Sci-Fi','1105360');
INSERT INTO `author_book`(`author`, `entryid`) VALUES ('Cherlyn Wyze','1105360');
INSERT INTO `publisher_book`(`publisher`, `entryid`) VALUES ('Asmus Cooperations.','1105360');
INSERT INTO `entry`(`entryid`,`type`) VALUES('1105361','b');
INSERT INTO `book`(`title`,`entryid`,`isbn`) VALUES('Canvas in the parathyroid Headlight','1105361','9767694891413');
INSERT INTO `genre_book`(`genre`, `entryid`) VALUES ('Adventure','1105361');
INSERT INTO `author`(`name`,`birthyear`,`deathyear`) VALUES('Jo Carline','1938','1973');
INSERT INTO `author_book`(`author`, `entryid`) VALUES ('Jo Carline','1105361');
INSERT INTO `publisher_book`(`publisher`, `entryid`) VALUES ('Ziedan Inc.','1105361');
INSERT INTO `entry`(`entryid`,`type`) VALUES('1105362','b');
INSERT INTO `book`(`title`,`entryid`,`isbn`) VALUES('Preface to technical Tower','1105362','0784158720597');
INSERT INTO `genre_book`(`genre`, `entryid`) VALUES ('Education','1105362');
INSERT INTO `author_book`(`author`, `entryid`) VALUES ('Jeramy Christopher','1105362');
INSERT INTO `publisher_book`(`publisher`, `entryid`) VALUES ('Bledsoe Inc.','1105362');
INSERT INTO `entry`(`entryid`,`type`) VALUES('1105363','b');
INSERT INTO `book`(`title`,`entryid`,`isbn`) VALUES('Octopus of Eggplant','1105363','0290674615718');
INSERT INTO `genre_book`(`genre`, `entryid`) VALUES ('Romance','1105363');
INSERT INTO `author_book`(`author`, `entryid`) VALUES ('Gonzalo Mchaney','1105363');
INSERT INTO `publisher_book`(`publisher`, `entryid`) VALUES ('Hobin Cooperations.','1105363');
INSERT INTO `entry`(`entryid`,`type`) VALUES('1105364','b');
INSERT INTO `book`(`title`,`entryid`,`isbn`) VALUES('Battle with Puppy','1105364','0762709132125');
INSERT INTO `genre_book`(`genre`, `entryid`) VALUES ('Education','1105364');
INSERT INTO `author`(`name`,`birthyear`,`deathyear`) VALUES('Viva Crace','1912','1966');
INSERT INTO `author_book`(`author`, `entryid`) VALUES ('Viva Crace','1105364');
INSERT INTO `publisher_book`(`publisher`, `entryid`) VALUES ('Herl Publishers.','1105364');
INSERT INTO `entry`(`entryid`,`type`) VALUES('1105365','b');
INSERT INTO `book`(`title`,`entryid`,`isbn`) VALUES('Mirror by Phone','1105365','0518652701536');
INSERT INTO `genre_book`(`genre`, `entryid`) VALUES ('Romance','1105365');
INSERT INTO `author_book`(`author`, `entryid`) VALUES ('Olimpia Delahoz','1105365');
INSERT INTO `publisher_book`(`publisher`, `entryid`) VALUES ('Dewing Cooperations.','1105365');
INSERT INTO `entry`(`entryid`,`type`) VALUES('1105366','b');
INSERT INTO `book`(`title`,`entryid`,`isbn`) VALUES('Brother because of Powder','1105366','0201312905059');
INSERT INTO `genre_book`(`genre`, `entryid`) VALUES ('Science','1105366');
INSERT INTO `author_book`(`author`, `entryid`) VALUES ('Vertie Rohland','1105366');
INSERT INTO `publisher_book`(`publisher`, `entryid`) VALUES ('Cucinella Inc.','1105366');
INSERT INTO `entry`(`entryid`,`type`) VALUES('1105367','b');
INSERT INTO `book`(`title`,`entryid`,`isbn`) VALUES('Result of the Utensil','1105367','9101854132195');
INSERT INTO `genre_book`(`genre`, `entryid`) VALUES ('Adventure','1105367');
INSERT INTO `author`(`name`,`birthyear`,`deathyear`) VALUES('Noble Albrough','1937','2013');
INSERT INTO `author_book`(`author`, `entryid`) VALUES ('Noble Albrough','1105367');
INSERT INTO `publisher_book`(`publisher`, `entryid`) VALUES ('Ziedan Inc.','1105367');
INSERT INTO `entry`(`entryid`,`type`) VALUES('1105368','b');
INSERT INTO `book`(`title`,`entryid`,`isbn`) VALUES('Cereal of the Drop','1105368','0099599347527');
INSERT INTO `genre_book`(`genre`, `entryid`) VALUES ('Romance','1105368');
INSERT INTO `author`(`name`,`birthyear`,`deathyear`) VALUES('Johnny Quinlan','1946','2002');
INSERT INTO `author_book`(`author`, `entryid`) VALUES ('Johnny Quinlan','1105368');
INSERT INTO `publisher_book`(`publisher`, `entryid`) VALUES ('Funari Publishers.','1105368');
INSERT INTO `entry`(`entryid`,`type`) VALUES('1105369','b');
INSERT INTO `book`(`title`,`entryid`,`isbn`) VALUES('Minute for Clave','1105369','0539818151989');
INSERT INTO `genre_book`(`genre`, `entryid`) VALUES ('Romance','1105369');
INSERT INTO `author`(`name`,`birthyear`,`deathyear`) VALUES('Shanika Trame','1908','1939');
INSERT INTO `author_book`(`author`, `entryid`) VALUES ('Shanika Trame','1105369');
INSERT INTO `publisher_book`(`publisher`, `entryid`) VALUES ('Bassil Inc.','1105369');
INSERT INTO `entry`(`entryid`,`type`) VALUES('1105370','b');
INSERT INTO `book`(`title`,`entryid`,`isbn`) VALUES('Smile because of tressy Stinger','1105370','9627804334079');
INSERT INTO `genre_book`(`genre`, `entryid`) VALUES ('Thriller','1105370');
INSERT INTO `author`(`name`,`birthyear`,`deathyear`) VALUES('Hannah Matkowski','1946','2042');
INSERT INTO `author_book`(`author`, `entryid`) VALUES ('Hannah Matkowski','1105370');
INSERT INTO `publisher_book`(`publisher`, `entryid`) VALUES ('Jessel Cooperations.','1105370');
INSERT INTO `entry`(`entryid`,`type`) VALUES('1105371','b');
INSERT INTO `book`(`title`,`entryid`,`isbn`) VALUES('Nut against rival Save','1105371','9500063347820');
INSERT INTO `genre_book`(`genre`, `entryid`) VALUES ('Horror','1105371');
INSERT INTO `author`(`name`,`birthyear`,`deathyear`) VALUES('Kaye Speiden','1966','2056');
INSERT INTO `author_book`(`author`, `entryid`) VALUES ('Kaye Speiden','1105371');
INSERT INTO `publisher_book`(`publisher`, `entryid`) VALUES ('Rocks Cooperations.','1105371');
INSERT INTO `entry`(`entryid`,`type`) VALUES('1105372','b');
INSERT INTO `book`(`title`,`entryid`,`isbn`) VALUES('Australia with the Pond','1105372','0050051785664');
INSERT INTO `genre_book`(`genre`, `entryid`) VALUES ('Romance','1105372');
INSERT INTO `author_book`(`author`, `entryid`) VALUES ('Socorro Berlo','1105372');
INSERT INTO `publisher_book`(`publisher`, `entryid`) VALUES ('Sensing Cooperations.','1105372');
INSERT INTO `entry`(`entryid`,`type`) VALUES('1105373','b');
INSERT INTO `book`(`title`,`entryid`,`isbn`) VALUES('Chicken in the resurrectionary Bangle','1105373','0848602432338');
INSERT INTO `genre_book`(`genre`, `entryid`) VALUES ('Education','1105373');
INSERT INTO `author`(`name`,`birthyear`,`deathyear`) VALUES('Lester Ritch','1881','1901');
INSERT INTO `author_book`(`author`, `entryid`) VALUES ('Lester Ritch','1105373');
INSERT INTO `publisher_book`(`publisher`, `entryid`) VALUES ('Bezzo Cooperations.','1105373');
INSERT INTO `entry`(`entryid`,`type`) VALUES('1105374','b');
INSERT INTO `book`(`title`,`entryid`,`isbn`) VALUES('Interactive vs. Middle','1105374','0771201206849');
INSERT INTO `genre_book`(`genre`, `entryid`) VALUES ('Education','1105374');
INSERT INTO `author_book`(`author`, `entryid`) VALUES ('Terrie Mcnichol','1105374');
INSERT INTO `publisher_book`(`publisher`, `entryid`) VALUES ('Vinci Publishers.','1105374');
INSERT INTO `entry`(`entryid`,`type`) VALUES('1105375','b');
INSERT INTO `book`(`title`,`entryid`,`isbn`) VALUES('Europe against the rachidian Melody','1105375','0039614877339');
INSERT INTO `genre_book`(`genre`, `entryid`) VALUES ('Adventure','1105375');
INSERT INTO `author_book`(`author`, `entryid`) VALUES ('Perry Purslow','1105375');
INSERT INTO `publisher_book`(`publisher`, `entryid`) VALUES ('Oathout Publishers.','1105375');
INSERT INTO `entry`(`entryid`,`type`) VALUES('1105376','b');
INSERT INTO `book`(`title`,`entryid`,`isbn`) VALUES('Airplane and Dancer','1105376','0963360396365');
INSERT INTO `genre_book`(`genre`, `entryid`) VALUES ('Education','1105376');
INSERT INTO `author`(`name`,`birthyear`,`deathyear`) VALUES('Margarette Piermont','1930','1969');
INSERT INTO `author_book`(`author`, `entryid`) VALUES ('Margarette Piermont','1105376');
INSERT INTO `publisher_book`(`publisher`, `entryid`) VALUES ('Agosta Cooperations.','1105376');
INSERT INTO `entry`(`entryid`,`type`) VALUES('1105377','b');
INSERT INTO `book`(`title`,`entryid`,`isbn`) VALUES('Chick because of nonplussed Dryer','1105377','0136008104665');
INSERT INTO `genre_book`(`genre`, `entryid`) VALUES ('Science','1105377');
INSERT INTO `author_book`(`author`, `entryid`) VALUES ('Cyndi Bhatt','1105377');
INSERT INTO `publisher_book`(`publisher`, `entryid`) VALUES ('Weimer Inc.','1105377');
INSERT INTO `entry`(`entryid`,`type`) VALUES('1105378','b');
INSERT INTO `book`(`title`,`entryid`,`isbn`) VALUES('Otter with the Stool','1105378','9035581736522');
INSERT INTO `genre_book`(`genre`, `entryid`) VALUES ('Sci-Fi','1105378');
INSERT INTO `author_book`(`author`, `entryid`) VALUES ('Narcisa Carriere','1105378');
INSERT INTO `publisher`(`name`) VALUES ('Aono Cooperations.');
INSERT INTO `publisher_book`(`publisher`, `entryid`) VALUES ('Aono Cooperations.','1105378');
INSERT INTO `entry`(`entryid`,`type`) VALUES('1105379','b');
INSERT INTO `book`(`title`,`entryid`,`isbn`) VALUES('Beggar against the Bus','1105379','9430067194611');
INSERT INTO `genre_book`(`genre`, `entryid`) VALUES ('Adventure','1105379');
INSERT INTO `author_book`(`author`, `entryid`) VALUES ('Beth Milford','1105379');
INSERT INTO `publisher_book`(`publisher`, `entryid`) VALUES ('Shinnick Inc.','1105379');
INSERT INTO `entry`(`entryid`,`type`) VALUES('1105380','b');
INSERT INTO `book`(`title`,`entryid`,`isbn`) VALUES('Unit against Octopus','1105380','0355001584285');
INSERT INTO `genre_book`(`genre`, `entryid`) VALUES ('Science','1105380');
INSERT INTO `author`(`name`,`birthyear`,`deathyear`) VALUES('Misha Dagel','1962','2013');
INSERT INTO `author_book`(`author`, `entryid`) VALUES ('Misha Dagel','1105380');
INSERT INTO `publisher_book`(`publisher`, `entryid`) VALUES ('Bezzo Cooperations.','1105380');
INSERT INTO `entry`(`entryid`,`type`) VALUES('1105381','b');
INSERT INTO `book`(`title`,`entryid`,`isbn`) VALUES('Quilt with the Kidney','1105381','9869423012233');
INSERT INTO `genre_book`(`genre`, `entryid`) VALUES ('Science','1105381');
INSERT INTO `author_book`(`author`, `entryid`) VALUES ('Lorie Liljeberg','1105381');
INSERT INTO `publisher_book`(`publisher`, `entryid`) VALUES ('Deramus Publishers.','1105381');
INSERT INTO `entry`(`entryid`,`type`) VALUES('1105382','b');
INSERT INTO `book`(`title`,`entryid`,`isbn`) VALUES('Card with the Marian Lyric','1105382','0713727342957');
INSERT INTO `genre_book`(`genre`, `entryid`) VALUES ('Thriller','1105382');
INSERT INTO `author_book`(`author`, `entryid`) VALUES ('Su Vandenacre','1105382');
INSERT INTO `publisher_book`(`publisher`, `entryid`) VALUES ('Kouns Cooperations.','1105382');
INSERT INTO `entry`(`entryid`,`type`) VALUES('1105383','b');
INSERT INTO `book`(`title`,`entryid`,`isbn`) VALUES('Marble for anticlockwise South africa','1105383','9262174703890');
INSERT INTO `genre_book`(`genre`, `entryid`) VALUES ('Romance','1105383');
INSERT INTO `author_book`(`author`, `entryid`) VALUES ('Eun Heusner','1105383');
INSERT INTO `publisher_book`(`publisher`, `entryid`) VALUES ('Casaliggi Inc.','1105383');
INSERT INTO `entry`(`entryid`,`type`) VALUES('1105384','b');
INSERT INTO `book`(`title`,`entryid`,`isbn`) VALUES('Queen against Surfboard','1105384','0473159266758');
INSERT INTO `genre_book`(`genre`, `entryid`) VALUES ('Romance','1105384');
INSERT INTO `author_book`(`author`, `entryid`) VALUES ('Kathern Weis','1105384');
INSERT INTO `publisher_book`(`publisher`, `entryid`) VALUES ('Dominique Publishers.','1105384');
INSERT INTO `entry`(`entryid`,`type`) VALUES('1105385','b');
INSERT INTO `book`(`title`,`entryid`,`isbn`) VALUES('System against the Sort','1105385','0367055542577');
INSERT INTO `genre_book`(`genre`, `entryid`) VALUES ('Horror','1105385');
INSERT INTO `author_book`(`author`, `entryid`) VALUES ('Winifred Bondanza','1105385');
INSERT INTO `publisher_book`(`publisher`, `entryid`) VALUES ('Paulas Inc.','1105385');
INSERT INTO `entry`(`entryid`,`type`) VALUES('1105386','b');
INSERT INTO `book`(`title`,`entryid`,`isbn`) VALUES('Hair and delirious Doctor','1105386','0252708178370');
INSERT INTO `genre_book`(`genre`, `entryid`) VALUES ('Horror','1105386');
INSERT INTO `author_book`(`author`, `entryid`) VALUES ('Lyle Goodale','1105386');
INSERT INTO `publisher_book`(`publisher`, `entryid`) VALUES ('Seminole Inc.','1105386');
INSERT INTO `entry`(`entryid`,`type`) VALUES('1105387','b');
INSERT INTO `book`(`title`,`entryid`,`isbn`) VALUES('Bankbook against the Cold','1105387','0475094872502');
INSERT INTO `genre_book`(`genre`, `entryid`) VALUES ('Sci-Fi','1105387');
INSERT INTO `author_book`(`author`, `entryid`) VALUES ('Jamar Stefanowicz','1105387');
INSERT INTO `publisher_book`(`publisher`, `entryid`) VALUES ('Swoyer Publishers.','1105387');
INSERT INTO `entry`(`entryid`,`type`) VALUES('1105388','b');
INSERT INTO `book`(`title`,`entryid`,`isbn`) VALUES('Plant to the unideal French','1105388','9182788238558');
INSERT INTO `genre_book`(`genre`, `entryid`) VALUES ('Science','1105388');
INSERT INTO `author`(`name`,`birthyear`,`deathyear`) VALUES('Arminda Pullin','1898','1975');
INSERT INTO `author_book`(`author`, `entryid`) VALUES ('Arminda Pullin','1105388');
INSERT INTO `publisher_book`(`publisher`, `entryid`) VALUES ('Swaggert Inc.','1105388');
INSERT INTO `entry`(`entryid`,`type`) VALUES('1105389','b');
INSERT INTO `book`(`title`,`entryid`,`isbn`) VALUES('Copy because of osculatory Woolen','1105389','0757489693077');
INSERT INTO `genre_book`(`genre`, `entryid`) VALUES ('Adventure','1105389');
INSERT INTO `author_book`(`author`, `entryid`) VALUES ('Nicholle Larmore','1105389');
INSERT INTO `publisher_book`(`publisher`, `entryid`) VALUES ('Shontz Publishers.','1105389');
INSERT INTO `entry`(`entryid`,`type`) VALUES('1105390','b');
INSERT INTO `book`(`title`,`entryid`,`isbn`) VALUES('Call vs. Toy','1105390','0163199701106');
INSERT INTO `genre_book`(`genre`, `entryid`) VALUES ('Adventure','1105390');
INSERT INTO `author_book`(`author`, `entryid`) VALUES ('Bella Bevels','1105390');
INSERT INTO `publisher_book`(`publisher`, `entryid`) VALUES ('Uyehara Inc.','1105390');
INSERT INTO `entry`(`entryid`,`type`) VALUES('1105391','b');
INSERT INTO `book`(`title`,`entryid`,`isbn`) VALUES('Colt vs. Witness','1105391','0523285207016');
INSERT INTO `genre_book`(`genre`, `entryid`) VALUES ('Thriller','1105391');
INSERT INTO `author`(`name`,`birthyear`,`deathyear`) VALUES('Matt Djuric','1969','1998');
INSERT INTO `author_book`(`author`, `entryid`) VALUES ('Matt Djuric','1105391');
INSERT INTO `publisher_book`(`publisher`, `entryid`) VALUES ('Shinnick Inc.','1105391');
INSERT INTO `entry`(`entryid`,`type`) VALUES('1105392','b');
INSERT INTO `book`(`title`,`entryid`,`isbn`) VALUES('Tree because of visional Pair','1105392','9199182135927');
INSERT INTO `genre_book`(`genre`, `entryid`) VALUES ('Sci-Fi','1105392');
INSERT INTO `author_book`(`author`, `entryid`) VALUES ('Malka Conole','1105392');
INSERT INTO `publisher_book`(`publisher`, `entryid`) VALUES ('Hodermarsky Cooperations.','1105392');
INSERT INTO `entry`(`entryid`,`type`) VALUES('1105393','b');
INSERT INTO `book`(`title`,`entryid`,`isbn`) VALUES('Keyboard for well-proportioned Star','1105393','0453486366434');
INSERT INTO `genre_book`(`genre`, `entryid`) VALUES ('Sci-Fi','1105393');
INSERT INTO `author_book`(`author`, `entryid`) VALUES ('Socorro Berlo','1105393');
INSERT INTO `publisher_book`(`publisher`, `entryid`) VALUES ('Kubert Publishers.','1105393');
INSERT INTO `entry`(`entryid`,`type`) VALUES('1105394','b');
INSERT INTO `book`(`title`,`entryid`,`isbn`) VALUES('Football vs. Note','1105394','0053161372255');
INSERT INTO `genre_book`(`genre`, `entryid`) VALUES ('Education','1105394');
INSERT INTO `author_book`(`author`, `entryid`) VALUES ('Perry Samec','1105394');
INSERT INTO `publisher_book`(`publisher`, `entryid`) VALUES ('Autrano Publishers.','1105394');
INSERT INTO `entry`(`entryid`,`type`) VALUES('1105395','b');
INSERT INTO `book`(`title`,`entryid`,`isbn`) VALUES('South africa in the unprompted Chest','1105395','9838404702982');
INSERT INTO `genre_book`(`genre`, `entryid`) VALUES ('Horror','1105395');
INSERT INTO `author_book`(`author`, `entryid`) VALUES ('Holli Verplanck','1105395');
INSERT INTO `publisher_book`(`publisher`, `entryid`) VALUES ('Urbina Publishers.','1105395');
INSERT INTO `entry`(`entryid`,`type`) VALUES('1105396','b');
INSERT INTO `book`(`title`,`entryid`,`isbn`) VALUES('Aluminium of the Hook','1105396','9413944122070');
INSERT INTO `genre_book`(`genre`, `entryid`) VALUES ('Romance','1105396');
INSERT INTO `author_book`(`author`, `entryid`) VALUES ('Jann Pomares','1105396');
INSERT INTO `publisher_book`(`publisher`, `entryid`) VALUES ('Wince Publishers.','1105396');
INSERT INTO `entry`(`entryid`,`type`) VALUES('1105397','b');
INSERT INTO `book`(`title`,`entryid`,`isbn`) VALUES('Baboon in the Blinker','1105397','9038823875527');
INSERT INTO `genre_book`(`genre`, `entryid`) VALUES ('Education','1105397');
INSERT INTO `author_book`(`author`, `entryid`) VALUES ('Mica Kingsley','1105397');
INSERT INTO `publisher_book`(`publisher`, `entryid`) VALUES ('Liskai Inc.','1105397');
INSERT INTO `entry`(`entryid`,`type`) VALUES('1105398','b');
INSERT INTO `book`(`title`,`entryid`,`isbn`) VALUES('Energy to Top','1105398','0128692524044');
INSERT INTO `genre_book`(`genre`, `entryid`) VALUES ('Science','1105398');
INSERT INTO `author_book`(`author`, `entryid`) VALUES ('Sharilyn Tekell','1105398');
INSERT INTO `publisher_book`(`publisher`, `entryid`) VALUES ('Sibley Inc.','1105398');
INSERT INTO `entry`(`entryid`,`type`) VALUES('1105399','b');
INSERT INTO `book`(`title`,`entryid`,`isbn`) VALUES('Man against the Toilet','1105399','9175073983132');
INSERT INTO `genre_book`(`genre`, `entryid`) VALUES ('Thriller','1105399');
INSERT INTO `author_book`(`author`, `entryid`) VALUES ('Apolonia Trivane','1105399');
INSERT INTO `publisher_book`(`publisher`, `entryid`) VALUES ('Safko Cooperations.','1105399');
INSERT INTO `entry`(`entryid`,`type`) VALUES('1105400','b');
INSERT INTO `book`(`title`,`entryid`,`isbn`) VALUES('Amusement to Chemistry','1105400','0830393612760');
INSERT INTO `genre_book`(`genre`, `entryid`) VALUES ('Romance','1105400');
INSERT INTO `author`(`name`,`birthyear`,`deathyear`) VALUES('Zofia Whitehair','1958','1986');
INSERT INTO `author_book`(`author`, `entryid`) VALUES ('Zofia Whitehair','1105400');
INSERT INTO `publisher_book`(`publisher`, `entryid`) VALUES ('Jessel Cooperations.','1105400');
INSERT INTO `entry`(`entryid`,`type`) VALUES('1105401','b');
INSERT INTO `book`(`title`,`entryid`,`isbn`) VALUES('Step-brother and Cymbal','1105401','9773658577935');
INSERT INTO `genre_book`(`genre`, `entryid`) VALUES ('Horror','1105401');
INSERT INTO `author`(`name`,`birthyear`,`deathyear`) VALUES('Emma Mckittrick','1920','2014');
INSERT INTO `author_book`(`author`, `entryid`) VALUES ('Emma Mckittrick','1105401');
INSERT INTO `publisher_book`(`publisher`, `entryid`) VALUES ('Sago Publishers.','1105401');
INSERT INTO `entry`(`entryid`,`type`) VALUES('1105402','b');
INSERT INTO `book`(`title`,`entryid`,`isbn`) VALUES('Step-father with Judaean Snowman','1105402','9482444720496');
INSERT INTO `genre_book`(`genre`, `entryid`) VALUES ('Thriller','1105402');
INSERT INTO `author_book`(`author`, `entryid`) VALUES ('Aldo Koegel','1105402');
INSERT INTO `publisher_book`(`publisher`, `entryid`) VALUES ('Woollard Cooperations.','1105402');
INSERT INTO `entry`(`entryid`,`type`) VALUES('1105403','b');
INSERT INTO `book`(`title`,`entryid`,`isbn`) VALUES('Plow and the pilgarlicky Customer','1105403','9268519057654');
INSERT INTO `genre_book`(`genre`, `entryid`) VALUES ('Romance','1105403');
INSERT INTO `author_book`(`author`, `entryid`) VALUES ('Santos Burgeson','1105403');
INSERT INTO `publisher_book`(`publisher`, `entryid`) VALUES ('Onstott Publishers.','1105403');
INSERT INTO `entry`(`entryid`,`type`) VALUES('1105404','b');
INSERT INTO `book`(`title`,`entryid`,`isbn`) VALUES('Rabbit against the Scarecrow','1105404','9378718746504');
INSERT INTO `genre_book`(`genre`, `entryid`) VALUES ('Romance','1105404');
INSERT INTO `author_book`(`author`, `entryid`) VALUES ('Lin Chamber','1105404');
INSERT INTO `publisher_book`(`publisher`, `entryid`) VALUES ('Rocks Cooperations.','1105404');
INSERT INTO `entry`(`entryid`,`type`) VALUES('1105405','b');
INSERT INTO `book`(`title`,`entryid`,`isbn`) VALUES('Colt by the pursier Water','1105405','0298300002867');
INSERT INTO `genre_book`(`genre`, `entryid`) VALUES ('Horror','1105405');
INSERT INTO `author_book`(`author`, `entryid`) VALUES ('Julietta Bonnin','1105405');
INSERT INTO `publisher_book`(`publisher`, `entryid`) VALUES ('Baldacchino Publishers.','1105405');
INSERT INTO `entry`(`entryid`,`type`) VALUES('1105406','b');
INSERT INTO `book`(`title`,`entryid`,`isbn`) VALUES('Space by the altitudinal Position','1105406','0805735710484');
INSERT INTO `genre_book`(`genre`, `entryid`) VALUES ('Sci-Fi','1105406');
INSERT INTO `author_book`(`author`, `entryid`) VALUES ('Johnny Quinlan','1105406');
INSERT INTO `publisher_book`(`publisher`, `entryid`) VALUES ('Anakalea Inc.','1105406');
INSERT INTO `entry`(`entryid`,`type`) VALUES('1105407','b');
INSERT INTO `book`(`title`,`entryid`,`isbn`) VALUES('Tsunami vs. pensionary Buffer','1105407','0940699690221');
INSERT INTO `genre_book`(`genre`, `entryid`) VALUES ('Sci-Fi','1105407');
INSERT INTO `author_book`(`author`, `entryid`) VALUES ('Terrie Mcnichol','1105407');
INSERT INTO `publisher_book`(`publisher`, `entryid`) VALUES ('Collons Inc.','1105407');
INSERT INTO `entry`(`entryid`,`type`) VALUES('1105408','b');
INSERT INTO `book`(`title`,`entryid`,`isbn`) VALUES('Fragrance to the Recorder','1105408','0130890948329');
INSERT INTO `genre_book`(`genre`, `entryid`) VALUES ('Horror','1105408');
INSERT INTO `author_book`(`author`, `entryid`) VALUES ('Penney Hymel','1105408');
INSERT INTO `publisher_book`(`publisher`, `entryid`) VALUES ('Dewing Cooperations.','1105408');
INSERT INTO `entry`(`entryid`,`type`) VALUES('1105409','b');
INSERT INTO `book`(`title`,`entryid`,`isbn`) VALUES('Congo for Class','1105409','9041114262566');
INSERT INTO `genre_book`(`genre`, `entryid`) VALUES ('Education','1105409');
INSERT INTO `author`(`name`,`birthyear`,`deathyear`) VALUES('Kimberlie Witschi','1954','2043');
INSERT INTO `author_book`(`author`, `entryid`) VALUES ('Kimberlie Witschi','1105409');
INSERT INTO `publisher_book`(`publisher`, `entryid`) VALUES ('Travaglio Inc.','1105409');
INSERT INTO `entry`(`entryid`,`type`) VALUES('1105410','b');
INSERT INTO `book`(`title`,`entryid`,`isbn`) VALUES('Command of the consecrative Value','1105410','9825614896712');
INSERT INTO `genre_book`(`genre`, `entryid`) VALUES ('Education','1105410');
INSERT INTO `author_book`(`author`, `entryid`) VALUES ('Emilia Dehnert','1105410');
INSERT INTO `publisher_book`(`publisher`, `entryid`) VALUES ('Mcwhinney Cooperations.','1105410');
INSERT INTO `entry`(`entryid`,`type`) VALUES('1105411','b');
INSERT INTO `book`(`title`,`entryid`,`isbn`) VALUES('Quality in Harbor','1105411','0309361243092');
INSERT INTO `genre_book`(`genre`, `entryid`) VALUES ('Adventure','1105411');
INSERT INTO `author_book`(`author`, `entryid`) VALUES ('Santos Burgeson','1105411');
INSERT INTO `publisher_book`(`publisher`, `entryid`) VALUES ('Bartram Publishers.','1105411');
INSERT INTO `entry`(`entryid`,`type`) VALUES('1105412','b');
INSERT INTO `book`(`title`,`entryid`,`isbn`) VALUES('Save in erubescent Shake','1105412','9143107158364');
INSERT INTO `genre_book`(`genre`, `entryid`) VALUES ('Sci-Fi','1105412');
INSERT INTO `author`(`name`,`birthyear`,`deathyear`) VALUES('Patience Jolliffe','1966','2023');
INSERT INTO `author_book`(`author`, `entryid`) VALUES ('Patience Jolliffe','1105412');
INSERT INTO `publisher_book`(`publisher`, `entryid`) VALUES ('Seminole Inc.','1105412');
INSERT INTO `entry`(`entryid`,`type`) VALUES('1105413','b');
INSERT INTO `book`(`title`,`entryid`,`isbn`) VALUES('Hand and consolingly Freighter','1105413','0521957088784');
INSERT INTO `genre_book`(`genre`, `entryid`) VALUES ('Sci-Fi','1105413');
INSERT INTO `author_book`(`author`, `entryid`) VALUES ('Tarra Jungquist','1105413');
INSERT INTO `publisher_book`(`publisher`, `entryid`) VALUES ('Goodpastor Inc.','1105413');
INSERT INTO `entry`(`entryid`,`type`) VALUES('1105414','b');
INSERT INTO `book`(`title`,`entryid`,`isbn`) VALUES('Epoxy and submultiple Jason','1105414','9977340262763');
INSERT INTO `genre_book`(`genre`, `entryid`) VALUES ('Adventure','1105414');
INSERT INTO `author_book`(`author`, `entryid`) VALUES ('Lesli Manoso','1105414');
INSERT INTO `publisher_book`(`publisher`, `entryid`) VALUES ('Bezzo Cooperations.','1105414');
INSERT INTO `entry`(`entryid`,`type`) VALUES('1105415','b');
INSERT INTO `book`(`title`,`entryid`,`isbn`) VALUES('Ton because of diagenetic Computer','1105415','9161250766674');
INSERT INTO `genre_book`(`genre`, `entryid`) VALUES ('Adventure','1105415');
INSERT INTO `author`(`name`,`birthyear`,`deathyear`) VALUES('Rosio Tagliente','1909','1992');
INSERT INTO `author_book`(`author`, `entryid`) VALUES ('Rosio Tagliente','1105415');
INSERT INTO `publisher_book`(`publisher`, `entryid`) VALUES ('Sibley Inc.','1105415');
INSERT INTO `entry`(`entryid`,`type`) VALUES('1105416','b');
INSERT INTO `book`(`title`,`entryid`,`isbn`) VALUES('Drug vs. Velvet','1105416','9369859201468');
INSERT INTO `genre_book`(`genre`, `entryid`) VALUES ('Sci-Fi','1105416');
INSERT INTO `author`(`name`,`birthyear`,`deathyear`) VALUES('Gigi Givliani','1927','2003');
INSERT INTO `author_book`(`author`, `entryid`) VALUES ('Gigi Givliani','1105416');
INSERT INTO `publisher_book`(`publisher`, `entryid`) VALUES ('Mcnatt Publishers.','1105416');
INSERT INTO `entry`(`entryid`,`type`) VALUES('1105417','b');
INSERT INTO `book`(`title`,`entryid`,`isbn`) VALUES('Blinker for pinioned Connection','1105417','0945449471148');
INSERT INTO `genre_book`(`genre`, `entryid`) VALUES ('Education','1105417');
INSERT INTO `author_book`(`author`, `entryid`) VALUES ('Renna Leis','1105417');
INSERT INTO `publisher_book`(`publisher`, `entryid`) VALUES ('Yost Publishers.','1105417');
INSERT INTO `entry`(`entryid`,`type`) VALUES('1105418','b');
INSERT INTO `book`(`title`,`entryid`,`isbn`) VALUES('Input by the Granddaughter','1105418','9815759300502');
INSERT INTO `genre_book`(`genre`, `entryid`) VALUES ('Adventure','1105418');
INSERT INTO `author_book`(`author`, `entryid`) VALUES ('Jerrie Strazza','1105418');
INSERT INTO `publisher_book`(`publisher`, `entryid`) VALUES ('Woollard Cooperations.','1105418');
INSERT INTO `entry`(`entryid`,`type`) VALUES('1105419','b');
INSERT INTO `book`(`title`,`entryid`,`isbn`) VALUES('Latex because of Meter','1105419','9987283167544');
INSERT INTO `genre_book`(`genre`, `entryid`) VALUES ('Thriller','1105419');
INSERT INTO `author_book`(`author`, `entryid`) VALUES ('Christin Delapuente','1105419');
INSERT INTO `publisher_book`(`publisher`, `entryid`) VALUES ('Safko Cooperations.','1105419');
INSERT INTO `entry`(`entryid`,`type`) VALUES('1105420','b');
INSERT INTO `book`(`title`,`entryid`,`isbn`) VALUES('Magician in the unintellectual Rate','1105420','0422852927839');
INSERT INTO `genre_book`(`genre`, `entryid`) VALUES ('Thriller','1105420');
INSERT INTO `author_book`(`author`, `entryid`) VALUES ('Ofelia Speed','1105420');
INSERT INTO `publisher_book`(`publisher`, `entryid`) VALUES ('Jessel Cooperations.','1105420');
INSERT INTO `entry`(`entryid`,`type`) VALUES('1105421','b');
INSERT INTO `book`(`title`,`entryid`,`isbn`) VALUES('Children for configurational Salt','1105421','9730961225418');
INSERT INTO `genre_book`(`genre`, `entryid`) VALUES ('Adventure','1105421');
INSERT INTO `author_book`(`author`, `entryid`) VALUES ('Jamee Rickard','1105421');
INSERT INTO `publisher_book`(`publisher`, `entryid`) VALUES ('Sibley Inc.','1105421');
INSERT INTO `entry`(`entryid`,`type`) VALUES('1105422','b');
INSERT INTO `book`(`title`,`entryid`,`isbn`) VALUES('Saw in the Fear','1105422','9716889375767');
INSERT INTO `genre_book`(`genre`, `entryid`) VALUES ('Romance','1105422');
INSERT INTO `author`(`name`,`birthyear`,`deathyear`) VALUES('Brianna Malbon','1969','2025');
INSERT INTO `author_book`(`author`, `entryid`) VALUES ('Brianna Malbon','1105422');
INSERT INTO `publisher_book`(`publisher`, `entryid`) VALUES ('Mignogna Publishers.','1105422');
INSERT INTO `entry`(`entryid`,`type`) VALUES('1105423','b');
INSERT INTO `book`(`title`,`entryid`,`isbn`) VALUES('Greece with the Singer','1105423','0917543943208');
INSERT INTO `genre_book`(`genre`, `entryid`) VALUES ('Science','1105423');
INSERT INTO `author_book`(`author`, `entryid`) VALUES ('Sharolyn Chapman','1105423');
INSERT INTO `publisher_book`(`publisher`, `entryid`) VALUES ('Mignogna Publishers.','1105423');
INSERT INTO `entry`(`entryid`,`type`) VALUES('1105424','b');
INSERT INTO `book`(`title`,`entryid`,`isbn`) VALUES('Fang for prolusory Sprout','1105424','0767629461813');
INSERT INTO `genre_book`(`genre`, `entryid`) VALUES ('Education','1105424');
INSERT INTO `author_book`(`author`, `entryid`) VALUES ('Cyndi Bhatt','1105424');
INSERT INTO `publisher_book`(`publisher`, `entryid`) VALUES ('Treinen Publishers.','1105424');
INSERT INTO `entry`(`entryid`,`type`) VALUES('1105425','b');
INSERT INTO `book`(`title`,`entryid`,`isbn`) VALUES('Tuba of the Screen','1105425','9428641511589');
INSERT INTO `genre_book`(`genre`, `entryid`) VALUES ('Adventure','1105425');
INSERT INTO `author_book`(`author`, `entryid`) VALUES ('Giselle Harajli','1105425');
INSERT INTO `publisher_book`(`publisher`, `entryid`) VALUES ('Bielefeld Publishers.','1105425');
INSERT INTO `entry`(`entryid`,`type`) VALUES('1105426','b');
INSERT INTO `book`(`title`,`entryid`,`isbn`) VALUES('Uzbekistan for College','1105426','0174571719206');
INSERT INTO `genre_book`(`genre`, `entryid`) VALUES ('Science','1105426');
INSERT INTO `author_book`(`author`, `entryid`) VALUES ('Kary Orosco','1105426');
INSERT INTO `publisher_book`(`publisher`, `entryid`) VALUES ('Rinebold Cooperations.','1105426');
INSERT INTO `entry`(`entryid`,`type`) VALUES('1105427','b');
INSERT INTO `book`(`title`,`entryid`,`isbn`) VALUES('End of the ungloved Ronald','1105427','0191844446451');
INSERT INTO `genre_book`(`genre`, `entryid`) VALUES ('Sci-Fi','1105427');
INSERT INTO `author`(`name`,`birthyear`,`deathyear`) VALUES('Joye Boggan','1890','1936');
INSERT INTO `author_book`(`author`, `entryid`) VALUES ('Joye Boggan','1105427');
INSERT INTO `publisher_book`(`publisher`, `entryid`) VALUES ('Autrano Publishers.','1105427');
INSERT INTO `entry`(`entryid`,`type`) VALUES('1105428','b');
INSERT INTO `book`(`title`,`entryid`,`isbn`) VALUES('Seed of Plywood','1105428','0015764592627');
INSERT INTO `genre_book`(`genre`, `entryid`) VALUES ('Adventure','1105428');
INSERT INTO `author`(`name`,`birthyear`,`deathyear`) VALUES('Rashad Grainger','1939','2038');
INSERT INTO `author_book`(`author`, `entryid`) VALUES ('Rashad Grainger','1105428');
INSERT INTO `publisher_book`(`publisher`, `entryid`) VALUES ('Kaliher Cooperations.','1105428');
INSERT INTO `entry`(`entryid`,`type`) VALUES('1105429','b');
INSERT INTO `book`(`title`,`entryid`,`isbn`) VALUES('Helen against the Ocelot','1105429','9282283610652');
INSERT INTO `genre_book`(`genre`, `entryid`) VALUES ('Thriller','1105429');
INSERT INTO `author_book`(`author`, `entryid`) VALUES ('Shila Trofholz','1105429');
INSERT INTO `publisher_book`(`publisher`, `entryid`) VALUES ('Weimer Inc.','1105429');
INSERT INTO `entry`(`entryid`,`type`) VALUES('1105430','b');
INSERT INTO `book`(`title`,`entryid`,`isbn`) VALUES('Clutch with the ranked Believe','1105430','9378391025457');
INSERT INTO `genre_book`(`genre`, `entryid`) VALUES ('Horror','1105430');
INSERT INTO `author_book`(`author`, `entryid`) VALUES ('Paulina Razze','1105430');
INSERT INTO `publisher_book`(`publisher`, `entryid`) VALUES ('Mclamb Cooperations.','1105430');
INSERT INTO `entry`(`entryid`,`type`) VALUES('1105431','b');
INSERT INTO `book`(`title`,`entryid`,`isbn`) VALUES('Salary against systemless Golf','1105431','9139758727912');
INSERT INTO `genre_book`(`genre`, `entryid`) VALUES ('Romance','1105431');
INSERT INTO `author_book`(`author`, `entryid`) VALUES ('Reuben Criddle','1105431');
INSERT INTO `publisher_book`(`publisher`, `entryid`) VALUES ('Ards Inc.','1105431');
INSERT INTO `entry`(`entryid`,`type`) VALUES('1105432','b');
INSERT INTO `book`(`title`,`entryid`,`isbn`) VALUES('Representative of insipid Barometer','1105432','9760502772730');
INSERT INTO `genre_book`(`genre`, `entryid`) VALUES ('Horror','1105432');
INSERT INTO `author`(`name`,`birthyear`,`deathyear`) VALUES('Samara Reints','1948','2012');
INSERT INTO `author_book`(`author`, `entryid`) VALUES ('Samara Reints','1105432');
INSERT INTO `publisher_book`(`publisher`, `entryid`) VALUES ('Dusatko Inc.','1105432');
INSERT INTO `entry`(`entryid`,`type`) VALUES('1105433','b');
INSERT INTO `book`(`title`,`entryid`,`isbn`) VALUES('Gymnast vs. Chronometer','1105433','0168486458429');
INSERT INTO `genre_book`(`genre`, `entryid`) VALUES ('Horror','1105433');
INSERT INTO `author_book`(`author`, `entryid`) VALUES ('Zulma Borgers','1105433');
INSERT INTO `publisher_book`(`publisher`, `entryid`) VALUES ('Zotos Publishers.','1105433');
INSERT INTO `entry`(`entryid`,`type`) VALUES('1105434','b');
INSERT INTO `book`(`title`,`entryid`,`isbn`) VALUES('Stage to measlier Exclamation','1105434','9241295362750');
INSERT INTO `genre_book`(`genre`, `entryid`) VALUES ('Romance','1105434');
INSERT INTO `author_book`(`author`, `entryid`) VALUES ('Jacqueline Narramore','1105434');
INSERT INTO `publisher_book`(`publisher`, `entryid`) VALUES ('Bauchspies Publishers.','1105434');
INSERT INTO `entry`(`entryid`,`type`) VALUES('1105435','b');
INSERT INTO `book`(`title`,`entryid`,`isbn`) VALUES('Canvas for the Bucket','1105435','0069259592392');
INSERT INTO `genre_book`(`genre`, `entryid`) VALUES ('Romance','1105435');
INSERT INTO `author_book`(`author`, `entryid`) VALUES ('Loma Risto','1105435');
INSERT INTO `publisher_book`(`publisher`, `entryid`) VALUES ('Asmus Cooperations.','1105435');
INSERT INTO `entry`(`entryid`,`type`) VALUES('1105436','b');
INSERT INTO `book`(`title`,`entryid`,`isbn`) VALUES('Mom to Piano','1105436','9071989226181');
INSERT INTO `genre_book`(`genre`, `entryid`) VALUES ('Education','1105436');
INSERT INTO `author_book`(`author`, `entryid`) VALUES ('Porter Kindell','1105436');
INSERT INTO `publisher_book`(`publisher`, `entryid`) VALUES ('Paulas Inc.','1105436');
INSERT INTO `entry`(`entryid`,`type`) VALUES('1105437','b');
INSERT INTO `book`(`title`,`entryid`,`isbn`) VALUES('Cow for Airport','1105437','9845753349047');
INSERT INTO `genre_book`(`genre`, `entryid`) VALUES ('Sci-Fi','1105437');
INSERT INTO `author`(`name`,`birthyear`,`deathyear`) VALUES('Alisha Schwabenbauer','1939','1963');
INSERT INTO `author_book`(`author`, `entryid`) VALUES ('Alisha Schwabenbauer','1105437');
INSERT INTO `publisher_book`(`publisher`, `entryid`) VALUES ('Gittere Publishers.','1105437');
INSERT INTO `entry`(`entryid`,`type`) VALUES('1105438','b');
INSERT INTO `book`(`title`,`entryid`,`isbn`) VALUES('Technician and Tv','1105438','0261684881252');
INSERT INTO `genre_book`(`genre`, `entryid`) VALUES ('Horror','1105438');
INSERT INTO `author_book`(`author`, `entryid`) VALUES ('Christin Verkler','1105438');
INSERT INTO `publisher_book`(`publisher`, `entryid`) VALUES ('Uyehara Inc.','1105438');
INSERT INTO `entry`(`entryid`,`type`) VALUES('1105439','b');
INSERT INTO `book`(`title`,`entryid`,`isbn`) VALUES('Motion with the asymmetric Fan','1105439','0031565974948');
INSERT INTO `genre_book`(`genre`, `entryid`) VALUES ('Sci-Fi','1105439');
INSERT INTO `author_book`(`author`, `entryid`) VALUES ('Jann Pomares','1105439');
INSERT INTO `publisher_book`(`publisher`, `entryid`) VALUES ('Paulas Inc.','1105439');
INSERT INTO `entry`(`entryid`,`type`) VALUES('1105440','b');
INSERT INTO `book`(`title`,`entryid`,`isbn`) VALUES('Whip against the Detail','1105440','9729105736604');
INSERT INTO `genre_book`(`genre`, `entryid`) VALUES ('Horror','1105440');
INSERT INTO `author_book`(`author`, `entryid`) VALUES ('Shanika Trame','1105440');
INSERT INTO `publisher_book`(`publisher`, `entryid`) VALUES ('Goodpastor Inc.','1105440');
INSERT INTO `entry`(`entryid`,`type`) VALUES('1105441','b');
INSERT INTO `book`(`title`,`entryid`,`isbn`) VALUES('Bed with unmunitioned Tiger','1105441','0565554752622');
INSERT INTO `genre_book`(`genre`, `entryid`) VALUES ('Science','1105441');
INSERT INTO `author_book`(`author`, `entryid`) VALUES ('Rickie Panter','1105441');
INSERT INTO `publisher_book`(`publisher`, `entryid`) VALUES ('Pascoe Cooperations.','1105441');
INSERT INTO `entry`(`entryid`,`type`) VALUES('1105442','b');
INSERT INTO `book`(`title`,`entryid`,`isbn`) VALUES('Beaver of Wallaby','1105442','9602432580872');
INSERT INTO `genre_book`(`genre`, `entryid`) VALUES ('Sci-Fi','1105442');
INSERT INTO `author`(`name`,`birthyear`,`deathyear`) VALUES('Jerilyn Reinbold','1906','1986');
INSERT INTO `author_book`(`author`, `entryid`) VALUES ('Jerilyn Reinbold','1105442');
INSERT INTO `publisher_book`(`publisher`, `entryid`) VALUES ('Baldacchino Publishers.','1105442');
INSERT INTO `entry`(`entryid`,`type`) VALUES('1105443','b');
INSERT INTO `book`(`title`,`entryid`,`isbn`) VALUES('Mark for national List','1105443','9076795311185');
INSERT INTO `genre_book`(`genre`, `entryid`) VALUES ('Thriller','1105443');
INSERT INTO `author_book`(`author`, `entryid`) VALUES ('Karin Neimeyer','1105443');
INSERT INTO `publisher_book`(`publisher`, `entryid`) VALUES ('Weimer Inc.','1105443');
INSERT INTO `entry`(`entryid`,`type`) VALUES('1105444','b');
INSERT INTO `book`(`title`,`entryid`,`isbn`) VALUES('Growth against the casemated Palm','1105444','0885716065290');
INSERT INTO `genre_book`(`genre`, `entryid`) VALUES ('Education','1105444');
INSERT INTO `author_book`(`author`, `entryid`) VALUES ('Apolonia Trivane','1105444');
INSERT INTO `publisher_book`(`publisher`, `entryid`) VALUES ('Oakeson Cooperations.','1105444');
INSERT INTO `entry`(`entryid`,`type`) VALUES('1105445','b');
INSERT INTO `book`(`title`,`entryid`,`isbn`) VALUES('Education and nurturable Quart','1105445','9478106727587');
INSERT INTO `genre_book`(`genre`, `entryid`) VALUES ('Adventure','1105445');
INSERT INTO `author_book`(`author`, `entryid`) VALUES ('Tijuana Jeannette','1105445');
INSERT INTO `publisher_book`(`publisher`, `entryid`) VALUES ('Bassil Inc.','1105445');
INSERT INTO `entry`(`entryid`,`type`) VALUES('1105446','b');
INSERT INTO `book`(`title`,`entryid`,`isbn`) VALUES('Liver because of gentianaceous Psychiatrist','1105446','9993031685369');
INSERT INTO `genre_book`(`genre`, `entryid`) VALUES ('Sci-Fi','1105446');
INSERT INTO `author_book`(`author`, `entryid`) VALUES ('Penney Hymel','1105446');
INSERT INTO `publisher_book`(`publisher`, `entryid`) VALUES ('Lampinen Publishers.','1105446');
INSERT INTO `entry`(`entryid`,`type`) VALUES('1105447','b');
INSERT INTO `book`(`title`,`entryid`,`isbn`) VALUES('Ronald against the superphysical Stew','1105447','9132904104592');
INSERT INTO `genre_book`(`genre`, `entryid`) VALUES ('Horror','1105447');
INSERT INTO `author_book`(`author`, `entryid`) VALUES ('Clarice Lessin','1105447');
INSERT INTO `publisher_book`(`publisher`, `entryid`) VALUES ('Goodpastor Inc.','1105447');
INSERT INTO `entry`(`entryid`,`type`) VALUES('1105448','b');
INSERT INTO `book`(`title`,`entryid`,`isbn`) VALUES('Party against the subocular Beam','1105448','0469420924686');
INSERT INTO `genre_book`(`genre`, `entryid`) VALUES ('Thriller','1105448');
INSERT INTO `author_book`(`author`, `entryid`) VALUES ('Lyle Goodale','1105448');
INSERT INTO `publisher_book`(`publisher`, `entryid`) VALUES ('Rinebold Cooperations.','1105448');
INSERT INTO `entry`(`entryid`,`type`) VALUES('1105449','b');
INSERT INTO `book`(`title`,`entryid`,`isbn`) VALUES('Platinum of splashed Disgust','1105449','0214479128579');
INSERT INTO `genre_book`(`genre`, `entryid`) VALUES ('Education','1105449');
INSERT INTO `author_book`(`author`, `entryid`) VALUES ('Ninfa Wernsman','1105449');
INSERT INTO `publisher_book`(`publisher`, `entryid`) VALUES ('Yenney Cooperations.','1105449');
INSERT INTO `entry`(`entryid`,`type`) VALUES('1105450','b');
INSERT INTO `book`(`title`,`entryid`,`isbn`) VALUES('Precipitation because of Cricket','1105450','9253418699244');
INSERT INTO `genre_book`(`genre`, `entryid`) VALUES ('Science','1105450');
INSERT INTO `author_book`(`author`, `entryid`) VALUES ('Paulina Razze','1105450');
INSERT INTO `publisher_book`(`publisher`, `entryid`) VALUES ('Moos Publishers.','1105450');
INSERT INTO `entry`(`entryid`,`type`) VALUES('1105451','b');
INSERT INTO `book`(`title`,`entryid`,`isbn`) VALUES('Timbale against the Permission','1105451','0297414654137');
INSERT INTO `genre_book`(`genre`, `entryid`) VALUES ('Thriller','1105451');
INSERT INTO `author_book`(`author`, `entryid`) VALUES ('Shenita Kerman','1105451');
INSERT INTO `publisher_book`(`publisher`, `entryid`) VALUES ('Lapierre Cooperations.','1105451');
INSERT INTO `entry`(`entryid`,`type`) VALUES('1105452','b');
INSERT INTO `book`(`title`,`entryid`,`isbn`) VALUES('Drizzle because of Pyjama','1105452','0252444409597');
INSERT INTO `genre_book`(`genre`, `entryid`) VALUES ('Thriller','1105452');
INSERT INTO `author_book`(`author`, `entryid`) VALUES ('Creola Selvage','1105452');
INSERT INTO `publisher_book`(`publisher`, `entryid`) VALUES ('Vinci Publishers.','1105452');
INSERT INTO `entry`(`entryid`,`type`) VALUES('1105453','b');
INSERT INTO `book`(`title`,`entryid`,`isbn`) VALUES('Hate by Sale','1105453','0951701246682');
INSERT INTO `genre_book`(`genre`, `entryid`) VALUES ('Romance','1105453');
INSERT INTO `author`(`name`,`birthyear`,`deathyear`) VALUES('Len Morasch','1921','1999');
INSERT INTO `author_book`(`author`, `entryid`) VALUES ('Len Morasch','1105453');
INSERT INTO `publisher_book`(`publisher`, `entryid`) VALUES ('Safko Cooperations.','1105453');
INSERT INTO `entry`(`entryid`,`type`) VALUES('1105454','b');
INSERT INTO `book`(`title`,`entryid`,`isbn`) VALUES('Toilet for Land','1105454','0786288302099');
INSERT INTO `genre_book`(`genre`, `entryid`) VALUES ('Horror','1105454');
INSERT INTO `author_book`(`author`, `entryid`) VALUES ('Arminda Ermogemous','1105454');
INSERT INTO `publisher_book`(`publisher`, `entryid`) VALUES ('Dominique Publishers.','1105454');
INSERT INTO `entry`(`entryid`,`type`) VALUES('1105455','b');
INSERT INTO `book`(`title`,`entryid`,`isbn`) VALUES('Balinese to Wall','1105455','0379630378858');
INSERT INTO `genre_book`(`genre`, `entryid`) VALUES ('Thriller','1105455');
INSERT INTO `author`(`name`,`birthyear`,`deathyear`) VALUES('Rosemarie Lillig','1891','1965');
INSERT INTO `author_book`(`author`, `entryid`) VALUES ('Rosemarie Lillig','1105455');
INSERT INTO `publisher_book`(`publisher`, `entryid`) VALUES ('Pascoe Cooperations.','1105455');
INSERT INTO `entry`(`entryid`,`type`) VALUES('1105456','b');
INSERT INTO `book`(`title`,`entryid`,`isbn`) VALUES('Politician with voiced Twist','1105456','0229729130558');
INSERT INTO `genre_book`(`genre`, `entryid`) VALUES ('Romance','1105456');
INSERT INTO `author_book`(`author`, `entryid`) VALUES ('Fabiola Tumbleston','1105456');
INSERT INTO `publisher_book`(`publisher`, `entryid`) VALUES ('Swoyer Publishers.','1105456');
INSERT INTO `entry`(`entryid`,`type`) VALUES('1105457','b');
INSERT INTO `book`(`title`,`entryid`,`isbn`) VALUES('Bridge for collective Windchime','1105457','9484404656669');
INSERT INTO `genre_book`(`genre`, `entryid`) VALUES ('Horror','1105457');
INSERT INTO `author_book`(`author`, `entryid`) VALUES ('Apolonia Trivane','1105457');
INSERT INTO `publisher_book`(`publisher`, `entryid`) VALUES ('Gorgone Inc.','1105457');
INSERT INTO `entry`(`entryid`,`type`) VALUES('1105458','b');
INSERT INTO `book`(`title`,`entryid`,`isbn`) VALUES('Cotton by Wasp','1105458','0527171488591');
INSERT INTO `genre_book`(`genre`, `entryid`) VALUES ('Romance','1105458');
INSERT INTO `author_book`(`author`, `entryid`) VALUES ('Klara Haubrich','1105458');
INSERT INTO `publisher_book`(`publisher`, `entryid`) VALUES ('Mclamb Cooperations.','1105458');
INSERT INTO `entry`(`entryid`,`type`) VALUES('1105459','b');
INSERT INTO `book`(`title`,`entryid`,`isbn`) VALUES('Twilight vs. Storm','1105459','9879026057067');
INSERT INTO `genre_book`(`genre`, `entryid`) VALUES ('Romance','1105459');
INSERT INTO `author`(`name`,`birthyear`,`deathyear`) VALUES('Indira Mcdonal','1912','1966');
INSERT INTO `author_book`(`author`, `entryid`) VALUES ('Indira Mcdonal','1105459');
INSERT INTO `publisher_book`(`publisher`, `entryid`) VALUES ('Vinci Publishers.','1105459');
INSERT INTO `entry`(`entryid`,`type`) VALUES('1105460','b');
INSERT INTO `book`(`title`,`entryid`,`isbn`) VALUES('Sea and the Purple','1105460','0395105060697');
INSERT INTO `genre_book`(`genre`, `entryid`) VALUES ('Horror','1105460');
INSERT INTO `author_book`(`author`, `entryid`) VALUES ('Annabell Odonnell','1105460');
INSERT INTO `publisher_book`(`publisher`, `entryid`) VALUES ('Hobin Cooperations.','1105460');
INSERT INTO `entry`(`entryid`,`type`) VALUES('1105461','b');
INSERT INTO `book`(`title`,`entryid`,`isbn`) VALUES('Margin in the Package','1105461','0151956280697');
INSERT INTO `genre_book`(`genre`, `entryid`) VALUES ('Horror','1105461');
INSERT INTO `author_book`(`author`, `entryid`) VALUES ('Kary Orosco','1105461');
INSERT INTO `publisher_book`(`publisher`, `entryid`) VALUES ('Paulas Inc.','1105461');
INSERT INTO `entry`(`entryid`,`type`) VALUES('1105462','b');
INSERT INTO `book`(`title`,`entryid`,`isbn`) VALUES('Gearshift against Smoke','1105462','0280547033655');
INSERT INTO `genre_book`(`genre`, `entryid`) VALUES ('Horror','1105462');
INSERT INTO `author_book`(`author`, `entryid`) VALUES ('Bianca Proch','1105462');
INSERT INTO `publisher_book`(`publisher`, `entryid`) VALUES ('Schachsieck Publishers.','1105462');
INSERT INTO `entry`(`entryid`,`type`) VALUES('1105463','b');
INSERT INTO `book`(`title`,`entryid`,`isbn`) VALUES('Spear with the Desire','1105463','0308441056753');
INSERT INTO `genre_book`(`genre`, `entryid`) VALUES ('Education','1105463');
INSERT INTO `author_book`(`author`, `entryid`) VALUES ('Jacquie Gemmill','1105463');
INSERT INTO `publisher_book`(`publisher`, `entryid`) VALUES ('Herl Publishers.','1105463');
INSERT INTO `entry`(`entryid`,`type`) VALUES('1105464','b');
INSERT INTO `book`(`title`,`entryid`,`isbn`) VALUES('Instruction by the knickered Structure','1105464','0863552153026');
INSERT INTO `genre_book`(`genre`, `entryid`) VALUES ('Education','1105464');
INSERT INTO `author_book`(`author`, `entryid`) VALUES ('Beth Milford','1105464');
INSERT INTO `publisher_book`(`publisher`, `entryid`) VALUES ('Aono Cooperations.','1105464');
INSERT INTO `entry`(`entryid`,`type`) VALUES('1105465','b');
INSERT INTO `book`(`title`,`entryid`,`isbn`) VALUES('Spleen in Income','1105465','9583821180382');
INSERT INTO `genre_book`(`genre`, `entryid`) VALUES ('Adventure','1105465');
INSERT INTO `author_book`(`author`, `entryid`) VALUES ('Leonia Parvin','1105465');
INSERT INTO `publisher_book`(`publisher`, `entryid`) VALUES ('Yenney Cooperations.','1105465');
INSERT INTO `entry`(`entryid`,`type`) VALUES('1105466','b');
INSERT INTO `book`(`title`,`entryid`,`isbn`) VALUES('Rifle to ruffled Leather','1105466','9128424572425');
INSERT INTO `genre_book`(`genre`, `entryid`) VALUES ('Romance','1105466');
INSERT INTO `author_book`(`author`, `entryid`) VALUES ('Bette Tuell','1105466');
INSERT INTO `publisher_book`(`publisher`, `entryid`) VALUES ('Shinnick Inc.','1105466');
INSERT INTO `entry`(`entryid`,`type`) VALUES('1105467','b');
INSERT INTO `book`(`title`,`entryid`,`isbn`) VALUES('Curler against the dyspneal Herring','1105467','0682205201004');
INSERT INTO `genre_book`(`genre`, `entryid`) VALUES ('Thriller','1105467');
INSERT INTO `author_book`(`author`, `entryid`) VALUES ('Daniela Womeldorf','1105467');
INSERT INTO `publisher_book`(`publisher`, `entryid`) VALUES ('Dewing Cooperations.','1105467');
INSERT INTO `entry`(`entryid`,`type`) VALUES('1105468','b');
INSERT INTO `book`(`title`,`entryid`,`isbn`) VALUES('Willow for the water-repellent Icon','1105468','0496882739319');
INSERT INTO `genre_book`(`genre`, `entryid`) VALUES ('Sci-Fi','1105468');
INSERT INTO `author_book`(`author`, `entryid`) VALUES ('Gonzalo Mchaney','1105468');
INSERT INTO `publisher_book`(`publisher`, `entryid`) VALUES ('Shiplet Inc.','1105468');
INSERT INTO `entry`(`entryid`,`type`) VALUES('1105469','b');
INSERT INTO `book`(`title`,`entryid`,`isbn`) VALUES('Mass vs. strident Minister','1105469','0586470735786');
INSERT INTO `genre_book`(`genre`, `entryid`) VALUES ('Romance','1105469');
INSERT INTO `author_book`(`author`, `entryid`) VALUES ('Creola Selvage','1105469');
INSERT INTO `publisher_book`(`publisher`, `entryid`) VALUES ('Bielefeld Publishers.','1105469');
INSERT INTO `entry`(`entryid`,`type`) VALUES('1105470','b');
INSERT INTO `book`(`title`,`entryid`,`isbn`) VALUES('Point because of tardy Bone','1105470','9564019973982');
INSERT INTO `genre_book`(`genre`, `entryid`) VALUES ('Horror','1105470');
INSERT INTO `author_book`(`author`, `entryid`) VALUES ('Teofila Mattan','1105470');
INSERT INTO `publisher_book`(`publisher`, `entryid`) VALUES ('Sago Publishers.','1105470');
INSERT INTO `entry`(`entryid`,`type`) VALUES('1105471','b');
INSERT INTO `book`(`title`,`entryid`,`isbn`) VALUES('Turkey and the goofiest Bongo','1105471','9458516258152');
INSERT INTO `genre_book`(`genre`, `entryid`) VALUES ('Sci-Fi','1105471');
INSERT INTO `author_book`(`author`, `entryid`) VALUES ('Jerrie Strazza','1105471');
INSERT INTO `publisher_book`(`publisher`, `entryid`) VALUES ('Aljemal Inc.','1105471');
INSERT INTO `entry`(`entryid`,`type`) VALUES('1105472','b');
INSERT INTO `book`(`title`,`entryid`,`isbn`) VALUES('Bush by the ignescent Grip','1105472','0974547799232');
INSERT INTO `genre_book`(`genre`, `entryid`) VALUES ('Adventure','1105472');
INSERT INTO `author_book`(`author`, `entryid`) VALUES ('Charity Rathke','1105472');
INSERT INTO `publisher_book`(`publisher`, `entryid`) VALUES ('Aono Cooperations.','1105472');
INSERT INTO `entry`(`entryid`,`type`) VALUES('1105473','b');
INSERT INTO `book`(`title`,`entryid`,`isbn`) VALUES('Fragrance with the Coach','1105473','9133861771312');
INSERT INTO `genre_book`(`genre`, `entryid`) VALUES ('Horror','1105473');
INSERT INTO `author`(`name`,`birthyear`,`deathyear`) VALUES('Sylvie Delaportilla','1966','2065');
INSERT INTO `author_book`(`author`, `entryid`) VALUES ('Sylvie Delaportilla','1105473');
INSERT INTO `publisher_book`(`publisher`, `entryid`) VALUES ('Rocks Cooperations.','1105473');
INSERT INTO `entry`(`entryid`,`type`) VALUES('1105474','b');
INSERT INTO `book`(`title`,`entryid`,`isbn`) VALUES('Cattle and Scarecrow','1105474','0794799191687');
INSERT INTO `genre_book`(`genre`, `entryid`) VALUES ('Sci-Fi','1105474');
INSERT INTO `author_book`(`author`, `entryid`) VALUES ('Karin Neimeyer','1105474');
INSERT INTO `publisher_book`(`publisher`, `entryid`) VALUES ('Sago Publishers.','1105474');
INSERT INTO `entry`(`entryid`,`type`) VALUES('1105475','b');
INSERT INTO `book`(`title`,`entryid`,`isbn`) VALUES('Cake against energizing Cooking','1105475','0779425350236');
INSERT INTO `genre_book`(`genre`, `entryid`) VALUES ('Adventure','1105475');
INSERT INTO `author`(`name`,`birthyear`,`deathyear`) VALUES('Elinore Helstad','1921','2013');
INSERT INTO `author_book`(`author`, `entryid`) VALUES ('Elinore Helstad','1105475');
INSERT INTO `publisher_book`(`publisher`, `entryid`) VALUES ('Lapierre Cooperations.','1105475');
INSERT INTO `entry`(`entryid`,`type`) VALUES('1105476','b');
INSERT INTO `book`(`title`,`entryid`,`isbn`) VALUES('Boot with beatific Friction','1105476','0005152540327');
INSERT INTO `genre_book`(`genre`, `entryid`) VALUES ('Sci-Fi','1105476');
INSERT INTO `author`(`name`,`birthyear`,`deathyear`) VALUES('Jani Armando','1928','1974');
INSERT INTO `author_book`(`author`, `entryid`) VALUES ('Jani Armando','1105476');
INSERT INTO `publisher_book`(`publisher`, `entryid`) VALUES ('Bielefeld Publishers.','1105476');
INSERT INTO `entry`(`entryid`,`type`) VALUES('1105477','b');
INSERT INTO `book`(`title`,`entryid`,`isbn`) VALUES('Cormorant against Office','1105477','0208928416164');
INSERT INTO `genre_book`(`genre`, `entryid`) VALUES ('Adventure','1105477');
INSERT INTO `author_book`(`author`, `entryid`) VALUES ('Kortney Hilman','1105477');
INSERT INTO `publisher_book`(`publisher`, `entryid`) VALUES ('Ards Inc.','1105477');
INSERT INTO `entry`(`entryid`,`type`) VALUES('1105478','b');
INSERT INTO `book`(`title`,`entryid`,`isbn`) VALUES('Periodical in draperied Flesh','1105478','0660443424800');
INSERT INTO `genre_book`(`genre`, `entryid`) VALUES ('Education','1105478');
INSERT INTO `author_book`(`author`, `entryid`) VALUES ('Otha Eversoll','1105478');
INSERT INTO `publisher_book`(`publisher`, `entryid`) VALUES ('Dewing Cooperations.','1105478');
INSERT INTO `entry`(`entryid`,`type`) VALUES('1105479','b');
INSERT INTO `book`(`title`,`entryid`,`isbn`) VALUES('Sex against the elephantoid Chill','1105479','0725789684964');
INSERT INTO `genre_book`(`genre`, `entryid`) VALUES ('Romance','1105479');
INSERT INTO `author_book`(`author`, `entryid`) VALUES ('Arnetta Briley','1105479');
INSERT INTO `publisher_book`(`publisher`, `entryid`) VALUES ('Hansteen Publishers.','1105479');
INSERT INTO `entry`(`entryid`,`type`) VALUES('1105480','b');
INSERT INTO `book`(`title`,`entryid`,`isbn`) VALUES('Dentist and the nearest Tuba','1105480','9461483431306');
INSERT INTO `genre_book`(`genre`, `entryid`) VALUES ('Thriller','1105480');
INSERT INTO `author`(`name`,`birthyear`,`deathyear`) VALUES('Ronna Warrix','1892','1966');
INSERT INTO `author_book`(`author`, `entryid`) VALUES ('Ronna Warrix','1105480');
INSERT INTO `publisher_book`(`publisher`, `entryid`) VALUES ('Swaggert Inc.','1105480');
INSERT INTO `entry`(`entryid`,`type`) VALUES('1105481','b');
INSERT INTO `book`(`title`,`entryid`,`isbn`) VALUES('Calendar to Piano','1105481','9684877502348');
INSERT INTO `genre_book`(`genre`, `entryid`) VALUES ('Education','1105481');
INSERT INTO `author`(`name`,`birthyear`,`deathyear`) VALUES('Woodrow Oreb','1926','1949');
INSERT INTO `author_book`(`author`, `entryid`) VALUES ('Woodrow Oreb','1105481');
INSERT INTO `publisher_book`(`publisher`, `entryid`) VALUES ('Bartram Publishers.','1105481');
INSERT INTO `entry`(`entryid`,`type`) VALUES('1105482','b');
INSERT INTO `book`(`title`,`entryid`,`isbn`) VALUES('Pheasant against the Gum','1105482','9605241223396');
INSERT INTO `genre_book`(`genre`, `entryid`) VALUES ('Horror','1105482');
INSERT INTO `author`(`name`,`birthyear`,`deathyear`) VALUES('Estefana Virgel','1939','1998');
INSERT INTO `author_book`(`author`, `entryid`) VALUES ('Estefana Virgel','1105482');
INSERT INTO `publisher_book`(`publisher`, `entryid`) VALUES ('Cucinella Inc.','1105482');
INSERT INTO `entry`(`entryid`,`type`) VALUES('1105483','b');
INSERT INTO `book`(`title`,`entryid`,`isbn`) VALUES('Mistake and the vaccinated Library','1105483','9736703733518');
INSERT INTO `genre_book`(`genre`, `entryid`) VALUES ('Romance','1105483');
INSERT INTO `author`(`name`,`birthyear`,`deathyear`) VALUES('Claudia Auter','1901','1993');
INSERT INTO `author_book`(`author`, `entryid`) VALUES ('Claudia Auter','1105483');
INSERT INTO `publisher_book`(`publisher`, `entryid`) VALUES ('Sago Publishers.','1105483');
INSERT INTO `entry`(`entryid`,`type`) VALUES('1105484','b');
INSERT INTO `book`(`title`,`entryid`,`isbn`) VALUES('Wood against Segment','1105484','9306498172720');
INSERT INTO `genre_book`(`genre`, `entryid`) VALUES ('Science','1105484');
INSERT INTO `author_book`(`author`, `entryid`) VALUES ('Nicole Chipp','1105484');
INSERT INTO `publisher_book`(`publisher`, `entryid`) VALUES ('Spanier Inc.','1105484');
INSERT INTO `entry`(`entryid`,`type`) VALUES('1105485','b');
INSERT INTO `book`(`title`,`entryid`,`isbn`) VALUES('Crawdad to Texture','1105485','9943223256368');
INSERT INTO `genre_book`(`genre`, `entryid`) VALUES ('Romance','1105485');
INSERT INTO `author`(`name`,`birthyear`,`deathyear`) VALUES('Heide Tatsch','1917','1948');
INSERT INTO `author_book`(`author`, `entryid`) VALUES ('Heide Tatsch','1105485');
INSERT INTO `publisher_book`(`publisher`, `entryid`) VALUES ('Moos Publishers.','1105485');
INSERT INTO `entry`(`entryid`,`type`) VALUES('1105486','b');
INSERT INTO `book`(`title`,`entryid`,`isbn`) VALUES('Pajama with the stone-cold Reindeer','1105486','0155871318197');
INSERT INTO `genre_book`(`genre`, `entryid`) VALUES ('Sci-Fi','1105486');
INSERT INTO `author_book`(`author`, `entryid`) VALUES ('Klara Haubrich','1105486');
INSERT INTO `publisher_book`(`publisher`, `entryid`) VALUES ('Ruddick Publishers.','1105486');
INSERT INTO `entry`(`entryid`,`type`) VALUES('1105487','b');
INSERT INTO `book`(`title`,`entryid`,`isbn`) VALUES('Number and Silk','1105487','0963956350880');
INSERT INTO `genre_book`(`genre`, `entryid`) VALUES ('Adventure','1105487');
INSERT INTO `author_book`(`author`, `entryid`) VALUES ('Emerald Fairall','1105487');
INSERT INTO `publisher_book`(`publisher`, `entryid`) VALUES ('Weimer Inc.','1105487');
INSERT INTO `entry`(`entryid`,`type`) VALUES('1105488','b');
INSERT INTO `book`(`title`,`entryid`,`isbn`) VALUES('Avenue in polyphyodont Fountain','1105488','9017519834348');
INSERT INTO `genre_book`(`genre`, `entryid`) VALUES ('Sci-Fi','1105488');
INSERT INTO `author_book`(`author`, `entryid`) VALUES ('Hortensia Slotemaker','1105488');
INSERT INTO `publisher_book`(`publisher`, `entryid`) VALUES ('Hodermarsky Cooperations.','1105488');
INSERT INTO `entry`(`entryid`,`type`) VALUES('1105489','b');
INSERT INTO `book`(`title`,`entryid`,`isbn`) VALUES('Peony and coarse Manager','1105489','0625370486131');
INSERT INTO `genre_book`(`genre`, `entryid`) VALUES ('Science','1105489');
INSERT INTO `author`(`name`,`birthyear`,`deathyear`) VALUES('Sheila Marcum','1919','1986');
INSERT INTO `author_book`(`author`, `entryid`) VALUES ('Sheila Marcum','1105489');
INSERT INTO `publisher_book`(`publisher`, `entryid`) VALUES ('Moors Publishers.','1105489');
INSERT INTO `entry`(`entryid`,`type`) VALUES('1105490','b');
INSERT INTO `book`(`title`,`entryid`,`isbn`) VALUES('Flame by the Booklet','1105490','9857069904619');
INSERT INTO `genre_book`(`genre`, `entryid`) VALUES ('Adventure','1105490');
INSERT INTO `author_book`(`author`, `entryid`) VALUES ('Lajuana Rousu','1105490');
INSERT INTO `publisher_book`(`publisher`, `entryid`) VALUES ('Lapierre Cooperations.','1105490');
INSERT INTO `entry`(`entryid`,`type`) VALUES('1105491','b');
INSERT INTO `book`(`title`,`entryid`,`isbn`) VALUES('Chain to accretive Month','1105491','0926108355049');
INSERT INTO `genre_book`(`genre`, `entryid`) VALUES ('Education','1105491');
INSERT INTO `author_book`(`author`, `entryid`) VALUES ('Narcisa Carriere','1105491');
INSERT INTO `publisher_book`(`publisher`, `entryid`) VALUES ('Weissenborn Publishers.','1105491');
INSERT INTO `entry`(`entryid`,`type`) VALUES('1105492','b');
INSERT INTO `book`(`title`,`entryid`,`isbn`) VALUES('Sailboat by the figured Zinc','1105492','0219108164173');
INSERT INTO `genre_book`(`genre`, `entryid`) VALUES ('Romance','1105492');
INSERT INTO `author`(`name`,`birthyear`,`deathyear`) VALUES('Rosalia Wolbert','1937','1973');
INSERT INTO `author_book`(`author`, `entryid`) VALUES ('Rosalia Wolbert','1105492');
INSERT INTO `publisher_book`(`publisher`, `entryid`) VALUES ('Wince Publishers.','1105492');
INSERT INTO `entry`(`entryid`,`type`) VALUES('1105493','b');
INSERT INTO `book`(`title`,`entryid`,`isbn`) VALUES('August and China','1105493','9004808420121');
INSERT INTO `genre_book`(`genre`, `entryid`) VALUES ('Romance','1105493');
INSERT INTO `author_book`(`author`, `entryid`) VALUES ('Aurelia Piearcy','1105493');
INSERT INTO `publisher_book`(`publisher`, `entryid`) VALUES ('Spanier Inc.','1105493');
INSERT INTO `entry`(`entryid`,`type`) VALUES('1105494','b');
INSERT INTO `book`(`title`,`entryid`,`isbn`) VALUES('Building with the Mexican','1105494','0544071154361');
INSERT INTO `genre_book`(`genre`, `entryid`) VALUES ('Romance','1105494');
INSERT INTO `author_book`(`author`, `entryid`) VALUES ('Pablo Peralta','1105494');
INSERT INTO `publisher_book`(`publisher`, `entryid`) VALUES ('Loscalzo Publishers.','1105494');
INSERT INTO `entry`(`entryid`,`type`) VALUES('1105495','b');
INSERT INTO `book`(`title`,`entryid`,`isbn`) VALUES('Canoe against the concavo-concave Oval','1105495','9540769443191');
INSERT INTO `genre_book`(`genre`, `entryid`) VALUES ('Romance','1105495');
INSERT INTO `author`(`name`,`birthyear`,`deathyear`) VALUES('Ernie Jerdee','1893','1987');
INSERT INTO `author_book`(`author`, `entryid`) VALUES ('Ernie Jerdee','1105495');
INSERT INTO `publisher_book`(`publisher`, `entryid`) VALUES ('Bauchspies Publishers.','1105495');
INSERT INTO `entry`(`entryid`,`type`) VALUES('1105496','b');
INSERT INTO `book`(`title`,`entryid`,`isbn`) VALUES('Blood to the missive Whiskey','1105496','0855750191415');
INSERT INTO `genre_book`(`genre`, `entryid`) VALUES ('Romance','1105496');
INSERT INTO `author_book`(`author`, `entryid`) VALUES ('Lashawna Tenaglia','1105496');
INSERT INTO `publisher_book`(`publisher`, `entryid`) VALUES ('Zerangue Cooperations.','1105496');
INSERT INTO `entry`(`entryid`,`type`) VALUES('1105497','b');
INSERT INTO `book`(`title`,`entryid`,`isbn`) VALUES('Spring for the unhunted Wall','1105497','0332287755068');
INSERT INTO `genre_book`(`genre`, `entryid`) VALUES ('Thriller','1105497');
INSERT INTO `author_book`(`author`, `entryid`) VALUES ('Bernie Lorange','1105497');
INSERT INTO `publisher_book`(`publisher`, `entryid`) VALUES ('Wriedt Publishers.','1105497');
INSERT INTO `entry`(`entryid`,`type`) VALUES('1105498','b');
INSERT INTO `book`(`title`,`entryid`,`isbn`) VALUES('Sister for radiophonic Pamphlet','1105498','9562741442770');
INSERT INTO `genre_book`(`genre`, `entryid`) VALUES ('Adventure','1105498');
INSERT INTO `author_book`(`author`, `entryid`) VALUES ('Cherryl Bock','1105498');
INSERT INTO `publisher_book`(`publisher`, `entryid`) VALUES ('Weimer Inc.','1105498');
INSERT INTO `entry`(`entryid`,`type`) VALUES('1105499','b');
INSERT INTO `book`(`title`,`entryid`,`isbn`) VALUES('Jogging by taxonomical Beer','1105499','9412649099969');
INSERT INTO `genre_book`(`genre`, `entryid`) VALUES ('Science','1105499');
INSERT INTO `author_book`(`author`, `entryid`) VALUES ('Pablo Peralta','1105499');
INSERT INTO `publisher_book`(`publisher`, `entryid`) VALUES ('Hobin Cooperations.','1105499');
INSERT INTO `entry`(`entryid`,`type`) VALUES('1105500','b');
INSERT INTO `book`(`title`,`entryid`,`isbn`) VALUES('Bolt with bravest Nurse','1105500','9045764983003');
INSERT INTO `genre_book`(`genre`, `entryid`) VALUES ('Education','1105500');
INSERT INTO `author_book`(`author`, `entryid`) VALUES ('Aurelia Piearcy','1105500');
INSERT INTO `publisher_book`(`publisher`, `entryid`) VALUES ('Weissenborn Publishers.','1105500');
INSERT INTO `entry`(`entryid`,`type`) VALUES('1105501','b');
INSERT INTO `book`(`title`,`entryid`,`isbn`) VALUES('Open to the Toe','1105501','9260241226573');
INSERT INTO `genre_book`(`genre`, `entryid`) VALUES ('Horror','1105501');
INSERT INTO `author_book`(`author`, `entryid`) VALUES ('Winifred Bondanza','1105501');
INSERT INTO `publisher_book`(`publisher`, `entryid`) VALUES ('Sensing Cooperations.','1105501');
INSERT INTO `entry`(`entryid`,`type`) VALUES('1105502','b');
INSERT INTO `book`(`title`,`entryid`,`isbn`) VALUES('Schedule by the foresightful Ferryboat','1105502','9265563363054');
INSERT INTO `genre_book`(`genre`, `entryid`) VALUES ('Thriller','1105502');
INSERT INTO `author_book`(`author`, `entryid`) VALUES ('Sylvie Delaportilla','1105502');
INSERT INTO `publisher_book`(`publisher`, `entryid`) VALUES ('Swaggert Inc.','1105502');
INSERT INTO `entry`(`entryid`,`type`) VALUES('1105503','b');
INSERT INTO `book`(`title`,`entryid`,`isbn`) VALUES('Horse against Okra','1105503','9238348577843');
INSERT INTO `genre_book`(`genre`, `entryid`) VALUES ('Science','1105503');
INSERT INTO `author_book`(`author`, `entryid`) VALUES ('Linette Hudgins','1105503');
INSERT INTO `publisher_book`(`publisher`, `entryid`) VALUES ('Zerangue Cooperations.','1105503');
INSERT INTO `entry`(`entryid`,`type`) VALUES('1105504','b');
INSERT INTO `book`(`title`,`entryid`,`isbn`) VALUES('Appeal for the microbian Pendulum','1105504','0244826381083');
INSERT INTO `genre_book`(`genre`, `entryid`) VALUES ('Thriller','1105504');
INSERT INTO `author_book`(`author`, `entryid`) VALUES ('Aldo Koegel','1105504');
INSERT INTO `publisher_book`(`publisher`, `entryid`) VALUES ('Pettiford Cooperations.','1105504');
INSERT INTO `entry`(`entryid`,`type`) VALUES('1105505','b');
INSERT INTO `book`(`title`,`entryid`,`isbn`) VALUES('Ptarmigan in the Population','1105505','9444495517201');
INSERT INTO `genre_book`(`genre`, `entryid`) VALUES ('Romance','1105505');
INSERT INTO `author_book`(`author`, `entryid`) VALUES ('Nicole Chipp','1105505');
INSERT INTO `publisher_book`(`publisher`, `entryid`) VALUES ('Aono Cooperations.','1105505');
INSERT INTO `entry`(`entryid`,`type`) VALUES('1105506','b');
INSERT INTO `book`(`title`,`entryid`,`isbn`) VALUES('Grill in Trade','1105506','9301736833676');
INSERT INTO `genre_book`(`genre`, `entryid`) VALUES ('Thriller','1105506');
INSERT INTO `author`(`name`,`birthyear`,`deathyear`) VALUES('Kristel Panzella','1980','2014');
INSERT INTO `author_book`(`author`, `entryid`) VALUES ('Kristel Panzella','1105506');
INSERT INTO `publisher_book`(`publisher`, `entryid`) VALUES ('Woollard Cooperations.','1105506');
INSERT INTO `entry`(`entryid`,`type`) VALUES('1105507','b');
INSERT INTO `book`(`title`,`entryid`,`isbn`) VALUES('Gray with the Pillow','1105507','0331610301669');
INSERT INTO `genre_book`(`genre`, `entryid`) VALUES ('Horror','1105507');
INSERT INTO `author_book`(`author`, `entryid`) VALUES ('Ernie Jerdee','1105507');
INSERT INTO `publisher_book`(`publisher`, `entryid`) VALUES ('Yenney Cooperations.','1105507');
INSERT INTO `entry`(`entryid`,`type`) VALUES('1105508','b');
INSERT INTO `book`(`title`,`entryid`,`isbn`) VALUES('Route for Turkish','1105508','0082204041207');
INSERT INTO `genre_book`(`genre`, `entryid`) VALUES ('Adventure','1105508');
INSERT INTO `author_book`(`author`, `entryid`) VALUES ('Luana Piskel','1105508');
INSERT INTO `publisher_book`(`publisher`, `entryid`) VALUES ('Martinell Cooperations.','1105508');
INSERT INTO `entry`(`entryid`,`type`) VALUES('1105509','b');
INSERT INTO `book`(`title`,`entryid`,`isbn`) VALUES('Cherries of Mirror','1105509','0409722051838');
INSERT INTO `genre_book`(`genre`, `entryid`) VALUES ('Adventure','1105509');
INSERT INTO `author_book`(`author`, `entryid`) VALUES ('Zofia Whitehair','1105509');
INSERT INTO `publisher_book`(`publisher`, `entryid`) VALUES ('Seminole Inc.','1105509');
INSERT INTO `entry`(`entryid`,`type`) VALUES('1105510','b');
INSERT INTO `book`(`title`,`entryid`,`isbn`) VALUES('Desk of the Pressure','1105510','0425863753753');
INSERT INTO `genre_book`(`genre`, `entryid`) VALUES ('Science','1105510');
INSERT INTO `author_book`(`author`, `entryid`) VALUES ('Socorro Berlo','1105510');
INSERT INTO `publisher_book`(`publisher`, `entryid`) VALUES ('Mcwhinney Cooperations.','1105510');
INSERT INTO `entry`(`entryid`,`type`) VALUES('1105511','b');
INSERT INTO `book`(`title`,`entryid`,`isbn`) VALUES('Word because of protracted Capital','1105511','0345544228208');
INSERT INTO `genre_book`(`genre`, `entryid`) VALUES ('Horror','1105511');
INSERT INTO `author_book`(`author`, `entryid`) VALUES ('Chas Savary','1105511');
INSERT INTO `publisher_book`(`publisher`, `entryid`) VALUES ('Lampinen Publishers.','1105511');
INSERT INTO `entry`(`entryid`,`type`) VALUES('1105512','b');
INSERT INTO `book`(`title`,`entryid`,`isbn`) VALUES('Island with Corn','1105512','0963235615786');
INSERT INTO `genre_book`(`genre`, `entryid`) VALUES ('Adventure','1105512');
INSERT INTO `author_book`(`author`, `entryid`) VALUES ('Rosemarie Lillig','1105512');
INSERT INTO `publisher_book`(`publisher`, `entryid`) VALUES ('Lampinen Publishers.','1105512');
INSERT INTO `entry`(`entryid`,`type`) VALUES('1105513','b');
INSERT INTO `book`(`title`,`entryid`,`isbn`) VALUES('Find because of Flax','1105513','9860697667157');
INSERT INTO `genre_book`(`genre`, `entryid`) VALUES ('Thriller','1105513');
INSERT INTO `author`(`name`,`birthyear`,`deathyear`) VALUES('Reta Jennifer','1920','1975');
INSERT INTO `author_book`(`author`, `entryid`) VALUES ('Reta Jennifer','1105513');
INSERT INTO `publisher_book`(`publisher`, `entryid`) VALUES ('Kubert Publishers.','1105513');
INSERT INTO `entry`(`entryid`,`type`) VALUES('1105514','b');
INSERT INTO `book`(`title`,`entryid`,`isbn`) VALUES('Rutabaga with Oyster','1105514','9594905052903');
INSERT INTO `genre_book`(`genre`, `entryid`) VALUES ('Adventure','1105514');
INSERT INTO `author`(`name`,`birthyear`,`deathyear`) VALUES('Veronica Shinsel','1880','1909');
INSERT INTO `author_book`(`author`, `entryid`) VALUES ('Veronica Shinsel','1105514');
INSERT INTO `publisher_book`(`publisher`, `entryid`) VALUES ('Kubert Publishers.','1105514');
INSERT INTO `entry`(`entryid`,`type`) VALUES('1105515','b');
INSERT INTO `book`(`title`,`entryid`,`isbn`) VALUES('Vault against the Shrine','1105515','0361267683279');
INSERT INTO `genre_book`(`genre`, `entryid`) VALUES ('Thriller','1105515');
INSERT INTO `author_book`(`author`, `entryid`) VALUES ('Cassaundra Piccinini','1105515');
INSERT INTO `publisher_book`(`publisher`, `entryid`) VALUES ('Shontz Publishers.','1105515');
INSERT INTO `entry`(`entryid`,`type`) VALUES('1105516','b');
INSERT INTO `book`(`title`,`entryid`,`isbn`) VALUES('Bangladesh against unenvying Break','1105516','0937526390918');
INSERT INTO `genre_book`(`genre`, `entryid`) VALUES ('Education','1105516');
INSERT INTO `author_book`(`author`, `entryid`) VALUES ('Lyle Goodale','1105516');
INSERT INTO `publisher_book`(`publisher`, `entryid`) VALUES ('Pettiford Cooperations.','1105516');
INSERT INTO `entry`(`entryid`,`type`) VALUES('1105517','b');
INSERT INTO `book`(`title`,`entryid`,`isbn`) VALUES('Employee for intergovernmental Market','1105517','0309791569993');
INSERT INTO `genre_book`(`genre`, `entryid`) VALUES ('Education','1105517');
INSERT INTO `author_book`(`author`, `entryid`) VALUES ('Heide Tatsch','1105517');
INSERT INTO `publisher_book`(`publisher`, `entryid`) VALUES ('Panzarino Publishers.','1105517');
INSERT INTO `entry`(`entryid`,`type`) VALUES('1105518','b');
INSERT INTO `book`(`title`,`entryid`,`isbn`) VALUES('Lynx of the Nigeria','1105518','0937717665849');
INSERT INTO `genre_book`(`genre`, `entryid`) VALUES ('Education','1105518');
INSERT INTO `author_book`(`author`, `entryid`) VALUES ('Kym Moniak','1105518');
INSERT INTO `publisher_book`(`publisher`, `entryid`) VALUES ('Seminole Inc.','1105518');
INSERT INTO `entry`(`entryid`,`type`) VALUES('1105519','b');
INSERT INTO `book`(`title`,`entryid`,`isbn`) VALUES('Room against the appreciated Database','1105519','9044300459226');
INSERT INTO `genre_book`(`genre`, `entryid`) VALUES ('Adventure','1105519');
INSERT INTO `author_book`(`author`, `entryid`) VALUES ('Christin Verkler','1105519');
INSERT INTO `publisher_book`(`publisher`, `entryid`) VALUES ('Wince Publishers.','1105519');
INSERT INTO `entry`(`entryid`,`type`) VALUES('1105520','b');
INSERT INTO `book`(`title`,`entryid`,`isbn`) VALUES('Eyeliner of the scantier Diaphragm','1105520','0406020474293');
INSERT INTO `genre_book`(`genre`, `entryid`) VALUES ('Thriller','1105520');
INSERT INTO `author_book`(`author`, `entryid`) VALUES ('Terrie Mcnichol','1105520');
INSERT INTO `publisher_book`(`publisher`, `entryid`) VALUES ('Bartram Publishers.','1105520');
INSERT INTO `entry`(`entryid`,`type`) VALUES('1105521','b');
INSERT INTO `book`(`title`,`entryid`,`isbn`) VALUES('Collision against Myanmar','1105521','0962325922781');
INSERT INTO `genre_book`(`genre`, `entryid`) VALUES ('Education','1105521');
INSERT INTO `author_book`(`author`, `entryid`) VALUES ('Leon Ruthstrom','1105521');
INSERT INTO `publisher_book`(`publisher`, `entryid`) VALUES ('Mignogna Publishers.','1105521');
INSERT INTO `entry`(`entryid`,`type`) VALUES('1105522','b');
INSERT INTO `book`(`title`,`entryid`,`isbn`) VALUES('Orchestra against Multi-hop','1105522','9963621462991');
INSERT INTO `genre_book`(`genre`, `entryid`) VALUES ('Sci-Fi','1105522');
INSERT INTO `author_book`(`author`, `entryid`) VALUES ('Donita Meldrum','1105522');
INSERT INTO `publisher_book`(`publisher`, `entryid`) VALUES ('Dewing Cooperations.','1105522');
INSERT INTO `entry`(`entryid`,`type`) VALUES('1105523','b');
INSERT INTO `book`(`title`,`entryid`,`isbn`) VALUES('Competition because of numinous Kevin','1105523','9459254359812');
INSERT INTO `genre_book`(`genre`, `entryid`) VALUES ('Sci-Fi','1105523');
INSERT INTO `author_book`(`author`, `entryid`) VALUES ('Estefana Virgel','1105523');
INSERT INTO `publisher_book`(`publisher`, `entryid`) VALUES ('Drew Cooperations.','1105523');
INSERT INTO `entry`(`entryid`,`type`) VALUES('1105524','b');
INSERT INTO `book`(`title`,`entryid`,`isbn`) VALUES('Soccer to the exhilarant Quicksand','1105524','9912187257178');
INSERT INTO `genre_book`(`genre`, `entryid`) VALUES ('Romance','1105524');
INSERT INTO `author_book`(`author`, `entryid`) VALUES ('Bernie Mangon','1105524');
INSERT INTO `publisher_book`(`publisher`, `entryid`) VALUES ('Swaggert Inc.','1105524');
INSERT INTO `entry`(`entryid`,`type`) VALUES('1105525','b');
INSERT INTO `book`(`title`,`entryid`,`isbn`) VALUES('Crayon for ancillary Random','1105525','0579361409485');
INSERT INTO `genre_book`(`genre`, `entryid`) VALUES ('Adventure','1105525');
INSERT INTO `author_book`(`author`, `entryid`) VALUES ('Manuel Gutkowski','1105525');
INSERT INTO `publisher_book`(`publisher`, `entryid`) VALUES ('Woollard Cooperations.','1105525');
INSERT INTO `entry`(`entryid`,`type`) VALUES('1105526','b');
INSERT INTO `book`(`title`,`entryid`,`isbn`) VALUES('Timbale against Typhoon','1105526','9582916366468');
INSERT INTO `genre_book`(`genre`, `entryid`) VALUES ('Horror','1105526');
INSERT INTO `author_book`(`author`, `entryid`) VALUES ('Vertie Rohland','1105526');
INSERT INTO `publisher_book`(`publisher`, `entryid`) VALUES ('Treinen Publishers.','1105526');
INSERT INTO `entry`(`entryid`,`type`) VALUES('1105527','b');
INSERT INTO `book`(`title`,`entryid`,`isbn`) VALUES('Ketchup and Hour','1105527','9380876746208');
INSERT INTO `genre_book`(`genre`, `entryid`) VALUES ('Horror','1105527');
INSERT INTO `author_book`(`author`, `entryid`) VALUES ('Hedwig Vemura','1105527');
INSERT INTO `publisher_book`(`publisher`, `entryid`) VALUES ('Zerangue Cooperations.','1105527');
INSERT INTO `entry`(`entryid`,`type`) VALUES('1105528','b');
INSERT INTO `book`(`title`,`entryid`,`isbn`) VALUES('College against the Base','1105528','9228942624151');
INSERT INTO `genre_book`(`genre`, `entryid`) VALUES ('Education','1105528');
INSERT INTO `author_book`(`author`, `entryid`) VALUES ('Janise Pagaduan','1105528');
INSERT INTO `publisher_book`(`publisher`, `entryid`) VALUES ('Fetrow Inc.','1105528');
INSERT INTO `entry`(`entryid`,`type`) VALUES('1105529','b');
INSERT INTO `book`(`title`,`entryid`,`isbn`) VALUES('Poppy against crosscut Thursday','1105529','0066836999137');
INSERT INTO `genre_book`(`genre`, `entryid`) VALUES ('Adventure','1105529');
INSERT INTO `author_book`(`author`, `entryid`) VALUES ('Myrtis Dallen','1105529');
INSERT INTO `publisher_book`(`publisher`, `entryid`) VALUES ('Frieze Publishers.','1105529');
INSERT INTO `entry`(`entryid`,`type`) VALUES('1105530','b');
INSERT INTO `book`(`title`,`entryid`,`isbn`) VALUES('Pepper to the unprintable Chinese','1105530','9738859639028');
INSERT INTO `genre_book`(`genre`, `entryid`) VALUES ('Education','1105530');
INSERT INTO `author_book`(`author`, `entryid`) VALUES ('Jamaal Breske','1105530');
INSERT INTO `publisher_book`(`publisher`, `entryid`) VALUES ('Funari Publishers.','1105530');
INSERT INTO `entry`(`entryid`,`type`) VALUES('1105531','b');
INSERT INTO `book`(`title`,`entryid`,`isbn`) VALUES('Sister-in-law for mitochondrial Lobster','1105531','9223714594474');
INSERT INTO `genre_book`(`genre`, `entryid`) VALUES ('Horror','1105531');
INSERT INTO `author_book`(`author`, `entryid`) VALUES ('Holli Verplanck','1105531');
INSERT INTO `publisher_book`(`publisher`, `entryid`) VALUES ('Fetrow Inc.','1105531');
INSERT INTO `entry`(`entryid`,`type`) VALUES('1105532','b');
INSERT INTO `book`(`title`,`entryid`,`isbn`) VALUES('Protest against the Panties','1105532','9993000401111');
INSERT INTO `genre_book`(`genre`, `entryid`) VALUES ('Education','1105532');
INSERT INTO `author_book`(`author`, `entryid`) VALUES ('Nestor Naish','1105532');
INSERT INTO `publisher_book`(`publisher`, `entryid`) VALUES ('Hansteen Publishers.','1105532');
INSERT INTO `entry`(`entryid`,`type`) VALUES('1105533','b');
INSERT INTO `book`(`title`,`entryid`,`isbn`) VALUES('Bite in ungermane Himalayan','1105533','0261460170712');
INSERT INTO `genre_book`(`genre`, `entryid`) VALUES ('Romance','1105533');
INSERT INTO `author_book`(`author`, `entryid`) VALUES ('Shanika Trame','1105533');
INSERT INTO `publisher_book`(`publisher`, `entryid`) VALUES ('Tubman Inc.','1105533');
INSERT INTO `entry`(`entryid`,`type`) VALUES('1105534','b');
INSERT INTO `book`(`title`,`entryid`,`isbn`) VALUES('Position of Toad','1105534','9754608819947');
INSERT INTO `genre_book`(`genre`, `entryid`) VALUES ('Thriller','1105534');
INSERT INTO `author_book`(`author`, `entryid`) VALUES ('Leisha Obrein','1105534');
INSERT INTO `publisher_book`(`publisher`, `entryid`) VALUES ('Tubman Inc.','1105534');
INSERT INTO `entry`(`entryid`,`type`) VALUES('1105535','b');
INSERT INTO `book`(`title`,`entryid`,`isbn`) VALUES('Boy to pentangular Authorisation','1105535','0814935987368');
INSERT INTO `genre_book`(`genre`, `entryid`) VALUES ('Thriller','1105535');
INSERT INTO `author_book`(`author`, `entryid`) VALUES ('Silas Dobosh','1105535');
INSERT INTO `publisher_book`(`publisher`, `entryid`) VALUES ('Autrano Publishers.','1105535');
INSERT INTO `entry`(`entryid`,`type`) VALUES('1105536','b');
INSERT INTO `book`(`title`,`entryid`,`isbn`) VALUES('Twist for the Chive','1105536','0394763141722');
INSERT INTO `genre_book`(`genre`, `entryid`) VALUES ('Science','1105536');
INSERT INTO `author_book`(`author`, `entryid`) VALUES ('Marsha Nurre','1105536');
INSERT INTO `publisher_book`(`publisher`, `entryid`) VALUES ('Sago Publishers.','1105536');
INSERT INTO `entry`(`entryid`,`type`) VALUES('1105537','b');
INSERT INTO `book`(`title`,`entryid`,`isbn`) VALUES('Stage of the geographic Salesman','1105537','0239939086530');
INSERT INTO `genre_book`(`genre`, `entryid`) VALUES ('Horror','1105537');
INSERT INTO `author_book`(`author`, `entryid`) VALUES ('Klara Haubrich','1105537');
INSERT INTO `publisher_book`(`publisher`, `entryid`) VALUES ('Pettiford Cooperations.','1105537');
INSERT INTO `entry`(`entryid`,`type`) VALUES('1105538','b');
INSERT INTO `book`(`title`,`entryid`,`isbn`) VALUES('Chard for superambitious Sharon','1105538','9820917965037');
INSERT INTO `genre_book`(`genre`, `entryid`) VALUES ('Thriller','1105538');
INSERT INTO `author_book`(`author`, `entryid`) VALUES ('Maddie Siregar','1105538');
INSERT INTO `publisher_book`(`publisher`, `entryid`) VALUES ('Herl Publishers.','1105538');
INSERT INTO `entry`(`entryid`,`type`) VALUES('1105539','b');
INSERT INTO `book`(`title`,`entryid`,`isbn`) VALUES('Brow in the Pancake','1105539','9192609499872');
INSERT INTO `genre_book`(`genre`, `entryid`) VALUES ('Sci-Fi','1105539');
INSERT INTO `author_book`(`author`, `entryid`) VALUES ('Keva Saison','1105539');
INSERT INTO `publisher_book`(`publisher`, `entryid`) VALUES ('Bassil Inc.','1105539');
INSERT INTO `entry`(`entryid`,`type`) VALUES('1105540','b');
INSERT INTO `book`(`title`,`entryid`,`isbn`) VALUES('Laborer against the lentando Cycle','1105540','0350945359709');
INSERT INTO `genre_book`(`genre`, `entryid`) VALUES ('Sci-Fi','1105540');
INSERT INTO `author`(`name`,`birthyear`,`deathyear`) VALUES('Joann Visounnaraj','1908','1963');
INSERT INTO `author_book`(`author`, `entryid`) VALUES ('Joann Visounnaraj','1105540');
INSERT INTO `publisher_book`(`publisher`, `entryid`) VALUES ('Ruddick Publishers.','1105540');
INSERT INTO `entry`(`entryid`,`type`) VALUES('1105541','b');
INSERT INTO `book`(`title`,`entryid`,`isbn`) VALUES('Chief against speediest Sofa','1105541','9868958138780');
INSERT INTO `genre_book`(`genre`, `entryid`) VALUES ('Romance','1105541');
INSERT INTO `author_book`(`author`, `entryid`) VALUES ('Fabiola Tumbleston','1105541');
INSERT INTO `publisher_book`(`publisher`, `entryid`) VALUES ('Cucinella Inc.','1105541');
INSERT INTO `entry`(`entryid`,`type`) VALUES('1105542','b');
INSERT INTO `book`(`title`,`entryid`,`isbn`) VALUES('Competition to dissenting Honey','1105542','9155920529815');
INSERT INTO `genre_book`(`genre`, `entryid`) VALUES ('Romance','1105542');
INSERT INTO `author_book`(`author`, `entryid`) VALUES ('Margarette Piermont','1105542');
INSERT INTO `publisher_book`(`publisher`, `entryid`) VALUES ('Shiplet Inc.','1105542');
INSERT INTO `entry`(`entryid`,`type`) VALUES('1105543','b');
INSERT INTO `book`(`title`,`entryid`,`isbn`) VALUES('Slime in Tempo','1105543','9661913241505');
INSERT INTO `genre_book`(`genre`, `entryid`) VALUES ('Romance','1105543');
INSERT INTO `author_book`(`author`, `entryid`) VALUES ('Chauncey Moncivais','1105543');
INSERT INTO `publisher_book`(`publisher`, `entryid`) VALUES ('Agosta Cooperations.','1105543');
INSERT INTO `entry`(`entryid`,`type`) VALUES('1105544','b');
INSERT INTO `book`(`title`,`entryid`,`isbn`) VALUES('Sausage and the Brace','1105544','9450706055573');
INSERT INTO `genre_book`(`genre`, `entryid`) VALUES ('Adventure','1105544');
INSERT INTO `author_book`(`author`, `entryid`) VALUES ('Nestor Naish','1105544');
INSERT INTO `publisher_book`(`publisher`, `entryid`) VALUES ('Pettiford Cooperations.','1105544');
INSERT INTO `entry`(`entryid`,`type`) VALUES('1105545','b');
INSERT INTO `book`(`title`,`entryid`,`isbn`) VALUES('Goat in the Unshielded','1105545','9568480484324');
INSERT INTO `genre_book`(`genre`, `entryid`) VALUES ('Horror','1105545');
INSERT INTO `author`(`name`,`birthyear`,`deathyear`) VALUES('Cole Fakhouri','1977','2004');
INSERT INTO `author_book`(`author`, `entryid`) VALUES ('Cole Fakhouri','1105545');
INSERT INTO `publisher_book`(`publisher`, `entryid`) VALUES ('Cajigas Inc.','1105545');
INSERT INTO `entry`(`entryid`,`type`) VALUES('1105546','b');
INSERT INTO `book`(`title`,`entryid`,`isbn`) VALUES('Chef by the anaphrodisiac Yarn','1105546','0447834616207');
INSERT INTO `genre_book`(`genre`, `entryid`) VALUES ('Sci-Fi','1105546');
INSERT INTO `author_book`(`author`, `entryid`) VALUES ('Ninfa Wernsman','1105546');
INSERT INTO `publisher_book`(`publisher`, `entryid`) VALUES ('Gittere Publishers.','1105546');
INSERT INTO `entry`(`entryid`,`type`) VALUES('1105547','b');
INSERT INTO `book`(`title`,`entryid`,`isbn`) VALUES('Speedboat against Acoustic','1105547','9638922205156');
INSERT INTO `genre_book`(`genre`, `entryid`) VALUES ('Romance','1105547');
INSERT INTO `author_book`(`author`, `entryid`) VALUES ('Becki Pernod','1105547');
INSERT INTO `publisher_book`(`publisher`, `entryid`) VALUES ('Cajigas Inc.','1105547');
INSERT INTO `entry`(`entryid`,`type`) VALUES('1105548','b');
INSERT INTO `book`(`title`,`entryid`,`isbn`) VALUES('Anger for Yellow','1105548','0244051950061');
INSERT INTO `genre_book`(`genre`, `entryid`) VALUES ('Romance','1105548');
INSERT INTO `author_book`(`author`, `entryid`) VALUES ('Keesha Edeker','1105548');
INSERT INTO `publisher_book`(`publisher`, `entryid`) VALUES ('Kouns Cooperations.','1105548');
INSERT INTO `entry`(`entryid`,`type`) VALUES('1105549','b');
INSERT INTO `book`(`title`,`entryid`,`isbn`) VALUES('Stretch in the immunological Quail','1105549','0525044448373');
INSERT INTO `genre_book`(`genre`, `entryid`) VALUES ('Science','1105549');
INSERT INTO `author_book`(`author`, `entryid`) VALUES ('Nicole Chipp','1105549');
INSERT INTO `publisher_book`(`publisher`, `entryid`) VALUES ('Swoyer Publishers.','1105549');
INSERT INTO `entry`(`entryid`,`type`) VALUES('1105550','b');
INSERT INTO `book`(`title`,`entryid`,`isbn`) VALUES('Bulb by Tongue','1105550','0191734235883');
INSERT INTO `genre_book`(`genre`, `entryid`) VALUES ('Adventure','1105550');
INSERT INTO `author_book`(`author`, `entryid`) VALUES ('Freda Algee','1105550');
INSERT INTO `publisher_book`(`publisher`, `entryid`) VALUES ('Funari Publishers.','1105550');
INSERT INTO `entry`(`entryid`,`type`) VALUES('1105551','b');
INSERT INTO `book`(`title`,`entryid`,`isbn`) VALUES('Turkey in refrigeratory Ease','1105551','9774177116666');
INSERT INTO `genre_book`(`genre`, `entryid`) VALUES ('Horror','1105551');
INSERT INTO `author_book`(`author`, `entryid`) VALUES ('Victor Wieseman','1105551');
INSERT INTO `publisher_book`(`publisher`, `entryid`) VALUES ('Kubert Publishers.','1105551');
INSERT INTO `entry`(`entryid`,`type`) VALUES('1105552','b');
INSERT INTO `book`(`title`,`entryid`,`isbn`) VALUES('Diving against the ill-gotten Save','1105552','9413345035421');
INSERT INTO `genre_book`(`genre`, `entryid`) VALUES ('Romance','1105552');
INSERT INTO `author_book`(`author`, `entryid`) VALUES ('Freda Algee','1105552');
INSERT INTO `publisher_book`(`publisher`, `entryid`) VALUES ('Beilinson Inc.','1105552');
INSERT INTO `entry`(`entryid`,`type`) VALUES('1105553','b');
INSERT INTO `book`(`title`,`entryid`,`isbn`) VALUES('Newsprint in detestable Dew','1105553','0085700534456');
INSERT INTO `genre_book`(`genre`, `entryid`) VALUES ('Science','1105553');
INSERT INTO `author_book`(`author`, `entryid`) VALUES ('Nicholas Blundo','1105553');
INSERT INTO `publisher_book`(`publisher`, `entryid`) VALUES ('Weissenborn Publishers.','1105553');
INSERT INTO `entry`(`entryid`,`type`) VALUES('1105554','b');
INSERT INTO `book`(`title`,`entryid`,`isbn`) VALUES('Gore-tex to the Product','1105554','0442500446402');
INSERT INTO `genre_book`(`genre`, `entryid`) VALUES ('Thriller','1105554');
INSERT INTO `author_book`(`author`, `entryid`) VALUES ('Mindy Dihel','1105554');
INSERT INTO `publisher_book`(`publisher`, `entryid`) VALUES ('Deramus Publishers.','1105554');
INSERT INTO `entry`(`entryid`,`type`) VALUES('1105555','b');
INSERT INTO `book`(`title`,`entryid`,`isbn`) VALUES('Pickle vs. Waste','1105555','0172194952099');
INSERT INTO `genre_book`(`genre`, `entryid`) VALUES ('Education','1105555');
INSERT INTO `author_book`(`author`, `entryid`) VALUES ('Sylvie Delaportilla','1105555');
INSERT INTO `publisher_book`(`publisher`, `entryid`) VALUES ('Panzarino Publishers.','1105555');
INSERT INTO `entry`(`entryid`,`type`) VALUES('1105556','b');
INSERT INTO `book`(`title`,`entryid`,`isbn`) VALUES('Transaction by trite Maple','1105556','9912312195382');
INSERT INTO `genre_book`(`genre`, `entryid`) VALUES ('Thriller','1105556');
INSERT INTO `author_book`(`author`, `entryid`) VALUES ('Marvel Moya','1105556');
INSERT INTO `publisher_book`(`publisher`, `entryid`) VALUES ('Mancia Publishers.','1105556');
INSERT INTO `entry`(`entryid`,`type`) VALUES('1105557','b');
INSERT INTO `book`(`title`,`entryid`,`isbn`) VALUES('Ton for ataxic Geology','1105557','0069412036146');
INSERT INTO `genre_book`(`genre`, `entryid`) VALUES ('Horror','1105557');
INSERT INTO `author_book`(`author`, `entryid`) VALUES ('Hunter Verlin','1105557');
INSERT INTO `publisher_book`(`publisher`, `entryid`) VALUES ('Tubman Inc.','1105557');
INSERT INTO `entry`(`entryid`,`type`) VALUES('1105558','b');
INSERT INTO `book`(`title`,`entryid`,`isbn`) VALUES('Slash against the Shingle','1105558','9748586409603');
INSERT INTO `genre_book`(`genre`, `entryid`) VALUES ('Adventure','1105558');
INSERT INTO `author_book`(`author`, `entryid`) VALUES ('Arminda Pullin','1105558');
INSERT INTO `publisher_book`(`publisher`, `entryid`) VALUES ('Yenney Cooperations.','1105558');
INSERT INTO `entry`(`entryid`,`type`) VALUES('1105559','b');
INSERT INTO `book`(`title`,`entryid`,`isbn`) VALUES('Pea against the Step-daughter','1105559','0669822179659');
INSERT INTO `genre_book`(`genre`, `entryid`) VALUES ('Adventure','1105559');
INSERT INTO `author_book`(`author`, `entryid`) VALUES ('Lanora Mealing','1105559');
INSERT INTO `publisher_book`(`publisher`, `entryid`) VALUES ('Sensing Cooperations.','1105559');
INSERT INTO `entry`(`entryid`,`type`) VALUES('1105560','b');
INSERT INTO `book`(`title`,`entryid`,`isbn`) VALUES('Tax and the attendant Insulation','1105560','0478960318031');
INSERT INTO `genre_book`(`genre`, `entryid`) VALUES ('Adventure','1105560');
INSERT INTO `author`(`name`,`birthyear`,`deathyear`) VALUES('Ayana Vandenburg','1964','2052');
INSERT INTO `author_book`(`author`, `entryid`) VALUES ('Ayana Vandenburg','1105560');
INSERT INTO `publisher_book`(`publisher`, `entryid`) VALUES ('Schenk Inc.','1105560');
INSERT INTO `entry`(`entryid`,`type`) VALUES('1105561','b');
INSERT INTO `book`(`title`,`entryid`,`isbn`) VALUES('Loaf to ill-humoured Faucet','1105561','9676602629064');
INSERT INTO `genre_book`(`genre`, `entryid`) VALUES ('Education','1105561');
INSERT INTO `author`(`name`,`birthyear`,`deathyear`) VALUES('Kandace Schenk','1910','1954');
INSERT INTO `author_book`(`author`, `entryid`) VALUES ('Kandace Schenk','1105561');
INSERT INTO `publisher_book`(`publisher`, `entryid`) VALUES ('Hansteen Publishers.','1105561');
INSERT INTO `entry`(`entryid`,`type`) VALUES('1105562','b');
INSERT INTO `book`(`title`,`entryid`,`isbn`) VALUES('Shark and the Reason','1105562','0101186711438');
INSERT INTO `genre_book`(`genre`, `entryid`) VALUES ('Horror','1105562');
INSERT INTO `author_book`(`author`, `entryid`) VALUES ('Leon Ruthstrom','1105562');
INSERT INTO `publisher_book`(`publisher`, `entryid`) VALUES ('Jessel Cooperations.','1105562');
INSERT INTO `entry`(`entryid`,`type`) VALUES('1105563','b');
INSERT INTO `book`(`title`,`entryid`,`isbn`) VALUES('Keyboard by the comminative Cast','1105563','9041384975001');
INSERT INTO `genre_book`(`genre`, `entryid`) VALUES ('Sci-Fi','1105563');
INSERT INTO `author_book`(`author`, `entryid`) VALUES ('Ronna Warrix','1105563');
INSERT INTO `publisher_book`(`publisher`, `entryid`) VALUES ('Pandya Cooperations.','1105563');
INSERT INTO `entry`(`entryid`,`type`) VALUES('1105564','b');
INSERT INTO `book`(`title`,`entryid`,`isbn`) VALUES('Result to Larch','1105564','9698738546592');
INSERT INTO `genre_book`(`genre`, `entryid`) VALUES ('Education','1105564');
INSERT INTO `author_book`(`author`, `entryid`) VALUES ('Patience Jolliffe','1105564');
INSERT INTO `publisher_book`(`publisher`, `entryid`) VALUES ('Shiplet Inc.','1105564');
INSERT INTO `entry`(`entryid`,`type`) VALUES('1105565','b');
INSERT INTO `book`(`title`,`entryid`,`isbn`) VALUES('Tortellini against Californian Physician','1105565','0076014528271');
INSERT INTO `genre_book`(`genre`, `entryid`) VALUES ('Science','1105565');
INSERT INTO `author_book`(`author`, `entryid`) VALUES ('Jamar Stefanowicz','1105565');
INSERT INTO `publisher_book`(`publisher`, `entryid`) VALUES ('Moors Publishers.','1105565');
INSERT INTO `entry`(`entryid`,`type`) VALUES('1105566','b');
INSERT INTO `book`(`title`,`entryid`,`isbn`) VALUES('Stick for the psychrometrical Join','1105566','0690236231168');
INSERT INTO `genre_book`(`genre`, `entryid`) VALUES ('Thriller','1105566');
INSERT INTO `author_book`(`author`, `entryid`) VALUES ('Indira Mcdonal','1105566');
INSERT INTO `publisher_book`(`publisher`, `entryid`) VALUES ('Bielefeld Publishers.','1105566');
INSERT INTO `entry`(`entryid`,`type`) VALUES('1105567','b');
INSERT INTO `book`(`title`,`entryid`,`isbn`) VALUES('Decision against Daniel','1105567','0025946999397');
INSERT INTO `genre_book`(`genre`, `entryid`) VALUES ('Romance','1105567');
INSERT INTO `author_book`(`author`, `entryid`) VALUES ('Monty Aspinall','1105567');
INSERT INTO `publisher_book`(`publisher`, `entryid`) VALUES ('Kouns Cooperations.','1105567');
INSERT INTO `entry`(`entryid`,`type`) VALUES('1105568','b');
INSERT INTO `book`(`title`,`entryid`,`isbn`) VALUES('Wine for cadgy Joke','1105568','0967655351596');
INSERT INTO `genre_book`(`genre`, `entryid`) VALUES ('Horror','1105568');
INSERT INTO `author_book`(`author`, `entryid`) VALUES ('Chas Savary','1105568');
INSERT INTO `publisher_book`(`publisher`, `entryid`) VALUES ('Casaliggi Inc.','1105568');
INSERT INTO `entry`(`entryid`,`type`) VALUES('1105569','b');
INSERT INTO `book`(`title`,`entryid`,`isbn`) VALUES('Wool by old-fogeyish Hardcover','1105569','9706657247867');
INSERT INTO `genre_book`(`genre`, `entryid`) VALUES ('Education','1105569');
INSERT INTO `author_book`(`author`, `entryid`) VALUES ('Loraine Deardorff','1105569');
INSERT INTO `publisher_book`(`publisher`, `entryid`) VALUES ('Swoyer Publishers.','1105569');
INSERT INTO `entry`(`entryid`,`type`) VALUES('1105570','b');
INSERT INTO `book`(`title`,`entryid`,`isbn`) VALUES('Sweatshop with the anagrammatic Relation','1105570','9670084507384');
INSERT INTO `genre_book`(`genre`, `entryid`) VALUES ('Science','1105570');
INSERT INTO `author_book`(`author`, `entryid`) VALUES ('Nestor Naish','1105570');
INSERT INTO `publisher_book`(`publisher`, `entryid`) VALUES ('Ronco Cooperations.','1105570');
INSERT INTO `entry`(`entryid`,`type`) VALUES('1105571','b');
INSERT INTO `book`(`title`,`entryid`,`isbn`) VALUES('Restaurant of dissertational Freon','1105571','0649584039561');
INSERT INTO `genre_book`(`genre`, `entryid`) VALUES ('Romance','1105571');
INSERT INTO `author_book`(`author`, `entryid`) VALUES ('Tom Garling','1105571');
INSERT INTO `publisher_book`(`publisher`, `entryid`) VALUES ('Dominique Publishers.','1105571');
INSERT INTO `entry`(`entryid`,`type`) VALUES('1105572','b');
INSERT INTO `book`(`title`,`entryid`,`isbn`) VALUES('Methane in isoelectric Rifle','1105572','0057838321121');
INSERT INTO `genre_book`(`genre`, `entryid`) VALUES ('Sci-Fi','1105572');
INSERT INTO `author_book`(`author`, `entryid`) VALUES ('Particia Meininger','1105572');
INSERT INTO `publisher_book`(`publisher`, `entryid`) VALUES ('Loscalzo Publishers.','1105572');
INSERT INTO `entry`(`entryid`,`type`) VALUES('1105573','b');
INSERT INTO `book`(`title`,`entryid`,`isbn`) VALUES('Pharmacist with the Moat','1105573','9223474362763');
INSERT INTO `genre_book`(`genre`, `entryid`) VALUES ('Adventure','1105573');
INSERT INTO `author_book`(`author`, `entryid`) VALUES ('Dottie Melbert','1105573');
INSERT INTO `publisher_book`(`publisher`, `entryid`) VALUES ('Beilinson Inc.','1105573');
INSERT INTO `entry`(`entryid`,`type`) VALUES('1105574','b');
INSERT INTO `book`(`title`,`entryid`,`isbn`) VALUES('Flag by the Passbook','1105574','0313640833294');
INSERT INTO `genre_book`(`genre`, `entryid`) VALUES ('Thriller','1105574');
INSERT INTO `author_book`(`author`, `entryid`) VALUES ('Johna Ivery','1105574');
INSERT INTO `publisher_book`(`publisher`, `entryid`) VALUES ('Rocks Cooperations.','1105574');
INSERT INTO `entry`(`entryid`,`type`) VALUES('1105575','b');
INSERT INTO `book`(`title`,`entryid`,`isbn`) VALUES('Tramp of Work','1105575','0421165612624');
INSERT INTO `genre_book`(`genre`, `entryid`) VALUES ('Adventure','1105575');
INSERT INTO `author_book`(`author`, `entryid`) VALUES ('Perry Samec','1105575');
INSERT INTO `publisher_book`(`publisher`, `entryid`) VALUES ('Treinen Publishers.','1105575');
INSERT INTO `entry`(`entryid`,`type`) VALUES('1105576','b');
INSERT INTO `book`(`title`,`entryid`,`isbn`) VALUES('Bankbook to the Pharmacist','1105576','0921714951834');
INSERT INTO `genre_book`(`genre`, `entryid`) VALUES ('Horror','1105576');
INSERT INTO `author`(`name`,`birthyear`,`deathyear`) VALUES('Herman Cudjoe','1933','2025');
INSERT INTO `author_book`(`author`, `entryid`) VALUES ('Herman Cudjoe','1105576');
INSERT INTO `publisher_book`(`publisher`, `entryid`) VALUES ('Sago Publishers.','1105576');
INSERT INTO `entry`(`entryid`,`type`) VALUES('1105577','b');
INSERT INTO `book`(`title`,`entryid`,`isbn`) VALUES('Dog in Romanian','1105577','9675289505980');
INSERT INTO `genre_book`(`genre`, `entryid`) VALUES ('Romance','1105577');
INSERT INTO `author_book`(`author`, `entryid`) VALUES ('Mindy Dihel','1105577');
INSERT INTO `publisher_book`(`publisher`, `entryid`) VALUES ('Autrano Publishers.','1105577');
INSERT INTO `entry`(`entryid`,`type`) VALUES('1105578','b');
INSERT INTO `book`(`title`,`entryid`,`isbn`) VALUES('Retailer and the Guide','1105578','0552514731115');
INSERT INTO `genre_book`(`genre`, `entryid`) VALUES ('Adventure','1105578');
INSERT INTO `author`(`name`,`birthyear`,`deathyear`) VALUES('Angelo Watkin','1948','2007');
INSERT INTO `author_book`(`author`, `entryid`) VALUES ('Angelo Watkin','1105578');
INSERT INTO `publisher_book`(`publisher`, `entryid`) VALUES ('Bielefeld Publishers.','1105578');
INSERT INTO `entry`(`entryid`,`type`) VALUES('1105579','b');
INSERT INTO `book`(`title`,`entryid`,`isbn`) VALUES('Lift in the determinant Spoon','1105579','9490333588692');
INSERT INTO `genre_book`(`genre`, `entryid`) VALUES ('Sci-Fi','1105579');
INSERT INTO `author_book`(`author`, `entryid`) VALUES ('Karin Neimeyer','1105579');
INSERT INTO `publisher_book`(`publisher`, `entryid`) VALUES ('Sago Publishers.','1105579');
INSERT INTO `entry`(`entryid`,`type`) VALUES('1105580','b');
INSERT INTO `book`(`title`,`entryid`,`isbn`) VALUES('Salary against vorticose Example','1105580','9523199646066');
INSERT INTO `genre_book`(`genre`, `entryid`) VALUES ('Thriller','1105580');
INSERT INTO `author_book`(`author`, `entryid`) VALUES ('Shanika Trame','1105580');
INSERT INTO `publisher_book`(`publisher`, `entryid`) VALUES ('Tubman Inc.','1105580');
INSERT INTO `entry`(`entryid`,`type`) VALUES('1105581','b');
INSERT INTO `book`(`title`,`entryid`,`isbn`) VALUES('House by the sylphid Adapter','1105581','0956544837806');
INSERT INTO `genre_book`(`genre`, `entryid`) VALUES ('Science','1105581');
INSERT INTO `author_book`(`author`, `entryid`) VALUES ('Misha Dagel','1105581');
INSERT INTO `publisher_book`(`publisher`, `entryid`) VALUES ('Mcnatt Publishers.','1105581');
INSERT INTO `entry`(`entryid`,`type`) VALUES('1105582','b');
INSERT INTO `book`(`title`,`entryid`,`isbn`) VALUES('Jaw by the Footnote','1105582','9833101905701');
INSERT INTO `genre_book`(`genre`, `entryid`) VALUES ('Romance','1105582');
INSERT INTO `author_book`(`author`, `entryid`) VALUES ('Mica Kingsley','1105582');
INSERT INTO `publisher_book`(`publisher`, `entryid`) VALUES ('Treinen Publishers.','1105582');
INSERT INTO `entry`(`entryid`,`type`) VALUES('1105583','b');
INSERT INTO `book`(`title`,`entryid`,`isbn`) VALUES('Bail of Invoice','1105583','9321643814001');
INSERT INTO `genre_book`(`genre`, `entryid`) VALUES ('Horror','1105583');
INSERT INTO `author_book`(`author`, `entryid`) VALUES ('Arlinda Neibert','1105583');
INSERT INTO `publisher_book`(`publisher`, `entryid`) VALUES ('Drew Cooperations.','1105583');
INSERT INTO `entry`(`entryid`,`type`) VALUES('1105584','b');
INSERT INTO `book`(`title`,`entryid`,`isbn`) VALUES('Grandson to the Trip','1105584','9620998816313');
INSERT INTO `genre_book`(`genre`, `entryid`) VALUES ('Science','1105584');
INSERT INTO `author_book`(`author`, `entryid`) VALUES ('Cherryl Bock','1105584');
INSERT INTO `publisher_book`(`publisher`, `entryid`) VALUES ('Swoyer Publishers.','1105584');
INSERT INTO `entry`(`entryid`,`type`) VALUES('1105585','b');
INSERT INTO `book`(`title`,`entryid`,`isbn`) VALUES('Salesman and sclerophyllous Newsprint','1105585','9487523837610');
INSERT INTO `genre_book`(`genre`, `entryid`) VALUES ('Science','1105585');
INSERT INTO `author_book`(`author`, `entryid`) VALUES ('Kelley Benjamin','1105585');
INSERT INTO `publisher_book`(`publisher`, `entryid`) VALUES ('Drew Cooperations.','1105585');
INSERT INTO `entry`(`entryid`,`type`) VALUES('1105586','b');
INSERT INTO `book`(`title`,`entryid`,`isbn`) VALUES('Chill of the evangelical Centimeter','1105586','0540854957840');
INSERT INTO `genre_book`(`genre`, `entryid`) VALUES ('Thriller','1105586');
INSERT INTO `author_book`(`author`, `entryid`) VALUES ('Margie Vanderweerd','1105586');
INSERT INTO `publisher_book`(`publisher`, `entryid`) VALUES ('Wince Publishers.','1105586');
INSERT INTO `entry`(`entryid`,`type`) VALUES('1105587','b');
INSERT INTO `book`(`title`,`entryid`,`isbn`) VALUES('Reaction in Intestine','1105587','0457591022497');
INSERT INTO `genre_book`(`genre`, `entryid`) VALUES ('Education','1105587');
INSERT INTO `author_book`(`author`, `entryid`) VALUES ('Brianna Malbon','1105587');
INSERT INTO `publisher_book`(`publisher`, `entryid`) VALUES ('Schachsieck Publishers.','1105587');
INSERT INTO `entry`(`entryid`,`type`) VALUES('1105588','b');
INSERT INTO `book`(`title`,`entryid`,`isbn`) VALUES('Creature against Spandex','1105588','0482356727086');
INSERT INTO `genre_book`(`genre`, `entryid`) VALUES ('Thriller','1105588');
INSERT INTO `author_book`(`author`, `entryid`) VALUES ('Arminda Pullin','1105588');
INSERT INTO `publisher_book`(`publisher`, `entryid`) VALUES ('Bierley Cooperations.','1105588');
INSERT INTO `entry`(`entryid`,`type`) VALUES('1105589','b');
INSERT INTO `book`(`title`,`entryid`,`isbn`) VALUES('Father-in-law by faustian Gallon','1105589','0986922005457');
INSERT INTO `genre_book`(`genre`, `entryid`) VALUES ('Education','1105589');
INSERT INTO `author`(`name`,`birthyear`,`deathyear`) VALUES('Salena Zang','1912','1943');
INSERT INTO `author_book`(`author`, `entryid`) VALUES ('Salena Zang','1105589');
INSERT INTO `publisher_book`(`publisher`, `entryid`) VALUES ('Kaliher Cooperations.','1105589');
INSERT INTO `entry`(`entryid`,`type`) VALUES('1105590','b');
INSERT INTO `book`(`title`,`entryid`,`isbn`) VALUES('Hamburger for Galley','1105590','0661483573372');
INSERT INTO `genre_book`(`genre`, `entryid`) VALUES ('Adventure','1105590');
INSERT INTO `author`(`name`,`birthyear`,`deathyear`) VALUES('Tomasa Nagindas','1925','1971');
INSERT INTO `author_book`(`author`, `entryid`) VALUES ('Tomasa Nagindas','1105590');
INSERT INTO `publisher_book`(`publisher`, `entryid`) VALUES ('Bartram Publishers.','1105590');
INSERT INTO `entry`(`entryid`,`type`) VALUES('1105591','b');
INSERT INTO `book`(`title`,`entryid`,`isbn`) VALUES('Belgian in the Robert','1105591','9599292396106');
INSERT INTO `genre_book`(`genre`, `entryid`) VALUES ('Thriller','1105591');
INSERT INTO `author_book`(`author`, `entryid`) VALUES ('Boyce Krotzer','1105591');
INSERT INTO `publisher_book`(`publisher`, `entryid`) VALUES ('Asmus Cooperations.','1105591');
INSERT INTO `entry`(`entryid`,`type`) VALUES('1105592','b');
INSERT INTO `book`(`title`,`entryid`,`isbn`) VALUES('Distance by Activity','1105592','9809278300001');
INSERT INTO `genre_book`(`genre`, `entryid`) VALUES ('Horror','1105592');
INSERT INTO `author_book`(`author`, `entryid`) VALUES ('Kelley Benjamin','1105592');
INSERT INTO `publisher_book`(`publisher`, `entryid`) VALUES ('Mancia Publishers.','1105592');
INSERT INTO `entry`(`entryid`,`type`) VALUES('1105593','b');
INSERT INTO `book`(`title`,`entryid`,`isbn`) VALUES('Bait in the uncommunicative Ant','1105593','0856909460026');
INSERT INTO `genre_book`(`genre`, `entryid`) VALUES ('Science','1105593');
INSERT INTO `author`(`name`,`birthyear`,`deathyear`) VALUES('Laci Bazzano','1919','2001');
INSERT INTO `author_book`(`author`, `entryid`) VALUES ('Laci Bazzano','1105593');
INSERT INTO `publisher_book`(`publisher`, `entryid`) VALUES ('Pandya Cooperations.','1105593');
INSERT INTO `entry`(`entryid`,`type`) VALUES('1105594','b');
INSERT INTO `book`(`title`,`entryid`,`isbn`) VALUES('Consonant by the conflagrant City','1105594','0743845417513');
INSERT INTO `genre_book`(`genre`, `entryid`) VALUES ('Horror','1105594');
INSERT INTO `author_book`(`author`, `entryid`) VALUES ('Teofila Mattan','1105594');
INSERT INTO `publisher_book`(`publisher`, `entryid`) VALUES ('Bierley Cooperations.','1105594');
INSERT INTO `entry`(`entryid`,`type`) VALUES('1105595','b');
INSERT INTO `book`(`title`,`entryid`,`isbn`) VALUES('Cactus with the inerrable Squirrel','1105595','0493567964144');
INSERT INTO `genre_book`(`genre`, `entryid`) VALUES ('Science','1105595');
INSERT INTO `author_book`(`author`, `entryid`) VALUES ('Monet Nesselrodt','1105595');
INSERT INTO `publisher_book`(`publisher`, `entryid`) VALUES ('Herl Publishers.','1105595');
INSERT INTO `entry`(`entryid`,`type`) VALUES('1105596','b');
INSERT INTO `book`(`title`,`entryid`,`isbn`) VALUES('Grey to leavened Gymnast','1105596','0891514684602');
INSERT INTO `genre_book`(`genre`, `entryid`) VALUES ('Thriller','1105596');
INSERT INTO `author`(`name`,`birthyear`,`deathyear`) VALUES('Gladis Heineman','1902','1950');
INSERT INTO `author_book`(`author`, `entryid`) VALUES ('Gladis Heineman','1105596');
INSERT INTO `publisher_book`(`publisher`, `entryid`) VALUES ('Tubman Inc.','1105596');
INSERT INTO `entry`(`entryid`,`type`) VALUES('1105597','b');
INSERT INTO `book`(`title`,`entryid`,`isbn`) VALUES('Damage vs. full-scale Pedestrian','1105597','0517670023993');
INSERT INTO `genre_book`(`genre`, `entryid`) VALUES ('Thriller','1105597');
INSERT INTO `author`(`name`,`birthyear`,`deathyear`) VALUES('Florencio Schaaf','1938','1964');
INSERT INTO `author_book`(`author`, `entryid`) VALUES ('Florencio Schaaf','1105597');
INSERT INTO `publisher_book`(`publisher`, `entryid`) VALUES ('Hobin Cooperations.','1105597');
INSERT INTO `entry`(`entryid`,`type`) VALUES('1105598','b');
INSERT INTO `book`(`title`,`entryid`,`isbn`) VALUES('Wax with the rearing Wall','1105598','9470724296270');
INSERT INTO `genre_book`(`genre`, `entryid`) VALUES ('Romance','1105598');
INSERT INTO `author`(`name`,`birthyear`,`deathyear`) VALUES('Olevia Ovall','1967','2044');
INSERT INTO `author_book`(`author`, `entryid`) VALUES ('Olevia Ovall','1105598');
INSERT INTO `publisher_book`(`publisher`, `entryid`) VALUES ('Mingle Publishers.','1105598');
INSERT INTO `entry`(`entryid`,`type`) VALUES('1105599','b');
INSERT INTO `book`(`title`,`entryid`,`isbn`) VALUES('Elbow vs. perse Step-brother','1105599','0390411565890');
INSERT INTO `genre_book`(`genre`, `entryid`) VALUES ('Horror','1105599');
INSERT INTO `author_book`(`author`, `entryid`) VALUES ('Ayana Vandenburg','1105599');
INSERT INTO `publisher_book`(`publisher`, `entryid`) VALUES ('Bezzo Cooperations.','1105599');
INSERT INTO `entry`(`entryid`,`type`) VALUES('1105600','b');
INSERT INTO `book`(`title`,`entryid`,`isbn`) VALUES('Park in subordinate Alcohol','1105600','9286827860225');
INSERT INTO `genre_book`(`genre`, `entryid`) VALUES ('Adventure','1105600');
INSERT INTO `author_book`(`author`, `entryid`) VALUES ('Winifred Bondanza','1105600');
INSERT INTO `publisher_book`(`publisher`, `entryid`) VALUES ('Weimer Inc.','1105600');
INSERT INTO `entry`(`entryid`,`type`) VALUES('1105601','b');
INSERT INTO `book`(`title`,`entryid`,`isbn`) VALUES('Editor for the malarial Ticket','1105601','9985704475433');
INSERT INTO `genre_book`(`genre`, `entryid`) VALUES ('Adventure','1105601');
INSERT INTO `author_book`(`author`, `entryid`) VALUES ('Zofia Whitehair','1105601');
INSERT INTO `publisher_book`(`publisher`, `entryid`) VALUES ('Hobin Cooperations.','1105601');
INSERT INTO `entry`(`entryid`,`type`) VALUES('1105602','b');
INSERT INTO `book`(`title`,`entryid`,`isbn`) VALUES('College vs. Crawdad','1105602','0375744267926');
INSERT INTO `genre_book`(`genre`, `entryid`) VALUES ('Thriller','1105602');
INSERT INTO `author_book`(`author`, `entryid`) VALUES ('Cyndi Bhatt','1105602');
INSERT INTO `publisher_book`(`publisher`, `entryid`) VALUES ('Mignogna Publishers.','1105602');
INSERT INTO `entry`(`entryid`,`type`) VALUES('1105603','b');
INSERT INTO `book`(`title`,`entryid`,`isbn`) VALUES('Office because of proportioned Blue','1105603','0371469456702');
INSERT INTO `genre_book`(`genre`, `entryid`) VALUES ('Romance','1105603');
INSERT INTO `author`(`name`,`birthyear`,`deathyear`) VALUES('Stephanie Osbeck','1977','2025');
INSERT INTO `author_book`(`author`, `entryid`) VALUES ('Stephanie Osbeck','1105603');
INSERT INTO `publisher_book`(`publisher`, `entryid`) VALUES ('Bezzo Cooperations.','1105603');
INSERT INTO `entry`(`entryid`,`type`) VALUES('1105604','b');
INSERT INTO `book`(`title`,`entryid`,`isbn`) VALUES('Select with the odd Poultry','1105604','9962579665827');
INSERT INTO `genre_book`(`genre`, `entryid`) VALUES ('Thriller','1105604');
INSERT INTO `author_book`(`author`, `entryid`) VALUES ('Nicholle Larmore','1105604');
INSERT INTO `publisher_book`(`publisher`, `entryid`) VALUES ('Bierley Cooperations.','1105604');
INSERT INTO `entry`(`entryid`,`type`) VALUES('1105605','b');
INSERT INTO `book`(`title`,`entryid`,`isbn`) VALUES('Ketchup to the curricular Den','1105605','9445744404331');
INSERT INTO `genre_book`(`genre`, `entryid`) VALUES ('Science','1105605');
INSERT INTO `author`(`name`,`birthyear`,`deathyear`) VALUES('Takako Vesely','1965','2043');
INSERT INTO `author_book`(`author`, `entryid`) VALUES ('Takako Vesely','1105605');
INSERT INTO `publisher_book`(`publisher`, `entryid`) VALUES ('Frieze Publishers.','1105605');
INSERT INTO `entry`(`entryid`,`type`) VALUES('1105606','b');
INSERT INTO `book`(`title`,`entryid`,`isbn`) VALUES('Smell by the acquisitive Alto','1105606','0020553677884');
INSERT INTO `genre_book`(`genre`, `entryid`) VALUES ('Romance','1105606');
INSERT INTO `author_book`(`author`, `entryid`) VALUES ('Kathern Weis','1105606');
INSERT INTO `publisher_book`(`publisher`, `entryid`) VALUES ('Liskai Inc.','1105606');
INSERT INTO `entry`(`entryid`,`type`) VALUES('1105607','b');
INSERT INTO `book`(`title`,`entryid`,`isbn`) VALUES('Cake to flavorless Steel','1105607','0128349304456');
INSERT INTO `genre_book`(`genre`, `entryid`) VALUES ('Sci-Fi','1105607');
INSERT INTO `author_book`(`author`, `entryid`) VALUES ('Shanika Trame','1105607');
INSERT INTO `publisher_book`(`publisher`, `entryid`) VALUES ('Hobin Cooperations.','1105607');
INSERT INTO `entry`(`entryid`,`type`) VALUES('1105608','b');
INSERT INTO `book`(`title`,`entryid`,`isbn`) VALUES('Cougar because of boneless Stem','1105608','9653027836308');
INSERT INTO `genre_book`(`genre`, `entryid`) VALUES ('Horror','1105608');
INSERT INTO `author`(`name`,`birthyear`,`deathyear`) VALUES('Jennifer Shouldice','1908','1956');
INSERT INTO `author_book`(`author`, `entryid`) VALUES ('Jennifer Shouldice','1105608');
INSERT INTO `publisher_book`(`publisher`, `entryid`) VALUES ('Sensing Cooperations.','1105608');
INSERT INTO `entry`(`entryid`,`type`) VALUES('1105609','b');
INSERT INTO `book`(`title`,`entryid`,`isbn`) VALUES('Stop and the Harmonica','1105609','9107008735476');
INSERT INTO `genre_book`(`genre`, `entryid`) VALUES ('Sci-Fi','1105609');
INSERT INTO `author_book`(`author`, `entryid`) VALUES ('Michal Sue','1105609');
INSERT INTO `publisher_book`(`publisher`, `entryid`) VALUES ('Sibley Inc.','1105609');
INSERT INTO `entry`(`entryid`,`type`) VALUES('1105610','b');
INSERT INTO `book`(`title`,`entryid`,`isbn`) VALUES('Alibi in Hamburger','1105610','0079847505552');
INSERT INTO `genre_book`(`genre`, `entryid`) VALUES ('Adventure','1105610');
INSERT INTO `author_book`(`author`, `entryid`) VALUES ('Nicholas Blundo','1105610');
INSERT INTO `publisher_book`(`publisher`, `entryid`) VALUES ('Sensing Cooperations.','1105610');
INSERT INTO `entry`(`entryid`,`type`) VALUES('1105611','b');
INSERT INTO `book`(`title`,`entryid`,`isbn`) VALUES('Lisa of the untackling Anime','1105611','0249528527963');
INSERT INTO `genre_book`(`genre`, `entryid`) VALUES ('Sci-Fi','1105611');
INSERT INTO `author_book`(`author`, `entryid`) VALUES ('Arlinda Neibert','1105611');
INSERT INTO `publisher_book`(`publisher`, `entryid`) VALUES ('Seminole Inc.','1105611');
INSERT INTO `entry`(`entryid`,`type`) VALUES('1105612','b');
INSERT INTO `book`(`title`,`entryid`,`isbn`) VALUES('Quiet and the Mini-skirt','1105612','0601780052526');
INSERT INTO `genre_book`(`genre`, `entryid`) VALUES ('Science','1105612');
INSERT INTO `author_book`(`author`, `entryid`) VALUES ('Viva Crace','1105612');
INSERT INTO `publisher_book`(`publisher`, `entryid`) VALUES ('Mancia Publishers.','1105612');
INSERT INTO `entry`(`entryid`,`type`) VALUES('1105613','b');
INSERT INTO `book`(`title`,`entryid`,`isbn`) VALUES('Profit with the Airplane','1105613','0896469952910');
INSERT INTO `genre_book`(`genre`, `entryid`) VALUES ('Adventure','1105613');
INSERT INTO `author_book`(`author`, `entryid`) VALUES ('Alisha Schwabenbauer','1105613');
INSERT INTO `publisher_book`(`publisher`, `entryid`) VALUES ('Yenney Cooperations.','1105613');
INSERT INTO `entry`(`entryid`,`type`) VALUES('1105614','b');
INSERT INTO `book`(`title`,`entryid`,`isbn`) VALUES('Sock against the mum Ornament','1105614','9864288573053');
INSERT INTO `genre_book`(`genre`, `entryid`) VALUES ('Romance','1105614');
INSERT INTO `author_book`(`author`, `entryid`) VALUES ('Olevia Ovall','1105614');
INSERT INTO `publisher_book`(`publisher`, `entryid`) VALUES ('Liskai Inc.','1105614');
INSERT INTO `entry`(`entryid`,`type`) VALUES('1105615','b');
INSERT INTO `book`(`title`,`entryid`,`isbn`) VALUES('Laugh against the kingliest Spider','1105615','0895107717715');
INSERT INTO `genre_book`(`genre`, `entryid`) VALUES ('Sci-Fi','1105615');
INSERT INTO `author_book`(`author`, `entryid`) VALUES ('Leisha Obrein','1105615');
INSERT INTO `publisher_book`(`publisher`, `entryid`) VALUES ('Swaggert Inc.','1105615');
INSERT INTO `entry`(`entryid`,`type`) VALUES('1105616','b');
INSERT INTO `book`(`title`,`entryid`,`isbn`) VALUES('Carpenter by the Gosling','1105616','0968885218308');
INSERT INTO `genre_book`(`genre`, `entryid`) VALUES ('Thriller','1105616');
INSERT INTO `author_book`(`author`, `entryid`) VALUES ('Ida Grobstein','1105616');
INSERT INTO `publisher_book`(`publisher`, `entryid`) VALUES ('Casaliggi Inc.','1105616');
INSERT INTO `entry`(`entryid`,`type`) VALUES('1105617','b');
INSERT INTO `book`(`title`,`entryid`,`isbn`) VALUES('Mark in outspread Cracker','1105617','9344871571308');
INSERT INTO `genre_book`(`genre`, `entryid`) VALUES ('Education','1105617');
INSERT INTO `author_book`(`author`, `entryid`) VALUES ('Michal Sue','1105617');
INSERT INTO `publisher_book`(`publisher`, `entryid`) VALUES ('Asmus Cooperations.','1105617');
INSERT INTO `entry`(`entryid`,`type`) VALUES('1105618','b');
INSERT INTO `book`(`title`,`entryid`,`isbn`) VALUES('Mailman for the Cub','1105618','0105924262789');
INSERT INTO `genre_book`(`genre`, `entryid`) VALUES ('Sci-Fi','1105618');
INSERT INTO `author_book`(`author`, `entryid`) VALUES ('Salena Zang','1105618');
INSERT INTO `publisher_book`(`publisher`, `entryid`) VALUES ('Baldacchino Publishers.','1105618');
INSERT INTO `entry`(`entryid`,`type`) VALUES('1105619','b');
INSERT INTO `book`(`title`,`entryid`,`isbn`) VALUES('Eel in the monotheistic Cotton','1105619','0053955184859');
INSERT INTO `genre_book`(`genre`, `entryid`) VALUES ('Sci-Fi','1105619');
INSERT INTO `author_book`(`author`, `entryid`) VALUES ('Pamila Quon','1105619');
INSERT INTO `publisher_book`(`publisher`, `entryid`) VALUES ('Sensing Cooperations.','1105619');
INSERT INTO `entry`(`entryid`,`type`) VALUES('1105620','b');
INSERT INTO `book`(`title`,`entryid`,`isbn`) VALUES('Duck vs. Antelope','1105620','9151081483311');
INSERT INTO `genre_book`(`genre`, `entryid`) VALUES ('Horror','1105620');
INSERT INTO `author_book`(`author`, `entryid`) VALUES ('Stephanie Osbeck','1105620');
INSERT INTO `publisher_book`(`publisher`, `entryid`) VALUES ('Dusatko Inc.','1105620');
INSERT INTO `entry`(`entryid`,`type`) VALUES('1105621','b');
INSERT INTO `book`(`title`,`entryid`,`isbn`) VALUES('Break and the peculiar Semicircle','1105621','0578558177277');
INSERT INTO `genre_book`(`genre`, `entryid`) VALUES ('Adventure','1105621');
INSERT INTO `author_book`(`author`, `entryid`) VALUES ('Ema Appelgren','1105621');
INSERT INTO `publisher_book`(`publisher`, `entryid`) VALUES ('Mclamb Cooperations.','1105621');
INSERT INTO `entry`(`entryid`,`type`) VALUES('1105622','b');
INSERT INTO `book`(`title`,`entryid`,`isbn`) VALUES('Goat by Minute','1105622','9171127001532');
INSERT INTO `genre_book`(`genre`, `entryid`) VALUES ('Thriller','1105622');
INSERT INTO `author_book`(`author`, `entryid`) VALUES ('Deandra Beswick','1105622');
INSERT INTO `publisher_book`(`publisher`, `entryid`) VALUES ('Gittere Publishers.','1105622');
INSERT INTO `entry`(`entryid`,`type`) VALUES('1105623','b');
INSERT INTO `book`(`title`,`entryid`,`isbn`) VALUES('Vegetable vs. Jar','1105623','9519884255653');
INSERT INTO `genre_book`(`genre`, `entryid`) VALUES ('Horror','1105623');
INSERT INTO `author_book`(`author`, `entryid`) VALUES ('Jeramy Christopher','1105623');
INSERT INTO `publisher_book`(`publisher`, `entryid`) VALUES ('Kubert Publishers.','1105623');
INSERT INTO `entry`(`entryid`,`type`) VALUES('1105624','b');
INSERT INTO `book`(`title`,`entryid`,`isbn`) VALUES('Father-in-law against Jam','1105624','9230468558254');
INSERT INTO `genre_book`(`genre`, `entryid`) VALUES ('Adventure','1105624');
INSERT INTO `author_book`(`author`, `entryid`) VALUES ('Earnestine Vanderwal','1105624');
INSERT INTO `publisher_book`(`publisher`, `entryid`) VALUES ('Seminole Inc.','1105624');
INSERT INTO `entry`(`entryid`,`type`) VALUES('1105625','b');
INSERT INTO `book`(`title`,`entryid`,`isbn`) VALUES('Mother-in-law by the old-fogyish Market','1105625','9105755154544');
INSERT INTO `genre_book`(`genre`, `entryid`) VALUES ('Horror','1105625');
INSERT INTO `author_book`(`author`, `entryid`) VALUES ('Kristel Panzella','1105625');
INSERT INTO `publisher_book`(`publisher`, `entryid`) VALUES ('Wince Publishers.','1105625');
INSERT INTO `entry`(`entryid`,`type`) VALUES('1105626','b');
INSERT INTO `book`(`title`,`entryid`,`isbn`) VALUES('Whiskey to the bregmatic Colombia','1105626','0667947051240');
INSERT INTO `genre_book`(`genre`, `entryid`) VALUES ('Education','1105626');
INSERT INTO `author_book`(`author`, `entryid`) VALUES ('Gwenda Rew','1105626');
INSERT INTO `publisher_book`(`publisher`, `entryid`) VALUES ('Ronco Cooperations.','1105626');
INSERT INTO `entry`(`entryid`,`type`) VALUES('1105627','b');
INSERT INTO `book`(`title`,`entryid`,`isbn`) VALUES('Theory by Michelle','1105627','9659474169537');
INSERT INTO `genre_book`(`genre`, `entryid`) VALUES ('Education','1105627');
INSERT INTO `author_book`(`author`, `entryid`) VALUES ('Samatha Leiba','1105627');
INSERT INTO `publisher_book`(`publisher`, `entryid`) VALUES ('Aono Cooperations.','1105627');
INSERT INTO `entry`(`entryid`,`type`) VALUES('1105628','b');
INSERT INTO `book`(`title`,`entryid`,`isbn`) VALUES('Blowgun because of Bestseller','1105628','9673747284033');
INSERT INTO `genre_book`(`genre`, `entryid`) VALUES ('Adventure','1105628');
INSERT INTO `author_book`(`author`, `entryid`) VALUES ('Albertina Callander','1105628');
INSERT INTO `publisher_book`(`publisher`, `entryid`) VALUES ('Weissenborn Publishers.','1105628');
INSERT INTO `entry`(`entryid`,`type`) VALUES('1105629','b');
INSERT INTO `book`(`title`,`entryid`,`isbn`) VALUES('Mask by famished Pair','1105629','9098749073055');
INSERT INTO `genre_book`(`genre`, `entryid`) VALUES ('Sci-Fi','1105629');
INSERT INTO `author`(`name`,`birthyear`,`deathyear`) VALUES('Vashti Ketler','1880','1936');
INSERT INTO `author_book`(`author`, `entryid`) VALUES ('Vashti Ketler','1105629');
INSERT INTO `publisher_book`(`publisher`, `entryid`) VALUES ('Urbina Publishers.','1105629');
INSERT INTO `entry`(`entryid`,`type`) VALUES('1105630','b');
INSERT INTO `book`(`title`,`entryid`,`isbn`) VALUES('Daughter with combustible Taxi','1105630','9307955515744');
INSERT INTO `genre_book`(`genre`, `entryid`) VALUES ('Science','1105630');
INSERT INTO `author_book`(`author`, `entryid`) VALUES ('Shantel Christine','1105630');
INSERT INTO `publisher_book`(`publisher`, `entryid`) VALUES ('Ziedan Inc.','1105630');
INSERT INTO `entry`(`entryid`,`type`) VALUES('1105631','b');
INSERT INTO `book`(`title`,`entryid`,`isbn`) VALUES('Hail and the Pump','1105631','0556726914212');
INSERT INTO `genre_book`(`genre`, `entryid`) VALUES ('Sci-Fi','1105631');
INSERT INTO `author_book`(`author`, `entryid`) VALUES ('Ida Grobstein','1105631');
INSERT INTO `publisher_book`(`publisher`, `entryid`) VALUES ('Treinen Publishers.','1105631');
INSERT INTO `entry`(`entryid`,`type`) VALUES('1105632','b');
INSERT INTO `book`(`title`,`entryid`,`isbn`) VALUES('Kitty because of Step-sister','1105632','9248083024924');
INSERT INTO `genre_book`(`genre`, `entryid`) VALUES ('Adventure','1105632');
INSERT INTO `author_book`(`author`, `entryid`) VALUES ('Ronna Warrix','1105632');
INSERT INTO `publisher_book`(`publisher`, `entryid`) VALUES ('Zerangue Cooperations.','1105632');
INSERT INTO `entry`(`entryid`,`type`) VALUES('1105633','b');
INSERT INTO `book`(`title`,`entryid`,`isbn`) VALUES('Territory because of Saturday','1105633','9782178408297');
INSERT INTO `genre_book`(`genre`, `entryid`) VALUES ('Horror','1105633');
INSERT INTO `author_book`(`author`, `entryid`) VALUES ('Kerry Gins','1105633');
INSERT INTO `publisher_book`(`publisher`, `entryid`) VALUES ('Reinoso Publishers.','1105633');
INSERT INTO `entry`(`entryid`,`type`) VALUES('1105634','b');
INSERT INTO `book`(`title`,`entryid`,`isbn`) VALUES('Dogsled by the gullable Ticket','1105634','9011811304172');
INSERT INTO `genre_book`(`genre`, `entryid`) VALUES ('Adventure','1105634');
INSERT INTO `author_book`(`author`, `entryid`) VALUES ('Otha Eversoll','1105634');
INSERT INTO `publisher_book`(`publisher`, `entryid`) VALUES ('Anakalea Inc.','1105634');
INSERT INTO `entry`(`entryid`,`type`) VALUES('1105635','b');
INSERT INTO `book`(`title`,`entryid`,`isbn`) VALUES('Observation of Airship','1105635','0614708057512');
INSERT INTO `genre_book`(`genre`, `entryid`) VALUES ('Education','1105635');
INSERT INTO `author_book`(`author`, `entryid`) VALUES ('Sigrid Vorhees','1105635');
INSERT INTO `publisher_book`(`publisher`, `entryid`) VALUES ('Oakeson Cooperations.','1105635');
INSERT INTO `entry`(`entryid`,`type`) VALUES('1105636','b');
INSERT INTO `book`(`title`,`entryid`,`isbn`) VALUES('Doctor to quadruped Nurse','1105636','9933849231140');
INSERT INTO `genre_book`(`genre`, `entryid`) VALUES ('Horror','1105636');
INSERT INTO `author`(`name`,`birthyear`,`deathyear`) VALUES('Antwan Bowie','1967','2051');
INSERT INTO `author_book`(`author`, `entryid`) VALUES ('Antwan Bowie','1105636');
INSERT INTO `publisher_book`(`publisher`, `entryid`) VALUES ('Dewing Cooperations.','1105636');
INSERT INTO `entry`(`entryid`,`type`) VALUES('1105637','b');
INSERT INTO `book`(`title`,`entryid`,`isbn`) VALUES('Attraction in Monkey','1105637','0684868003639');
INSERT INTO `genre_book`(`genre`, `entryid`) VALUES ('Sci-Fi','1105637');
INSERT INTO `author_book`(`author`, `entryid`) VALUES ('Leon Ruthstrom','1105637');
INSERT INTO `publisher_book`(`publisher`, `entryid`) VALUES ('Zerangue Cooperations.','1105637');
INSERT INTO `entry`(`entryid`,`type`) VALUES('1105638','b');
INSERT INTO `book`(`title`,`entryid`,`isbn`) VALUES('Gladiolus in baked Dahlia','1105638','9575902012789');
INSERT INTO `genre_book`(`genre`, `entryid`) VALUES ('Thriller','1105638');
INSERT INTO `author_book`(`author`, `entryid`) VALUES ('Viva Crace','1105638');
INSERT INTO `publisher_book`(`publisher`, `entryid`) VALUES ('Bierley Cooperations.','1105638');
INSERT INTO `entry`(`entryid`,`type`) VALUES('1105639','b');
INSERT INTO `book`(`title`,`entryid`,`isbn`) VALUES('Milkshake and the sorriest Fork','1105639','9148028278123');
INSERT INTO `genre_book`(`genre`, `entryid`) VALUES ('Horror','1105639');
INSERT INTO `author_book`(`author`, `entryid`) VALUES ('Maddie Siregar','1105639');
INSERT INTO `publisher_book`(`publisher`, `entryid`) VALUES ('Jessel Cooperations.','1105639');
INSERT INTO `entry`(`entryid`,`type`) VALUES('1105640','b');
INSERT INTO `book`(`title`,`entryid`,`isbn`) VALUES('Tune to Pantyhose','1105640','9422194980212');
INSERT INTO `genre_book`(`genre`, `entryid`) VALUES ('Science','1105640');
INSERT INTO `author_book`(`author`, `entryid`) VALUES ('Annamae Nilan','1105640');
INSERT INTO `publisher_book`(`publisher`, `entryid`) VALUES ('Funari Publishers.','1105640');
INSERT INTO `entry`(`entryid`,`type`) VALUES('1105641','b');
INSERT INTO `book`(`title`,`entryid`,`isbn`) VALUES('Fireman with the Nation','1105641','9653032752962');
INSERT INTO `genre_book`(`genre`, `entryid`) VALUES ('Adventure','1105641');
INSERT INTO `author_book`(`author`, `entryid`) VALUES ('Rosemary Stutheit','1105641');
INSERT INTO `publisher_book`(`publisher`, `entryid`) VALUES ('Hansteen Publishers.','1105641');
INSERT INTO `entry`(`entryid`,`type`) VALUES('1105642','b');
INSERT INTO `book`(`title`,`entryid`,`isbn`) VALUES('Celery in Dibble','1105642','9549598799395');
INSERT INTO `genre_book`(`genre`, `entryid`) VALUES ('Romance','1105642');
INSERT INTO `author_book`(`author`, `entryid`) VALUES ('Len Morasch','1105642');
INSERT INTO `publisher_book`(`publisher`, `entryid`) VALUES ('Rinebold Cooperations.','1105642');
INSERT INTO `entry`(`entryid`,`type`) VALUES('1105643','b');
INSERT INTO `book`(`title`,`entryid`,`isbn`) VALUES('Wealth with the fleeting Key','1105643','0077585580997');
INSERT INTO `genre_book`(`genre`, `entryid`) VALUES ('Sci-Fi','1105643');
INSERT INTO `author_book`(`author`, `entryid`) VALUES ('Emerald Fairall','1105643');
INSERT INTO `publisher_book`(`publisher`, `entryid`) VALUES ('Dusatko Inc.','1105643');
INSERT INTO `entry`(`entryid`,`type`) VALUES('1105644','b');
INSERT INTO `book`(`title`,`entryid`,`isbn`) VALUES('Shoulder with Lan','1105644','9402371573899');
INSERT INTO `genre_book`(`genre`, `entryid`) VALUES ('Sci-Fi','1105644');
INSERT INTO `author`(`name`,`birthyear`,`deathyear`) VALUES('Ingrid Frump','1906','1941');
INSERT INTO `author_book`(`author`, `entryid`) VALUES ('Ingrid Frump','1105644');
INSERT INTO `publisher_book`(`publisher`, `entryid`) VALUES ('Gorgone Inc.','1105644');
INSERT INTO `entry`(`entryid`,`type`) VALUES('1105645','b');
INSERT INTO `book`(`title`,`entryid`,`isbn`) VALUES('Street and spinaceous Thursday','1105645','9657657963092');
INSERT INTO `genre_book`(`genre`, `entryid`) VALUES ('Horror','1105645');
INSERT INTO `author_book`(`author`, `entryid`) VALUES ('Irving Wheeless','1105645');
INSERT INTO `publisher_book`(`publisher`, `entryid`) VALUES ('Kouns Cooperations.','1105645');
INSERT INTO `entry`(`entryid`,`type`) VALUES('1105646','b');
INSERT INTO `book`(`title`,`entryid`,`isbn`) VALUES('Airport because of sectoral Cherries','1105646','0026718565537');
INSERT INTO `genre_book`(`genre`, `entryid`) VALUES ('Education','1105646');
INSERT INTO `author_book`(`author`, `entryid`) VALUES ('Lesli Manoso','1105646');
INSERT INTO `publisher_book`(`publisher`, `entryid`) VALUES ('Travaglio Inc.','1105646');
INSERT INTO `entry`(`entryid`,`type`) VALUES('1105647','b');
INSERT INTO `book`(`title`,`entryid`,`isbn`) VALUES('Bumper in Soy','1105647','0480274333813');
INSERT INTO `genre_book`(`genre`, `entryid`) VALUES ('Science','1105647');
INSERT INTO `author_book`(`author`, `entryid`) VALUES ('Janise Pagaduan','1105647');
INSERT INTO `publisher_book`(`publisher`, `entryid`) VALUES ('Wince Publishers.','1105647');
INSERT INTO `entry`(`entryid`,`type`) VALUES('1105648','b');
INSERT INTO `book`(`title`,`entryid`,`isbn`) VALUES('Colombia in the dovetailed Valley','1105648','9761836644709');
INSERT INTO `genre_book`(`genre`, `entryid`) VALUES ('Adventure','1105648');
INSERT INTO `author_book`(`author`, `entryid`) VALUES ('Earnestine Vanderwal','1105648');
INSERT INTO `publisher_book`(`publisher`, `entryid`) VALUES ('Ziedan Inc.','1105648');
INSERT INTO `entry`(`entryid`,`type`) VALUES('1105649','b');
INSERT INTO `book`(`title`,`entryid`,`isbn`) VALUES('Bagpipe in the Wrinkle','1105649','9129811449006');
INSERT INTO `genre_book`(`genre`, `entryid`) VALUES ('Horror','1105649');
INSERT INTO `author_book`(`author`, `entryid`) VALUES ('Narcisa Carriere','1105649');
INSERT INTO `publisher_book`(`publisher`, `entryid`) VALUES ('Kaliher Cooperations.','1105649');
INSERT INTO `entry`(`entryid`,`type`) VALUES('1105650','b');
INSERT INTO `book`(`title`,`entryid`,`isbn`) VALUES('Carol for the nineteen Effect','1105650','0971190792431');
INSERT INTO `genre_book`(`genre`, `entryid`) VALUES ('Thriller','1105650');
INSERT INTO `author_book`(`author`, `entryid`) VALUES ('Mica Kingsley','1105650');
INSERT INTO `publisher_book`(`publisher`, `entryid`) VALUES ('Dular Publishers.','1105650');
INSERT INTO `entry`(`entryid`,`type`) VALUES('1105651','b');
INSERT INTO `book`(`title`,`entryid`,`isbn`) VALUES('Mole of the Budget','1105651','9148583843073');
INSERT INTO `genre_book`(`genre`, `entryid`) VALUES ('Science','1105651');
INSERT INTO `author`(`name`,`birthyear`,`deathyear`) VALUES('Gary Sitzes','1903','1960');
INSERT INTO `author_book`(`author`, `entryid`) VALUES ('Gary Sitzes','1105651');
INSERT INTO `publisher_book`(`publisher`, `entryid`) VALUES ('Mingle Publishers.','1105651');
INSERT INTO `entry`(`entryid`,`type`) VALUES('1105652','b');
INSERT INTO `book`(`title`,`entryid`,`isbn`) VALUES('Eagle vs. Kayak','1105652','9147553293368');
INSERT INTO `genre_book`(`genre`, `entryid`) VALUES ('Thriller','1105652');
INSERT INTO `author_book`(`author`, `entryid`) VALUES ('Arlinda Neibert','1105652');
INSERT INTO `publisher_book`(`publisher`, `entryid`) VALUES ('Yenney Cooperations.','1105652');
INSERT INTO `entry`(`entryid`,`type`) VALUES('1105653','b');
INSERT INTO `book`(`title`,`entryid`,`isbn`) VALUES('Babies with the Cost','1105653','9763366064701');
INSERT INTO `genre_book`(`genre`, `entryid`) VALUES ('Horror','1105653');
INSERT INTO `author_book`(`author`, `entryid`) VALUES ('Phuong Kintigh','1105653');
INSERT INTO `publisher_book`(`publisher`, `entryid`) VALUES ('Vinci Publishers.','1105653');
INSERT INTO `entry`(`entryid`,`type`) VALUES('1105654','b');
INSERT INTO `book`(`title`,`entryid`,`isbn`) VALUES('Tongue against the semiliterate Party','1105654','9440904813909');
INSERT INTO `genre_book`(`genre`, `entryid`) VALUES ('Education','1105654');
INSERT INTO `author`(`name`,`birthyear`,`deathyear`) VALUES('Johnathon Copney','1912','1942');
INSERT INTO `author_book`(`author`, `entryid`) VALUES ('Johnathon Copney','1105654');
INSERT INTO `publisher_book`(`publisher`, `entryid`) VALUES ('Yost Publishers.','1105654');
INSERT INTO `entry`(`entryid`,`type`) VALUES('1105655','b');
INSERT INTO `book`(`title`,`entryid`,`isbn`) VALUES('Grip of the very Diaphragm','1105655','9377764594907');
INSERT INTO `genre_book`(`genre`, `entryid`) VALUES ('Adventure','1105655');
INSERT INTO `author_book`(`author`, `entryid`) VALUES ('Klara Haubrich','1105655');
INSERT INTO `publisher_book`(`publisher`, `entryid`) VALUES ('Pettiford Cooperations.','1105655');
INSERT INTO `entry`(`entryid`,`type`) VALUES('1105656','b');
INSERT INTO `book`(`title`,`entryid`,`isbn`) VALUES('Nail against unfettered Sphere','1105656','0339267457031');
INSERT INTO `genre_book`(`genre`, `entryid`) VALUES ('Education','1105656');
INSERT INTO `author_book`(`author`, `entryid`) VALUES ('Bette Tuell','1105656');
INSERT INTO `publisher_book`(`publisher`, `entryid`) VALUES ('Treinen Publishers.','1105656');
INSERT INTO `entry`(`entryid`,`type`) VALUES('1105657','b');
INSERT INTO `book`(`title`,`entryid`,`isbn`) VALUES('Bracket against ungenerous Face','1105657','9000704833405');
INSERT INTO `genre_book`(`genre`, `entryid`) VALUES ('Horror','1105657');
INSERT INTO `author_book`(`author`, `entryid`) VALUES ('Lyle Goodale','1105657');
INSERT INTO `publisher_book`(`publisher`, `entryid`) VALUES ('Pettiford Cooperations.','1105657');
INSERT INTO `entry`(`entryid`,`type`) VALUES('1105658','b');
INSERT INTO `book`(`title`,`entryid`,`isbn`) VALUES('Drop against algological Caravan','1105658','0049336601976');
INSERT INTO `genre_book`(`genre`, `entryid`) VALUES ('Horror','1105658');
INSERT INTO `author_book`(`author`, `entryid`) VALUES ('Rosa Gentges','1105658');
INSERT INTO `publisher_book`(`publisher`, `entryid`) VALUES ('Rinebold Cooperations.','1105658');
INSERT INTO `entry`(`entryid`,`type`) VALUES('1105659','b');
INSERT INTO `book`(`title`,`entryid`,`isbn`) VALUES('Cast because of copper-bottomed Cow','1105659','0587090747022');
INSERT INTO `genre_book`(`genre`, `entryid`) VALUES ('Sci-Fi','1105659');
INSERT INTO `author_book`(`author`, `entryid`) VALUES ('Juan Rieth','1105659');
INSERT INTO `publisher_book`(`publisher`, `entryid`) VALUES ('Cajigas Inc.','1105659');
INSERT INTO `entry`(`entryid`,`type`) VALUES('1105660','b');
INSERT INTO `book`(`title`,`entryid`,`isbn`) VALUES('Gender with the Trick','1105660','9649505309294');
INSERT INTO `genre_book`(`genre`, `entryid`) VALUES ('Horror','1105660');
INSERT INTO `author`(`name`,`birthyear`,`deathyear`) VALUES('Lasonya Pickhardt','1920','1974');
INSERT INTO `author_book`(`author`, `entryid`) VALUES ('Lasonya Pickhardt','1105660');
INSERT INTO `publisher_book`(`publisher`, `entryid`) VALUES ('Wince Publishers.','1105660');
INSERT INTO `entry`(`entryid`,`type`) VALUES('1105661','b');
INSERT INTO `book`(`title`,`entryid`,`isbn`) VALUES('Bed to explicit Rat','1105661','0548389742678');
INSERT INTO `genre_book`(`genre`, `entryid`) VALUES ('Education','1105661');
INSERT INTO `author`(`name`,`birthyear`,`deathyear`) VALUES('Shane Brucculeri','1902','1953');
INSERT INTO `author_book`(`author`, `entryid`) VALUES ('Shane Brucculeri','1105661');
INSERT INTO `publisher_book`(`publisher`, `entryid`) VALUES ('Zotos Publishers.','1105661');
INSERT INTO `entry`(`entryid`,`type`) VALUES('1105662','b');
INSERT INTO `book`(`title`,`entryid`,`isbn`) VALUES('Politician for Thing','1105662','9601316013792');
INSERT INTO `genre_book`(`genre`, `entryid`) VALUES ('Thriller','1105662');
INSERT INTO `author_book`(`author`, `entryid`) VALUES ('Shanika Trame','1105662');
INSERT INTO `publisher_book`(`publisher`, `entryid`) VALUES ('Baldacchino Publishers.','1105662');
INSERT INTO `entry`(`entryid`,`type`) VALUES('1105663','b');
INSERT INTO `book`(`title`,`entryid`,`isbn`) VALUES('Responsibility to mouthy Copper','1105663','0453697768562');
INSERT INTO `genre_book`(`genre`, `entryid`) VALUES ('Thriller','1105663');
INSERT INTO `author_book`(`author`, `entryid`) VALUES ('Ligia Wiegman','1105663');
INSERT INTO `publisher_book`(`publisher`, `entryid`) VALUES ('Collons Inc.','1105663');
INSERT INTO `entry`(`entryid`,`type`) VALUES('1105664','b');
INSERT INTO `book`(`title`,`entryid`,`isbn`) VALUES('Help in the Tent','1105664','9145715366230');
INSERT INTO `genre_book`(`genre`, `entryid`) VALUES ('Romance','1105664');
INSERT INTO `author_book`(`author`, `entryid`) VALUES ('Emilia Dehnert','1105664');
INSERT INTO `publisher_book`(`publisher`, `entryid`) VALUES ('Drew Cooperations.','1105664');
INSERT INTO `entry`(`entryid`,`type`) VALUES('1105665','b');
INSERT INTO `book`(`title`,`entryid`,`isbn`) VALUES('Tail to the fermented Frost','1105665','0816099291450');
INSERT INTO `genre_book`(`genre`, `entryid`) VALUES ('Thriller','1105665');
INSERT INTO `author_book`(`author`, `entryid`) VALUES ('Jennifer Shouldice','1105665');
INSERT INTO `publisher_book`(`publisher`, `entryid`) VALUES ('Imfeld Publishers.','1105665');
INSERT INTO `entry`(`entryid`,`type`) VALUES('1105666','b');
INSERT INTO `book`(`title`,`entryid`,`isbn`) VALUES('Bangle to Teller','1105666','9079543321551');
INSERT INTO `genre_book`(`genre`, `entryid`) VALUES ('Science','1105666');
INSERT INTO `author_book`(`author`, `entryid`) VALUES ('Malka Conole','1105666');
INSERT INTO `publisher_book`(`publisher`, `entryid`) VALUES ('Pettiford Cooperations.','1105666');
INSERT INTO `entry`(`entryid`,`type`) VALUES('1105667','b');
INSERT INTO `book`(`title`,`entryid`,`isbn`) VALUES('Footnote in un-English Clam','1105667','0463508097316');
INSERT INTO `genre_book`(`genre`, `entryid`) VALUES ('Sci-Fi','1105667');
INSERT INTO `author_book`(`author`, `entryid`) VALUES ('Mardell Struyk','1105667');
INSERT INTO `publisher_book`(`publisher`, `entryid`) VALUES ('Kubert Publishers.','1105667');
INSERT INTO `entry`(`entryid`,`type`) VALUES('1105668','b');
INSERT INTO `book`(`title`,`entryid`,`isbn`) VALUES('Metal and Burn','1105668','9305573253782');
INSERT INTO `genre_book`(`genre`, `entryid`) VALUES ('Education','1105668');
INSERT INTO `author_book`(`author`, `entryid`) VALUES ('Drew Shely','1105668');
INSERT INTO `publisher_book`(`publisher`, `entryid`) VALUES ('Cajigas Inc.','1105668');
INSERT INTO `entry`(`entryid`,`type`) VALUES('1105669','b');
INSERT INTO `book`(`title`,`entryid`,`isbn`) VALUES('Dish in eminent Michelle','1105669','0864747162730');
INSERT INTO `genre_book`(`genre`, `entryid`) VALUES ('Science','1105669');
INSERT INTO `author_book`(`author`, `entryid`) VALUES ('Lin Chamber','1105669');
INSERT INTO `publisher_book`(`publisher`, `entryid`) VALUES ('Pascoe Cooperations.','1105669');
INSERT INTO `entry`(`entryid`,`type`) VALUES('1105670','b');
INSERT INTO `book`(`title`,`entryid`,`isbn`) VALUES('Indonesia with Desire','1105670','0619148747598');
INSERT INTO `genre_book`(`genre`, `entryid`) VALUES ('Education','1105670');
INSERT INTO `author_book`(`author`, `entryid`) VALUES ('Loraine Deardorff','1105670');
INSERT INTO `publisher_book`(`publisher`, `entryid`) VALUES ('Anakalea Inc.','1105670');
INSERT INTO `entry`(`entryid`,`type`) VALUES('1105671','b');
INSERT INTO `book`(`title`,`entryid`,`isbn`) VALUES('Bangladesh with monitorial Offer','1105671','0631170792917');
INSERT INTO `genre_book`(`genre`, `entryid`) VALUES ('Adventure','1105671');
INSERT INTO `author`(`name`,`birthyear`,`deathyear`) VALUES('Angelo Kuerbitz','1897','1934');
INSERT INTO `author_book`(`author`, `entryid`) VALUES ('Angelo Kuerbitz','1105671');
INSERT INTO `publisher_book`(`publisher`, `entryid`) VALUES ('Collons Inc.','1105671');
INSERT INTO `entry`(`entryid`,`type`) VALUES('1105672','b');
INSERT INTO `book`(`title`,`entryid`,`isbn`) VALUES('Dresser to the rotten Coal','1105672','0841978968040');
INSERT INTO `genre_book`(`genre`, `entryid`) VALUES ('Adventure','1105672');
INSERT INTO `author`(`name`,`birthyear`,`deathyear`) VALUES('Rachele Gilarski','1916','1987');
INSERT INTO `author_book`(`author`, `entryid`) VALUES ('Rachele Gilarski','1105672');
INSERT INTO `publisher_book`(`publisher`, `entryid`) VALUES ('Loscalzo Publishers.','1105672');
INSERT INTO `entry`(`entryid`,`type`) VALUES('1105673','b');
INSERT INTO `book`(`title`,`entryid`,`isbn`) VALUES('Grandmother to the Dorothy','1105673','0974973164135');
INSERT INTO `genre_book`(`genre`, `entryid`) VALUES ('Romance','1105673');
INSERT INTO `author_book`(`author`, `entryid`) VALUES ('Michal Sue','1105673');
INSERT INTO `publisher_book`(`publisher`, `entryid`) VALUES ('Spanier Inc.','1105673');
INSERT INTO `entry`(`entryid`,`type`) VALUES('1105674','b');
INSERT INTO `book`(`title`,`entryid`,`isbn`) VALUES('Roll vs. Firewall','1105674','9459811100423');
INSERT INTO `genre_book`(`genre`, `entryid`) VALUES ('Thriller','1105674');
INSERT INTO `author`(`name`,`birthyear`,`deathyear`) VALUES('Nguyet Vallely','1890','1912');
INSERT INTO `author_book`(`author`, `entryid`) VALUES ('Nguyet Vallely','1105674');
INSERT INTO `publisher_book`(`publisher`, `entryid`) VALUES ('Oakeson Cooperations.','1105674');
INSERT INTO `entry`(`entryid`,`type`) VALUES('1105675','b');
INSERT INTO `book`(`title`,`entryid`,`isbn`) VALUES('Linda because of self-centred Swallow','1105675','9600451663977');
INSERT INTO `genre_book`(`genre`, `entryid`) VALUES ('Adventure','1105675');
INSERT INTO `author`(`name`,`birthyear`,`deathyear`) VALUES('Cathie Shapin','1960','2009');
INSERT INTO `author_book`(`author`, `entryid`) VALUES ('Cathie Shapin','1105675');
INSERT INTO `publisher_book`(`publisher`, `entryid`) VALUES ('Reinoso Publishers.','1105675');
INSERT INTO `entry`(`entryid`,`type`) VALUES('1105676','b');
INSERT INTO `book`(`title`,`entryid`,`isbn`) VALUES('Floor of the interfacial Clutch','1105676','9571871970452');
INSERT INTO `genre_book`(`genre`, `entryid`) VALUES ('Thriller','1105676');
INSERT INTO `author_book`(`author`, `entryid`) VALUES ('Roy Borge','1105676');
INSERT INTO `publisher_book`(`publisher`, `entryid`) VALUES ('Moors Publishers.','1105676');
INSERT INTO `entry`(`entryid`,`type`) VALUES('1105677','b');
INSERT INTO `book`(`title`,`entryid`,`isbn`) VALUES('T-shirt against chemotactic Jeff','1105677','9844321767931');
INSERT INTO `genre_book`(`genre`, `entryid`) VALUES ('Education','1105677');
INSERT INTO `author_book`(`author`, `entryid`) VALUES ('Rickie Panter','1105677');
INSERT INTO `publisher_book`(`publisher`, `entryid`) VALUES ('Anakalea Inc.','1105677');
INSERT INTO `entry`(`entryid`,`type`) VALUES('1105678','b');
INSERT INTO `book`(`title`,`entryid`,`isbn`) VALUES('Radio against Baseball','1105678','0533258802148');
INSERT INTO `genre_book`(`genre`, `entryid`) VALUES ('Romance','1105678');
INSERT INTO `author_book`(`author`, `entryid`) VALUES ('Sheila Marcum','1105678');
INSERT INTO `publisher_book`(`publisher`, `entryid`) VALUES ('Ziedan Inc.','1105678');
INSERT INTO `entry`(`entryid`,`type`) VALUES('1105679','b');
INSERT INTO `book`(`title`,`entryid`,`isbn`) VALUES('Kohlrabi by professorial Band','1105679','0120573652107');
INSERT INTO `genre_book`(`genre`, `entryid`) VALUES ('Sci-Fi','1105679');
INSERT INTO `author_book`(`author`, `entryid`) VALUES ('Ngoc Gruiger','1105679');
INSERT INTO `publisher_book`(`publisher`, `entryid`) VALUES ('Moors Publishers.','1105679');
INSERT INTO `entry`(`entryid`,`type`) VALUES('1105680','b');
INSERT INTO `book`(`title`,`entryid`,`isbn`) VALUES('Hub against scorching Peru','1105680','0997204659067');
INSERT INTO `genre_book`(`genre`, `entryid`) VALUES ('Romance','1105680');
INSERT INTO `author`(`name`,`birthyear`,`deathyear`) VALUES('Mayra Crumlish','1964','2001');
INSERT INTO `author_book`(`author`, `entryid`) VALUES ('Mayra Crumlish','1105680');
INSERT INTO `publisher_book`(`publisher`, `entryid`) VALUES ('Rinebold Cooperations.','1105680');
INSERT INTO `entry`(`entryid`,`type`) VALUES('1105681','b');
INSERT INTO `book`(`title`,`entryid`,`isbn`) VALUES('Blinker for the scrimpiest Rice','1105681','0438932282323');
INSERT INTO `genre_book`(`genre`, `entryid`) VALUES ('Adventure','1105681');
INSERT INTO `author_book`(`author`, `entryid`) VALUES ('Cherlyn Wyze','1105681');
INSERT INTO `publisher_book`(`publisher`, `entryid`) VALUES ('Wriedt Publishers.','1105681');
INSERT INTO `entry`(`entryid`,`type`) VALUES('1105682','b');
INSERT INTO `book`(`title`,`entryid`,`isbn`) VALUES('Forgery of the dysuric Comic','1105682','9023964974700');
INSERT INTO `genre_book`(`genre`, `entryid`) VALUES ('Science','1105682');
INSERT INTO `author`(`name`,`birthyear`,`deathyear`) VALUES('Kenya Tinger','1882','1914');
INSERT INTO `author_book`(`author`, `entryid`) VALUES ('Kenya Tinger','1105682');
INSERT INTO `publisher_book`(`publisher`, `entryid`) VALUES ('Bierley Cooperations.','1105682');
INSERT INTO `entry`(`entryid`,`type`) VALUES('1105683','b');
INSERT INTO `book`(`title`,`entryid`,`isbn`) VALUES('Doubt against fallibilist Grenade','1105683','0636763433159');
INSERT INTO `genre_book`(`genre`, `entryid`) VALUES ('Adventure','1105683');
INSERT INTO `author_book`(`author`, `entryid`) VALUES ('Chas Savary','1105683');
INSERT INTO `publisher_book`(`publisher`, `entryid`) VALUES ('Mignogna Publishers.','1105683');
INSERT INTO `entry`(`entryid`,`type`) VALUES('1105684','b');
INSERT INTO `book`(`title`,`entryid`,`isbn`) VALUES('House because of antidromic August','1105684','9350126413499');
INSERT INTO `genre_book`(`genre`, `entryid`) VALUES ('Romance','1105684');
INSERT INTO `author_book`(`author`, `entryid`) VALUES ('Naida Lipman','1105684');
INSERT INTO `publisher_book`(`publisher`, `entryid`) VALUES ('Wriedt Publishers.','1105684');
INSERT INTO `entry`(`entryid`,`type`) VALUES('1105685','b');
INSERT INTO `book`(`title`,`entryid`,`isbn`) VALUES('Gun to the emptied Asparagus','1105685','9919364241574');
INSERT INTO `genre_book`(`genre`, `entryid`) VALUES ('Education','1105685');
INSERT INTO `author_book`(`author`, `entryid`) VALUES ('Cyndi Bhatt','1105685');
INSERT INTO `publisher_book`(`publisher`, `entryid`) VALUES ('Wriedt Publishers.','1105685');
INSERT INTO `entry`(`entryid`,`type`) VALUES('1105686','b');
INSERT INTO `book`(`title`,`entryid`,`isbn`) VALUES('Kilogram by the Goose','1105686','0283614504269');
INSERT INTO `genre_book`(`genre`, `entryid`) VALUES ('Adventure','1105686');
INSERT INTO `author_book`(`author`, `entryid`) VALUES ('Johna Ivery','1105686');
INSERT INTO `publisher_book`(`publisher`, `entryid`) VALUES ('Travaglio Inc.','1105686');
INSERT INTO `entry`(`entryid`,`type`) VALUES('1105687','b');
INSERT INTO `book`(`title`,`entryid`,`isbn`) VALUES('Dorothy because of Manx','1105687','9874860902993');
INSERT INTO `genre_book`(`genre`, `entryid`) VALUES ('Thriller','1105687');
INSERT INTO `author_book`(`author`, `entryid`) VALUES ('Zulma Borgers','1105687');
INSERT INTO `publisher_book`(`publisher`, `entryid`) VALUES ('Loscalzo Publishers.','1105687');
INSERT INTO `entry`(`entryid`,`type`) VALUES('1105688','b');
INSERT INTO `book`(`title`,`entryid`,`isbn`) VALUES('Church because of Secure','1105688','0031027075356');
INSERT INTO `genre_book`(`genre`, `entryid`) VALUES ('Science','1105688');
INSERT INTO `author_book`(`author`, `entryid`) VALUES ('Lester Ritch','1105688');
INSERT INTO `publisher_book`(`publisher`, `entryid`) VALUES ('Shinnick Inc.','1105688');
INSERT INTO `entry`(`entryid`,`type`) VALUES('1105689','b');
INSERT INTO `book`(`title`,`entryid`,`isbn`) VALUES('Dollar vs. Comtist Jumbo','1105689','0001973441146');
INSERT INTO `genre_book`(`genre`, `entryid`) VALUES ('Adventure','1105689');
INSERT INTO `author_book`(`author`, `entryid`) VALUES ('Norman Majied','1105689');
INSERT INTO `publisher_book`(`publisher`, `entryid`) VALUES ('Turnbough Inc.','1105689');
INSERT INTO `entry`(`entryid`,`type`) VALUES('1105690','b');
INSERT INTO `book`(`title`,`entryid`,`isbn`) VALUES('May in the Cockroach','1105690','9565617776173');
INSERT INTO `genre_book`(`genre`, `entryid`) VALUES ('Romance','1105690');
INSERT INTO `author`(`name`,`birthyear`,`deathyear`) VALUES('Stefany Marthe','1952','2045');
INSERT INTO `author_book`(`author`, `entryid`) VALUES ('Stefany Marthe','1105690');
INSERT INTO `publisher_book`(`publisher`, `entryid`) VALUES ('Imfeld Publishers.','1105690');
INSERT INTO `entry`(`entryid`,`type`) VALUES('1105691','b');
INSERT INTO `book`(`title`,`entryid`,`isbn`) VALUES('Crocodile in the clerical Processing','1105691','0850699809966');
INSERT INTO `genre_book`(`genre`, `entryid`) VALUES ('Horror','1105691');
INSERT INTO `author_book`(`author`, `entryid`) VALUES ('Misha Dagel','1105691');
INSERT INTO `publisher_book`(`publisher`, `entryid`) VALUES ('Gittere Publishers.','1105691');
INSERT INTO `entry`(`entryid`,`type`) VALUES('1105692','b');
INSERT INTO `book`(`title`,`entryid`,`isbn`) VALUES('Diploma to autarchic Toast','1105692','0982638789574');
INSERT INTO `genre_book`(`genre`, `entryid`) VALUES ('Horror','1105692');
INSERT INTO `author_book`(`author`, `entryid`) VALUES ('Tom Garling','1105692');
INSERT INTO `publisher_book`(`publisher`, `entryid`) VALUES ('Kouns Cooperations.','1105692');
INSERT INTO `entry`(`entryid`,`type`) VALUES('1105693','b');
INSERT INTO `book`(`title`,`entryid`,`isbn`) VALUES('Justice of the crustier Jasmine','1105693','0638372014403');
INSERT INTO `genre_book`(`genre`, `entryid`) VALUES ('Thriller','1105693');
INSERT INTO `author_book`(`author`, `entryid`) VALUES ('Vashti Ketler','1105693');
INSERT INTO `publisher_book`(`publisher`, `entryid`) VALUES ('Jessel Cooperations.','1105693');
INSERT INTO `entry`(`entryid`,`type`) VALUES('1105694','b');
INSERT INTO `book`(`title`,`entryid`,`isbn`) VALUES('Month and phrenetic Insurance','1105694','9464424904906');
INSERT INTO `genre_book`(`genre`, `entryid`) VALUES ('Horror','1105694');
INSERT INTO `author_book`(`author`, `entryid`) VALUES ('Andera Broderson','1105694');
INSERT INTO `publisher_book`(`publisher`, `entryid`) VALUES ('Dusatko Inc.','1105694');
INSERT INTO `entry`(`entryid`,`type`) VALUES('1105695','b');
INSERT INTO `book`(`title`,`entryid`,`isbn`) VALUES('Teaching to the homeostatic March','1105695','9228306983401');
INSERT INTO `genre_book`(`genre`, `entryid`) VALUES ('Romance','1105695');
INSERT INTO `author_book`(`author`, `entryid`) VALUES ('Jeramy Christopher','1105695');
INSERT INTO `publisher_book`(`publisher`, `entryid`) VALUES ('Weimer Inc.','1105695');
INSERT INTO `entry`(`entryid`,`type`) VALUES('1105696','b');
INSERT INTO `book`(`title`,`entryid`,`isbn`) VALUES('Cloth of affiliated Scene','1105696','9362636141171');
INSERT INTO `genre_book`(`genre`, `entryid`) VALUES ('Thriller','1105696');
INSERT INTO `author_book`(`author`, `entryid`) VALUES ('Lasonya Pickhardt','1105696');
INSERT INTO `publisher_book`(`publisher`, `entryid`) VALUES ('Weissenborn Publishers.','1105696');
INSERT INTO `entry`(`entryid`,`type`) VALUES('1105697','b');
INSERT INTO `book`(`title`,`entryid`,`isbn`) VALUES('Dance to the bloodless Skin','1105697','9831817473265');
INSERT INTO `genre_book`(`genre`, `entryid`) VALUES ('Education','1105697');
INSERT INTO `author_book`(`author`, `entryid`) VALUES ('Leona Sciola','1105697');
INSERT INTO `publisher_book`(`publisher`, `entryid`) VALUES ('Moors Publishers.','1105697');
INSERT INTO `entry`(`entryid`,`type`) VALUES('1105698','b');
INSERT INTO `book`(`title`,`entryid`,`isbn`) VALUES('Piccolo of the Print','1105698','9088232552427');
INSERT INTO `genre_book`(`genre`, `entryid`) VALUES ('Adventure','1105698');
INSERT INTO `author_book`(`author`, `entryid`) VALUES ('Stefany Marthe','1105698');
INSERT INTO `publisher_book`(`publisher`, `entryid`) VALUES ('Liskai Inc.','1105698');
INSERT INTO `entry`(`entryid`,`type`) VALUES('1105699','b');
INSERT INTO `book`(`title`,`entryid`,`isbn`) VALUES('Ex-wife and the entopic Newsstand','1105699','0783801631271');
INSERT INTO `genre_book`(`genre`, `entryid`) VALUES ('Horror','1105699');
INSERT INTO `author_book`(`author`, `entryid`) VALUES ('Philomena Rippee','1105699');
INSERT INTO `publisher_book`(`publisher`, `entryid`) VALUES ('Jessel Cooperations.','1105699');
INSERT INTO `entry`(`entryid`,`type`) VALUES('1105700','b');
INSERT INTO `book`(`title`,`entryid`,`isbn`) VALUES('Quality for the Chest','1105700','9517307870302');
INSERT INTO `genre_book`(`genre`, `entryid`) VALUES ('Horror','1105700');
INSERT INTO `author_book`(`author`, `entryid`) VALUES ('Arnetta Briley','1105700');
INSERT INTO `publisher_book`(`publisher`, `entryid`) VALUES ('Reinoso Publishers.','1105700');
INSERT INTO `entry`(`entryid`,`type`) VALUES('1105701','b');
INSERT INTO `book`(`title`,`entryid`,`isbn`) VALUES('Shallot of the inextensible Food','1105701','0252667018945');
INSERT INTO `genre_book`(`genre`, `entryid`) VALUES ('Adventure','1105701');
INSERT INTO `author_book`(`author`, `entryid`) VALUES ('Jamaal Breske','1105701');
INSERT INTO `publisher_book`(`publisher`, `entryid`) VALUES ('Woollard Cooperations.','1105701');
INSERT INTO `entry`(`entryid`,`type`) VALUES('1105702','b');
INSERT INTO `book`(`title`,`entryid`,`isbn`) VALUES('Uncle to the Approval','1105702','0344610289710');
INSERT INTO `genre_book`(`genre`, `entryid`) VALUES ('Thriller','1105702');
INSERT INTO `author_book`(`author`, `entryid`) VALUES ('Rosemary Stutheit','1105702');
INSERT INTO `publisher_book`(`publisher`, `entryid`) VALUES ('Sibley Inc.','1105702');
INSERT INTO `entry`(`entryid`,`type`) VALUES('1105703','b');
INSERT INTO `book`(`title`,`entryid`,`isbn`) VALUES('Paper and maestoso Kenneth','1105703','9205198250615');
INSERT INTO `genre_book`(`genre`, `entryid`) VALUES ('Science','1105703');
INSERT INTO `author_book`(`author`, `entryid`) VALUES ('Linette Hudgins','1105703');
INSERT INTO `publisher_book`(`publisher`, `entryid`) VALUES ('Goodpastor Inc.','1105703');
INSERT INTO `entry`(`entryid`,`type`) VALUES('1105704','b');
INSERT INTO `book`(`title`,`entryid`,`isbn`) VALUES('Lotion of Path','1105704','0057899956560');
INSERT INTO `genre_book`(`genre`, `entryid`) VALUES ('Education','1105704');
INSERT INTO `author_book`(`author`, `entryid`) VALUES ('Mertie Hummingbird','1105704');
INSERT INTO `publisher_book`(`publisher`, `entryid`) VALUES ('Moors Publishers.','1105704');
INSERT INTO `entry`(`entryid`,`type`) VALUES('1105705','b');
INSERT INTO `book`(`title`,`entryid`,`isbn`) VALUES('Gorilla for stretchable Mall','1105705','9257439886529');
INSERT INTO `genre_book`(`genre`, `entryid`) VALUES ('Education','1105705');
INSERT INTO `author_book`(`author`, `entryid`) VALUES ('Valeria Torguson','1105705');
INSERT INTO `publisher_book`(`publisher`, `entryid`) VALUES ('Urbina Publishers.','1105705');
INSERT INTO `entry`(`entryid`,`type`) VALUES('1105706','b');
INSERT INTO `book`(`title`,`entryid`,`isbn`) VALUES('Transaction with the trailing Bone','1105706','9516328155533');
INSERT INTO `genre_book`(`genre`, `entryid`) VALUES ('Sci-Fi','1105706');
INSERT INTO `author_book`(`author`, `entryid`) VALUES ('Eun Heusner','1105706');
INSERT INTO `publisher_book`(`publisher`, `entryid`) VALUES ('Zerangue Cooperations.','1105706');
INSERT INTO `entry`(`entryid`,`type`) VALUES('1105707','b');
INSERT INTO `book`(`title`,`entryid`,`isbn`) VALUES('Plate by the Imprisonment','1105707','0049368055381');
INSERT INTO `genre_book`(`genre`, `entryid`) VALUES ('Adventure','1105707');
INSERT INTO `author_book`(`author`, `entryid`) VALUES ('Mertie Hummingbird','1105707');
INSERT INTO `publisher_book`(`publisher`, `entryid`) VALUES ('Bierley Cooperations.','1105707');
INSERT INTO `entry`(`entryid`,`type`) VALUES('1105708','b');
INSERT INTO `book`(`title`,`entryid`,`isbn`) VALUES('Soil for Texture','1105708','0366949277910');
INSERT INTO `genre_book`(`genre`, `entryid`) VALUES ('Education','1105708');
INSERT INTO `author`(`name`,`birthyear`,`deathyear`) VALUES('Von Jenkerson','1912','1953');
INSERT INTO `author_book`(`author`, `entryid`) VALUES ('Von Jenkerson','1105708');
INSERT INTO `publisher_book`(`publisher`, `entryid`) VALUES ('Gorgone Inc.','1105708');
INSERT INTO `entry`(`entryid`,`type`) VALUES('1105709','b');
INSERT INTO `book`(`title`,`entryid`,`isbn`) VALUES('Step-brother of sympathomimetic Believe','1105709','9311396983840');
INSERT INTO `genre_book`(`genre`, `entryid`) VALUES ('Science','1105709');
INSERT INTO `author_book`(`author`, `entryid`) VALUES ('Gladis Heineman','1105709');
INSERT INTO `publisher_book`(`publisher`, `entryid`) VALUES ('Mcnatt Publishers.','1105709');
INSERT INTO `entry`(`entryid`,`type`) VALUES('1105710','b');
INSERT INTO `book`(`title`,`entryid`,`isbn`) VALUES('Jasmine to the Territory','1105710','9918451411220');
INSERT INTO `genre_book`(`genre`, `entryid`) VALUES ('Education','1105710');
INSERT INTO `author_book`(`author`, `entryid`) VALUES ('Maggie Sattazahn','1105710');
INSERT INTO `publisher_book`(`publisher`, `entryid`) VALUES ('Pandya Cooperations.','1105710');
INSERT INTO `entry`(`entryid`,`type`) VALUES('1105711','b');
INSERT INTO `book`(`title`,`entryid`,`isbn`) VALUES('Hourglass of the Haircut','1105711','0360194479572');
INSERT INTO `genre_book`(`genre`, `entryid`) VALUES ('Adventure','1105711');
INSERT INTO `author_book`(`author`, `entryid`) VALUES ('Rickie Panter','1105711');
INSERT INTO `publisher_book`(`publisher`, `entryid`) VALUES ('Ziedan Inc.','1105711');
INSERT INTO `entry`(`entryid`,`type`) VALUES('1105712','b');
INSERT INTO `book`(`title`,`entryid`,`isbn`) VALUES('Fibre by the Anger','1105712','9643724532873');
INSERT INTO `genre_book`(`genre`, `entryid`) VALUES ('Horror','1105712');
INSERT INTO `author_book`(`author`, `entryid`) VALUES ('Beth Milford','1105712');
INSERT INTO `publisher_book`(`publisher`, `entryid`) VALUES ('Autrano Publishers.','1105712');
INSERT INTO `entry`(`entryid`,`type`) VALUES('1105713','b');
INSERT INTO `book`(`title`,`entryid`,`isbn`) VALUES('School against consumerism Kick','1105713','9905558816491');
INSERT INTO `genre_book`(`genre`, `entryid`) VALUES ('Romance','1105713');
INSERT INTO `author`(`name`,`birthyear`,`deathyear`) VALUES('Merrill Panko','1884','1954');
INSERT INTO `author_book`(`author`, `entryid`) VALUES ('Merrill Panko','1105713');
INSERT INTO `publisher_book`(`publisher`, `entryid`) VALUES ('Pandya Cooperations.','1105713');
INSERT INTO `entry`(`entryid`,`type`) VALUES('1105714','b');
INSERT INTO `book`(`title`,`entryid`,`isbn`) VALUES('Cereal to in-service Behavior','1105714','0857777298588');
INSERT INTO `genre_book`(`genre`, `entryid`) VALUES ('Horror','1105714');
INSERT INTO `author_book`(`author`, `entryid`) VALUES ('Romona Studt','1105714');
INSERT INTO `publisher_book`(`publisher`, `entryid`) VALUES ('Kubert Publishers.','1105714');
INSERT INTO `entry`(`entryid`,`type`) VALUES('1105715','b');
INSERT INTO `book`(`title`,`entryid`,`isbn`) VALUES('Table against meretricious Turret','1105715','9615427538487');
INSERT INTO `genre_book`(`genre`, `entryid`) VALUES ('Thriller','1105715');
INSERT INTO `author_book`(`author`, `entryid`) VALUES ('Antwan Bowie','1105715');
INSERT INTO `publisher_book`(`publisher`, `entryid`) VALUES ('Baldacchino Publishers.','1105715');
INSERT INTO `entry`(`entryid`,`type`) VALUES('1105716','b');
INSERT INTO `book`(`title`,`entryid`,`isbn`) VALUES('Blizzard in the proteiform Unit','1105716','0810821247665');
INSERT INTO `genre_book`(`genre`, `entryid`) VALUES ('Horror','1105716');
INSERT INTO `author_book`(`author`, `entryid`) VALUES ('Nestor Naish','1105716');
INSERT INTO `publisher_book`(`publisher`, `entryid`) VALUES ('Asmus Cooperations.','1105716');
INSERT INTO `entry`(`entryid`,`type`) VALUES('1105717','b');
INSERT INTO `book`(`title`,`entryid`,`isbn`) VALUES('Ink against premeditative Milkshake','1105717','0797722300180');
INSERT INTO `genre_book`(`genre`, `entryid`) VALUES ('Sci-Fi','1105717');
INSERT INTO `author_book`(`author`, `entryid`) VALUES ('Aleen Stroth','1105717');
INSERT INTO `publisher_book`(`publisher`, `entryid`) VALUES ('Panzarino Publishers.','1105717');
INSERT INTO `entry`(`entryid`,`type`) VALUES('1105718','b');
INSERT INTO `book`(`title`,`entryid`,`isbn`) VALUES('Driving in the Holiday','1105718','9041858850727');
INSERT INTO `genre_book`(`genre`, `entryid`) VALUES ('Science','1105718');
INSERT INTO `author`(`name`,`birthyear`,`deathyear`) VALUES('Emilia Taghon','1959','2033');
INSERT INTO `author_book`(`author`, `entryid`) VALUES ('Emilia Taghon','1105718');
INSERT INTO `publisher_book`(`publisher`, `entryid`) VALUES ('Anakalea Inc.','1105718');
INSERT INTO `entry`(`entryid`,`type`) VALUES('1105719','b');
INSERT INTO `book`(`title`,`entryid`,`isbn`) VALUES('Persian in connectable Chess','1105719','0627594377608');
INSERT INTO `genre_book`(`genre`, `entryid`) VALUES ('Science','1105719');
INSERT INTO `author_book`(`author`, `entryid`) VALUES ('Penney Hymel','1105719');
INSERT INTO `publisher_book`(`publisher`, `entryid`) VALUES ('Sibley Inc.','1105719');
INSERT INTO `entry`(`entryid`,`type`) VALUES('1105720','b');
INSERT INTO `book`(`title`,`entryid`,`isbn`) VALUES('Windchime vs. clavate Start','1105720','9044211388437');
INSERT INTO `genre_book`(`genre`, `entryid`) VALUES ('Adventure','1105720');
INSERT INTO `author_book`(`author`, `entryid`) VALUES ('Indira Mcdonal','1105720');
INSERT INTO `publisher_book`(`publisher`, `entryid`) VALUES ('Shiplet Inc.','1105720');
INSERT INTO `entry`(`entryid`,`type`) VALUES('1105721','b');
INSERT INTO `book`(`title`,`entryid`,`isbn`) VALUES('Earthquake in the Pink','1105721','0213382665368');
INSERT INTO `genre_book`(`genre`, `entryid`) VALUES ('Sci-Fi','1105721');
INSERT INTO `author_book`(`author`, `entryid`) VALUES ('Muoi Glumac','1105721');
INSERT INTO `publisher_book`(`publisher`, `entryid`) VALUES ('Woollard Cooperations.','1105721');
INSERT INTO `entry`(`entryid`,`type`) VALUES('1105722','b');
INSERT INTO `book`(`title`,`entryid`,`isbn`) VALUES('Adjustment of the mystifying Kenneth','1105722','9373391060133');
INSERT INTO `genre_book`(`genre`, `entryid`) VALUES ('Romance','1105722');
INSERT INTO `author_book`(`author`, `entryid`) VALUES ('Norman Majied','1105722');
INSERT INTO `publisher_book`(`publisher`, `entryid`) VALUES ('Shinnick Inc.','1105722');
INSERT INTO `entry`(`entryid`,`type`) VALUES('1105723','b');
INSERT INTO `book`(`title`,`entryid`,`isbn`) VALUES('Trousers vs. Quality','1105723','0590220576215');
INSERT INTO `genre_book`(`genre`, `entryid`) VALUES ('Romance','1105723');
INSERT INTO `author_book`(`author`, `entryid`) VALUES ('Ludivina Manlito','1105723');
INSERT INTO `publisher_book`(`publisher`, `entryid`) VALUES ('Sensing Cooperations.','1105723');
INSERT INTO `entry`(`entryid`,`type`) VALUES('1105724','b');
INSERT INTO `book`(`title`,`entryid`,`isbn`) VALUES('Butane for self Hygienic','1105724','9994924594871');
INSERT INTO `genre_book`(`genre`, `entryid`) VALUES ('Adventure','1105724');
INSERT INTO `author_book`(`author`, `entryid`) VALUES ('Ligia Wiegman','1105724');
INSERT INTO `publisher_book`(`publisher`, `entryid`) VALUES ('Sensing Cooperations.','1105724');
INSERT INTO `entry`(`entryid`,`type`) VALUES('1105725','b');
INSERT INTO `book`(`title`,`entryid`,`isbn`) VALUES('Willow to Pisces','1105725','9300572640835');
INSERT INTO `genre_book`(`genre`, `entryid`) VALUES ('Horror','1105725');
INSERT INTO `author`(`name`,`birthyear`,`deathyear`) VALUES('Evelina Lodi','1950','2038');
INSERT INTO `author_book`(`author`, `entryid`) VALUES ('Evelina Lodi','1105725');
INSERT INTO `publisher_book`(`publisher`, `entryid`) VALUES ('Kaliher Cooperations.','1105725');
INSERT INTO `entry`(`entryid`,`type`) VALUES('1105726','b');
INSERT INTO `book`(`title`,`entryid`,`isbn`) VALUES('Forest by the conciliar Grass','1105726','0542725424158');
INSERT INTO `genre_book`(`genre`, `entryid`) VALUES ('Horror','1105726');
INSERT INTO `author_book`(`author`, `entryid`) VALUES ('Porter Kindell','1105726');
INSERT INTO `publisher_book`(`publisher`, `entryid`) VALUES ('Hobin Cooperations.','1105726');
INSERT INTO `entry`(`entryid`,`type`) VALUES('1105727','b');
INSERT INTO `book`(`title`,`entryid`,`isbn`) VALUES('Skiing with unsustaining Radio','1105727','0198327033467');
INSERT INTO `genre_book`(`genre`, `entryid`) VALUES ('Adventure','1105727');
INSERT INTO `author`(`name`,`birthyear`,`deathyear`) VALUES('Kitty Parnes','1904','1956');
INSERT INTO `author_book`(`author`, `entryid`) VALUES ('Kitty Parnes','1105727');
INSERT INTO `publisher_book`(`publisher`, `entryid`) VALUES ('Sago Publishers.','1105727');
INSERT INTO `entry`(`entryid`,`type`) VALUES('1105728','b');
INSERT INTO `book`(`title`,`entryid`,`isbn`) VALUES('Thistle to the second-sighted Lathe','1105728','0203569244544');
INSERT INTO `genre_book`(`genre`, `entryid`) VALUES ('Sci-Fi','1105728');
INSERT INTO `author_book`(`author`, `entryid`) VALUES ('Kortney Hilman','1105728');
INSERT INTO `publisher_book`(`publisher`, `entryid`) VALUES ('Uyehara Inc.','1105728');
INSERT INTO `entry`(`entryid`,`type`) VALUES('1105729','b');
INSERT INTO `book`(`title`,`entryid`,`isbn`) VALUES('Soda vs. Wing','1105729','9365882617944');
INSERT INTO `genre_book`(`genre`, `entryid`) VALUES ('Horror','1105729');
INSERT INTO `author`(`name`,`birthyear`,`deathyear`) VALUES('Annabel Honour','1938','1962');
INSERT INTO `author_book`(`author`, `entryid`) VALUES ('Annabel Honour','1105729');
INSERT INTO `publisher_book`(`publisher`, `entryid`) VALUES ('Bierley Cooperations.','1105729');
INSERT INTO `entry`(`entryid`,`type`) VALUES('1105730','b');
INSERT INTO `book`(`title`,`entryid`,`isbn`) VALUES('Direction vs. Fine','1105730','9788052256875');
INSERT INTO `genre_book`(`genre`, `entryid`) VALUES ('Education','1105730');
INSERT INTO `author_book`(`author`, `entryid`) VALUES ('Shanti Reineccius','1105730');
INSERT INTO `publisher_book`(`publisher`, `entryid`) VALUES ('Anakalea Inc.','1105730');
INSERT INTO `entry`(`entryid`,`type`) VALUES('1105731','b');
INSERT INTO `book`(`title`,`entryid`,`isbn`) VALUES('Burn in the Toothbrush','1105731','9875305759250');
INSERT INTO `genre_book`(`genre`, `entryid`) VALUES ('Science','1105731');
INSERT INTO `author_book`(`author`, `entryid`) VALUES ('Kaye Speiden','1105731');
INSERT INTO `publisher_book`(`publisher`, `entryid`) VALUES ('Collons Inc.','1105731');
INSERT INTO `entry`(`entryid`,`type`) VALUES('1105732','b');
INSERT INTO `book`(`title`,`entryid`,`isbn`) VALUES('Gore-tex against the Mercian February','1105732','9624341407094');
INSERT INTO `genre_book`(`genre`, `entryid`) VALUES ('Horror','1105732');
INSERT INTO `author_book`(`author`, `entryid`) VALUES ('Boyce Krotzer','1105732');
INSERT INTO `publisher_book`(`publisher`, `entryid`) VALUES ('Gittere Publishers.','1105732');
INSERT INTO `entry`(`entryid`,`type`) VALUES('1105733','b');
INSERT INTO `book`(`title`,`entryid`,`isbn`) VALUES('Frog by the mock-heroic Calendar','1105733','0889250232873');
INSERT INTO `genre_book`(`genre`, `entryid`) VALUES ('Adventure','1105733');
INSERT INTO `author_book`(`author`, `entryid`) VALUES ('Johnathon Copney','1105733');
INSERT INTO `publisher_book`(`publisher`, `entryid`) VALUES ('Shontz Publishers.','1105733');
INSERT INTO `entry`(`entryid`,`type`) VALUES('1105734','b');
INSERT INTO `book`(`title`,`entryid`,`isbn`) VALUES('Good-bye against the Cloth','1105734','9601406514482');
INSERT INTO `genre_book`(`genre`, `entryid`) VALUES ('Education','1105734');
INSERT INTO `author_book`(`author`, `entryid`) VALUES ('Jenifer Dodds','1105734');
INSERT INTO `publisher_book`(`publisher`, `entryid`) VALUES ('Zotos Publishers.','1105734');
INSERT INTO `entry`(`entryid`,`type`) VALUES('1105735','b');
INSERT INTO `book`(`title`,`entryid`,`isbn`) VALUES('Legal and the Memory','1105735','9916867153534');
INSERT INTO `genre_book`(`genre`, `entryid`) VALUES ('Horror','1105735');
INSERT INTO `author`(`name`,`birthyear`,`deathyear`) VALUES('Alverta Hoch','1894','1980');
INSERT INTO `author_book`(`author`, `entryid`) VALUES ('Alverta Hoch','1105735');
INSERT INTO `publisher_book`(`publisher`, `entryid`) VALUES ('Agosta Cooperations.','1105735');
INSERT INTO `entry`(`entryid`,`type`) VALUES('1105736','b');
INSERT INTO `book`(`title`,`entryid`,`isbn`) VALUES('Shade to Valley','1105736','9134368629638');
INSERT INTO `genre_book`(`genre`, `entryid`) VALUES ('Sci-Fi','1105736');
INSERT INTO `author_book`(`author`, `entryid`) VALUES ('Silas Dobosh','1105736');
INSERT INTO `publisher_book`(`publisher`, `entryid`) VALUES ('Ards Inc.','1105736');
INSERT INTO `entry`(`entryid`,`type`) VALUES('1105737','b');
INSERT INTO `book`(`title`,`entryid`,`isbn`) VALUES('Curve and kinesthetic Millimeter','1105737','0633363433564');
INSERT INTO `genre_book`(`genre`, `entryid`) VALUES ('Romance','1105737');
INSERT INTO `author_book`(`author`, `entryid`) VALUES ('Jann Pomares','1105737');
INSERT INTO `publisher_book`(`publisher`, `entryid`) VALUES ('Liskai Inc.','1105737');
INSERT INTO `entry`(`entryid`,`type`) VALUES('1105738','b');
INSERT INTO `book`(`title`,`entryid`,`isbn`) VALUES('Representative and Shoulder','1105738','0549249684389');
INSERT INTO `genre_book`(`genre`, `entryid`) VALUES ('Thriller','1105738');
INSERT INTO `author`(`name`,`birthyear`,`deathyear`) VALUES('Andree Pettersson','1957','1989');
INSERT INTO `author_book`(`author`, `entryid`) VALUES ('Andree Pettersson','1105738');
INSERT INTO `publisher_book`(`publisher`, `entryid`) VALUES ('Kaliher Cooperations.','1105738');
INSERT INTO `entry`(`entryid`,`type`) VALUES('1105739','b');
INSERT INTO `book`(`title`,`entryid`,`isbn`) VALUES('Cream for Tail','1105739','9371211064136');
INSERT INTO `genre_book`(`genre`, `entryid`) VALUES ('Sci-Fi','1105739');
INSERT INTO `author_book`(`author`, `entryid`) VALUES ('Conchita Mckean','1105739');
INSERT INTO `publisher_book`(`publisher`, `entryid`) VALUES ('Woollard Cooperations.','1105739');
INSERT INTO `entry`(`entryid`,`type`) VALUES('1105740','b');
INSERT INTO `book`(`title`,`entryid`,`isbn`) VALUES('Windscreen and the unrecompensed Equinox','1105740','9455542851766');
INSERT INTO `genre_book`(`genre`, `entryid`) VALUES ('Sci-Fi','1105740');
INSERT INTO `author_book`(`author`, `entryid`) VALUES ('Clarice Lessin','1105740');
INSERT INTO `publisher_book`(`publisher`, `entryid`) VALUES ('Autrano Publishers.','1105740');
INSERT INTO `entry`(`entryid`,`type`) VALUES('1105741','b');
INSERT INTO `book`(`title`,`entryid`,`isbn`) VALUES('Slip by puberulent Shape','1105741','0859376702202');
INSERT INTO `genre_book`(`genre`, `entryid`) VALUES ('Science','1105741');
INSERT INTO `author_book`(`author`, `entryid`) VALUES ('Shenita Kerman','1105741');
INSERT INTO `publisher_book`(`publisher`, `entryid`) VALUES ('Moos Publishers.','1105741');
INSERT INTO `entry`(`entryid`,`type`) VALUES('1105742','b');
INSERT INTO `book`(`title`,`entryid`,`isbn`) VALUES('Bolt against the Typhoon','1105742','0063244508989');
INSERT INTO `genre_book`(`genre`, `entryid`) VALUES ('Thriller','1105742');
INSERT INTO `author_book`(`author`, `entryid`) VALUES ('Tomasa Nagindas','1105742');
INSERT INTO `publisher_book`(`publisher`, `entryid`) VALUES ('Imfeld Publishers.','1105742');
INSERT INTO `entry`(`entryid`,`type`) VALUES('1105743','b');
INSERT INTO `book`(`title`,`entryid`,`isbn`) VALUES('Jelly and Swing','1105743','9018332377206');
INSERT INTO `genre_book`(`genre`, `entryid`) VALUES ('Romance','1105743');
INSERT INTO `author_book`(`author`, `entryid`) VALUES ('Marvel Moya','1105743');
INSERT INTO `publisher_book`(`publisher`, `entryid`) VALUES ('Ronco Cooperations.','1105743');
INSERT INTO `entry`(`entryid`,`type`) VALUES('1105744','b');
INSERT INTO `book`(`title`,`entryid`,`isbn`) VALUES('Popcorn with Leaf','1105744','9733365104661');
INSERT INTO `genre_book`(`genre`, `entryid`) VALUES ('Thriller','1105744');
INSERT INTO `author_book`(`author`, `entryid`) VALUES ('Sharolyn Chapman','1105744');
INSERT INTO `publisher_book`(`publisher`, `entryid`) VALUES ('Autrano Publishers.','1105744');
INSERT INTO `entry`(`entryid`,`type`) VALUES('1105745','b');
INSERT INTO `book`(`title`,`entryid`,`isbn`) VALUES('Romania and Tractor','1105745','9907520537185');
INSERT INTO `genre_book`(`genre`, `entryid`) VALUES ('Science','1105745');
INSERT INTO `author_book`(`author`, `entryid`) VALUES ('Fabiola Tumbleston','1105745');
INSERT INTO `publisher_book`(`publisher`, `entryid`) VALUES ('Bauchspies Publishers.','1105745');
INSERT INTO `entry`(`entryid`,`type`) VALUES('1105746','b');
INSERT INTO `book`(`title`,`entryid`,`isbn`) VALUES('Criminal by Tea','1105746','0017880471485');
INSERT INTO `genre_book`(`genre`, `entryid`) VALUES ('Education','1105746');
INSERT INTO `author_book`(`author`, `entryid`) VALUES ('Georgann Morelen','1105746');
INSERT INTO `publisher_book`(`publisher`, `entryid`) VALUES ('Mclamb Cooperations.','1105746');
INSERT INTO `entry`(`entryid`,`type`) VALUES('1105747','b');
INSERT INTO `book`(`title`,`entryid`,`isbn`) VALUES('Plate for the July','1105747','9505724175883');
INSERT INTO `genre_book`(`genre`, `entryid`) VALUES ('Education','1105747');
INSERT INTO `author_book`(`author`, `entryid`) VALUES ('Joye Boggan','1105747');
INSERT INTO `publisher_book`(`publisher`, `entryid`) VALUES ('Seminole Inc.','1105747');
INSERT INTO `entry`(`entryid`,`type`) VALUES('1105748','b');
INSERT INTO `book`(`title`,`entryid`,`isbn`) VALUES('Bumper and Mailman','1105748','9728672577070');
INSERT INTO `genre_book`(`genre`, `entryid`) VALUES ('Sci-Fi','1105748');
INSERT INTO `author_book`(`author`, `entryid`) VALUES ('Angelo Kuerbitz','1105748');
INSERT INTO `publisher_book`(`publisher`, `entryid`) VALUES ('Lampinen Publishers.','1105748');
INSERT INTO `entry`(`entryid`,`type`) VALUES('1105749','b');
INSERT INTO `book`(`title`,`entryid`,`isbn`) VALUES('Lan by Department','1105749','0340096927018');
INSERT INTO `genre_book`(`genre`, `entryid`) VALUES ('Horror','1105749');
INSERT INTO `author`(`name`,`birthyear`,`deathyear`) VALUES('Zelda Byrd','1933','1961');
INSERT INTO `author_book`(`author`, `entryid`) VALUES ('Zelda Byrd','1105749');
INSERT INTO `publisher_book`(`publisher`, `entryid`) VALUES ('Lapierre Cooperations.','1105749');
INSERT INTO `entry`(`entryid`,`type`) VALUES('1105750','b');
INSERT INTO `book`(`title`,`entryid`,`isbn`) VALUES('Head in the sicklier Replace','1105750','0235812866447');
INSERT INTO `genre_book`(`genre`, `entryid`) VALUES ('Science','1105750');
INSERT INTO `author_book`(`author`, `entryid`) VALUES ('Shantel Christine','1105750');
INSERT INTO `publisher_book`(`publisher`, `entryid`) VALUES ('Dular Publishers.','1105750');
INSERT INTO `entry`(`entryid`,`type`) VALUES('1105751','b');
INSERT INTO `book`(`title`,`entryid`,`isbn`) VALUES('Facilities to endogamic Customer','1105751','9862679709100');
INSERT INTO `genre_book`(`genre`, `entryid`) VALUES ('Horror','1105751');
INSERT INTO `author_book`(`author`, `entryid`) VALUES ('Patience Jolliffe','1105751');
INSERT INTO `publisher_book`(`publisher`, `entryid`) VALUES ('Swaggert Inc.','1105751');
INSERT INTO `entry`(`entryid`,`type`) VALUES('1105752','b');
INSERT INTO `book`(`title`,`entryid`,`isbn`) VALUES('Moon against the unclean Marimba','1105752','0387964284658');
INSERT INTO `genre_book`(`genre`, `entryid`) VALUES ('Science','1105752');
INSERT INTO `author`(`name`,`birthyear`,`deathyear`) VALUES('Ashli Filsinger','1893','1919');
INSERT INTO `author_book`(`author`, `entryid`) VALUES ('Ashli Filsinger','1105752');
INSERT INTO `publisher_book`(`publisher`, `entryid`) VALUES ('Ansara Inc.','1105752');
INSERT INTO `entry`(`entryid`,`type`) VALUES('1105753','b');
INSERT INTO `book`(`title`,`entryid`,`isbn`) VALUES('Cook by Comparison','1105753','9419070995871');
INSERT INTO `genre_book`(`genre`, `entryid`) VALUES ('Education','1105753');
INSERT INTO `author_book`(`author`, `entryid`) VALUES ('Veronica Shinsel','1105753');
INSERT INTO `publisher_book`(`publisher`, `entryid`) VALUES ('Oakeson Cooperations.','1105753');
INSERT INTO `entry`(`entryid`,`type`) VALUES('1105754','b');
INSERT INTO `book`(`title`,`entryid`,`isbn`) VALUES('Beer to the postural Girdle','1105754','9703748801605');
INSERT INTO `genre_book`(`genre`, `entryid`) VALUES ('Education','1105754');
INSERT INTO `author_book`(`author`, `entryid`) VALUES ('Lesli Manoso','1105754');
INSERT INTO `publisher_book`(`publisher`, `entryid`) VALUES ('Hobin Cooperations.','1105754');
INSERT INTO `entry`(`entryid`,`type`) VALUES('1105755','b');
INSERT INTO `book`(`title`,`entryid`,`isbn`) VALUES('Crocodile in cinematic Mall','1105755','9452345191262');
INSERT INTO `genre_book`(`genre`, `entryid`) VALUES ('Romance','1105755');
INSERT INTO `author_book`(`author`, `entryid`) VALUES ('Josue Genualdi','1105755');
INSERT INTO `publisher_book`(`publisher`, `entryid`) VALUES ('Dominique Publishers.','1105755');
INSERT INTO `entry`(`entryid`,`type`) VALUES('1105756','b');
INSERT INTO `book`(`title`,`entryid`,`isbn`) VALUES('Random for high-voltage Lift','1105756','9055520426187');
INSERT INTO `genre_book`(`genre`, `entryid`) VALUES ('Adventure','1105756');
INSERT INTO `author_book`(`author`, `entryid`) VALUES ('Muoi Glumac','1105756');
INSERT INTO `publisher_book`(`publisher`, `entryid`) VALUES ('Hansteen Publishers.','1105756');
INSERT INTO `entry`(`entryid`,`type`) VALUES('1105757','b');
INSERT INTO `book`(`title`,`entryid`,`isbn`) VALUES('Way of augmenting Belief','1105757','9763909122081');
INSERT INTO `genre_book`(`genre`, `entryid`) VALUES ('Adventure','1105757');
INSERT INTO `author_book`(`author`, `entryid`) VALUES ('Joye Boggan','1105757');
INSERT INTO `publisher_book`(`publisher`, `entryid`) VALUES ('Wince Publishers.','1105757');
INSERT INTO `entry`(`entryid`,`type`) VALUES('1105758','b');
INSERT INTO `book`(`title`,`entryid`,`isbn`) VALUES('Family against grassiest Sleep','1105758','0498607571792');
INSERT INTO `genre_book`(`genre`, `entryid`) VALUES ('Thriller','1105758');
INSERT INTO `author_book`(`author`, `entryid`) VALUES ('Bernie Mangon','1105758');
INSERT INTO `publisher_book`(`publisher`, `entryid`) VALUES ('Coad Cooperations.','1105758');
INSERT INTO `entry`(`entryid`,`type`) VALUES('1105759','b');
INSERT INTO `book`(`title`,`entryid`,`isbn`) VALUES('Volcano against Poison','1105759','9315885135919');
INSERT INTO `genre_book`(`genre`, `entryid`) VALUES ('Adventure','1105759');
INSERT INTO `author_book`(`author`, `entryid`) VALUES ('Laci Bazzano','1105759');
INSERT INTO `publisher_book`(`publisher`, `entryid`) VALUES ('Crosthwaite Publishers.','1105759');
INSERT INTO `entry`(`entryid`,`type`) VALUES('1105760','b');
INSERT INTO `book`(`title`,`entryid`,`isbn`) VALUES('Touch of Responsibility','1105760','0411266206535');
INSERT INTO `genre_book`(`genre`, `entryid`) VALUES ('Education','1105760');
INSERT INTO `author_book`(`author`, `entryid`) VALUES ('Cathie Shapin','1105760');
INSERT INTO `publisher_book`(`publisher`, `entryid`) VALUES ('Bielefeld Publishers.','1105760');
INSERT INTO `entry`(`entryid`,`type`) VALUES('1105761','b');
INSERT INTO `book`(`title`,`entryid`,`isbn`) VALUES('Peripheral against the Timer','1105761','9653907241621');
INSERT INTO `genre_book`(`genre`, `entryid`) VALUES ('Adventure','1105761');
INSERT INTO `author_book`(`author`, `entryid`) VALUES ('Annamaria Gerrior','1105761');
INSERT INTO `publisher_book`(`publisher`, `entryid`) VALUES ('Yenney Cooperations.','1105761');
INSERT INTO `entry`(`entryid`,`type`) VALUES('1105762','b');
INSERT INTO `book`(`title`,`entryid`,`isbn`) VALUES('Himalayan of the cruder Lute','1105762','9363776102035');
INSERT INTO `genre_book`(`genre`, `entryid`) VALUES ('Thriller','1105762');
INSERT INTO `author_book`(`author`, `entryid`) VALUES ('Cyndi Bhatt','1105762');
INSERT INTO `publisher_book`(`publisher`, `entryid`) VALUES ('Wriedt Publishers.','1105762');
INSERT INTO `entry`(`entryid`,`type`) VALUES('1105763','b');
INSERT INTO `book`(`title`,`entryid`,`isbn`) VALUES('Reward to tepidness Freezer','1105763','9075121073787');
INSERT INTO `genre_book`(`genre`, `entryid`) VALUES ('Adventure','1105763');
INSERT INTO `author_book`(`author`, `entryid`) VALUES ('Lyle Goodale','1105763');
INSERT INTO `publisher_book`(`publisher`, `entryid`) VALUES ('Herl Publishers.','1105763');
INSERT INTO `entry`(`entryid`,`type`) VALUES('1105764','b');
INSERT INTO `book`(`title`,`entryid`,`isbn`) VALUES('Lip and the Pan-Slavic Trick','1105764','0157152308587');
INSERT INTO `genre_book`(`genre`, `entryid`) VALUES ('Romance','1105764');
INSERT INTO `author_book`(`author`, `entryid`) VALUES ('Nicole Chipp','1105764');
INSERT INTO `publisher_book`(`publisher`, `entryid`) VALUES ('Travaglio Inc.','1105764');
INSERT INTO `entry`(`entryid`,`type`) VALUES('1105765','b');
INSERT INTO `book`(`title`,`entryid`,`isbn`) VALUES('Cushion with Tabletop','1105765','9906625368326');
INSERT INTO `genre_book`(`genre`, `entryid`) VALUES ('Science','1105765');
INSERT INTO `author_book`(`author`, `entryid`) VALUES ('Apolonia Trivane','1105765');
INSERT INTO `publisher_book`(`publisher`, `entryid`) VALUES ('Liskai Inc.','1105765');
INSERT INTO `entry`(`entryid`,`type`) VALUES('1105766','b');
INSERT INTO `book`(`title`,`entryid`,`isbn`) VALUES('Sleep against the senile Rose','1105766','0635679159213');
INSERT INTO `genre_book`(`genre`, `entryid`) VALUES ('Horror','1105766');
INSERT INTO `author`(`name`,`birthyear`,`deathyear`) VALUES('Christen Bellair','1947','2019');
INSERT INTO `author_book`(`author`, `entryid`) VALUES ('Christen Bellair','1105766');
INSERT INTO `publisher_book`(`publisher`, `entryid`) VALUES ('Tubman Inc.','1105766');
INSERT INTO `entry`(`entryid`,`type`) VALUES('1105767','b');
INSERT INTO `book`(`title`,`entryid`,`isbn`) VALUES('Bracket and the Competition','1105767','0323247838701');
INSERT INTO `genre_book`(`genre`, `entryid`) VALUES ('Education','1105767');
INSERT INTO `author_book`(`author`, `entryid`) VALUES ('Alfred Difonzo','1105767');
INSERT INTO `publisher_book`(`publisher`, `entryid`) VALUES ('Woollard Cooperations.','1105767');
INSERT INTO `entry`(`entryid`,`type`) VALUES('1105768','b');
INSERT INTO `book`(`title`,`entryid`,`isbn`) VALUES('Passenger and buckram Adult','1105768','9830434461519');
INSERT INTO `genre_book`(`genre`, `entryid`) VALUES ('Romance','1105768');
INSERT INTO `author_book`(`author`, `entryid`) VALUES ('Michal Sue','1105768');
INSERT INTO `publisher_book`(`publisher`, `entryid`) VALUES ('Kubert Publishers.','1105768');
INSERT INTO `entry`(`entryid`,`type`) VALUES('1105769','b');
INSERT INTO `book`(`title`,`entryid`,`isbn`) VALUES('Apology and the impenetrable Fold','1105769','0629145188876');
INSERT INTO `genre_book`(`genre`, `entryid`) VALUES ('Romance','1105769');
INSERT INTO `author_book`(`author`, `entryid`) VALUES ('Jame Ahrns','1105769');
INSERT INTO `publisher_book`(`publisher`, `entryid`) VALUES ('Onstott Publishers.','1105769');
INSERT INTO `entry`(`entryid`,`type`) VALUES('1105770','b');
INSERT INTO `book`(`title`,`entryid`,`isbn`) VALUES('Radar for portionless Fire','1105770','0833840393704');
INSERT INTO `genre_book`(`genre`, `entryid`) VALUES ('Sci-Fi','1105770');
INSERT INTO `author_book`(`author`, `entryid`) VALUES ('Creola Segner','1105770');
INSERT INTO `publisher_book`(`publisher`, `entryid`) VALUES ('Mclamb Cooperations.','1105770');
INSERT INTO `entry`(`entryid`,`type`) VALUES('1105771','b');
INSERT INTO `book`(`title`,`entryid`,`isbn`) VALUES('Fang by glittery Potato','1105771','9335906979410');
INSERT INTO `genre_book`(`genre`, `entryid`) VALUES ('Thriller','1105771');
INSERT INTO `author_book`(`author`, `entryid`) VALUES ('Tonie Vaccarella','1105771');
INSERT INTO `publisher_book`(`publisher`, `entryid`) VALUES ('Zerangue Cooperations.','1105771');
INSERT INTO `entry`(`entryid`,`type`) VALUES('1105772','b');
INSERT INTO `book`(`title`,`entryid`,`isbn`) VALUES('Anime vs. steepled Psychology','1105772','0265927218278');
INSERT INTO `genre_book`(`genre`, `entryid`) VALUES ('Sci-Fi','1105772');
INSERT INTO `author_book`(`author`, `entryid`) VALUES ('Paulina Razze','1105772');
INSERT INTO `publisher_book`(`publisher`, `entryid`) VALUES ('Pandya Cooperations.','1105772');
INSERT INTO `entry`(`entryid`,`type`) VALUES('1105773','b');
INSERT INTO `book`(`title`,`entryid`,`isbn`) VALUES('Poet to the Layer','1105773','9319462726324');
INSERT INTO `genre_book`(`genre`, `entryid`) VALUES ('Sci-Fi','1105773');
INSERT INTO `author_book`(`author`, `entryid`) VALUES ('Debbie Golik','1105773');
INSERT INTO `publisher_book`(`publisher`, `entryid`) VALUES ('Hansteen Publishers.','1105773');
INSERT INTO `entry`(`entryid`,`type`) VALUES('1105774','b');
INSERT INTO `book`(`title`,`entryid`,`isbn`) VALUES('Date to the Dimple','1105774','0639500522259');
INSERT INTO `genre_book`(`genre`, `entryid`) VALUES ('Thriller','1105774');
INSERT INTO `author_book`(`author`, `entryid`) VALUES ('Tom Garling','1105774');
INSERT INTO `publisher_book`(`publisher`, `entryid`) VALUES ('Shinnick Inc.','1105774');
INSERT INTO `entry`(`entryid`,`type`) VALUES('1105775','b');
INSERT INTO `book`(`title`,`entryid`,`isbn`) VALUES('Cowbell to the Rise','1105775','9824807385901');
INSERT INTO `genre_book`(`genre`, `entryid`) VALUES ('Thriller','1105775');
INSERT INTO `author_book`(`author`, `entryid`) VALUES ('Felicia Franzese','1105775');
INSERT INTO `publisher_book`(`publisher`, `entryid`) VALUES ('Mingle Publishers.','1105775');
INSERT INTO `entry`(`entryid`,`type`) VALUES('1105776','b');
INSERT INTO `book`(`title`,`entryid`,`isbn`) VALUES('Taxicab of the unblamable Observation','1105776','9715504226430');
INSERT INTO `genre_book`(`genre`, `entryid`) VALUES ('Thriller','1105776');
INSERT INTO `author_book`(`author`, `entryid`) VALUES ('Kimberlie Witschi','1105776');
INSERT INTO `publisher_book`(`publisher`, `entryid`) VALUES ('Herl Publishers.','1105776');
INSERT INTO `entry`(`entryid`,`type`) VALUES('1105777','b');
INSERT INTO `book`(`title`,`entryid`,`isbn`) VALUES('Thumb with the Security','1105777','0519036527263');
INSERT INTO `genre_book`(`genre`, `entryid`) VALUES ('Science','1105777');
INSERT INTO `author_book`(`author`, `entryid`) VALUES ('Claudia Auter','1105777');
INSERT INTO `publisher_book`(`publisher`, `entryid`) VALUES ('Travaglio Inc.','1105777');
INSERT INTO `entry`(`entryid`,`type`) VALUES('1105778','b');
INSERT INTO `book`(`title`,`entryid`,`isbn`) VALUES('Fragrance with Cello','1105778','0368806529081');
INSERT INTO `genre_book`(`genre`, `entryid`) VALUES ('Horror','1105778');
INSERT INTO `author_book`(`author`, `entryid`) VALUES ('Emerald Fairall','1105778');
INSERT INTO `publisher_book`(`publisher`, `entryid`) VALUES ('Sibley Inc.','1105778');
INSERT INTO `entry`(`entryid`,`type`) VALUES('1105779','b');
INSERT INTO `book`(`title`,`entryid`,`isbn`) VALUES('Lunge against short-term Acknowledgment','1105779','0406103231281');
INSERT INTO `genre_book`(`genre`, `entryid`) VALUES ('Sci-Fi','1105779');
INSERT INTO `author_book`(`author`, `entryid`) VALUES ('Loraine Deardorff','1105779');
INSERT INTO `publisher_book`(`publisher`, `entryid`) VALUES ('Weimer Inc.','1105779');
INSERT INTO `entry`(`entryid`,`type`) VALUES('1105780','b');
INSERT INTO `book`(`title`,`entryid`,`isbn`) VALUES('Weasel in the Blue','1105780','9083613477629');
INSERT INTO `genre_book`(`genre`, `entryid`) VALUES ('Education','1105780');
INSERT INTO `author_book`(`author`, `entryid`) VALUES ('Lajuana Rousu','1105780');
INSERT INTO `publisher_book`(`publisher`, `entryid`) VALUES ('Martinell Cooperations.','1105780');
INSERT INTO `entry`(`entryid`,`type`) VALUES('1105781','b');
INSERT INTO `book`(`title`,`entryid`,`isbn`) VALUES('Record of Table','1105781','0454861937229');
INSERT INTO `genre_book`(`genre`, `entryid`) VALUES ('Sci-Fi','1105781');
INSERT INTO `author_book`(`author`, `entryid`) VALUES ('Bernie Mangon','1105781');
INSERT INTO `publisher_book`(`publisher`, `entryid`) VALUES ('Reinoso Publishers.','1105781');
INSERT INTO `entry`(`entryid`,`type`) VALUES('1105782','b');
INSERT INTO `book`(`title`,`entryid`,`isbn`) VALUES('Japan and the lounging Van','1105782','9248028954203');
INSERT INTO `genre_book`(`genre`, `entryid`) VALUES ('Science','1105782');
INSERT INTO `author_book`(`author`, `entryid`) VALUES ('Veronica Shinsel','1105782');
INSERT INTO `publisher_book`(`publisher`, `entryid`) VALUES ('Lampinen Publishers.','1105782');
INSERT INTO `entry`(`entryid`,`type`) VALUES('1105783','b');
INSERT INTO `book`(`title`,`entryid`,`isbn`) VALUES('Pink by the orienting Caption','1105783','9135159526775');
INSERT INTO `genre_book`(`genre`, `entryid`) VALUES ('Horror','1105783');
INSERT INTO `author_book`(`author`, `entryid`) VALUES ('Jacquie Gemmill','1105783');
INSERT INTO `publisher_book`(`publisher`, `entryid`) VALUES ('Wriedt Publishers.','1105783');
INSERT INTO `entry`(`entryid`,`type`) VALUES('1105784','b');
INSERT INTO `book`(`title`,`entryid`,`isbn`) VALUES('Competitor in unmastered Mom','1105784','0190954399890');
INSERT INTO `genre_book`(`genre`, `entryid`) VALUES ('Thriller','1105784');
INSERT INTO `author_book`(`author`, `entryid`) VALUES ('Olevia Ovall','1105784');
INSERT INTO `publisher_book`(`publisher`, `entryid`) VALUES ('Pettiford Cooperations.','1105784');
INSERT INTO `entry`(`entryid`,`type`) VALUES('1105785','b');
INSERT INTO `book`(`title`,`entryid`,`isbn`) VALUES('Domain of Knot','1105785','9308374746198');
INSERT INTO `genre_book`(`genre`, `entryid`) VALUES ('Sci-Fi','1105785');
INSERT INTO `author_book`(`author`, `entryid`) VALUES ('Holli Verplanck','1105785');
INSERT INTO `publisher_book`(`publisher`, `entryid`) VALUES ('Wince Publishers.','1105785');
INSERT INTO `entry`(`entryid`,`type`) VALUES('1105786','b');
INSERT INTO `book`(`title`,`entryid`,`isbn`) VALUES('Measure with the Pressure','1105786','9591672105377');
INSERT INTO `genre_book`(`genre`, `entryid`) VALUES ('Adventure','1105786');
INSERT INTO `author_book`(`author`, `entryid`) VALUES ('Patience Jolliffe','1105786');
INSERT INTO `publisher_book`(`publisher`, `entryid`) VALUES ('Kaliher Cooperations.','1105786');
INSERT INTO `entry`(`entryid`,`type`) VALUES('1105787','b');
INSERT INTO `book`(`title`,`entryid`,`isbn`) VALUES('Competition and the Gliding','1105787','0856508150936');
INSERT INTO `genre_book`(`genre`, `entryid`) VALUES ('Education','1105787');
INSERT INTO `author_book`(`author`, `entryid`) VALUES ('Dawna Halbert','1105787');
INSERT INTO `publisher_book`(`publisher`, `entryid`) VALUES ('Schenk Inc.','1105787');
INSERT INTO `entry`(`entryid`,`type`) VALUES('1105788','b');
INSERT INTO `book`(`title`,`entryid`,`isbn`) VALUES('Cappelletti for the circumscriptive Manx','1105788','0770501521501');
INSERT INTO `genre_book`(`genre`, `entryid`) VALUES ('Thriller','1105788');
INSERT INTO `author_book`(`author`, `entryid`) VALUES ('Erich Tomson','1105788');
INSERT INTO `publisher_book`(`publisher`, `entryid`) VALUES ('Ards Inc.','1105788');
INSERT INTO `entry`(`entryid`,`type`) VALUES('1105789','b');
INSERT INTO `book`(`title`,`entryid`,`isbn`) VALUES('Rose in White','1105789','0106097494145');
INSERT INTO `genre_book`(`genre`, `entryid`) VALUES ('Education','1105789');
INSERT INTO `author_book`(`author`, `entryid`) VALUES ('Irving Wheeless','1105789');
INSERT INTO `publisher_book`(`publisher`, `entryid`) VALUES ('Fetrow Inc.','1105789');
INSERT INTO `entry`(`entryid`,`type`) VALUES('1105790','b');
INSERT INTO `book`(`title`,`entryid`,`isbn`) VALUES('Earthquake in the verticillate Mask','1105790','0741693366765');
INSERT INTO `genre_book`(`genre`, `entryid`) VALUES ('Adventure','1105790');
INSERT INTO `author_book`(`author`, `entryid`) VALUES ('Loma Risto','1105790');
INSERT INTO `publisher_book`(`publisher`, `entryid`) VALUES ('Treinen Publishers.','1105790');
INSERT INTO `entry`(`entryid`,`type`) VALUES('1105791','b');
INSERT INTO `book`(`title`,`entryid`,`isbn`) VALUES('Giraffe because of Quicksand','1105791','9690531056952');
INSERT INTO `genre_book`(`genre`, `entryid`) VALUES ('Romance','1105791');
INSERT INTO `author_book`(`author`, `entryid`) VALUES ('Laci Bazzano','1105791');
INSERT INTO `publisher_book`(`publisher`, `entryid`) VALUES ('Gorgone Inc.','1105791');
INSERT INTO `entry`(`entryid`,`type`) VALUES('1105792','b');
INSERT INTO `book`(`title`,`entryid`,`isbn`) VALUES('Ferryboat because of superlative Circle','1105792','0653952702683');
INSERT INTO `genre_book`(`genre`, `entryid`) VALUES ('Romance','1105792');
INSERT INTO `author_book`(`author`, `entryid`) VALUES ('Ashli Filsinger','1105792');
INSERT INTO `publisher_book`(`publisher`, `entryid`) VALUES ('Ansara Inc.','1105792');
INSERT INTO `entry`(`entryid`,`type`) VALUES('1105793','b');
INSERT INTO `book`(`title`,`entryid`,`isbn`) VALUES('Cushion in aneroid Join','1105793','9394604894816');
INSERT INTO `genre_book`(`genre`, `entryid`) VALUES ('Science','1105793');
INSERT INTO `author_book`(`author`, `entryid`) VALUES ('Rosamond Gullatte','1105793');
INSERT INTO `publisher_book`(`publisher`, `entryid`) VALUES ('Bartram Publishers.','1105793');
INSERT INTO `entry`(`entryid`,`type`) VALUES('1105794','b');
INSERT INTO `book`(`title`,`entryid`,`isbn`) VALUES('Swim to annelid Drum','1105794','9714182121442');
INSERT INTO `genre_book`(`genre`, `entryid`) VALUES ('Horror','1105794');
INSERT INTO `author_book`(`author`, `entryid`) VALUES ('Samatha Leiba','1105794');
INSERT INTO `publisher_book`(`publisher`, `entryid`) VALUES ('Dular Publishers.','1105794');
INSERT INTO `entry`(`entryid`,`type`) VALUES('1105795','b');
INSERT INTO `book`(`title`,`entryid`,`isbn`) VALUES('Temperature and the quirky Tennis','1105795','0932739650584');
INSERT INTO `genre_book`(`genre`, `entryid`) VALUES ('Education','1105795');
INSERT INTO `author_book`(`author`, `entryid`) VALUES ('Deandra Beswick','1105795');
INSERT INTO `publisher_book`(`publisher`, `entryid`) VALUES ('Sago Publishers.','1105795');
INSERT INTO `entry`(`entryid`,`type`) VALUES('1105796','b');
INSERT INTO `book`(`title`,`entryid`,`isbn`) VALUES('Rabbi for cannier Train','1105796','9543042860220');
INSERT INTO `genre_book`(`genre`, `entryid`) VALUES ('Romance','1105796');
INSERT INTO `author_book`(`author`, `entryid`) VALUES ('Jamee Rickard','1105796');
INSERT INTO `publisher_book`(`publisher`, `entryid`) VALUES ('Ansara Inc.','1105796');
INSERT INTO `entry`(`entryid`,`type`) VALUES('1105797','b');
INSERT INTO `book`(`title`,`entryid`,`isbn`) VALUES('Ash against Forgery','1105797','0932628207517');
INSERT INTO `genre_book`(`genre`, `entryid`) VALUES ('Romance','1105797');
INSERT INTO `author_book`(`author`, `entryid`) VALUES ('Tijuana Jeannette','1105797');
INSERT INTO `publisher_book`(`publisher`, `entryid`) VALUES ('Weissenborn Publishers.','1105797');
INSERT INTO `entry`(`entryid`,`type`) VALUES('1105798','b');
INSERT INTO `book`(`title`,`entryid`,`isbn`) VALUES('Olive of Reading','1105798','0603763549066');
INSERT INTO `genre_book`(`genre`, `entryid`) VALUES ('Romance','1105798');
INSERT INTO `author`(`name`,`birthyear`,`deathyear`) VALUES('Mickie Petkoff','1932','1958');
INSERT INTO `author_book`(`author`, `entryid`) VALUES ('Mickie Petkoff','1105798');
INSERT INTO `publisher_book`(`publisher`, `entryid`) VALUES ('Mcwhinney Cooperations.','1105798');
INSERT INTO `entry`(`entryid`,`type`) VALUES('1105799','b');
INSERT INTO `book`(`title`,`entryid`,`isbn`) VALUES('Eggplant vs. Golf','1105799','0899750480275');
INSERT INTO `genre_book`(`genre`, `entryid`) VALUES ('Sci-Fi','1105799');
INSERT INTO `author_book`(`author`, `entryid`) VALUES ('Letitia Kahoohalphala','1105799');
INSERT INTO `publisher_book`(`publisher`, `entryid`) VALUES ('Deramus Publishers.','1105799');
INSERT INTO `entry`(`entryid`,`type`) VALUES('1105800','b');
INSERT INTO `book`(`title`,`entryid`,`isbn`) VALUES('Skin by the Voice','1105800','0963503586922');
INSERT INTO `genre_book`(`genre`, `entryid`) VALUES ('Science','1105800');
INSERT INTO `author_book`(`author`, `entryid`) VALUES ('Isela Resnick','1105800');
INSERT INTO `publisher_book`(`publisher`, `entryid`) VALUES ('Moos Publishers.','1105800');
INSERT INTO `entry`(`entryid`,`type`) VALUES('1105801','b');
INSERT INTO `book`(`title`,`entryid`,`isbn`) VALUES('Pond against Asia','1105801','0053223479771');
INSERT INTO `genre_book`(`genre`, `entryid`) VALUES ('Romance','1105801');
INSERT INTO `author`(`name`,`birthyear`,`deathyear`) VALUES('Irwin Cabarcas','1941','2011');
INSERT INTO `author_book`(`author`, `entryid`) VALUES ('Irwin Cabarcas','1105801');
INSERT INTO `publisher_book`(`publisher`, `entryid`) VALUES ('Vinci Publishers.','1105801');
INSERT INTO `entry`(`entryid`,`type`) VALUES('1105802','b');
INSERT INTO `book`(`title`,`entryid`,`isbn`) VALUES('Timer and the historicist Kayak','1105802','9937642546255');
INSERT INTO `genre_book`(`genre`, `entryid`) VALUES ('Romance','1105802');
INSERT INTO `author`(`name`,`birthyear`,`deathyear`) VALUES('Alfonzo Lillibridge','1885','1926');
INSERT INTO `author_book`(`author`, `entryid`) VALUES ('Alfonzo Lillibridge','1105802');
INSERT INTO `publisher_book`(`publisher`, `entryid`) VALUES ('Cajigas Inc.','1105802');
INSERT INTO `entry`(`entryid`,`type`) VALUES('1105803','b');
INSERT INTO `book`(`title`,`entryid`,`isbn`) VALUES('Basin for the Fire','1105803','0706124326833');
INSERT INTO `genre_book`(`genre`, `entryid`) VALUES ('Education','1105803');
INSERT INTO `author`(`name`,`birthyear`,`deathyear`) VALUES('Herminia Helke','1953','1989');
INSERT INTO `author_book`(`author`, `entryid`) VALUES ('Herminia Helke','1105803');
INSERT INTO `publisher_book`(`publisher`, `entryid`) VALUES ('Weimer Inc.','1105803');
INSERT INTO `entry`(`entryid`,`type`) VALUES('1105804','b');
INSERT INTO `book`(`title`,`entryid`,`isbn`) VALUES('Resolution against the David','1105804','9528518160485');
INSERT INTO `genre_book`(`genre`, `entryid`) VALUES ('Horror','1105804');
INSERT INTO `author_book`(`author`, `entryid`) VALUES ('Mindy Dihel','1105804');
INSERT INTO `publisher_book`(`publisher`, `entryid`) VALUES ('Cucinella Inc.','1105804');
INSERT INTO `entry`(`entryid`,`type`) VALUES('1105805','b');
INSERT INTO `book`(`title`,`entryid`,`isbn`) VALUES('Bomb with the bulimic Language','1105805','0193510973851');
INSERT INTO `genre_book`(`genre`, `entryid`) VALUES ('Horror','1105805');
INSERT INTO `author_book`(`author`, `entryid`) VALUES ('Mertie Hummingbird','1105805');
INSERT INTO `publisher_book`(`publisher`, `entryid`) VALUES ('Lampinen Publishers.','1105805');
INSERT INTO `entry`(`entryid`,`type`) VALUES('1105806','b');
INSERT INTO `book`(`title`,`entryid`,`isbn`) VALUES('Bead of the Tuna','1105806','0445749001915');
INSERT INTO `genre_book`(`genre`, `entryid`) VALUES ('Education','1105806');
INSERT INTO `author_book`(`author`, `entryid`) VALUES ('Manuel Gutkowski','1105806');
INSERT INTO `publisher_book`(`publisher`, `entryid`) VALUES ('Goodpastor Inc.','1105806');
INSERT INTO `entry`(`entryid`,`type`) VALUES('1105807','b');
INSERT INTO `book`(`title`,`entryid`,`isbn`) VALUES('Drop vs. more Footnote','1105807','0813530806520');
INSERT INTO `genre_book`(`genre`, `entryid`) VALUES ('Horror','1105807');
INSERT INTO `author_book`(`author`, `entryid`) VALUES ('Johna Ivery','1105807');
INSERT INTO `publisher_book`(`publisher`, `entryid`) VALUES ('Goodpastor Inc.','1105807');
INSERT INTO `entry`(`entryid`,`type`) VALUES('1105808','b');
INSERT INTO `book`(`title`,`entryid`,`isbn`) VALUES('Jennifer with inflexed Shock','1105808','9946314482467');
INSERT INTO `genre_book`(`genre`, `entryid`) VALUES ('Romance','1105808');
INSERT INTO `author_book`(`author`, `entryid`) VALUES ('Penney Hymel','1105808');
INSERT INTO `publisher_book`(`publisher`, `entryid`) VALUES ('Kubert Publishers.','1105808');
INSERT INTO `entry`(`entryid`,`type`) VALUES('1105809','b');
INSERT INTO `book`(`title`,`entryid`,`isbn`) VALUES('Trombone against self-devoted Stream','1105809','0575417288351');
INSERT INTO `genre_book`(`genre`, `entryid`) VALUES ('Science','1105809');
INSERT INTO `author_book`(`author`, `entryid`) VALUES ('Florencia Delusia','1105809');
INSERT INTO `publisher_book`(`publisher`, `entryid`) VALUES ('Baldacchino Publishers.','1105809');
INSERT INTO `entry`(`entryid`,`type`) VALUES('1105810','b');
INSERT INTO `book`(`title`,`entryid`,`isbn`) VALUES('Washer to the Canada','1105810','0734930967062');
INSERT INTO `genre_book`(`genre`, `entryid`) VALUES ('Education','1105810');
INSERT INTO `author_book`(`author`, `entryid`) VALUES ('Heide Tatsch','1105810');
INSERT INTO `publisher_book`(`publisher`, `entryid`) VALUES ('Weimer Inc.','1105810');
INSERT INTO `entry`(`entryid`,`type`) VALUES('1105811','b');
INSERT INTO `book`(`title`,`entryid`,`isbn`) VALUES('Expansion by the Shallot','1105811','0596390886127');
INSERT INTO `genre_book`(`genre`, `entryid`) VALUES ('Adventure','1105811');
INSERT INTO `author_book`(`author`, `entryid`) VALUES ('Ofelia Speed','1105811');
INSERT INTO `publisher_book`(`publisher`, `entryid`) VALUES ('Mclamb Cooperations.','1105811');
INSERT INTO `entry`(`entryid`,`type`) VALUES('1105812','b');
INSERT INTO `book`(`title`,`entryid`,`isbn`) VALUES('Pelican with lushy Fruit','1105812','0899121231604');
INSERT INTO `genre_book`(`genre`, `entryid`) VALUES ('Science','1105812');
INSERT INTO `author_book`(`author`, `entryid`) VALUES ('Bernie Lorange','1105812');
INSERT INTO `publisher_book`(`publisher`, `entryid`) VALUES ('Ronco Cooperations.','1105812');
INSERT INTO `entry`(`entryid`,`type`) VALUES('1105813','b');
INSERT INTO `book`(`title`,`entryid`,`isbn`) VALUES('Cry in nonpareil Hydrofoil','1105813','9654154952395');
INSERT INTO `genre_book`(`genre`, `entryid`) VALUES ('Sci-Fi','1105813');
INSERT INTO `author_book`(`author`, `entryid`) VALUES ('Bernie Mangon','1105813');
INSERT INTO `publisher_book`(`publisher`, `entryid`) VALUES ('Gittere Publishers.','1105813');
INSERT INTO `entry`(`entryid`,`type`) VALUES('1105814','b');
INSERT INTO `book`(`title`,`entryid`,`isbn`) VALUES('Quart for crumbliest Examination','1105814','0194571374885');
INSERT INTO `genre_book`(`genre`, `entryid`) VALUES ('Adventure','1105814');
INSERT INTO `author_book`(`author`, `entryid`) VALUES ('Douglass Aarant','1105814');
INSERT INTO `publisher_book`(`publisher`, `entryid`) VALUES ('Ronco Cooperations.','1105814');
INSERT INTO `entry`(`entryid`,`type`) VALUES('1105815','b');
INSERT INTO `book`(`title`,`entryid`,`isbn`) VALUES('Appendix with the undiscovered Stopwatch','1105815','9350376004776');
INSERT INTO `genre_book`(`genre`, `entryid`) VALUES ('Education','1105815');
INSERT INTO `author_book`(`author`, `entryid`) VALUES ('Ronna Warrix','1105815');
INSERT INTO `publisher_book`(`publisher`, `entryid`) VALUES ('Tubman Inc.','1105815');
INSERT INTO `entry`(`entryid`,`type`) VALUES('1105816','b');
INSERT INTO `book`(`title`,`entryid`,`isbn`) VALUES('Market vs. scholarly Vegetarian','1105816','9660649851959');
INSERT INTO `genre_book`(`genre`, `entryid`) VALUES ('Adventure','1105816');
INSERT INTO `author`(`name`,`birthyear`,`deathyear`) VALUES('Jenee Frieze','1883','1927');
INSERT INTO `author_book`(`author`, `entryid`) VALUES ('Jenee Frieze','1105816');
INSERT INTO `publisher_book`(`publisher`, `entryid`) VALUES ('Sago Publishers.','1105816');
INSERT INTO `entry`(`entryid`,`type`) VALUES('1105817','b');
INSERT INTO `book`(`title`,`entryid`,`isbn`) VALUES('Valley for Command','1105817','0869682211061');
INSERT INTO `genre_book`(`genre`, `entryid`) VALUES ('Thriller','1105817');
INSERT INTO `author_book`(`author`, `entryid`) VALUES ('Pablo Peralta','1105817');
INSERT INTO `publisher_book`(`publisher`, `entryid`) VALUES ('Ansara Inc.','1105817');
INSERT INTO `entry`(`entryid`,`type`) VALUES('1105818','b');
INSERT INTO `book`(`title`,`entryid`,`isbn`) VALUES('Rod against Society','1105818','0467765048542');
INSERT INTO `genre_book`(`genre`, `entryid`) VALUES ('Science','1105818');
INSERT INTO `author_book`(`author`, `entryid`) VALUES ('Hortensia Slotemaker','1105818');
INSERT INTO `publisher_book`(`publisher`, `entryid`) VALUES ('Sensing Cooperations.','1105818');
INSERT INTO `entry`(`entryid`,`type`) VALUES('1105819','b');
INSERT INTO `book`(`title`,`entryid`,`isbn`) VALUES('Star by Clarinet','1105819','0766639534148');
INSERT INTO `genre_book`(`genre`, `entryid`) VALUES ('Education','1105819');
INSERT INTO `author_book`(`author`, `entryid`) VALUES ('Reta Jennifer','1105819');
INSERT INTO `publisher_book`(`publisher`, `entryid`) VALUES ('Ronco Cooperations.','1105819');
INSERT INTO `entry`(`entryid`,`type`) VALUES('1105820','b');
INSERT INTO `book`(`title`,`entryid`,`isbn`) VALUES('Yak and the Cornet','1105820','0670016443189');
INSERT INTO `genre_book`(`genre`, `entryid`) VALUES ('Thriller','1105820');
INSERT INTO `author_book`(`author`, `entryid`) VALUES ('Vertie Rohland','1105820');
INSERT INTO `publisher_book`(`publisher`, `entryid`) VALUES ('Pettiford Cooperations.','1105820');
INSERT INTO `entry`(`entryid`,`type`) VALUES('1105821','b');
INSERT INTO `book`(`title`,`entryid`,`isbn`) VALUES('Color by memoriter Camera','1105821','0087084624760');
INSERT INTO `genre_book`(`genre`, `entryid`) VALUES ('Science','1105821');
INSERT INTO `author_book`(`author`, `entryid`) VALUES ('Cole Fakhouri','1105821');
INSERT INTO `publisher_book`(`publisher`, `entryid`) VALUES ('Bielefeld Publishers.','1105821');
INSERT INTO `entry`(`entryid`,`type`) VALUES('1105822','b');
INSERT INTO `book`(`title`,`entryid`,`isbn`) VALUES('Foxglove against the Break','1105822','0014194570189');
INSERT INTO `genre_book`(`genre`, `entryid`) VALUES ('Education','1105822');
INSERT INTO `author_book`(`author`, `entryid`) VALUES ('Tonie Vaccarella','1105822');
INSERT INTO `publisher_book`(`publisher`, `entryid`) VALUES ('Woollard Cooperations.','1105822');
INSERT INTO `entry`(`entryid`,`type`) VALUES('1105823','b');
INSERT INTO `book`(`title`,`entryid`,`isbn`) VALUES('Wound with momentous Creek','1105823','0706961912875');
INSERT INTO `genre_book`(`genre`, `entryid`) VALUES ('Romance','1105823');
INSERT INTO `author`(`name`,`birthyear`,`deathyear`) VALUES('Ria Syler','1891','1951');
INSERT INTO `author_book`(`author`, `entryid`) VALUES ('Ria Syler','1105823');
INSERT INTO `publisher_book`(`publisher`, `entryid`) VALUES ('Drew Cooperations.','1105823');
INSERT INTO `entry`(`entryid`,`type`) VALUES('1105824','b');
INSERT INTO `book`(`title`,`entryid`,`isbn`) VALUES('Mechanic for the inverse Salt','1105824','9042296184040');
INSERT INTO `genre_book`(`genre`, `entryid`) VALUES ('Education','1105824');
INSERT INTO `author_book`(`author`, `entryid`) VALUES ('Maddie Siregar','1105824');
INSERT INTO `publisher_book`(`publisher`, `entryid`) VALUES ('Bierley Cooperations.','1105824');
INSERT INTO `entry`(`entryid`,`type`) VALUES('1105825','b');
INSERT INTO `book`(`title`,`entryid`,`isbn`) VALUES('Quilt in the preponderating Authority','1105825','0058533660459');
INSERT INTO `genre_book`(`genre`, `entryid`) VALUES ('Sci-Fi','1105825');
INSERT INTO `author_book`(`author`, `entryid`) VALUES ('Dawna Halbert','1105825');
INSERT INTO `publisher_book`(`publisher`, `entryid`) VALUES ('Bielefeld Publishers.','1105825');
INSERT INTO `entry`(`entryid`,`type`) VALUES('1105826','b');
INSERT INTO `book`(`title`,`entryid`,`isbn`) VALUES('Drizzle with unwitting Bread','1105826','9208054357266');
INSERT INTO `genre_book`(`genre`, `entryid`) VALUES ('Science','1105826');
INSERT INTO `author_book`(`author`, `entryid`) VALUES ('Trang Barns','1105826');
INSERT INTO `publisher_book`(`publisher`, `entryid`) VALUES ('Jessel Cooperations.','1105826');
INSERT INTO `entry`(`entryid`,`type`) VALUES('1105827','b');
INSERT INTO `book`(`title`,`entryid`,`isbn`) VALUES('Correspondent for Pea','1105827','9534408245139');
INSERT INTO `genre_book`(`genre`, `entryid`) VALUES ('Horror','1105827');
INSERT INTO `author_book`(`author`, `entryid`) VALUES ('Boyce Krotzer','1105827');
INSERT INTO `publisher_book`(`publisher`, `entryid`) VALUES ('Oakeson Cooperations.','1105827');
INSERT INTO `entry`(`entryid`,`type`) VALUES('1105828','b');
INSERT INTO `book`(`title`,`entryid`,`isbn`) VALUES('Coin against crowing Bladder','1105828','0195362754759');
INSERT INTO `genre_book`(`genre`, `entryid`) VALUES ('Science','1105828');
INSERT INTO `author`(`name`,`birthyear`,`deathyear`) VALUES('Tyler Hopple','1926','2005');
INSERT INTO `author_book`(`author`, `entryid`) VALUES ('Tyler Hopple','1105828');
INSERT INTO `publisher_book`(`publisher`, `entryid`) VALUES ('Reinoso Publishers.','1105828');
INSERT INTO `entry`(`entryid`,`type`) VALUES('1105829','b');
INSERT INTO `book`(`title`,`entryid`,`isbn`) VALUES('Pansy vs. Popcorn','1105829','9791298305959');
INSERT INTO `genre_book`(`genre`, `entryid`) VALUES ('Sci-Fi','1105829');
INSERT INTO `author_book`(`author`, `entryid`) VALUES ('Gary Sitzes','1105829');
INSERT INTO `publisher_book`(`publisher`, `entryid`) VALUES ('Kouns Cooperations.','1105829');
INSERT INTO `entry`(`entryid`,`type`) VALUES('1105830','b');
INSERT INTO `book`(`title`,`entryid`,`isbn`) VALUES('Dance with the Cuticle','1105830','0971032332405');
INSERT INTO `genre_book`(`genre`, `entryid`) VALUES ('Thriller','1105830');
INSERT INTO `author_book`(`author`, `entryid`) VALUES ('Annabel Honour','1105830');
INSERT INTO `publisher_book`(`publisher`, `entryid`) VALUES ('Jessel Cooperations.','1105830');
INSERT INTO `entry`(`entryid`,`type`) VALUES('1105831','b');
INSERT INTO `book`(`title`,`entryid`,`isbn`) VALUES('Australia against octennially Wave','1105831','0420062588004');
INSERT INTO `genre_book`(`genre`, `entryid`) VALUES ('Science','1105831');
INSERT INTO `author_book`(`author`, `entryid`) VALUES ('Fernanda Canonica','1105831');
INSERT INTO `publisher_book`(`publisher`, `entryid`) VALUES ('Woollard Cooperations.','1105831');
INSERT INTO `entry`(`entryid`,`type`) VALUES('1105832','b');
INSERT INTO `book`(`title`,`entryid`,`isbn`) VALUES('Dorothy against Desk','1105832','9734779086859');
INSERT INTO `genre_book`(`genre`, `entryid`) VALUES ('Thriller','1105832');
INSERT INTO `author_book`(`author`, `entryid`) VALUES ('Klara Haubrich','1105832');
INSERT INTO `publisher_book`(`publisher`, `entryid`) VALUES ('Autrano Publishers.','1105832');
INSERT INTO `entry`(`entryid`,`type`) VALUES('1105833','b');
INSERT INTO `book`(`title`,`entryid`,`isbn`) VALUES('Fat in Capricorn','1105833','0319669771910');
INSERT INTO `genre_book`(`genre`, `entryid`) VALUES ('Education','1105833');
INSERT INTO `author_book`(`author`, `entryid`) VALUES ('Johnny Quinlan','1105833');
INSERT INTO `publisher_book`(`publisher`, `entryid`) VALUES ('Dusatko Inc.','1105833');
INSERT INTO `entry`(`entryid`,`type`) VALUES('1105834','b');
INSERT INTO `book`(`title`,`entryid`,`isbn`) VALUES('Pail in Precipitation','1105834','9240760445733');
INSERT INTO `genre_book`(`genre`, `entryid`) VALUES ('Romance','1105834');
INSERT INTO `author_book`(`author`, `entryid`) VALUES ('Tonie Vaccarella','1105834');
INSERT INTO `publisher_book`(`publisher`, `entryid`) VALUES ('Oathout Publishers.','1105834');
INSERT INTO `entry`(`entryid`,`type`) VALUES('1105835','b');
INSERT INTO `book`(`title`,`entryid`,`isbn`) VALUES('Tea for rushy Smell','1105835','9446293453893');
INSERT INTO `genre_book`(`genre`, `entryid`) VALUES ('Thriller','1105835');
INSERT INTO `author_book`(`author`, `entryid`) VALUES ('Heide Tatsch','1105835');
INSERT INTO `publisher_book`(`publisher`, `entryid`) VALUES ('Tubman Inc.','1105835');
INSERT INTO `entry`(`entryid`,`type`) VALUES('1105836','b');
INSERT INTO `book`(`title`,`entryid`,`isbn`) VALUES('Rail vs. mousiest Ghost','1105836','9807120180273');
INSERT INTO `genre_book`(`genre`, `entryid`) VALUES ('Education','1105836');
INSERT INTO `author_book`(`author`, `entryid`) VALUES ('Roberto Mohead','1105836');
INSERT INTO `publisher_book`(`publisher`, `entryid`) VALUES ('Woollard Cooperations.','1105836');
INSERT INTO `entry`(`entryid`,`type`) VALUES('1105837','b');
INSERT INTO `book`(`title`,`entryid`,`isbn`) VALUES('Medicine of the lunate Crocus','1105837','0315994246956');
INSERT INTO `genre_book`(`genre`, `entryid`) VALUES ('Romance','1105837');
INSERT INTO `author_book`(`author`, `entryid`) VALUES ('Pamila Quon','1105837');
INSERT INTO `publisher_book`(`publisher`, `entryid`) VALUES ('Cajigas Inc.','1105837');
INSERT INTO `entry`(`entryid`,`type`) VALUES('1105838','b');
INSERT INTO `book`(`title`,`entryid`,`isbn`) VALUES('Skate to Hamster','1105838','9118699386720');
INSERT INTO `genre_book`(`genre`, `entryid`) VALUES ('Thriller','1105838');
INSERT INTO `author_book`(`author`, `entryid`) VALUES ('Malka Conole','1105838');
INSERT INTO `publisher_book`(`publisher`, `entryid`) VALUES ('Mingle Publishers.','1105838');
INSERT INTO `entry`(`entryid`,`type`) VALUES('1105839','b');
INSERT INTO `book`(`title`,`entryid`,`isbn`) VALUES('Grill against Position','1105839','0724253563518');
INSERT INTO `genre_book`(`genre`, `entryid`) VALUES ('Sci-Fi','1105839');
INSERT INTO `author_book`(`author`, `entryid`) VALUES ('Marsha Nurre','1105839');
INSERT INTO `publisher_book`(`publisher`, `entryid`) VALUES ('Bierley Cooperations.','1105839');
INSERT INTO `entry`(`entryid`,`type`) VALUES('1105840','b');
INSERT INTO `book`(`title`,`entryid`,`isbn`) VALUES('Algebra because of trade-in Imprisonment','1105840','9431837078251');
INSERT INTO `genre_book`(`genre`, `entryid`) VALUES ('Thriller','1105840');
INSERT INTO `author_book`(`author`, `entryid`) VALUES ('Kary Orosco','1105840');
INSERT INTO `publisher_book`(`publisher`, `entryid`) VALUES ('Treinen Publishers.','1105840');
INSERT INTO `entry`(`entryid`,`type`) VALUES('1105841','b');
INSERT INTO `book`(`title`,`entryid`,`isbn`) VALUES('Married and the accepted Ukraine','1105841','0380400730902');
INSERT INTO `genre_book`(`genre`, `entryid`) VALUES ('Education','1105841');
INSERT INTO `author_book`(`author`, `entryid`) VALUES ('Assunta Veneable','1105841');
INSERT INTO `publisher_book`(`publisher`, `entryid`) VALUES ('Safko Cooperations.','1105841');
INSERT INTO `entry`(`entryid`,`type`) VALUES('1105842','b');
INSERT INTO `book`(`title`,`entryid`,`isbn`) VALUES('Teeth for Candle','1105842','0802709372934');
INSERT INTO `genre_book`(`genre`, `entryid`) VALUES ('Education','1105842');
INSERT INTO `author_book`(`author`, `entryid`) VALUES ('Mardell Struyk','1105842');
INSERT INTO `publisher_book`(`publisher`, `entryid`) VALUES ('Sensing Cooperations.','1105842');
INSERT INTO `entry`(`entryid`,`type`) VALUES('1105843','b');
INSERT INTO `book`(`title`,`entryid`,`isbn`) VALUES('Roadway and Shingle','1105843','0377968631563');
INSERT INTO `genre_book`(`genre`, `entryid`) VALUES ('Romance','1105843');
INSERT INTO `author`(`name`,`birthyear`,`deathyear`) VALUES('Sean Brensel','1882','1907');
INSERT INTO `author_book`(`author`, `entryid`) VALUES ('Sean Brensel','1105843');
INSERT INTO `publisher_book`(`publisher`, `entryid`) VALUES ('Moos Publishers.','1105843');
INSERT INTO `entry`(`entryid`,`type`) VALUES('1105844','b');
INSERT INTO `book`(`title`,`entryid`,`isbn`) VALUES('Furniture vs. Town','1105844','9273293006404');
INSERT INTO `genre_book`(`genre`, `entryid`) VALUES ('Sci-Fi','1105844');
INSERT INTO `author_book`(`author`, `entryid`) VALUES ('Kary Orosco','1105844');
INSERT INTO `publisher_book`(`publisher`, `entryid`) VALUES ('Ruddick Publishers.','1105844');
INSERT INTO `entry`(`entryid`,`type`) VALUES('1105845','b');
INSERT INTO `book`(`title`,`entryid`,`isbn`) VALUES('Wash in the unrefuted Laura','1105845','9842928068524');
INSERT INTO `genre_book`(`genre`, `entryid`) VALUES ('Romance','1105845');
INSERT INTO `author_book`(`author`, `entryid`) VALUES ('Christen Bellair','1105845');
INSERT INTO `publisher_book`(`publisher`, `entryid`) VALUES ('Weimer Inc.','1105845');
INSERT INTO `entry`(`entryid`,`type`) VALUES('1105846','b');
INSERT INTO `book`(`title`,`entryid`,`isbn`) VALUES('Cent and Falernian Pizza','1105846','9086089939713');
INSERT INTO `genre_book`(`genre`, `entryid`) VALUES ('Romance','1105846');
INSERT INTO `author_book`(`author`, `entryid`) VALUES ('Rosio Tagliente','1105846');
INSERT INTO `publisher_book`(`publisher`, `entryid`) VALUES ('Martinell Cooperations.','1105846');
INSERT INTO `entry`(`entryid`,`type`) VALUES('1105847','b');
INSERT INTO `book`(`title`,`entryid`,`isbn`) VALUES('Friend by Winter','1105847','9564498962260');
INSERT INTO `genre_book`(`genre`, `entryid`) VALUES ('Horror','1105847');
INSERT INTO `author_book`(`author`, `entryid`) VALUES ('Porter Kindell','1105847');
INSERT INTO `publisher_book`(`publisher`, `entryid`) VALUES ('Shinnick Inc.','1105847');
INSERT INTO `entry`(`entryid`,`type`) VALUES('1105848','b');
INSERT INTO `book`(`title`,`entryid`,`isbn`) VALUES('Activity against the Kimberly','1105848','9859716297085');
INSERT INTO `genre_book`(`genre`, `entryid`) VALUES ('Science','1105848');
INSERT INTO `author_book`(`author`, `entryid`) VALUES ('Karin Neimeyer','1105848');
INSERT INTO `publisher_book`(`publisher`, `entryid`) VALUES ('Aljemal Inc.','1105848');
INSERT INTO `entry`(`entryid`,`type`) VALUES('1105849','b');
INSERT INTO `book`(`title`,`entryid`,`isbn`) VALUES('Action because of selfish Astronomy','1105849','9499893138302');
INSERT INTO `genre_book`(`genre`, `entryid`) VALUES ('Romance','1105849');
INSERT INTO `author_book`(`author`, `entryid`) VALUES ('Tijuana Jeannette','1105849');
INSERT INTO `publisher_book`(`publisher`, `entryid`) VALUES ('Goodpastor Inc.','1105849');
INSERT INTO `entry`(`entryid`,`type`) VALUES('1105850','b');
INSERT INTO `book`(`title`,`entryid`,`isbn`) VALUES('Stage and the Lunchroom','1105850','0963373849245');
INSERT INTO `genre_book`(`genre`, `entryid`) VALUES ('Romance','1105850');
INSERT INTO `author_book`(`author`, `entryid`) VALUES ('Darren Kreitzbender','1105850');
INSERT INTO `publisher_book`(`publisher`, `entryid`) VALUES ('Herl Publishers.','1105850');
INSERT INTO `entry`(`entryid`,`type`) VALUES('1105851','b');
INSERT INTO `book`(`title`,`entryid`,`isbn`) VALUES('Beat for Adamic Kiss','1105851','0991853110659');
INSERT INTO `genre_book`(`genre`, `entryid`) VALUES ('Thriller','1105851');
INSERT INTO `author_book`(`author`, `entryid`) VALUES ('Beth Milford','1105851');
INSERT INTO `publisher_book`(`publisher`, `entryid`) VALUES ('Goodpastor Inc.','1105851');
INSERT INTO `entry`(`entryid`,`type`) VALUES('1105852','b');
INSERT INTO `book`(`title`,`entryid`,`isbn`) VALUES('Share to Skin','1105852','9363458562178');
INSERT INTO `genre_book`(`genre`, `entryid`) VALUES ('Adventure','1105852');
INSERT INTO `author_book`(`author`, `entryid`) VALUES ('Delicia Smutnick','1105852');
INSERT INTO `publisher_book`(`publisher`, `entryid`) VALUES ('Bassil Inc.','1105852');
INSERT INTO `entry`(`entryid`,`type`) VALUES('1105853','b');
INSERT INTO `book`(`title`,`entryid`,`isbn`) VALUES('Cereal for Puppy','1105853','0383830373721');
INSERT INTO `genre_book`(`genre`, `entryid`) VALUES ('Romance','1105853');
INSERT INTO `author_book`(`author`, `entryid`) VALUES ('Misha Dagel','1105853');
INSERT INTO `publisher_book`(`publisher`, `entryid`) VALUES ('Jessel Cooperations.','1105853');
INSERT INTO `entry`(`entryid`,`type`) VALUES('1105854','b');
INSERT INTO `book`(`title`,`entryid`,`isbn`) VALUES('Banker to the Measure','1105854','9423288155720');
INSERT INTO `genre_book`(`genre`, `entryid`) VALUES ('Horror','1105854');
INSERT INTO `author_book`(`author`, `entryid`) VALUES ('Pamila Quon','1105854');
INSERT INTO `publisher_book`(`publisher`, `entryid`) VALUES ('Kouns Cooperations.','1105854');
INSERT INTO `entry`(`entryid`,`type`) VALUES('1105855','b');
INSERT INTO `book`(`title`,`entryid`,`isbn`) VALUES('Witness of Kilometer','1105855','9408290936078');
INSERT INTO `genre_book`(`genre`, `entryid`) VALUES ('Education','1105855');
INSERT INTO `author_book`(`author`, `entryid`) VALUES ('Shanti Reineccius','1105855');
INSERT INTO `publisher_book`(`publisher`, `entryid`) VALUES ('Schenk Inc.','1105855');
INSERT INTO `entry`(`entryid`,`type`) VALUES('1105856','b');
INSERT INTO `book`(`title`,`entryid`,`isbn`) VALUES('Age and Philippines','1105856','9647735134885');
INSERT INTO `genre_book`(`genre`, `entryid`) VALUES ('Science','1105856');
INSERT INTO `author_book`(`author`, `entryid`) VALUES ('Shenita Kerman','1105856');
INSERT INTO `publisher_book`(`publisher`, `entryid`) VALUES ('Baldacchino Publishers.','1105856');
INSERT INTO `entry`(`entryid`,`type`) VALUES('1105857','b');
INSERT INTO `book`(`title`,`entryid`,`isbn`) VALUES('Butane vs. customary Michelle','1105857','0758912601544');
INSERT INTO `genre_book`(`genre`, `entryid`) VALUES ('Sci-Fi','1105857');
INSERT INTO `author_book`(`author`, `entryid`) VALUES ('Christin Verkler','1105857');
INSERT INTO `publisher_book`(`publisher`, `entryid`) VALUES ('Herl Publishers.','1105857');
INSERT INTO `entry`(`entryid`,`type`) VALUES('1105858','b');
INSERT INTO `book`(`title`,`entryid`,`isbn`) VALUES('Dentist because of exceptional Swim','1105858','9611206105922');
INSERT INTO `genre_book`(`genre`, `entryid`) VALUES ('Sci-Fi','1105858');
INSERT INTO `author_book`(`author`, `entryid`) VALUES ('Lyle Goodale','1105858');
INSERT INTO `publisher_book`(`publisher`, `entryid`) VALUES ('Rinebold Cooperations.','1105858');
INSERT INTO `entry`(`entryid`,`type`) VALUES('1105859','b');
INSERT INTO `book`(`title`,`entryid`,`isbn`) VALUES('Peripheral to the Result','1105859','0766467370334');
INSERT INTO `genre_book`(`genre`, `entryid`) VALUES ('Adventure','1105859');
INSERT INTO `author_book`(`author`, `entryid`) VALUES ('Rosio Tagliente','1105859');
INSERT INTO `publisher_book`(`publisher`, `entryid`) VALUES ('Aono Cooperations.','1105859');
INSERT INTO `entry`(`entryid`,`type`) VALUES('1105860','b');
INSERT INTO `book`(`title`,`entryid`,`isbn`) VALUES('Bull with buzzing Drama','1105860','0636855502662');
INSERT INTO `genre_book`(`genre`, `entryid`) VALUES ('Romance','1105860');
INSERT INTO `author_book`(`author`, `entryid`) VALUES ('Rosemarie Lillig','1105860');
INSERT INTO `publisher_book`(`publisher`, `entryid`) VALUES ('Crosthwaite Publishers.','1105860');
INSERT INTO `entry`(`entryid`,`type`) VALUES('1105861','b');
INSERT INTO `book`(`title`,`entryid`,`isbn`) VALUES('Day by the Garage','1105861','0739855298504');
INSERT INTO `genre_book`(`genre`, `entryid`) VALUES ('Adventure','1105861');
INSERT INTO `author_book`(`author`, `entryid`) VALUES ('Ayana Vandenburg','1105861');
INSERT INTO `publisher_book`(`publisher`, `entryid`) VALUES ('Hobin Cooperations.','1105861');
INSERT INTO `entry`(`entryid`,`type`) VALUES('1105862','b');
INSERT INTO `book`(`title`,`entryid`,`isbn`) VALUES('Palm and Statistic','1105862','0187508955293');
INSERT INTO `genre_book`(`genre`, `entryid`) VALUES ('Horror','1105862');
INSERT INTO `author_book`(`author`, `entryid`) VALUES ('Jo Carline','1105862');
INSERT INTO `publisher_book`(`publisher`, `entryid`) VALUES ('Wince Publishers.','1105862');
INSERT INTO `entry`(`entryid`,`type`) VALUES('1105863','b');
INSERT INTO `book`(`title`,`entryid`,`isbn`) VALUES('Hardhat in caller Fridge','1105863','9539598934944');
INSERT INTO `genre_book`(`genre`, `entryid`) VALUES ('Horror','1105863');
INSERT INTO `author_book`(`author`, `entryid`) VALUES ('Marvel Moya','1105863');
INSERT INTO `publisher_book`(`publisher`, `entryid`) VALUES ('Wriedt Publishers.','1105863');
INSERT INTO `entry`(`entryid`,`type`) VALUES('1105864','b');
INSERT INTO `book`(`title`,`entryid`,`isbn`) VALUES('Witch vs. Woman','1105864','0066951411837');
INSERT INTO `genre_book`(`genre`, `entryid`) VALUES ('Thriller','1105864');
INSERT INTO `author_book`(`author`, `entryid`) VALUES ('Lin Chamber','1105864');
INSERT INTO `publisher_book`(`publisher`, `entryid`) VALUES ('Baldacchino Publishers.','1105864');
INSERT INTO `entry`(`entryid`,`type`) VALUES('1105865','b');
INSERT INTO `book`(`title`,`entryid`,`isbn`) VALUES('Budget to unmaterialised Platinum','1105865','0090884212847');
INSERT INTO `genre_book`(`genre`, `entryid`) VALUES ('Science','1105865');
INSERT INTO `author_book`(`author`, `entryid`) VALUES ('Assunta Veneable','1105865');
INSERT INTO `publisher_book`(`publisher`, `entryid`) VALUES ('Pandya Cooperations.','1105865');
INSERT INTO `entry`(`entryid`,`type`) VALUES('1105866','b');
INSERT INTO `book`(`title`,`entryid`,`isbn`) VALUES('Segment by do-nothing Agenda','1105866','0289273536507');
INSERT INTO `genre_book`(`genre`, `entryid`) VALUES ('Thriller','1105866');
INSERT INTO `author_book`(`author`, `entryid`) VALUES ('Clarice Lessin','1105866');
INSERT INTO `publisher_book`(`publisher`, `entryid`) VALUES ('Cucinella Inc.','1105866');
INSERT INTO `entry`(`entryid`,`type`) VALUES('1105867','b');
INSERT INTO `book`(`title`,`entryid`,`isbn`) VALUES('Peripheral with the Trapezoid','1105867','0585158623767');
INSERT INTO `genre_book`(`genre`, `entryid`) VALUES ('Thriller','1105867');
INSERT INTO `author`(`name`,`birthyear`,`deathyear`) VALUES('Magdalena Arpin','1963','2051');
INSERT INTO `author_book`(`author`, `entryid`) VALUES ('Magdalena Arpin','1105867');
INSERT INTO `publisher_book`(`publisher`, `entryid`) VALUES ('Bartram Publishers.','1105867');
INSERT INTO `entry`(`entryid`,`type`) VALUES('1105868','b');
INSERT INTO `book`(`title`,`entryid`,`isbn`) VALUES('Pet of Wish','1105868','0154012818781');
INSERT INTO `genre_book`(`genre`, `entryid`) VALUES ('Adventure','1105868');
INSERT INTO `author_book`(`author`, `entryid`) VALUES ('Andree Pettersson','1105868');
INSERT INTO `publisher_book`(`publisher`, `entryid`) VALUES ('Yenney Cooperations.','1105868');
INSERT INTO `entry`(`entryid`,`type`) VALUES('1105869','b');
INSERT INTO `book`(`title`,`entryid`,`isbn`) VALUES('Oatmeal to the Brazil','1105869','0622398665346');
INSERT INTO `genre_book`(`genre`, `entryid`) VALUES ('Horror','1105869');
INSERT INTO `author_book`(`author`, `entryid`) VALUES ('Aleen Stroth','1105869');
INSERT INTO `publisher_book`(`publisher`, `entryid`) VALUES ('Pettiford Cooperations.','1105869');
INSERT INTO `entry`(`entryid`,`type`) VALUES('1105870','b');
INSERT INTO `book`(`title`,`entryid`,`isbn`) VALUES('Dance with Order','1105870','9118346015954');
INSERT INTO `genre_book`(`genre`, `entryid`) VALUES ('Thriller','1105870');
INSERT INTO `author_book`(`author`, `entryid`) VALUES ('Magdalena Arpin','1105870');
INSERT INTO `publisher_book`(`publisher`, `entryid`) VALUES ('Moos Publishers.','1105870');
INSERT INTO `entry`(`entryid`,`type`) VALUES('1105871','b');
INSERT INTO `book`(`title`,`entryid`,`isbn`) VALUES('Temple because of Cloud','1105871','0549010754324');
INSERT INTO `genre_book`(`genre`, `entryid`) VALUES ('Romance','1105871');
INSERT INTO `author_book`(`author`, `entryid`) VALUES ('Iris Gammill','1105871');
INSERT INTO `publisher_book`(`publisher`, `entryid`) VALUES ('Sago Publishers.','1105871');
INSERT INTO `entry`(`entryid`,`type`) VALUES('1105872','b');
INSERT INTO `book`(`title`,`entryid`,`isbn`) VALUES('Platinum by the Existence','1105872','9016933890746');
INSERT INTO `genre_book`(`genre`, `entryid`) VALUES ('Science','1105872');
INSERT INTO `author_book`(`author`, `entryid`) VALUES ('Alisha Schwabenbauer','1105872');
INSERT INTO `publisher_book`(`publisher`, `entryid`) VALUES ('Yenney Cooperations.','1105872');
INSERT INTO `entry`(`entryid`,`type`) VALUES('1105873','b');
INSERT INTO `book`(`title`,`entryid`,`isbn`) VALUES('Fly of Sex','1105873','0102779983260');
INSERT INTO `genre_book`(`genre`, `entryid`) VALUES ('Thriller','1105873');
INSERT INTO `author_book`(`author`, `entryid`) VALUES ('Bernie Mangon','1105873');
INSERT INTO `publisher_book`(`publisher`, `entryid`) VALUES ('Funari Publishers.','1105873');
INSERT INTO `entry`(`entryid`,`type`) VALUES('1105874','b');
INSERT INTO `book`(`title`,`entryid`,`isbn`) VALUES('Rule with the Man','1105874','0443169873007');
INSERT INTO `genre_book`(`genre`, `entryid`) VALUES ('Science','1105874');
INSERT INTO `author_book`(`author`, `entryid`) VALUES ('Ria Syler','1105874');
INSERT INTO `publisher_book`(`publisher`, `entryid`) VALUES ('Hansteen Publishers.','1105874');
INSERT INTO `entry`(`entryid`,`type`) VALUES('1105875','b');
INSERT INTO `book`(`title`,`entryid`,`isbn`) VALUES('Clock and knobbly Relative','1105875','9064080876372');
INSERT INTO `genre_book`(`genre`, `entryid`) VALUES ('Sci-Fi','1105875');
INSERT INTO `author`(`name`,`birthyear`,`deathyear`) VALUES('Katharyn Giarraputo','1947','2033');
INSERT INTO `author_book`(`author`, `entryid`) VALUES ('Katharyn Giarraputo','1105875');
INSERT INTO `publisher_book`(`publisher`, `entryid`) VALUES ('Kubert Publishers.','1105875');
INSERT INTO `entry`(`entryid`,`type`) VALUES('1105876','b');
INSERT INTO `book`(`title`,`entryid`,`isbn`) VALUES('Grade vs. drafty Love','1105876','0977553278891');
INSERT INTO `genre_book`(`genre`, `entryid`) VALUES ('Education','1105876');
INSERT INTO `author_book`(`author`, `entryid`) VALUES ('Keesha Edeker','1105876');
INSERT INTO `publisher_book`(`publisher`, `entryid`) VALUES ('Tubman Inc.','1105876');
INSERT INTO `entry`(`entryid`,`type`) VALUES('1105877','b');
INSERT INTO `book`(`title`,`entryid`,`isbn`) VALUES('Heart against Panda','1105877','0525268493421');
INSERT INTO `genre_book`(`genre`, `entryid`) VALUES ('Romance','1105877');
INSERT INTO `author`(`name`,`birthyear`,`deathyear`) VALUES('Klara Meshyock','1943','2030');
INSERT INTO `author_book`(`author`, `entryid`) VALUES ('Klara Meshyock','1105877');
INSERT INTO `publisher_book`(`publisher`, `entryid`) VALUES ('Bassil Inc.','1105877');
INSERT INTO `entry`(`entryid`,`type`) VALUES('1105878','b');
INSERT INTO `book`(`title`,`entryid`,`isbn`) VALUES('Store by the Sheep','1105878','0130320069133');
INSERT INTO `genre_book`(`genre`, `entryid`) VALUES ('Education','1105878');
INSERT INTO `author_book`(`author`, `entryid`) VALUES ('Margarette Piermont','1105878');
INSERT INTO `publisher_book`(`publisher`, `entryid`) VALUES ('Seminole Inc.','1105878');
INSERT INTO `entry`(`entryid`,`type`) VALUES('1105879','b');
INSERT INTO `book`(`title`,`entryid`,`isbn`) VALUES('Den to Shake','1105879','0601547679869');
INSERT INTO `genre_book`(`genre`, `entryid`) VALUES ('Horror','1105879');
INSERT INTO `author_book`(`author`, `entryid`) VALUES ('Nestor Naish','1105879');
INSERT INTO `publisher_book`(`publisher`, `entryid`) VALUES ('Dusatko Inc.','1105879');
INSERT INTO `entry`(`entryid`,`type`) VALUES('1105880','b');
INSERT INTO `book`(`title`,`entryid`,`isbn`) VALUES('Cork against the Atom','1105880','9036440250785');
INSERT INTO `genre_book`(`genre`, `entryid`) VALUES ('Sci-Fi','1105880');
INSERT INTO `author_book`(`author`, `entryid`) VALUES ('Maddie Siregar','1105880');
INSERT INTO `publisher_book`(`publisher`, `entryid`) VALUES ('Mignogna Publishers.','1105880');
INSERT INTO `entry`(`entryid`,`type`) VALUES('1105881','b');
INSERT INTO `book`(`title`,`entryid`,`isbn`) VALUES('Draw vs. vulcanological Phone','1105881','0328862559422');
INSERT INTO `genre_book`(`genre`, `entryid`) VALUES ('Thriller','1105881');
INSERT INTO `author_book`(`author`, `entryid`) VALUES ('Annabell Odonnell','1105881');
INSERT INTO `publisher_book`(`publisher`, `entryid`) VALUES ('Crosthwaite Publishers.','1105881');
INSERT INTO `entry`(`entryid`,`type`) VALUES('1105882','b');
INSERT INTO `book`(`title`,`entryid`,`isbn`) VALUES('Sudan and Bumper','1105882','0130821977444');
INSERT INTO `genre_book`(`genre`, `entryid`) VALUES ('Adventure','1105882');
INSERT INTO `author_book`(`author`, `entryid`) VALUES ('Cathie Shapin','1105882');
INSERT INTO `publisher_book`(`publisher`, `entryid`) VALUES ('Ards Inc.','1105882');
INSERT INTO `entry`(`entryid`,`type`) VALUES('1105883','b');
INSERT INTO `book`(`title`,`entryid`,`isbn`) VALUES('Zoology vs. Ankle','1105883','9036623002659');
INSERT INTO `genre_book`(`genre`, `entryid`) VALUES ('Adventure','1105883');
INSERT INTO `author_book`(`author`, `entryid`) VALUES ('Leonia Parvin','1105883');
INSERT INTO `publisher_book`(`publisher`, `entryid`) VALUES ('Asmus Cooperations.','1105883');
INSERT INTO `entry`(`entryid`,`type`) VALUES('1105884','b');
INSERT INTO `book`(`title`,`entryid`,`isbn`) VALUES('Steam of Bread','1105884','9218572705353');
INSERT INTO `genre_book`(`genre`, `entryid`) VALUES ('Sci-Fi','1105884');
INSERT INTO `author_book`(`author`, `entryid`) VALUES ('Georgann Morelen','1105884');
INSERT INTO `publisher_book`(`publisher`, `entryid`) VALUES ('Treinen Publishers.','1105884');
INSERT INTO `entry`(`entryid`,`type`) VALUES('1105885','b');
INSERT INTO `book`(`title`,`entryid`,`isbn`) VALUES('Toad by the unpassioned Recorder','1105885','0561341525880');
INSERT INTO `genre_book`(`genre`, `entryid`) VALUES ('Education','1105885');
INSERT INTO `author_book`(`author`, `entryid`) VALUES ('Rosa Gentges','1105885');
INSERT INTO `publisher_book`(`publisher`, `entryid`) VALUES ('Autrano Publishers.','1105885');
INSERT INTO `entry`(`entryid`,`type`) VALUES('1105886','b');
INSERT INTO `book`(`title`,`entryid`,`isbn`) VALUES('Sale and the superabundant July','1105886','9899110121543');
INSERT INTO `genre_book`(`genre`, `entryid`) VALUES ('Adventure','1105886');
INSERT INTO `author_book`(`author`, `entryid`) VALUES ('Ronna Warrix','1105886');
INSERT INTO `publisher_book`(`publisher`, `entryid`) VALUES ('Asmus Cooperations.','1105886');
INSERT INTO `entry`(`entryid`,`type`) VALUES('1105887','b');
INSERT INTO `book`(`title`,`entryid`,`isbn`) VALUES('Amusement by Dictionary','1105887','9258030401346');
INSERT INTO `genre_book`(`genre`, `entryid`) VALUES ('Thriller','1105887');
INSERT INTO `author_book`(`author`, `entryid`) VALUES ('Margie Vanderweerd','1105887');
INSERT INTO `publisher_book`(`publisher`, `entryid`) VALUES ('Fetrow Inc.','1105887');
INSERT INTO `entry`(`entryid`,`type`) VALUES('1105888','b');
INSERT INTO `book`(`title`,`entryid`,`isbn`) VALUES('Cheque for Shrimp','1105888','9066702767997');
INSERT INTO `genre_book`(`genre`, `entryid`) VALUES ('Adventure','1105888');
INSERT INTO `author_book`(`author`, `entryid`) VALUES ('Mardell Struyk','1105888');
INSERT INTO `publisher_book`(`publisher`, `entryid`) VALUES ('Reinoso Publishers.','1105888');
INSERT INTO `entry`(`entryid`,`type`) VALUES('1105889','b');
INSERT INTO `book`(`title`,`entryid`,`isbn`) VALUES('Dance with Politician','1105889','9701730833732');
INSERT INTO `genre_book`(`genre`, `entryid`) VALUES ('Horror','1105889');
INSERT INTO `author`(`name`,`birthyear`,`deathyear`) VALUES('Tuan Decoursey','1884','1970');
INSERT INTO `author_book`(`author`, `entryid`) VALUES ('Tuan Decoursey','1105889');
INSERT INTO `publisher_book`(`publisher`, `entryid`) VALUES ('Hodermarsky Cooperations.','1105889');
INSERT INTO `entry`(`entryid`,`type`) VALUES('1105890','b');
INSERT INTO `book`(`title`,`entryid`,`isbn`) VALUES('Patch to the Crowd','1105890','9401338800274');
INSERT INTO `genre_book`(`genre`, `entryid`) VALUES ('Sci-Fi','1105890');
INSERT INTO `author_book`(`author`, `entryid`) VALUES ('Creola Segner','1105890');
INSERT INTO `publisher_book`(`publisher`, `entryid`) VALUES ('Ansara Inc.','1105890');
INSERT INTO `entry`(`entryid`,`type`) VALUES('1105891','b');
INSERT INTO `book`(`title`,`entryid`,`isbn`) VALUES('Stool of the Toothbrush','1105891','0589689941763');
INSERT INTO `genre_book`(`genre`, `entryid`) VALUES ('Romance','1105891');
INSERT INTO `author_book`(`author`, `entryid`) VALUES ('Jamee Rickard','1105891');
INSERT INTO `publisher_book`(`publisher`, `entryid`) VALUES ('Ards Inc.','1105891');
INSERT INTO `entry`(`entryid`,`type`) VALUES('1105892','b');
INSERT INTO `book`(`title`,`entryid`,`isbn`) VALUES('Handsaw of Outrigger','1105892','9200673874377');
INSERT INTO `genre_book`(`genre`, `entryid`) VALUES ('Thriller','1105892');
INSERT INTO `author_book`(`author`, `entryid`) VALUES ('Len Morasch','1105892');
INSERT INTO `publisher_book`(`publisher`, `entryid`) VALUES ('Dusatko Inc.','1105892');
INSERT INTO `entry`(`entryid`,`type`) VALUES('1105893','b');
INSERT INTO `book`(`title`,`entryid`,`isbn`) VALUES('Partner with the Discussion','1105893','0186468985735');
INSERT INTO `genre_book`(`genre`, `entryid`) VALUES ('Horror','1105893');
INSERT INTO `author_book`(`author`, `entryid`) VALUES ('Patience Jolliffe','1105893');
INSERT INTO `publisher_book`(`publisher`, `entryid`) VALUES ('Moors Publishers.','1105893');
INSERT INTO `entry`(`entryid`,`type`) VALUES('1105894','b');
INSERT INTO `book`(`title`,`entryid`,`isbn`) VALUES('Work for the figural Patch','1105894','9303695748784');
INSERT INTO `genre_book`(`genre`, `entryid`) VALUES ('Education','1105894');
INSERT INTO `author_book`(`author`, `entryid`) VALUES ('Leonia Parvin','1105894');
INSERT INTO `publisher_book`(`publisher`, `entryid`) VALUES ('Pandya Cooperations.','1105894');
INSERT INTO `entry`(`entryid`,`type`) VALUES('1105895','b');
INSERT INTO `book`(`title`,`entryid`,`isbn`) VALUES('Tailor by Battle','1105895','9625231509361');
INSERT INTO `genre_book`(`genre`, `entryid`) VALUES ('Sci-Fi','1105895');
INSERT INTO `author_book`(`author`, `entryid`) VALUES ('Ngoc Gruiger','1105895');
INSERT INTO `publisher_book`(`publisher`, `entryid`) VALUES ('Bauchspies Publishers.','1105895');
INSERT INTO `entry`(`entryid`,`type`) VALUES('1105896','b');
INSERT INTO `book`(`title`,`entryid`,`isbn`) VALUES('Piano for Punch','1105896','9284011658061');
INSERT INTO `genre_book`(`genre`, `entryid`) VALUES ('Horror','1105896');
INSERT INTO `author_book`(`author`, `entryid`) VALUES ('Irwin Cabarcas','1105896');
INSERT INTO `publisher_book`(`publisher`, `entryid`) VALUES ('Urbina Publishers.','1105896');
INSERT INTO `entry`(`entryid`,`type`) VALUES('1105897','b');
INSERT INTO `book`(`title`,`entryid`,`isbn`) VALUES('Refrigerator of semifluid Range','1105897','0531550000194');
INSERT INTO `genre_book`(`genre`, `entryid`) VALUES ('Thriller','1105897');
INSERT INTO `author_book`(`author`, `entryid`) VALUES ('Samatha Leiba','1105897');
INSERT INTO `publisher_book`(`publisher`, `entryid`) VALUES ('Urbina Publishers.','1105897');
INSERT INTO `entry`(`entryid`,`type`) VALUES('1105898','b');
INSERT INTO `book`(`title`,`entryid`,`isbn`) VALUES('Leg in the disseminative Smile','1105898','0533561904639');
INSERT INTO `genre_book`(`genre`, `entryid`) VALUES ('Thriller','1105898');
INSERT INTO `author_book`(`author`, `entryid`) VALUES ('Johna Ivery','1105898');
INSERT INTO `publisher_book`(`publisher`, `entryid`) VALUES ('Goodpastor Inc.','1105898');
INSERT INTO `entry`(`entryid`,`type`) VALUES('1105899','b');
INSERT INTO `book`(`title`,`entryid`,`isbn`) VALUES('Calculus in the articular Debtor','1105899','9346281099586');
INSERT INTO `genre_book`(`genre`, `entryid`) VALUES ('Education','1105899');
INSERT INTO `author_book`(`author`, `entryid`) VALUES ('Yolonda Whittaker','1105899');
INSERT INTO `publisher_book`(`publisher`, `entryid`) VALUES ('Martinell Cooperations.','1105899');
INSERT INTO `entry`(`entryid`,`type`) VALUES('1105900','b');
INSERT INTO `book`(`title`,`entryid`,`isbn`) VALUES('Pickle for definitive Sandra','1105900','9812402601394');
INSERT INTO `genre_book`(`genre`, `entryid`) VALUES ('Romance','1105900');
INSERT INTO `author_book`(`author`, `entryid`) VALUES ('Mica Kingsley','1105900');
INSERT INTO `publisher_book`(`publisher`, `entryid`) VALUES ('Casaliggi Inc.','1105900');
INSERT INTO `entry`(`entryid`,`type`) VALUES('1105901','b');
INSERT INTO `book`(`title`,`entryid`,`isbn`) VALUES('Fan in the unreasoned Diving','1105901','9864577371931');
INSERT INTO `genre_book`(`genre`, `entryid`) VALUES ('Education','1105901');
INSERT INTO `author_book`(`author`, `entryid`) VALUES ('Fatimah Glodich','1105901');
INSERT INTO `publisher_book`(`publisher`, `entryid`) VALUES ('Loscalzo Publishers.','1105901');
INSERT INTO `entry`(`entryid`,`type`) VALUES('1105902','b');
INSERT INTO `book`(`title`,`entryid`,`isbn`) VALUES('Drake to the Actress','1105902','0859157551615');
INSERT INTO `genre_book`(`genre`, `entryid`) VALUES ('Romance','1105902');
INSERT INTO `author_book`(`author`, `entryid`) VALUES ('Jerilyn Reinbold','1105902');
INSERT INTO `publisher_book`(`publisher`, `entryid`) VALUES ('Mignogna Publishers.','1105902');
INSERT INTO `entry`(`entryid`,`type`) VALUES('1105903','b');
INSERT INTO `book`(`title`,`entryid`,`isbn`) VALUES('Shovel by the Hardcover','1105903','9709951457888');
INSERT INTO `genre_book`(`genre`, `entryid`) VALUES ('Science','1105903');
INSERT INTO `author_book`(`author`, `entryid`) VALUES ('Charity Rathke','1105903');
INSERT INTO `publisher_book`(`publisher`, `entryid`) VALUES ('Bauchspies Publishers.','1105903');
INSERT INTO `entry`(`entryid`,`type`) VALUES('1105904','b');
INSERT INTO `book`(`title`,`entryid`,`isbn`) VALUES('Order with long-winded Velvet','1105904','9205655543647');
INSERT INTO `genre_book`(`genre`, `entryid`) VALUES ('Adventure','1105904');
INSERT INTO `author_book`(`author`, `entryid`) VALUES ('Aleen Stroth','1105904');
INSERT INTO `publisher_book`(`publisher`, `entryid`) VALUES ('Casaliggi Inc.','1105904');
INSERT INTO `entry`(`entryid`,`type`) VALUES('1105905','b');
INSERT INTO `book`(`title`,`entryid`,`isbn`) VALUES('Maple against the Jaw','1105905','0419970318871');
INSERT INTO `genre_book`(`genre`, `entryid`) VALUES ('Adventure','1105905');
INSERT INTO `author_book`(`author`, `entryid`) VALUES ('Nguyet Vallely','1105905');
INSERT INTO `publisher_book`(`publisher`, `entryid`) VALUES ('Rinebold Cooperations.','1105905');
INSERT INTO `entry`(`entryid`,`type`) VALUES('1105906','b');
INSERT INTO `book`(`title`,`entryid`,`isbn`) VALUES('Cabbage of Panty','1105906','9831881833207');
INSERT INTO `genre_book`(`genre`, `entryid`) VALUES ('Thriller','1105906');
INSERT INTO `author_book`(`author`, `entryid`) VALUES ('Lesli Manoso','1105906');
INSERT INTO `publisher_book`(`publisher`, `entryid`) VALUES ('Rinebold Cooperations.','1105906');
INSERT INTO `entry`(`entryid`,`type`) VALUES('1105907','b');
INSERT INTO `book`(`title`,`entryid`,`isbn`) VALUES('Cave with Sailor','1105907','0469705718955');
INSERT INTO `genre_book`(`genre`, `entryid`) VALUES ('Science','1105907');
INSERT INTO `author_book`(`author`, `entryid`) VALUES ('Mirna Kaveney','1105907');
INSERT INTO `publisher_book`(`publisher`, `entryid`) VALUES ('Baldacchino Publishers.','1105907');
INSERT INTO `entry`(`entryid`,`type`) VALUES('1105908','b');
INSERT INTO `book`(`title`,`entryid`,`isbn`) VALUES('Angle because of ataractic Crowd','1105908','9806797906842');
INSERT INTO `genre_book`(`genre`, `entryid`) VALUES ('Romance','1105908');
INSERT INTO `author_book`(`author`, `entryid`) VALUES ('Emma Mckittrick','1105908');
INSERT INTO `publisher_book`(`publisher`, `entryid`) VALUES ('Mignogna Publishers.','1105908');
INSERT INTO `entry`(`entryid`,`type`) VALUES('1105909','b');
INSERT INTO `book`(`title`,`entryid`,`isbn`) VALUES('Gallon with strangest Blanket','1105909','0659477411090');
INSERT INTO `genre_book`(`genre`, `entryid`) VALUES ('Thriller','1105909');
INSERT INTO `author_book`(`author`, `entryid`) VALUES ('Perry Samec','1105909');
INSERT INTO `publisher_book`(`publisher`, `entryid`) VALUES ('Schenk Inc.','1105909');
INSERT INTO `entry`(`entryid`,`type`) VALUES('1105910','b');
INSERT INTO `book`(`title`,`entryid`,`isbn`) VALUES('Advantage with suicidal Bed','1105910','9995017913439');
INSERT INTO `genre_book`(`genre`, `entryid`) VALUES ('Horror','1105910');
INSERT INTO `author_book`(`author`, `entryid`) VALUES ('Denny Lehmberg','1105910');
INSERT INTO `publisher_book`(`publisher`, `entryid`) VALUES ('Urbina Publishers.','1105910');
INSERT INTO `entry`(`entryid`,`type`) VALUES('1105911','b');
INSERT INTO `book`(`title`,`entryid`,`isbn`) VALUES('Vault for revisional Step-aunt','1105911','0018173955675');
INSERT INTO `genre_book`(`genre`, `entryid`) VALUES ('Thriller','1105911');
INSERT INTO `author_book`(`author`, `entryid`) VALUES ('Takako Vesely','1105911');
INSERT INTO `publisher_book`(`publisher`, `entryid`) VALUES ('Weimer Inc.','1105911');
INSERT INTO `entry`(`entryid`,`type`) VALUES('1105912','b');
INSERT INTO `book`(`title`,`entryid`,`isbn`) VALUES('Grouse against Maple','1105912','9707132863045');
INSERT INTO `genre_book`(`genre`, `entryid`) VALUES ('Thriller','1105912');
INSERT INTO `author_book`(`author`, `entryid`) VALUES ('Angelo Watkin','1105912');
INSERT INTO `publisher_book`(`publisher`, `entryid`) VALUES ('Agosta Cooperations.','1105912');
INSERT INTO `entry`(`entryid`,`type`) VALUES('1105913','b');
INSERT INTO `book`(`title`,`entryid`,`isbn`) VALUES('Stranger in Teacher','1105913','0572285398563');
INSERT INTO `genre_book`(`genre`, `entryid`) VALUES ('Adventure','1105913');
INSERT INTO `author_book`(`author`, `entryid`) VALUES ('Vertie Rohland','1105913');
INSERT INTO `publisher_book`(`publisher`, `entryid`) VALUES ('Sibley Inc.','1105913');
INSERT INTO `entry`(`entryid`,`type`) VALUES('1105914','b');
INSERT INTO `book`(`title`,`entryid`,`isbn`) VALUES('Skill for colonnaded North korea','1105914','9197274584876');
INSERT INTO `genre_book`(`genre`, `entryid`) VALUES ('Science','1105914');
INSERT INTO `author_book`(`author`, `entryid`) VALUES ('Shani Pottier','1105914');
INSERT INTO `publisher_book`(`publisher`, `entryid`) VALUES ('Bassil Inc.','1105914');
INSERT INTO `entry`(`entryid`,`type`) VALUES('1105915','b');
INSERT INTO `book`(`title`,`entryid`,`isbn`) VALUES('Chin against Nurse','1105915','0272274833250');
INSERT INTO `genre_book`(`genre`, `entryid`) VALUES ('Sci-Fi','1105915');
INSERT INTO `author_book`(`author`, `entryid`) VALUES ('Lakenya Langlinais','1105915');
INSERT INTO `publisher_book`(`publisher`, `entryid`) VALUES ('Hobin Cooperations.','1105915');
INSERT INTO `entry`(`entryid`,`type`) VALUES('1105916','b');
INSERT INTO `book`(`title`,`entryid`,`isbn`) VALUES('Encyclopedia of the incomputable Heart','1105916','9052543864290');
INSERT INTO `genre_book`(`genre`, `entryid`) VALUES ('Sci-Fi','1105916');
INSERT INTO `author_book`(`author`, `entryid`) VALUES ('Marvel Moya','1105916');
INSERT INTO `publisher_book`(`publisher`, `entryid`) VALUES ('Mancia Publishers.','1105916');
INSERT INTO `entry`(`entryid`,`type`) VALUES('1105917','b');
INSERT INTO `book`(`title`,`entryid`,`isbn`) VALUES('Niece and the Flavor','1105917','0318606280709');
INSERT INTO `genre_book`(`genre`, `entryid`) VALUES ('Adventure','1105917');
INSERT INTO `author_book`(`author`, `entryid`) VALUES ('Kerry Gins','1105917');
INSERT INTO `publisher_book`(`publisher`, `entryid`) VALUES ('Ziedan Inc.','1105917');
INSERT INTO `entry`(`entryid`,`type`) VALUES('1105918','b');
INSERT INTO `book`(`title`,`entryid`,`isbn`) VALUES('Surprise with Rowboat','1105918','0359522116039');
INSERT INTO `genre_book`(`genre`, `entryid`) VALUES ('Sci-Fi','1105918');
INSERT INTO `author_book`(`author`, `entryid`) VALUES ('Kym Moniak','1105918');
INSERT INTO `publisher_book`(`publisher`, `entryid`) VALUES ('Gittere Publishers.','1105918');
INSERT INTO `entry`(`entryid`,`type`) VALUES('1105919','b');
INSERT INTO `book`(`title`,`entryid`,`isbn`) VALUES('Satin against the Agenda','1105919','9657033440917');
INSERT INTO `genre_book`(`genre`, `entryid`) VALUES ('Sci-Fi','1105919');
INSERT INTO `author_book`(`author`, `entryid`) VALUES ('Kathern Weis','1105919');
INSERT INTO `publisher_book`(`publisher`, `entryid`) VALUES ('Anakalea Inc.','1105919');
INSERT INTO `entry`(`entryid`,`type`) VALUES('1105920','b');
INSERT INTO `book`(`title`,`entryid`,`isbn`) VALUES('Singer to the oxalic Gum','1105920','0142853209229');
INSERT INTO `genre_book`(`genre`, `entryid`) VALUES ('Thriller','1105920');
INSERT INTO `author_book`(`author`, `entryid`) VALUES ('Arminda Ermogemous','1105920');
INSERT INTO `publisher_book`(`publisher`, `entryid`) VALUES ('Anakalea Inc.','1105920');
INSERT INTO `entry`(`entryid`,`type`) VALUES('1105921','b');
INSERT INTO `book`(`title`,`entryid`,`isbn`) VALUES('Weasel for the coraciiform Emery','1105921','0716574289717');
INSERT INTO `genre_book`(`genre`, `entryid`) VALUES ('Thriller','1105921');
INSERT INTO `author_book`(`author`, `entryid`) VALUES ('Bette Tuell','1105921');
INSERT INTO `publisher_book`(`publisher`, `entryid`) VALUES ('Lampinen Publishers.','1105921');
INSERT INTO `entry`(`entryid`,`type`) VALUES('1105922','b');
INSERT INTO `book`(`title`,`entryid`,`isbn`) VALUES('Aluminium against the sciuroid Scorpio','1105922','9219964307896');
INSERT INTO `genre_book`(`genre`, `entryid`) VALUES ('Adventure','1105922');
INSERT INTO `author_book`(`author`, `entryid`) VALUES ('Ronna Warrix','1105922');
INSERT INTO `publisher_book`(`publisher`, `entryid`) VALUES ('Crosthwaite Publishers.','1105922');
INSERT INTO `entry`(`entryid`,`type`) VALUES('1105923','b');
INSERT INTO `book`(`title`,`entryid`,`isbn`) VALUES('Hen by ascensive Clam','1105923','9504441507698');
INSERT INTO `genre_book`(`genre`, `entryid`) VALUES ('Science','1105923');
INSERT INTO `author_book`(`author`, `entryid`) VALUES ('Ria Syler','1105923');
INSERT INTO `publisher_book`(`publisher`, `entryid`) VALUES ('Dular Publishers.','1105923');
INSERT INTO `entry`(`entryid`,`type`) VALUES('1105924','b');
INSERT INTO `book`(`title`,`entryid`,`isbn`) VALUES('Step-aunt by Married','1105924','9024972642146');
INSERT INTO `genre_book`(`genre`, `entryid`) VALUES ('Education','1105924');
INSERT INTO `author_book`(`author`, `entryid`) VALUES ('Kimberlie Witschi','1105924');
INSERT INTO `publisher_book`(`publisher`, `entryid`) VALUES ('Agosta Cooperations.','1105924');
INSERT INTO `entry`(`entryid`,`type`) VALUES('1105925','b');
INSERT INTO `book`(`title`,`entryid`,`isbn`) VALUES('Representative by the governessy Step-daughter','1105925','9399305731900');
INSERT INTO `genre_book`(`genre`, `entryid`) VALUES ('Education','1105925');
INSERT INTO `author`(`name`,`birthyear`,`deathyear`) VALUES('Bessie Huddle','1964','2063');
INSERT INTO `author_book`(`author`, `entryid`) VALUES ('Bessie Huddle','1105925');
INSERT INTO `publisher_book`(`publisher`, `entryid`) VALUES ('Zerangue Cooperations.','1105925');
INSERT INTO `entry`(`entryid`,`type`) VALUES('1105926','b');
INSERT INTO `book`(`title`,`entryid`,`isbn`) VALUES('Gearshift against Stick','1105926','0837902805029');
INSERT INTO `genre_book`(`genre`, `entryid`) VALUES ('Education','1105926');
INSERT INTO `author_book`(`author`, `entryid`) VALUES ('Andera Broderson','1105926');
INSERT INTO `publisher_book`(`publisher`, `entryid`) VALUES ('Wriedt Publishers.','1105926');
INSERT INTO `entry`(`entryid`,`type`) VALUES('1105927','b');
INSERT INTO `book`(`title`,`entryid`,`isbn`) VALUES('Vulture and the Adam Advantage','1105927','9394932671163');
INSERT INTO `genre_book`(`genre`, `entryid`) VALUES ('Education','1105927');
INSERT INTO `author_book`(`author`, `entryid`) VALUES ('Stefany Marthe','1105927');
INSERT INTO `publisher_book`(`publisher`, `entryid`) VALUES ('Bassil Inc.','1105927');
INSERT INTO `entry`(`entryid`,`type`) VALUES('1105928','b');
INSERT INTO `book`(`title`,`entryid`,`isbn`) VALUES('Boat by the Hardhat','1105928','0942104174571');
INSERT INTO `genre_book`(`genre`, `entryid`) VALUES ('Sci-Fi','1105928');
INSERT INTO `author_book`(`author`, `entryid`) VALUES ('Ozie Fredicks','1105928');
INSERT INTO `publisher_book`(`publisher`, `entryid`) VALUES ('Mingle Publishers.','1105928');
INSERT INTO `entry`(`entryid`,`type`) VALUES('1105929','b');
INSERT INTO `book`(`title`,`entryid`,`isbn`) VALUES('Shirt by Philosophy','1105929','9381979626046');
INSERT INTO `genre_book`(`genre`, `entryid`) VALUES ('Thriller','1105929');
INSERT INTO `author_book`(`author`, `entryid`) VALUES ('Trang Barns','1105929');
INSERT INTO `publisher_book`(`publisher`, `entryid`) VALUES ('Zotos Publishers.','1105929');
INSERT INTO `entry`(`entryid`,`type`) VALUES('1105930','b');
INSERT INTO `book`(`title`,`entryid`,`isbn`) VALUES('Pail with uxorilocal Lunge','1105930','9207693450648');
INSERT INTO `genre_book`(`genre`, `entryid`) VALUES ('Sci-Fi','1105930');
INSERT INTO `author_book`(`author`, `entryid`) VALUES ('Rickie Panter','1105930');
INSERT INTO `publisher_book`(`publisher`, `entryid`) VALUES ('Frieze Publishers.','1105930');
INSERT INTO `entry`(`entryid`,`type`) VALUES('1105931','b');
INSERT INTO `book`(`title`,`entryid`,`isbn`) VALUES('Zone for Cover','1105931','9347972923712');
INSERT INTO `genre_book`(`genre`, `entryid`) VALUES ('Horror','1105931');
INSERT INTO `author_book`(`author`, `entryid`) VALUES ('Kitty Parnes','1105931');
INSERT INTO `publisher_book`(`publisher`, `entryid`) VALUES ('Shinnick Inc.','1105931');
INSERT INTO `entry`(`entryid`,`type`) VALUES('1105932','b');
INSERT INTO `book`(`title`,`entryid`,`isbn`) VALUES('Hourglass to Puffin','1105932','0679367472627');
INSERT INTO `genre_book`(`genre`, `entryid`) VALUES ('Adventure','1105932');
INSERT INTO `author_book`(`author`, `entryid`) VALUES ('Cyndi Bhatt','1105932');
INSERT INTO `publisher_book`(`publisher`, `entryid`) VALUES ('Dewing Cooperations.','1105932');
INSERT INTO `entry`(`entryid`,`type`) VALUES('1105933','b');
INSERT INTO `book`(`title`,`entryid`,`isbn`) VALUES('Reduction of the pancratic Anthropology','1105933','0377256751858');
INSERT INTO `genre_book`(`genre`, `entryid`) VALUES ('Science','1105933');
INSERT INTO `author_book`(`author`, `entryid`) VALUES ('Sharolyn Chapman','1105933');
INSERT INTO `publisher_book`(`publisher`, `entryid`) VALUES ('Coad Cooperations.','1105933');
INSERT INTO `entry`(`entryid`,`type`) VALUES('1105934','b');
INSERT INTO `book`(`title`,`entryid`,`isbn`) VALUES('Chive with Sweatshirt','1105934','9521486210028');
INSERT INTO `genre_book`(`genre`, `entryid`) VALUES ('Science','1105934');
INSERT INTO `author_book`(`author`, `entryid`) VALUES ('Vaughn Michalski','1105934');
INSERT INTO `publisher_book`(`publisher`, `entryid`) VALUES ('Dewing Cooperations.','1105934');
INSERT INTO `entry`(`entryid`,`type`) VALUES('1105935','b');
INSERT INTO `book`(`title`,`entryid`,`isbn`) VALUES('Bomb with the Icicle','1105935','9921956126712');
INSERT INTO `genre_book`(`genre`, `entryid`) VALUES ('Thriller','1105935');
INSERT INTO `author_book`(`author`, `entryid`) VALUES ('Gerri Hatlee','1105935');
INSERT INTO `publisher_book`(`publisher`, `entryid`) VALUES ('Mclamb Cooperations.','1105935');
INSERT INTO `entry`(`entryid`,`type`) VALUES('1105936','b');
INSERT INTO `book`(`title`,`entryid`,`isbn`) VALUES('Effect with the Finger','1105936','0078946571436');
INSERT INTO `genre_book`(`genre`, `entryid`) VALUES ('Romance','1105936');
INSERT INTO `author_book`(`author`, `entryid`) VALUES ('Summer Heiermann','1105936');
INSERT INTO `publisher_book`(`publisher`, `entryid`) VALUES ('Dominique Publishers.','1105936');
INSERT INTO `entry`(`entryid`,`type`) VALUES('1105937','b');
INSERT INTO `book`(`title`,`entryid`,`isbn`) VALUES('Close by the shoddy Trick','1105937','0739699178251');
INSERT INTO `genre_book`(`genre`, `entryid`) VALUES ('Sci-Fi','1105937');
INSERT INTO `author_book`(`author`, `entryid`) VALUES ('Kelley Benjamin','1105937');
INSERT INTO `publisher_book`(`publisher`, `entryid`) VALUES ('Crosthwaite Publishers.','1105937');
INSERT INTO `entry`(`entryid`,`type`) VALUES('1105938','b');
INSERT INTO `book`(`title`,`entryid`,`isbn`) VALUES('Patient because of frockless Cut','1105938','9905200002162');
INSERT INTO `genre_book`(`genre`, `entryid`) VALUES ('Science','1105938');
INSERT INTO `author_book`(`author`, `entryid`) VALUES ('Nicole Chipp','1105938');
INSERT INTO `publisher_book`(`publisher`, `entryid`) VALUES ('Kaliher Cooperations.','1105938');
INSERT INTO `entry`(`entryid`,`type`) VALUES('1105939','b');
INSERT INTO `book`(`title`,`entryid`,`isbn`) VALUES('Cymbal with Slice','1105939','0756921421248');
INSERT INTO `genre_book`(`genre`, `entryid`) VALUES ('Adventure','1105939');
INSERT INTO `author_book`(`author`, `entryid`) VALUES ('Bella Bevels','1105939');
INSERT INTO `publisher_book`(`publisher`, `entryid`) VALUES ('Moors Publishers.','1105939');
INSERT INTO `entry`(`entryid`,`type`) VALUES('1105940','b');
INSERT INTO `book`(`title`,`entryid`,`isbn`) VALUES('Cocoa and unearned Leopard','1105940','9205916411273');
INSERT INTO `genre_book`(`genre`, `entryid`) VALUES ('Thriller','1105940');
INSERT INTO `author_book`(`author`, `entryid`) VALUES ('Estefana Virgel','1105940');
INSERT INTO `publisher_book`(`publisher`, `entryid`) VALUES ('Zerangue Cooperations.','1105940');
INSERT INTO `entry`(`entryid`,`type`) VALUES('1105941','b');
INSERT INTO `book`(`title`,`entryid`,`isbn`) VALUES('Bean against Purchase','1105941','9802624056177');
INSERT INTO `genre_book`(`genre`, `entryid`) VALUES ('Science','1105941');
INSERT INTO `author_book`(`author`, `entryid`) VALUES ('Vaughn Michalski','1105941');
INSERT INTO `publisher_book`(`publisher`, `entryid`) VALUES ('Herl Publishers.','1105941');
INSERT INTO `entry`(`entryid`,`type`) VALUES('1105942','b');
INSERT INTO `book`(`title`,`entryid`,`isbn`) VALUES('Lisa and Certification','1105942','9304417580763');
INSERT INTO `genre_book`(`genre`, `entryid`) VALUES ('Education','1105942');
INSERT INTO `author_book`(`author`, `entryid`) VALUES ('Boyce Krotzer','1105942');
INSERT INTO `publisher_book`(`publisher`, `entryid`) VALUES ('Tubman Inc.','1105942');
INSERT INTO `entry`(`entryid`,`type`) VALUES('1105943','b');
INSERT INTO `book`(`title`,`entryid`,`isbn`) VALUES('Bronze of Hand','1105943','0964483224431');
INSERT INTO `genre_book`(`genre`, `entryid`) VALUES ('Horror','1105943');
INSERT INTO `author`(`name`,`birthyear`,`deathyear`) VALUES('Janeen Cornell','1977','2037');
INSERT INTO `author_book`(`author`, `entryid`) VALUES ('Janeen Cornell','1105943');
INSERT INTO `publisher_book`(`publisher`, `entryid`) VALUES ('Bezzo Cooperations.','1105943');
INSERT INTO `entry`(`entryid`,`type`) VALUES('1105944','b');
INSERT INTO `book`(`title`,`entryid`,`isbn`) VALUES('Helicopter because of auld Typhoon','1105944','9565461543021');
INSERT INTO `genre_book`(`genre`, `entryid`) VALUES ('Sci-Fi','1105944');
INSERT INTO `author_book`(`author`, `entryid`) VALUES ('Julietta Bonnin','1105944');
INSERT INTO `publisher_book`(`publisher`, `entryid`) VALUES ('Casaliggi Inc.','1105944');
INSERT INTO `entry`(`entryid`,`type`) VALUES('1105945','b');
INSERT INTO `book`(`title`,`entryid`,`isbn`) VALUES('Abyssinian with the Slope','1105945','0409040909830');
INSERT INTO `genre_book`(`genre`, `entryid`) VALUES ('Adventure','1105945');
INSERT INTO `author_book`(`author`, `entryid`) VALUES ('Cyndi Bhatt','1105945');
INSERT INTO `publisher_book`(`publisher`, `entryid`) VALUES ('Fetrow Inc.','1105945');
INSERT INTO `entry`(`entryid`,`type`) VALUES('1105946','b');
INSERT INTO `book`(`title`,`entryid`,`isbn`) VALUES('Cicada for Pruner','1105946','9733338951548');
INSERT INTO `genre_book`(`genre`, `entryid`) VALUES ('Education','1105946');
INSERT INTO `author_book`(`author`, `entryid`) VALUES ('Reuben Criddle','1105946');
INSERT INTO `publisher_book`(`publisher`, `entryid`) VALUES ('Ronco Cooperations.','1105946');
INSERT INTO `entry`(`entryid`,`type`) VALUES('1105947','b');
INSERT INTO `book`(`title`,`entryid`,`isbn`) VALUES('Jacket against the swankiest Father','1105947','0124356388443');
INSERT INTO `genre_book`(`genre`, `entryid`) VALUES ('Adventure','1105947');
INSERT INTO `author_book`(`author`, `entryid`) VALUES ('Reuben Criddle','1105947');
INSERT INTO `publisher_book`(`publisher`, `entryid`) VALUES ('Asmus Cooperations.','1105947');
INSERT INTO `entry`(`entryid`,`type`) VALUES('1105948','b');
INSERT INTO `book`(`title`,`entryid`,`isbn`) VALUES('Buzzard and the Kite','1105948','9807265396190');
INSERT INTO `genre_book`(`genre`, `entryid`) VALUES ('Education','1105948');
INSERT INTO `author_book`(`author`, `entryid`) VALUES ('Kitty Parnes','1105948');
INSERT INTO `publisher_book`(`publisher`, `entryid`) VALUES ('Funari Publishers.','1105948');
INSERT INTO `entry`(`entryid`,`type`) VALUES('1105949','b');
INSERT INTO `book`(`title`,`entryid`,`isbn`) VALUES('Mistake against Era','1105949','9681977339655');
INSERT INTO `genre_book`(`genre`, `entryid`) VALUES ('Adventure','1105949');
INSERT INTO `author_book`(`author`, `entryid`) VALUES ('Alisha Schwabenbauer','1105949');
INSERT INTO `publisher_book`(`publisher`, `entryid`) VALUES ('Zotos Publishers.','1105949');
INSERT INTO `entry`(`entryid`,`type`) VALUES('1105950','b');
INSERT INTO `book`(`title`,`entryid`,`isbn`) VALUES('Bronze for Exhaust','1105950','9548933411269');
INSERT INTO `genre_book`(`genre`, `entryid`) VALUES ('Sci-Fi','1105950');
INSERT INTO `author_book`(`author`, `entryid`) VALUES ('Fabiola Tumbleston','1105950');
INSERT INTO `publisher_book`(`publisher`, `entryid`) VALUES ('Martinell Cooperations.','1105950');
INSERT INTO `entry`(`entryid`,`type`) VALUES('1105951','b');
INSERT INTO `book`(`title`,`entryid`,`isbn`) VALUES('Makeup and obscure United kingdom','1105951','9645439693860');
INSERT INTO `genre_book`(`genre`, `entryid`) VALUES ('Adventure','1105951');
INSERT INTO `author_book`(`author`, `entryid`) VALUES ('Takako Vesely','1105951');
INSERT INTO `publisher_book`(`publisher`, `entryid`) VALUES ('Sago Publishers.','1105951');
INSERT INTO `entry`(`entryid`,`type`) VALUES('1105952','b');
INSERT INTO `book`(`title`,`entryid`,`isbn`) VALUES('Front because of osiered Cinema','1105952','0885000212942');
INSERT INTO `genre_book`(`genre`, `entryid`) VALUES ('Science','1105952');
INSERT INTO `author_book`(`author`, `entryid`) VALUES ('Drew Shely','1105952');
INSERT INTO `publisher_book`(`publisher`, `entryid`) VALUES ('Gorgone Inc.','1105952');
INSERT INTO `entry`(`entryid`,`type`) VALUES('1105953','b');
INSERT INTO `book`(`title`,`entryid`,`isbn`) VALUES('Sing in sailing Garlic','1105953','0940656876684');
INSERT INTO `genre_book`(`genre`, `entryid`) VALUES ('Romance','1105953');
INSERT INTO `author_book`(`author`, `entryid`) VALUES ('Thelma Munding','1105953');
INSERT INTO `publisher_book`(`publisher`, `entryid`) VALUES ('Oakeson Cooperations.','1105953');
INSERT INTO `entry`(`entryid`,`type`) VALUES('1105954','b');
INSERT INTO `book`(`title`,`entryid`,`isbn`) VALUES('Cobweb and Continent','1105954','0092641103813');
INSERT INTO `genre_book`(`genre`, `entryid`) VALUES ('Horror','1105954');
INSERT INTO `author_book`(`author`, `entryid`) VALUES ('Garfield Rigatti','1105954');
INSERT INTO `publisher_book`(`publisher`, `entryid`) VALUES ('Hansteen Publishers.','1105954');
INSERT INTO `entry`(`entryid`,`type`) VALUES('1105955','b');
INSERT INTO `book`(`title`,`entryid`,`isbn`) VALUES('Gram by Turkey','1105955','0926499531053');
INSERT INTO `genre_book`(`genre`, `entryid`) VALUES ('Education','1105955');
INSERT INTO `author_book`(`author`, `entryid`) VALUES ('Nicholas Blundo','1105955');
INSERT INTO `publisher_book`(`publisher`, `entryid`) VALUES ('Herl Publishers.','1105955');
INSERT INTO `entry`(`entryid`,`type`) VALUES('1105956','b');
INSERT INTO `book`(`title`,`entryid`,`isbn`) VALUES('Luttuce with the Use','1105956','9066839496997');
INSERT INTO `genre_book`(`genre`, `entryid`) VALUES ('Education','1105956');
INSERT INTO `author_book`(`author`, `entryid`) VALUES ('Rachele Gilarski','1105956');
INSERT INTO `publisher_book`(`publisher`, `entryid`) VALUES ('Gittere Publishers.','1105956');
INSERT INTO `entry`(`entryid`,`type`) VALUES('1105957','b');
INSERT INTO `book`(`title`,`entryid`,`isbn`) VALUES('Meter to the Rabbit','1105957','0750343030628');
INSERT INTO `genre_book`(`genre`, `entryid`) VALUES ('Education','1105957');
INSERT INTO `author_book`(`author`, `entryid`) VALUES ('Minnie Reischl','1105957');
INSERT INTO `publisher_book`(`publisher`, `entryid`) VALUES ('Moors Publishers.','1105957');
INSERT INTO `entry`(`entryid`,`type`) VALUES('1105958','b');
INSERT INTO `book`(`title`,`entryid`,`isbn`) VALUES('Battle with the Star','1105958','0098897752488');
INSERT INTO `genre_book`(`genre`, `entryid`) VALUES ('Adventure','1105958');
INSERT INTO `author_book`(`author`, `entryid`) VALUES ('Samatha Leiba','1105958');
INSERT INTO `publisher_book`(`publisher`, `entryid`) VALUES ('Deramus Publishers.','1105958');
INSERT INTO `entry`(`entryid`,`type`) VALUES('1105959','b');
INSERT INTO `book`(`title`,`entryid`,`isbn`) VALUES('Bill of the Crack','1105959','9897183716939');
INSERT INTO `genre_book`(`genre`, `entryid`) VALUES ('Romance','1105959');
INSERT INTO `author_book`(`author`, `entryid`) VALUES ('Renna Leis','1105959');
INSERT INTO `publisher_book`(`publisher`, `entryid`) VALUES ('Zerangue Cooperations.','1105959');
INSERT INTO `entry`(`entryid`,`type`) VALUES('1105960','b');
INSERT INTO `book`(`title`,`entryid`,`isbn`) VALUES('Risk to Neon','1105960','0667279422417');
INSERT INTO `genre_book`(`genre`, `entryid`) VALUES ('Adventure','1105960');
INSERT INTO `author_book`(`author`, `entryid`) VALUES ('Santos Burgeson','1105960');
INSERT INTO `publisher_book`(`publisher`, `entryid`) VALUES ('Crosthwaite Publishers.','1105960');
INSERT INTO `entry`(`entryid`,`type`) VALUES('1105961','b');
INSERT INTO `book`(`title`,`entryid`,`isbn`) VALUES('Dish against Bankbook','1105961','9397823734183');
INSERT INTO `genre_book`(`genre`, `entryid`) VALUES ('Adventure','1105961');
INSERT INTO `author_book`(`author`, `entryid`) VALUES ('Donita Meldrum','1105961');
INSERT INTO `publisher_book`(`publisher`, `entryid`) VALUES ('Oakeson Cooperations.','1105961');
INSERT INTO `entry`(`entryid`,`type`) VALUES('1105962','b');
INSERT INTO `book`(`title`,`entryid`,`isbn`) VALUES('Ground for filagree Richard','1105962','0715284545511');
INSERT INTO `genre_book`(`genre`, `entryid`) VALUES ('Horror','1105962');
INSERT INTO `author_book`(`author`, `entryid`) VALUES ('Nicole Chipp','1105962');
INSERT INTO `publisher_book`(`publisher`, `entryid`) VALUES ('Kaliher Cooperations.','1105962');
INSERT INTO `entry`(`entryid`,`type`) VALUES('1105963','b');
INSERT INTO `book`(`title`,`entryid`,`isbn`) VALUES('February and Schedule','1105963','9445977393420');
INSERT INTO `genre_book`(`genre`, `entryid`) VALUES ('Horror','1105963');
INSERT INTO `author`(`name`,`birthyear`,`deathyear`) VALUES('Deja Dewey','1897','1972');
INSERT INTO `author_book`(`author`, `entryid`) VALUES ('Deja Dewey','1105963');
INSERT INTO `publisher_book`(`publisher`, `entryid`) VALUES ('Woollard Cooperations.','1105963');
INSERT INTO `entry`(`entryid`,`type`) VALUES('1105964','b');
INSERT INTO `book`(`title`,`entryid`,`isbn`) VALUES('Algeria vs. lead-free Chard','1105964','9002044705980');
INSERT INTO `genre_book`(`genre`, `entryid`) VALUES ('Sci-Fi','1105964');
INSERT INTO `author_book`(`author`, `entryid`) VALUES ('Monty Aspinall','1105964');
INSERT INTO `publisher_book`(`publisher`, `entryid`) VALUES ('Bezzo Cooperations.','1105964');
INSERT INTO `entry`(`entryid`,`type`) VALUES('1105965','b');
INSERT INTO `book`(`title`,`entryid`,`isbn`) VALUES('Beat of the pictural Damage','1105965','0964116703235');
INSERT INTO `genre_book`(`genre`, `entryid`) VALUES ('Sci-Fi','1105965');
INSERT INTO `author_book`(`author`, `entryid`) VALUES ('Ashlea Longiotti','1105965');
INSERT INTO `publisher_book`(`publisher`, `entryid`) VALUES ('Mingle Publishers.','1105965');
INSERT INTO `entry`(`entryid`,`type`) VALUES('1105966','b');
INSERT INTO `book`(`title`,`entryid`,`isbn`) VALUES('Heart with the Carp','1105966','9187614260148');
INSERT INTO `genre_book`(`genre`, `entryid`) VALUES ('Sci-Fi','1105966');
INSERT INTO `author_book`(`author`, `entryid`) VALUES ('Naida Lipman','1105966');
INSERT INTO `publisher_book`(`publisher`, `entryid`) VALUES ('Urbina Publishers.','1105966');
INSERT INTO `entry`(`entryid`,`type`) VALUES('1105967','b');
INSERT INTO `book`(`title`,`entryid`,`isbn`) VALUES('Fine by unchastened Yoke','1105967','0319457349180');
INSERT INTO `genre_book`(`genre`, `entryid`) VALUES ('Horror','1105967');
INSERT INTO `author_book`(`author`, `entryid`) VALUES ('Nicholas Blundo','1105967');
INSERT INTO `publisher_book`(`publisher`, `entryid`) VALUES ('Dusatko Inc.','1105967');
INSERT INTO `entry`(`entryid`,`type`) VALUES('1105968','b');
INSERT INTO `book`(`title`,`entryid`,`isbn`) VALUES('Army and Desk','1105968','0323283396597');
INSERT INTO `genre_book`(`genre`, `entryid`) VALUES ('Thriller','1105968');
INSERT INTO `author`(`name`,`birthyear`,`deathyear`) VALUES('Nikole Garrido','1965','2022');
INSERT INTO `author_book`(`author`, `entryid`) VALUES ('Nikole Garrido','1105968');
INSERT INTO `publisher_book`(`publisher`, `entryid`) VALUES ('Jessel Cooperations.','1105968');
INSERT INTO `entry`(`entryid`,`type`) VALUES('1105969','b');
INSERT INTO `book`(`title`,`entryid`,`isbn`) VALUES('Lathe by caecal Pest','1105969','9705778914521');
INSERT INTO `genre_book`(`genre`, `entryid`) VALUES ('Adventure','1105969');
INSERT INTO `author_book`(`author`, `entryid`) VALUES ('Emilia Taghon','1105969');
INSERT INTO `publisher_book`(`publisher`, `entryid`) VALUES ('Tubman Inc.','1105969');
INSERT INTO `entry`(`entryid`,`type`) VALUES('1105970','b');
INSERT INTO `book`(`title`,`entryid`,`isbn`) VALUES('Icon to the peaked Afterthought','1105970','0153580285817');
INSERT INTO `genre_book`(`genre`, `entryid`) VALUES ('Romance','1105970');
INSERT INTO `author_book`(`author`, `entryid`) VALUES ('Jann Pomares','1105970');
INSERT INTO `publisher_book`(`publisher`, `entryid`) VALUES ('Treinen Publishers.','1105970');
INSERT INTO `entry`(`entryid`,`type`) VALUES('1105971','b');
INSERT INTO `book`(`title`,`entryid`,`isbn`) VALUES('Policeman to Regret','1105971','9100099814669');
INSERT INTO `genre_book`(`genre`, `entryid`) VALUES ('Sci-Fi','1105971');
INSERT INTO `author_book`(`author`, `entryid`) VALUES ('Penney Hymel','1105971');
INSERT INTO `publisher_book`(`publisher`, `entryid`) VALUES ('Drew Cooperations.','1105971');
INSERT INTO `entry`(`entryid`,`type`) VALUES('1105972','b');
INSERT INTO `book`(`title`,`entryid`,`isbn`) VALUES('Pound against the Language','1105972','9084943816127');
INSERT INTO `genre_book`(`genre`, `entryid`) VALUES ('Science','1105972');
INSERT INTO `author_book`(`author`, `entryid`) VALUES ('Creola Selvage','1105972');
INSERT INTO `publisher_book`(`publisher`, `entryid`) VALUES ('Asmus Cooperations.','1105972');
INSERT INTO `entry`(`entryid`,`type`) VALUES('1105973','b');
INSERT INTO `book`(`title`,`entryid`,`isbn`) VALUES('Sneeze and commonsensical Bath','1105973','0604847807880');
INSERT INTO `genre_book`(`genre`, `entryid`) VALUES ('Horror','1105973');
INSERT INTO `author_book`(`author`, `entryid`) VALUES ('Raina Villamayor','1105973');
INSERT INTO `publisher_book`(`publisher`, `entryid`) VALUES ('Anakalea Inc.','1105973');
INSERT INTO `entry`(`entryid`,`type`) VALUES('1105974','b');
INSERT INTO `book`(`title`,`entryid`,`isbn`) VALUES('Relation in Dinner','1105974','0232364632231');
INSERT INTO `genre_book`(`genre`, `entryid`) VALUES ('Education','1105974');
INSERT INTO `author_book`(`author`, `entryid`) VALUES ('Ria Syler','1105974');
INSERT INTO `publisher_book`(`publisher`, `entryid`) VALUES ('Bierley Cooperations.','1105974');
INSERT INTO `entry`(`entryid`,`type`) VALUES('1105975','b');
INSERT INTO `book`(`title`,`entryid`,`isbn`) VALUES('Visitor for mononuclear Week','1105975','0548885382775');
INSERT INTO `genre_book`(`genre`, `entryid`) VALUES ('Thriller','1105975');
INSERT INTO `author_book`(`author`, `entryid`) VALUES ('Lanora Mealing','1105975');
INSERT INTO `publisher_book`(`publisher`, `entryid`) VALUES ('Zotos Publishers.','1105975');
INSERT INTO `entry`(`entryid`,`type`) VALUES('1105976','b');
INSERT INTO `book`(`title`,`entryid`,`isbn`) VALUES('Rat against Crocus','1105976','0260908556015');
INSERT INTO `genre_book`(`genre`, `entryid`) VALUES ('Sci-Fi','1105976');
INSERT INTO `author_book`(`author`, `entryid`) VALUES ('Janise Pagaduan','1105976');
INSERT INTO `publisher_book`(`publisher`, `entryid`) VALUES ('Dusatko Inc.','1105976');
INSERT INTO `entry`(`entryid`,`type`) VALUES('1105977','b');
INSERT INTO `book`(`title`,`entryid`,`isbn`) VALUES('Latex for the Afterthought','1105977','9891960423767');
INSERT INTO `genre_book`(`genre`, `entryid`) VALUES ('Romance','1105977');
INSERT INTO `author_book`(`author`, `entryid`) VALUES ('Ashli Filsinger','1105977');
INSERT INTO `publisher_book`(`publisher`, `entryid`) VALUES ('Weimer Inc.','1105977');
INSERT INTO `entry`(`entryid`,`type`) VALUES('1105978','b');
INSERT INTO `book`(`title`,`entryid`,`isbn`) VALUES('Process of Fox','1105978','9446268785109');
INSERT INTO `genre_book`(`genre`, `entryid`) VALUES ('Adventure','1105978');
INSERT INTO `author_book`(`author`, `entryid`) VALUES ('Letitia Kahoohalphala','1105978');
INSERT INTO `publisher_book`(`publisher`, `entryid`) VALUES ('Seminole Inc.','1105978');
INSERT INTO `entry`(`entryid`,`type`) VALUES('1105979','b');
INSERT INTO `book`(`title`,`entryid`,`isbn`) VALUES('Anime vs. insouciant Trumpet','1105979','0018482000032');
INSERT INTO `genre_book`(`genre`, `entryid`) VALUES ('Horror','1105979');
INSERT INTO `author_book`(`author`, `entryid`) VALUES ('Marvel Moya','1105979');
INSERT INTO `publisher_book`(`publisher`, `entryid`) VALUES ('Agosta Cooperations.','1105979');
INSERT INTO `entry`(`entryid`,`type`) VALUES('1105980','b');
INSERT INTO `book`(`title`,`entryid`,`isbn`) VALUES('Quicksand against the Drive','1105980','0561107490877');
INSERT INTO `genre_book`(`genre`, `entryid`) VALUES ('Science','1105980');
INSERT INTO `author_book`(`author`, `entryid`) VALUES ('Jeramy Christopher','1105980');
INSERT INTO `publisher_book`(`publisher`, `entryid`) VALUES ('Beilinson Inc.','1105980');
INSERT INTO `entry`(`entryid`,`type`) VALUES('1105981','b');
INSERT INTO `book`(`title`,`entryid`,`isbn`) VALUES('Slip of blockaded Coffee','1105981','0855258216493');
INSERT INTO `genre_book`(`genre`, `entryid`) VALUES ('Science','1105981');
INSERT INTO `author_book`(`author`, `entryid`) VALUES ('Hedwig Vemura','1105981');
INSERT INTO `publisher_book`(`publisher`, `entryid`) VALUES ('Coad Cooperations.','1105981');
INSERT INTO `entry`(`entryid`,`type`) VALUES('1105982','b');
INSERT INTO `book`(`title`,`entryid`,`isbn`) VALUES('Slope and choke-full Rutabaga','1105982','9944398664019');
INSERT INTO `genre_book`(`genre`, `entryid`) VALUES ('Science','1105982');
INSERT INTO `author_book`(`author`, `entryid`) VALUES ('Fatimah Glodich','1105982');
INSERT INTO `publisher_book`(`publisher`, `entryid`) VALUES ('Spanier Inc.','1105982');
INSERT INTO `entry`(`entryid`,`type`) VALUES('1105983','b');
INSERT INTO `book`(`title`,`entryid`,`isbn`) VALUES('Great-grandfather for braised Driver','1105983','0115385666236');
INSERT INTO `genre_book`(`genre`, `entryid`) VALUES ('Sci-Fi','1105983');
INSERT INTO `author_book`(`author`, `entryid`) VALUES ('Estefana Virgel','1105983');
INSERT INTO `publisher_book`(`publisher`, `entryid`) VALUES ('Baldacchino Publishers.','1105983');
INSERT INTO `entry`(`entryid`,`type`) VALUES('1105984','b');
INSERT INTO `book`(`title`,`entryid`,`isbn`) VALUES('Peak for the Timpani','1105984','0906854840281');
INSERT INTO `genre_book`(`genre`, `entryid`) VALUES ('Adventure','1105984');
INSERT INTO `author_book`(`author`, `entryid`) VALUES ('Cherlyn Wyze','1105984');
INSERT INTO `publisher_book`(`publisher`, `entryid`) VALUES ('Aono Cooperations.','1105984');
INSERT INTO `entry`(`entryid`,`type`) VALUES('1105985','b');
INSERT INTO `book`(`title`,`entryid`,`isbn`) VALUES('Curtain by the Sound','1105985','0896455032031');
INSERT INTO `genre_book`(`genre`, `entryid`) VALUES ('Horror','1105985');
INSERT INTO `author_book`(`author`, `entryid`) VALUES ('Magdalena Arpin','1105985');
INSERT INTO `publisher_book`(`publisher`, `entryid`) VALUES ('Zotos Publishers.','1105985');
INSERT INTO `entry`(`entryid`,`type`) VALUES('1105986','b');
INSERT INTO `book`(`title`,`entryid`,`isbn`) VALUES('Box with the Donald','1105986','9122808364136');
INSERT INTO `genre_book`(`genre`, `entryid`) VALUES ('Adventure','1105986');
INSERT INTO `author_book`(`author`, `entryid`) VALUES ('Annabel Honour','1105986');
INSERT INTO `publisher_book`(`publisher`, `entryid`) VALUES ('Weissenborn Publishers.','1105986');
INSERT INTO `entry`(`entryid`,`type`) VALUES('1105987','b');
INSERT INTO `book`(`title`,`entryid`,`isbn`) VALUES('Catamaran by the Fang','1105987','9934228155120');
INSERT INTO `genre_book`(`genre`, `entryid`) VALUES ('Education','1105987');
INSERT INTO `author_book`(`author`, `entryid`) VALUES ('Chauncey Moncivais','1105987');
INSERT INTO `publisher_book`(`publisher`, `entryid`) VALUES ('Ruddick Publishers.','1105987');
INSERT INTO `entry`(`entryid`,`type`) VALUES('1105988','b');
INSERT INTO `book`(`title`,`entryid`,`isbn`) VALUES('Discovery and the Flesh','1105988','9091632054391');
INSERT INTO `genre_book`(`genre`, `entryid`) VALUES ('Thriller','1105988');
INSERT INTO `author_book`(`author`, `entryid`) VALUES ('Sylvie Delaportilla','1105988');
INSERT INTO `publisher_book`(`publisher`, `entryid`) VALUES ('Moos Publishers.','1105988');
INSERT INTO `entry`(`entryid`,`type`) VALUES('1105989','b');
INSERT INTO `book`(`title`,`entryid`,`isbn`) VALUES('Screen to rose-red Can','1105989','9970893352508');
INSERT INTO `genre_book`(`genre`, `entryid`) VALUES ('Adventure','1105989');
INSERT INTO `author_book`(`author`, `entryid`) VALUES ('Romona Studt','1105989');
INSERT INTO `publisher_book`(`publisher`, `entryid`) VALUES ('Bauchspies Publishers.','1105989');
INSERT INTO `entry`(`entryid`,`type`) VALUES('1105990','b');
INSERT INTO `book`(`title`,`entryid`,`isbn`) VALUES('Trousers with the unfossilized Doctor','1105990','0200227992470');
INSERT INTO `genre_book`(`genre`, `entryid`) VALUES ('Adventure','1105990');
INSERT INTO `author_book`(`author`, `entryid`) VALUES ('Leisha Obrein','1105990');
INSERT INTO `publisher_book`(`publisher`, `entryid`) VALUES ('Dusatko Inc.','1105990');
INSERT INTO `entry`(`entryid`,`type`) VALUES('1105991','b');
INSERT INTO `book`(`title`,`entryid`,`isbn`) VALUES('Ash with Instrument','1105991','9009353620263');
INSERT INTO `genre_book`(`genre`, `entryid`) VALUES ('Education','1105991');
INSERT INTO `author_book`(`author`, `entryid`) VALUES ('Herminia Helke','1105991');
INSERT INTO `publisher_book`(`publisher`, `entryid`) VALUES ('Safko Cooperations.','1105991');
INSERT INTO `entry`(`entryid`,`type`) VALUES('1105992','b');
INSERT INTO `book`(`title`,`entryid`,`isbn`) VALUES('Plow in Bedroom','1105992','9724238577616');
INSERT INTO `genre_book`(`genre`, `entryid`) VALUES ('Thriller','1105992');
INSERT INTO `author`(`name`,`birthyear`,`deathyear`) VALUES('Kelsey Comoletti','1898','1922');
INSERT INTO `author_book`(`author`, `entryid`) VALUES ('Kelsey Comoletti','1105992');
INSERT INTO `publisher_book`(`publisher`, `entryid`) VALUES ('Dewing Cooperations.','1105992');
INSERT INTO `entry`(`entryid`,`type`) VALUES('1105993','b');
INSERT INTO `book`(`title`,`entryid`,`isbn`) VALUES('Carol against esthetic Expert','1105993','9023676923820');
INSERT INTO `genre_book`(`genre`, `entryid`) VALUES ('Education','1105993');
INSERT INTO `author_book`(`author`, `entryid`) VALUES ('Florencio Schaaf','1105993');
INSERT INTO `publisher_book`(`publisher`, `entryid`) VALUES ('Gorgone Inc.','1105993');
INSERT INTO `entry`(`entryid`,`type`) VALUES('1105994','b');
INSERT INTO `book`(`title`,`entryid`,`isbn`) VALUES('Hardware for Morning','1105994','0270450455536');
INSERT INTO `genre_book`(`genre`, `entryid`) VALUES ('Adventure','1105994');
INSERT INTO `author_book`(`author`, `entryid`) VALUES ('Jo Carline','1105994');
INSERT INTO `publisher_book`(`publisher`, `entryid`) VALUES ('Spanier Inc.','1105994');
INSERT INTO `entry`(`entryid`,`type`) VALUES('1105995','b');
INSERT INTO `book`(`title`,`entryid`,`isbn`) VALUES('Crab by the Mimosa','1105995','0069144594908');
INSERT INTO `genre_book`(`genre`, `entryid`) VALUES ('Romance','1105995');
INSERT INTO `author_book`(`author`, `entryid`) VALUES ('Rosio Tagliente','1105995');
INSERT INTO `publisher_book`(`publisher`, `entryid`) VALUES ('Shiplet Inc.','1105995');
INSERT INTO `entry`(`entryid`,`type`) VALUES('1105996','b');
INSERT INTO `book`(`title`,`entryid`,`isbn`) VALUES('Kenya and the sublingual Structure','1105996','9095853463123');
INSERT INTO `genre_book`(`genre`, `entryid`) VALUES ('Horror','1105996');
INSERT INTO `author_book`(`author`, `entryid`) VALUES ('Jennifer Shouldice','1105996');
INSERT INTO `publisher_book`(`publisher`, `entryid`) VALUES ('Zotos Publishers.','1105996');
INSERT INTO `entry`(`entryid`,`type`) VALUES('1105997','b');
INSERT INTO `book`(`title`,`entryid`,`isbn`) VALUES('Helen and the eyed Beast','1105997','9689703333065');
INSERT INTO `genre_book`(`genre`, `entryid`) VALUES ('Thriller','1105997');
INSERT INTO `author_book`(`author`, `entryid`) VALUES ('Annabelle Roof','1105997');
INSERT INTO `publisher_book`(`publisher`, `entryid`) VALUES ('Safko Cooperations.','1105997');
INSERT INTO `entry`(`entryid`,`type`) VALUES('1105998','b');
INSERT INTO `book`(`title`,`entryid`,`isbn`) VALUES('Bronze of the habited Pastor','1105998','0650121204215');
INSERT INTO `genre_book`(`genre`, `entryid`) VALUES ('Adventure','1105998');
INSERT INTO `author_book`(`author`, `entryid`) VALUES ('Jenifer Dodds','1105998');
INSERT INTO `publisher_book`(`publisher`, `entryid`) VALUES ('Jessel Cooperations.','1105998');
