INSERT INTO `entry`(`entryid`,`type`) VALUES('999','b');
INSERT INTO `book`(`title`,`entryid`,`isbn`) VALUES('Craftsman against the trumpery Resolution','999','9177641646892');
INSERT INTO `genre_book`(`genre`, `entryid`) VALUES ('Adventure','999');
INSERT INTO `author`(`name`,`birthyear`,`deathyear`) VALUES('Jennette Cinkan','1905','1992');
INSERT INTO `author_book`(`author`, `entryid`) VALUES ('Jennette Cinkan','999');
INSERT INTO `publisher`(`name`) VALUES ('Edin Publishers.');
INSERT INTO `publisher_book`(`publisher`, `entryid`) VALUES ('Edin Publishers.','999');
INSERT INTO `entry`(`entryid`,`type`) VALUES('1000','b');
INSERT INTO `book`(`title`,`entryid`,`isbn`) VALUES('Chess and the Kilometer','1000','9089584320824');
INSERT INTO `genre_book`(`genre`, `entryid`) VALUES ('Adventure','1000');
INSERT INTO `author`(`name`,`birthyear`,`deathyear`) VALUES('Joe Generalao','1896','1935');
INSERT INTO `author_book`(`author`, `entryid`) VALUES ('Joe Generalao','1000');
INSERT INTO `publisher`(`name`) VALUES ('Whitted Cooperations.');
INSERT INTO `publisher_book`(`publisher`, `entryid`) VALUES ('Whitted Cooperations.','1000');
INSERT INTO `entry`(`entryid`,`type`) VALUES('1001','b');
INSERT INTO `book`(`title`,`entryid`,`isbn`) VALUES('Thing of nonstandard Taiwan','1001','9277364549978');
INSERT INTO `genre_book`(`genre`, `entryid`) VALUES ('Education','1001');
INSERT INTO `author`(`name`,`birthyear`,`deathyear`) VALUES('Israel Corn','1961','2059');
INSERT INTO `author_book`(`author`, `entryid`) VALUES ('Israel Corn','1001');
INSERT INTO `publisher`(`name`) VALUES ('Brumbaugh Cooperations.');
INSERT INTO `publisher_book`(`publisher`, `entryid`) VALUES ('Brumbaugh Cooperations.','1001');
INSERT INTO `entry`(`entryid`,`type`) VALUES('1002','b');
INSERT INTO `book`(`title`,`entryid`,`isbn`) VALUES('Appeal to hydra-headed Mouse','1002','9458500376396');
INSERT INTO `genre_book`(`genre`, `entryid`) VALUES ('Adventure','1002');
INSERT INTO `author`(`name`,`birthyear`,`deathyear`) VALUES('Joselyn Pennigton','1895','1989');
INSERT INTO `author_book`(`author`, `entryid`) VALUES ('Joselyn Pennigton','1002');
INSERT INTO `publisher`(`name`) VALUES ('Peal Cooperations.');
INSERT INTO `publisher_book`(`publisher`, `entryid`) VALUES ('Peal Cooperations.','1002');
INSERT INTO `entry`(`entryid`,`type`) VALUES('1003','b');
INSERT INTO `book`(`title`,`entryid`,`isbn`) VALUES('Engineer for the downstairs Sharon','1003','9859680071576');
INSERT INTO `genre_book`(`genre`, `entryid`) VALUES ('Education','1003');
INSERT INTO `author`(`name`,`birthyear`,`deathyear`) VALUES('Alesia Mcvenes','1980','2036');
INSERT INTO `author_book`(`author`, `entryid`) VALUES ('Alesia Mcvenes','1003');
INSERT INTO `publisher`(`name`) VALUES ('Mclaurin Inc.');
INSERT INTO `publisher_book`(`publisher`, `entryid`) VALUES ('Mclaurin Inc.','1003');
INSERT INTO `entry`(`entryid`,`type`) VALUES('1004','b');
INSERT INTO `book`(`title`,`entryid`,`isbn`) VALUES('Yogurt to downright Drill','1004','0321748678076');
INSERT INTO `genre_book`(`genre`, `entryid`) VALUES ('Adventure','1004');
INSERT INTO `author`(`name`,`birthyear`,`deathyear`) VALUES('Heath Scrape','1895','1949');
INSERT INTO `author_book`(`author`, `entryid`) VALUES ('Heath Scrape','1004');
INSERT INTO `publisher`(`name`) VALUES ('Dewaratanawan Inc.');
INSERT INTO `publisher_book`(`publisher`, `entryid`) VALUES ('Dewaratanawan Inc.','1004');
INSERT INTO `entry`(`entryid`,`type`) VALUES('1005','b');
INSERT INTO `book`(`title`,`entryid`,`isbn`) VALUES('Bull vs. uninterrupted Cylinder','1005','0796435550087');
INSERT INTO `genre_book`(`genre`, `entryid`) VALUES ('Thriller','1005');
INSERT INTO `author`(`name`,`birthyear`,`deathyear`) VALUES('Eugena Madho','1960','2015');
INSERT INTO `author_book`(`author`, `entryid`) VALUES ('Eugena Madho','1005');
INSERT INTO `publisher`(`name`) VALUES ('Vanderheiden Inc.');
INSERT INTO `publisher_book`(`publisher`, `entryid`) VALUES ('Vanderheiden Inc.','1005');
INSERT INTO `entry`(`entryid`,`type`) VALUES('1006','b');
INSERT INTO `book`(`title`,`entryid`,`isbn`) VALUES('Donkey and repressible Mirror','1006','9230394134803');
INSERT INTO `genre_book`(`genre`, `entryid`) VALUES ('Romance','1006');
INSERT INTO `author`(`name`,`birthyear`,`deathyear`) VALUES('Rufina Chesick','1901','1967');
INSERT INTO `author_book`(`author`, `entryid`) VALUES ('Rufina Chesick','1006');
INSERT INTO `publisher_book`(`publisher`, `entryid`) VALUES ('Peal Cooperations.','1006');
INSERT INTO `entry`(`entryid`,`type`) VALUES('1007','b');
INSERT INTO `book`(`title`,`entryid`,`isbn`) VALUES('Airmail to the Burma','1007','9359397350403');
INSERT INTO `genre_book`(`genre`, `entryid`) VALUES ('Education','1007');
INSERT INTO `author`(`name`,`birthyear`,`deathyear`) VALUES('Candice Hort','1946','1992');
INSERT INTO `author_book`(`author`, `entryid`) VALUES ('Candice Hort','1007');
INSERT INTO `publisher`(`name`) VALUES ('Stulce Publishers.');
INSERT INTO `publisher_book`(`publisher`, `entryid`) VALUES ('Stulce Publishers.','1007');
INSERT INTO `entry`(`entryid`,`type`) VALUES('1008','b');
INSERT INTO `book`(`title`,`entryid`,`isbn`) VALUES('Arm and the Space','1008','0619411187739');
INSERT INTO `genre_book`(`genre`, `entryid`) VALUES ('Romance','1008');
INSERT INTO `author`(`name`,`birthyear`,`deathyear`) VALUES('Janita Baldridge','1918','1993');
INSERT INTO `author_book`(`author`, `entryid`) VALUES ('Janita Baldridge','1008');
INSERT INTO `publisher`(`name`) VALUES ('Citrone Inc.');
INSERT INTO `publisher_book`(`publisher`, `entryid`) VALUES ('Citrone Inc.','1008');
INSERT INTO `entry`(`entryid`,`type`) VALUES('1009','b');
INSERT INTO `book`(`title`,`entryid`,`isbn`) VALUES('Motorcycle for Environment','1009','0649110489301');
INSERT INTO `genre_book`(`genre`, `entryid`) VALUES ('Sci-Fi','1009');
INSERT INTO `author`(`name`,`birthyear`,`deathyear`) VALUES('Jonah Brisby','1882','1918');
INSERT INTO `author_book`(`author`, `entryid`) VALUES ('Jonah Brisby','1009');
INSERT INTO `publisher_book`(`publisher`, `entryid`) VALUES ('Stulce Publishers.','1009');
INSERT INTO `entry`(`entryid`,`type`) VALUES('1010','b');
INSERT INTO `book`(`title`,`entryid`,`isbn`) VALUES('Room to limitrophe Bomber','1010','0068177227747');
INSERT INTO `genre_book`(`genre`, `entryid`) VALUES ('Romance','1010');
INSERT INTO `author`(`name`,`birthyear`,`deathyear`) VALUES('Jone Crapp','1948','1985');
INSERT INTO `author_book`(`author`, `entryid`) VALUES ('Jone Crapp','1010');
INSERT INTO `publisher`(`name`) VALUES ('Ameduri Publishers.');
INSERT INTO `publisher_book`(`publisher`, `entryid`) VALUES ('Ameduri Publishers.','1010');
INSERT INTO `entry`(`entryid`,`type`) VALUES('1011','b');
INSERT INTO `book`(`title`,`entryid`,`isbn`) VALUES('Cuban in Equipment','1011','9558166329446');
INSERT INTO `genre_book`(`genre`, `entryid`) VALUES ('Sci-Fi','1011');
INSERT INTO `author`(`name`,`birthyear`,`deathyear`) VALUES('Meta Marxen','1929','1992');
INSERT INTO `author_book`(`author`, `entryid`) VALUES ('Meta Marxen','1011');
INSERT INTO `publisher`(`name`) VALUES ('Pili Cooperations.');
INSERT INTO `publisher_book`(`publisher`, `entryid`) VALUES ('Pili Cooperations.','1011');
INSERT INTO `entry`(`entryid`,`type`) VALUES('1012','b');
INSERT INTO `book`(`title`,`entryid`,`isbn`) VALUES('Bottle by the Fight','1012','9137247996631');
INSERT INTO `genre_book`(`genre`, `entryid`) VALUES ('Education','1012');
INSERT INTO `author`(`name`,`birthyear`,`deathyear`) VALUES('Melisa Plumpton','1942','1991');
INSERT INTO `author_book`(`author`, `entryid`) VALUES ('Melisa Plumpton','1012');
INSERT INTO `publisher_book`(`publisher`, `entryid`) VALUES ('Dewaratanawan Inc.','1012');
INSERT INTO `entry`(`entryid`,`type`) VALUES('1013','b');
INSERT INTO `book`(`title`,`entryid`,`isbn`) VALUES('Hexagon and Bangladesh','1013','0463430302027');
INSERT INTO `genre_book`(`genre`, `entryid`) VALUES ('Horror','1013');
INSERT INTO `author`(`name`,`birthyear`,`deathyear`) VALUES('Amelia Luckow','1913','1942');
INSERT INTO `author_book`(`author`, `entryid`) VALUES ('Amelia Luckow','1013');
INSERT INTO `publisher_book`(`publisher`, `entryid`) VALUES ('Brumbaugh Cooperations.','1013');
INSERT INTO `entry`(`entryid`,`type`) VALUES('1014','b');
INSERT INTO `book`(`title`,`entryid`,`isbn`) VALUES('Quiet and the Heat','1014','9741481431219');
INSERT INTO `genre_book`(`genre`, `entryid`) VALUES ('Horror','1014');
INSERT INTO `author`(`name`,`birthyear`,`deathyear`) VALUES('Elza Borwig','1923','1946');
INSERT INTO `author_book`(`author`, `entryid`) VALUES ('Elza Borwig','1014');
INSERT INTO `publisher`(`name`) VALUES ('Lessley Inc.');
INSERT INTO `publisher_book`(`publisher`, `entryid`) VALUES ('Lessley Inc.','1014');
INSERT INTO `entry`(`entryid`,`type`) VALUES('1015','b');
INSERT INTO `book`(`title`,`entryid`,`isbn`) VALUES('Clave and the Pasta','1015','9155298142311');
INSERT INTO `genre_book`(`genre`, `entryid`) VALUES ('Science','1015');
INSERT INTO `author`(`name`,`birthyear`,`deathyear`) VALUES('Eleanora Mummey','1890','1967');
INSERT INTO `author_book`(`author`, `entryid`) VALUES ('Eleanora Mummey','1015');
INSERT INTO `publisher`(`name`) VALUES ('Steedman Cooperations.');
INSERT INTO `publisher_book`(`publisher`, `entryid`) VALUES ('Steedman Cooperations.','1015');
INSERT INTO `entry`(`entryid`,`type`) VALUES('1016','b');
INSERT INTO `book`(`title`,`entryid`,`isbn`) VALUES('Columnist because of winter Scooter','1016','0377780342382');
INSERT INTO `genre_book`(`genre`, `entryid`) VALUES ('Education','1016');
INSERT INTO `author`(`name`,`birthyear`,`deathyear`) VALUES('Latrice Szady','1901','1927');
INSERT INTO `author_book`(`author`, `entryid`) VALUES ('Latrice Szady','1016');
INSERT INTO `publisher`(`name`) VALUES ('Ostwinkle Inc.');
INSERT INTO `publisher_book`(`publisher`, `entryid`) VALUES ('Ostwinkle Inc.','1016');
INSERT INTO `entry`(`entryid`,`type`) VALUES('1017','b');
INSERT INTO `book`(`title`,`entryid`,`isbn`) VALUES('Fight by Dock','1017','0343249181880');
INSERT INTO `genre_book`(`genre`, `entryid`) VALUES ('Sci-Fi','1017');
INSERT INTO `author`(`name`,`birthyear`,`deathyear`) VALUES('Brittny Boyar','1947','1988');
INSERT INTO `author_book`(`author`, `entryid`) VALUES ('Brittny Boyar','1017');
INSERT INTO `publisher_book`(`publisher`, `entryid`) VALUES ('Vanderheiden Inc.','1017');
INSERT INTO `entry`(`entryid`,`type`) VALUES('1018','b');
INSERT INTO `book`(`title`,`entryid`,`isbn`) VALUES('Rubber by the adpressed Male','1018','0277782288018');
INSERT INTO `genre_book`(`genre`, `entryid`) VALUES ('Romance','1018');
INSERT INTO `author`(`name`,`birthyear`,`deathyear`) VALUES('Max Klingbeil','1894','1977');
INSERT INTO `author_book`(`author`, `entryid`) VALUES ('Max Klingbeil','1018');
INSERT INTO `publisher_book`(`publisher`, `entryid`) VALUES ('Edin Publishers.','1018');
INSERT INTO `entry`(`entryid`,`type`) VALUES('1019','b');
INSERT INTO `book`(`title`,`entryid`,`isbn`) VALUES('Roast in the apostolic Philippines','1019','0250148600567');
INSERT INTO `genre_book`(`genre`, `entryid`) VALUES ('Science','1019');
INSERT INTO `author`(`name`,`birthyear`,`deathyear`) VALUES('Cassidy Ghia','1939','1999');
INSERT INTO `author_book`(`author`, `entryid`) VALUES ('Cassidy Ghia','1019');
INSERT INTO `publisher`(`name`) VALUES ('Giangregorio Cooperations.');
INSERT INTO `publisher_book`(`publisher`, `entryid`) VALUES ('Giangregorio Cooperations.','1019');
INSERT INTO `entry`(`entryid`,`type`) VALUES('1020','b');
INSERT INTO `book`(`title`,`entryid`,`isbn`) VALUES('Polo by quinsied Venezuelan','1020','0277595655032');
INSERT INTO `genre_book`(`genre`, `entryid`) VALUES ('Horror','1020');
INSERT INTO `author`(`name`,`birthyear`,`deathyear`) VALUES('Rudolph Vansteenhuyse','1952','2001');
INSERT INTO `author_book`(`author`, `entryid`) VALUES ('Rudolph Vansteenhuyse','1020');
INSERT INTO `publisher`(`name`) VALUES ('Ostling Cooperations.');
INSERT INTO `publisher_book`(`publisher`, `entryid`) VALUES ('Ostling Cooperations.','1020');
INSERT INTO `entry`(`entryid`,`type`) VALUES('1021','b');
INSERT INTO `book`(`title`,`entryid`,`isbn`) VALUES('Fork because of minuscular Celeste','1021','9635612671811');
INSERT INTO `genre_book`(`genre`, `entryid`) VALUES ('Sci-Fi','1021');
INSERT INTO `author_book`(`author`, `entryid`) VALUES ('Joe Generalao','1021');
INSERT INTO `publisher`(`name`) VALUES ('Bowersmith Cooperations.');
INSERT INTO `publisher_book`(`publisher`, `entryid`) VALUES ('Bowersmith Cooperations.','1021');
INSERT INTO `entry`(`entryid`,`type`) VALUES('1022','b');
INSERT INTO `book`(`title`,`entryid`,`isbn`) VALUES('Report with the Idea','1022','9908391201477');
INSERT INTO `genre_book`(`genre`, `entryid`) VALUES ('Science','1022');
INSERT INTO `author`(`name`,`birthyear`,`deathyear`) VALUES('Tennie Certain','1946','2003');
INSERT INTO `author_book`(`author`, `entryid`) VALUES ('Tennie Certain','1022');
INSERT INTO `publisher_book`(`publisher`, `entryid`) VALUES ('Pili Cooperations.','1022');
INSERT INTO `entry`(`entryid`,`type`) VALUES('1023','b');
INSERT INTO `book`(`title`,`entryid`,`isbn`) VALUES('Periodical of the Undershirt','1023','0546721544582');
INSERT INTO `genre_book`(`genre`, `entryid`) VALUES ('Thriller','1023');
INSERT INTO `author_book`(`author`, `entryid`) VALUES ('Joselyn Pennigton','1023');
INSERT INTO `publisher_book`(`publisher`, `entryid`) VALUES ('Dewaratanawan Inc.','1023');
INSERT INTO `entry`(`entryid`,`type`) VALUES('1024','b');
INSERT INTO `book`(`title`,`entryid`,`isbn`) VALUES('Pink of Emery','1024','9336290903890');
INSERT INTO `genre_book`(`genre`, `entryid`) VALUES ('Adventure','1024');
INSERT INTO `author`(`name`,`birthyear`,`deathyear`) VALUES('Alan Flickner','1916','1998');
INSERT INTO `author_book`(`author`, `entryid`) VALUES ('Alan Flickner','1024');
INSERT INTO `publisher`(`name`) VALUES ('Teisberg Publishers.');
INSERT INTO `publisher_book`(`publisher`, `entryid`) VALUES ('Teisberg Publishers.','1024');
INSERT INTO `entry`(`entryid`,`type`) VALUES('1025','b');
INSERT INTO `book`(`title`,`entryid`,`isbn`) VALUES('Income by the craven Bell','1025','9095768791058');
INSERT INTO `genre_book`(`genre`, `entryid`) VALUES ('Science','1025');
INSERT INTO `author`(`name`,`birthyear`,`deathyear`) VALUES('Krystle Katynski','1896','1979');
INSERT INTO `author_book`(`author`, `entryid`) VALUES ('Krystle Katynski','1025');
INSERT INTO `publisher`(`name`) VALUES ('Olcus Publishers.');
INSERT INTO `publisher_book`(`publisher`, `entryid`) VALUES ('Olcus Publishers.','1025');
INSERT INTO `entry`(`entryid`,`type`) VALUES('1026','b');
INSERT INTO `book`(`title`,`entryid`,`isbn`) VALUES('Lily to Onion','1026','9804929700897');
INSERT INTO `genre_book`(`genre`, `entryid`) VALUES ('Adventure','1026');
INSERT INTO `author`(`name`,`birthyear`,`deathyear`) VALUES('Bert Darity','1931','1972');
INSERT INTO `author_book`(`author`, `entryid`) VALUES ('Bert Darity','1026');
INSERT INTO `publisher`(`name`) VALUES ('Sedor Cooperations.');
INSERT INTO `publisher_book`(`publisher`, `entryid`) VALUES ('Sedor Cooperations.','1026');
INSERT INTO `entry`(`entryid`,`type`) VALUES('1027','b');
INSERT INTO `book`(`title`,`entryid`,`isbn`) VALUES('Orchid and the superlunar Jellyfish','1027','9523229172543');
INSERT INTO `genre_book`(`genre`, `entryid`) VALUES ('Sci-Fi','1027');
INSERT INTO `author`(`name`,`birthyear`,`deathyear`) VALUES('Mi Rinker','1938','2021');
INSERT INTO `author_book`(`author`, `entryid`) VALUES ('Mi Rinker','1027');
INSERT INTO `publisher`(`name`) VALUES ('Nocito Publishers.');
INSERT INTO `publisher_book`(`publisher`, `entryid`) VALUES ('Nocito Publishers.','1027');
INSERT INTO `entry`(`entryid`,`type`) VALUES('1028','b');
INSERT INTO `book`(`title`,`entryid`,`isbn`) VALUES('Woman with the dichogamous Suit','1028','9959520506171');
INSERT INTO `genre_book`(`genre`, `entryid`) VALUES ('Adventure','1028');
INSERT INTO `author`(`name`,`birthyear`,`deathyear`) VALUES('Meri Laragy','1941','1966');
INSERT INTO `author_book`(`author`, `entryid`) VALUES ('Meri Laragy','1028');
INSERT INTO `publisher`(`name`) VALUES ('Declercq Publishers.');
INSERT INTO `publisher_book`(`publisher`, `entryid`) VALUES ('Declercq Publishers.','1028');
INSERT INTO `entry`(`entryid`,`type`) VALUES('1029','b');
INSERT INTO `book`(`title`,`entryid`,`isbn`) VALUES('Bass by Thrill','1029','9011760108912');
INSERT INTO `genre_book`(`genre`, `entryid`) VALUES ('Horror','1029');
INSERT INTO `author`(`name`,`birthyear`,`deathyear`) VALUES('Jonah Morgandi','1913','1973');
INSERT INTO `author_book`(`author`, `entryid`) VALUES ('Jonah Morgandi','1029');
INSERT INTO `publisher_book`(`publisher`, `entryid`) VALUES ('Brumbaugh Cooperations.','1029');
INSERT INTO `entry`(`entryid`,`type`) VALUES('1030','b');
INSERT INTO `book`(`title`,`entryid`,`isbn`) VALUES('Protocol with separable Turkey','1030','0190044816579');
INSERT INTO `genre_book`(`genre`, `entryid`) VALUES ('Adventure','1030');
INSERT INTO `author`(`name`,`birthyear`,`deathyear`) VALUES('Mike Devincent','1970','1991');
INSERT INTO `author_book`(`author`, `entryid`) VALUES ('Mike Devincent','1030');
INSERT INTO `publisher`(`name`) VALUES ('Glazier Inc.');
INSERT INTO `publisher_book`(`publisher`, `entryid`) VALUES ('Glazier Inc.','1030');
INSERT INTO `entry`(`entryid`,`type`) VALUES('1031','b');
INSERT INTO `book`(`title`,`entryid`,`isbn`) VALUES('Beer by Zipper','1031','0175222326532');
INSERT INTO `genre_book`(`genre`, `entryid`) VALUES ('Education','1031');
INSERT INTO `author`(`name`,`birthyear`,`deathyear`) VALUES('Shanice Kudrna','1959','2029');
INSERT INTO `author_book`(`author`, `entryid`) VALUES ('Shanice Kudrna','1031');
INSERT INTO `publisher`(`name`) VALUES ('Chrisco Publishers.');
INSERT INTO `publisher_book`(`publisher`, `entryid`) VALUES ('Chrisco Publishers.','1031');
INSERT INTO `entry`(`entryid`,`type`) VALUES('1032','b');
INSERT INTO `book`(`title`,`entryid`,`isbn`) VALUES('Ravioli to Salt','1032','0856114522896');
INSERT INTO `genre_book`(`genre`, `entryid`) VALUES ('Sci-Fi','1032');
INSERT INTO `author`(`name`,`birthyear`,`deathyear`) VALUES('Lilla Appenzeller','1904','1992');
INSERT INTO `author_book`(`author`, `entryid`) VALUES ('Lilla Appenzeller','1032');
INSERT INTO `publisher`(`name`) VALUES ('Toles Cooperations.');
INSERT INTO `publisher_book`(`publisher`, `entryid`) VALUES ('Toles Cooperations.','1032');
INSERT INTO `entry`(`entryid`,`type`) VALUES('1033','b');
INSERT INTO `book`(`title`,`entryid`,`isbn`) VALUES('Sea and the thymy Perch','1033','9459743830565');
INSERT INTO `genre_book`(`genre`, `entryid`) VALUES ('Thriller','1033');
INSERT INTO `author`(`name`,`birthyear`,`deathyear`) VALUES('Chasidy Hildebrandt','1893','1961');
INSERT INTO `author_book`(`author`, `entryid`) VALUES ('Chasidy Hildebrandt','1033');
INSERT INTO `publisher_book`(`publisher`, `entryid`) VALUES ('Stulce Publishers.','1033');
INSERT INTO `entry`(`entryid`,`type`) VALUES('1034','b');
INSERT INTO `book`(`title`,`entryid`,`isbn`) VALUES('Karate to algebraic Stock','1034','0402250395342');
INSERT INTO `genre_book`(`genre`, `entryid`) VALUES ('Sci-Fi','1034');
INSERT INTO `author`(`name`,`birthyear`,`deathyear`) VALUES('Edelmira Zollo','1936','2009');
INSERT INTO `author_book`(`author`, `entryid`) VALUES ('Edelmira Zollo','1034');
INSERT INTO `publisher_book`(`publisher`, `entryid`) VALUES ('Ostling Cooperations.','1034');
INSERT INTO `entry`(`entryid`,`type`) VALUES('1035','b');
INSERT INTO `book`(`title`,`entryid`,`isbn`) VALUES('List to overthrown Marimba','1035','0216654198423');
INSERT INTO `genre_book`(`genre`, `entryid`) VALUES ('Sci-Fi','1035');
INSERT INTO `author`(`name`,`birthyear`,`deathyear`) VALUES('Kitty Olewine','1975','2012');
INSERT INTO `author_book`(`author`, `entryid`) VALUES ('Kitty Olewine','1035');
INSERT INTO `publisher`(`name`) VALUES ('Shulenberger Cooperations.');
INSERT INTO `publisher_book`(`publisher`, `entryid`) VALUES ('Shulenberger Cooperations.','1035');
INSERT INTO `entry`(`entryid`,`type`) VALUES('1036','b');
INSERT INTO `book`(`title`,`entryid`,`isbn`) VALUES('Roll with Tray','1036','9610195045583');
INSERT INTO `genre_book`(`genre`, `entryid`) VALUES ('Horror','1036');
INSERT INTO `author`(`name`,`birthyear`,`deathyear`) VALUES('Zenia Artist','1917','1996');
INSERT INTO `author_book`(`author`, `entryid`) VALUES ('Zenia Artist','1036');
INSERT INTO `publisher`(`name`) VALUES ('Maronge Inc.');
INSERT INTO `publisher_book`(`publisher`, `entryid`) VALUES ('Maronge Inc.','1036');
INSERT INTO `entry`(`entryid`,`type`) VALUES('1037','b');
INSERT INTO `book`(`title`,`entryid`,`isbn`) VALUES('Biplane of unscientific Ceramic','1037','9819156262107');
INSERT INTO `genre_book`(`genre`, `entryid`) VALUES ('Sci-Fi','1037');
INSERT INTO `author`(`name`,`birthyear`,`deathyear`) VALUES('Odelia Pettersen','1965','1986');
INSERT INTO `author_book`(`author`, `entryid`) VALUES ('Odelia Pettersen','1037');
INSERT INTO `publisher`(`name`) VALUES ('Hamers Inc.');
INSERT INTO `publisher_book`(`publisher`, `entryid`) VALUES ('Hamers Inc.','1037');
INSERT INTO `entry`(`entryid`,`type`) VALUES('1038','b');
INSERT INTO `book`(`title`,`entryid`,`isbn`) VALUES('Prose for bewitched Sphynx','1038','0989619808838');
INSERT INTO `genre_book`(`genre`, `entryid`) VALUES ('Adventure','1038');
INSERT INTO `author`(`name`,`birthyear`,`deathyear`) VALUES('Elizbeth Rickenbaker','1929','1972');
INSERT INTO `author_book`(`author`, `entryid`) VALUES ('Elizbeth Rickenbaker','1038');
INSERT INTO `publisher`(`name`) VALUES ('Trucchio Cooperations.');
INSERT INTO `publisher_book`(`publisher`, `entryid`) VALUES ('Trucchio Cooperations.','1038');
INSERT INTO `entry`(`entryid`,`type`) VALUES('1039','b');
INSERT INTO `book`(`title`,`entryid`,`isbn`) VALUES('Pig in Snowstorm','1039','0762401098569');
INSERT INTO `genre_book`(`genre`, `entryid`) VALUES ('Thriller','1039');
INSERT INTO `author`(`name`,`birthyear`,`deathyear`) VALUES('Robbie Rei','1959','2035');
INSERT INTO `author_book`(`author`, `entryid`) VALUES ('Robbie Rei','1039');
INSERT INTO `publisher`(`name`) VALUES ('Sandling Publishers.');
INSERT INTO `publisher_book`(`publisher`, `entryid`) VALUES ('Sandling Publishers.','1039');
INSERT INTO `entry`(`entryid`,`type`) VALUES('1040','b');
INSERT INTO `book`(`title`,`entryid`,`isbn`) VALUES('Grill to the Interest','1040','9043954243703');
INSERT INTO `genre_book`(`genre`, `entryid`) VALUES ('Thriller','1040');
INSERT INTO `author`(`name`,`birthyear`,`deathyear`) VALUES('Kiyoko Corradini','1922','2007');
INSERT INTO `author_book`(`author`, `entryid`) VALUES ('Kiyoko Corradini','1040');
INSERT INTO `publisher`(`name`) VALUES ('Schoo Cooperations.');
INSERT INTO `publisher_book`(`publisher`, `entryid`) VALUES ('Schoo Cooperations.','1040');
INSERT INTO `entry`(`entryid`,`type`) VALUES('1041','b');
INSERT INTO `book`(`title`,`entryid`,`isbn`) VALUES('Bobcat in the unexacting Expert','1041','0906539535502');
INSERT INTO `genre_book`(`genre`, `entryid`) VALUES ('Science','1041');
INSERT INTO `author`(`name`,`birthyear`,`deathyear`) VALUES('Lavera Faycurry','1940','1960');
INSERT INTO `author_book`(`author`, `entryid`) VALUES ('Lavera Faycurry','1041');
INSERT INTO `publisher`(`name`) VALUES ('Cantlow Inc.');
INSERT INTO `publisher_book`(`publisher`, `entryid`) VALUES ('Cantlow Inc.','1041');
INSERT INTO `entry`(`entryid`,`type`) VALUES('1042','b');
INSERT INTO `book`(`title`,`entryid`,`isbn`) VALUES('Airport by Respect','1042','0913128085238');
INSERT INTO `genre_book`(`genre`, `entryid`) VALUES ('Horror','1042');
INSERT INTO `author`(`name`,`birthyear`,`deathyear`) VALUES('Sonja Osterberg','1892','1934');
INSERT INTO `author_book`(`author`, `entryid`) VALUES ('Sonja Osterberg','1042');
INSERT INTO `publisher`(`name`) VALUES ('Hanberry Inc.');
INSERT INTO `publisher_book`(`publisher`, `entryid`) VALUES ('Hanberry Inc.','1042');
INSERT INTO `entry`(`entryid`,`type`) VALUES('1043','b');
INSERT INTO `book`(`title`,`entryid`,`isbn`) VALUES('Stem with Ash','1043','9558723917802');
INSERT INTO `genre_book`(`genre`, `entryid`) VALUES ('Adventure','1043');
INSERT INTO `author`(`name`,`birthyear`,`deathyear`) VALUES('Kenyetta Hisel','1881','1935');
INSERT INTO `author_book`(`author`, `entryid`) VALUES ('Kenyetta Hisel','1043');
INSERT INTO `publisher_book`(`publisher`, `entryid`) VALUES ('Steedman Cooperations.','1043');
INSERT INTO `entry`(`entryid`,`type`) VALUES('1044','b');
INSERT INTO `book`(`title`,`entryid`,`isbn`) VALUES('Beat and Grasshopper','1044','9493608520252');
INSERT INTO `genre_book`(`genre`, `entryid`) VALUES ('Horror','1044');
INSERT INTO `author`(`name`,`birthyear`,`deathyear`) VALUES('Elaina Devenney','1972','2065');
INSERT INTO `author_book`(`author`, `entryid`) VALUES ('Elaina Devenney','1044');
INSERT INTO `publisher_book`(`publisher`, `entryid`) VALUES ('Olcus Publishers.','1044');
INSERT INTO `entry`(`entryid`,`type`) VALUES('1045','b');
INSERT INTO `book`(`title`,`entryid`,`isbn`) VALUES('Airship for Playroom','1045','9038666343313');
INSERT INTO `genre_book`(`genre`, `entryid`) VALUES ('Adventure','1045');
INSERT INTO `author`(`name`,`birthyear`,`deathyear`) VALUES('Rochel Russaw','1930','1956');
INSERT INTO `author_book`(`author`, `entryid`) VALUES ('Rochel Russaw','1045');
INSERT INTO `publisher`(`name`) VALUES ('Niforos Publishers.');
INSERT INTO `publisher_book`(`publisher`, `entryid`) VALUES ('Niforos Publishers.','1045');
INSERT INTO `entry`(`entryid`,`type`) VALUES('1046','b');
INSERT INTO `book`(`title`,`entryid`,`isbn`) VALUES('Price because of open-door Knickers','1046','0569575391821');
INSERT INTO `genre_book`(`genre`, `entryid`) VALUES ('Romance','1046');
INSERT INTO `author`(`name`,`birthyear`,`deathyear`) VALUES('Walter Balk','1945','2011');
INSERT INTO `author_book`(`author`, `entryid`) VALUES ('Walter Balk','1046');
INSERT INTO `publisher`(`name`) VALUES ('Zalesky Publishers.');
INSERT INTO `publisher_book`(`publisher`, `entryid`) VALUES ('Zalesky Publishers.','1046');
INSERT INTO `entry`(`entryid`,`type`) VALUES('1047','b');
INSERT INTO `book`(`title`,`entryid`,`isbn`) VALUES('Bass with the Key','1047','0577658749373');
INSERT INTO `genre_book`(`genre`, `entryid`) VALUES ('Thriller','1047');
INSERT INTO `author`(`name`,`birthyear`,`deathyear`) VALUES('Otelia Mcabier','1918','1987');
INSERT INTO `author_book`(`author`, `entryid`) VALUES ('Otelia Mcabier','1047');
INSERT INTO `publisher_book`(`publisher`, `entryid`) VALUES ('Sandling Publishers.','1047');
INSERT INTO `entry`(`entryid`,`type`) VALUES('1048','b');
INSERT INTO `book`(`title`,`entryid`,`isbn`) VALUES('Roll vs. heterologous Manicure','1048','0044913005534');
INSERT INTO `genre_book`(`genre`, `entryid`) VALUES ('Adventure','1048');
INSERT INTO `author`(`name`,`birthyear`,`deathyear`) VALUES('Tonette Reing','1946','2022');
INSERT INTO `author_book`(`author`, `entryid`) VALUES ('Tonette Reing','1048');
INSERT INTO `publisher_book`(`publisher`, `entryid`) VALUES ('Sedor Cooperations.','1048');
INSERT INTO `entry`(`entryid`,`type`) VALUES('1049','b');
INSERT INTO `book`(`title`,`entryid`,`isbn`) VALUES('Digestion vs. tabernacular Danger','1049','0579724564316');
INSERT INTO `genre_book`(`genre`, `entryid`) VALUES ('Science','1049');
INSERT INTO `author`(`name`,`birthyear`,`deathyear`) VALUES('Elmira Maudlin','1968','1990');
INSERT INTO `author_book`(`author`, `entryid`) VALUES ('Elmira Maudlin','1049');
INSERT INTO `publisher`(`name`) VALUES ('Marples Cooperations.');
INSERT INTO `publisher_book`(`publisher`, `entryid`) VALUES ('Marples Cooperations.','1049');
INSERT INTO `entry`(`entryid`,`type`) VALUES('1050','b');
INSERT INTO `book`(`title`,`entryid`,`isbn`) VALUES('Dew with the discretional South korea','1050','9115468497873');
INSERT INTO `genre_book`(`genre`, `entryid`) VALUES ('Thriller','1050');
INSERT INTO `author`(`name`,`birthyear`,`deathyear`) VALUES('Gloria Barrick','1883','1908');
INSERT INTO `author_book`(`author`, `entryid`) VALUES ('Gloria Barrick','1050');
INSERT INTO `publisher`(`name`) VALUES ('Mikhail Cooperations.');
INSERT INTO `publisher_book`(`publisher`, `entryid`) VALUES ('Mikhail Cooperations.','1050');
INSERT INTO `entry`(`entryid`,`type`) VALUES('1051','b');
INSERT INTO `book`(`title`,`entryid`,`isbn`) VALUES('Quart with the uncultivable Submarine','1051','9568108691085');
INSERT INTO `genre_book`(`genre`, `entryid`) VALUES ('Thriller','1051');
INSERT INTO `author`(`name`,`birthyear`,`deathyear`) VALUES('Suanne Nasworthy','1962','2043');
INSERT INTO `author_book`(`author`, `entryid`) VALUES ('Suanne Nasworthy','1051');
INSERT INTO `publisher`(`name`) VALUES ('Deprez Publishers.');
INSERT INTO `publisher_book`(`publisher`, `entryid`) VALUES ('Deprez Publishers.','1051');
INSERT INTO `entry`(`entryid`,`type`) VALUES('1052','b');
INSERT INTO `book`(`title`,`entryid`,`isbn`) VALUES('Duck in the theosophical Mary','1052','0481537426307');
INSERT INTO `genre_book`(`genre`, `entryid`) VALUES ('Adventure','1052');
INSERT INTO `author`(`name`,`birthyear`,`deathyear`) VALUES('Corrinne Brighi','1960','2059');
INSERT INTO `author_book`(`author`, `entryid`) VALUES ('Corrinne Brighi','1052');
INSERT INTO `publisher_book`(`publisher`, `entryid`) VALUES ('Olcus Publishers.','1052');
INSERT INTO `entry`(`entryid`,`type`) VALUES('1053','b');
INSERT INTO `book`(`title`,`entryid`,`isbn`) VALUES('Purpose by Coffee','1053','0948957007169');
INSERT INTO `genre_book`(`genre`, `entryid`) VALUES ('Education','1053');
INSERT INTO `author`(`name`,`birthyear`,`deathyear`) VALUES('Shawanna Svendsen','1901','1932');
INSERT INTO `author_book`(`author`, `entryid`) VALUES ('Shawanna Svendsen','1053');
INSERT INTO `publisher_book`(`publisher`, `entryid`) VALUES ('Niforos Publishers.','1053');
INSERT INTO `entry`(`entryid`,`type`) VALUES('1054','b');
INSERT INTO `book`(`title`,`entryid`,`isbn`) VALUES('Decade of the Smell','1054','9272980814134');
INSERT INTO `genre_book`(`genre`, `entryid`) VALUES ('Thriller','1054');
INSERT INTO `author`(`name`,`birthyear`,`deathyear`) VALUES('Charity Formaggioni','1888','1972');
INSERT INTO `author_book`(`author`, `entryid`) VALUES ('Charity Formaggioni','1054');
INSERT INTO `publisher`(`name`) VALUES ('Virrey Publishers.');
INSERT INTO `publisher_book`(`publisher`, `entryid`) VALUES ('Virrey Publishers.','1054');
INSERT INTO `entry`(`entryid`,`type`) VALUES('1055','b');
INSERT INTO `book`(`title`,`entryid`,`isbn`) VALUES('Revolver for Okra','1055','9599738398150');
INSERT INTO `genre_book`(`genre`, `entryid`) VALUES ('Sci-Fi','1055');
INSERT INTO `author`(`name`,`birthyear`,`deathyear`) VALUES('Carlyn Fujikake','1928','2003');
INSERT INTO `author_book`(`author`, `entryid`) VALUES ('Carlyn Fujikake','1055');
INSERT INTO `publisher`(`name`) VALUES ('Hachey Inc.');
INSERT INTO `publisher_book`(`publisher`, `entryid`) VALUES ('Hachey Inc.','1055');
INSERT INTO `entry`(`entryid`,`type`) VALUES('1056','b');
INSERT INTO `book`(`title`,`entryid`,`isbn`) VALUES('Throne by the unleaded Cellar','1056','9594756915312');
INSERT INTO `genre_book`(`genre`, `entryid`) VALUES ('Science','1056');
INSERT INTO `author`(`name`,`birthyear`,`deathyear`) VALUES('Tim Tirrell','1910','1977');
INSERT INTO `author_book`(`author`, `entryid`) VALUES ('Tim Tirrell','1056');
INSERT INTO `publisher`(`name`) VALUES ('Rocconi Cooperations.');
INSERT INTO `publisher_book`(`publisher`, `entryid`) VALUES ('Rocconi Cooperations.','1056');
INSERT INTO `entry`(`entryid`,`type`) VALUES('1057','b');
INSERT INTO `book`(`title`,`entryid`,`isbn`) VALUES('Rutabaga in ridiculous Timpani','1057','0252348227123');
INSERT INTO `genre_book`(`genre`, `entryid`) VALUES ('Thriller','1057');
INSERT INTO `author`(`name`,`birthyear`,`deathyear`) VALUES('Antonio Salcedo','1945','2029');
INSERT INTO `author_book`(`author`, `entryid`) VALUES ('Antonio Salcedo','1057');
INSERT INTO `publisher`(`name`) VALUES ('Dallis Cooperations.');
INSERT INTO `publisher_book`(`publisher`, `entryid`) VALUES ('Dallis Cooperations.','1057');
INSERT INTO `entry`(`entryid`,`type`) VALUES('1058','b');
INSERT INTO `book`(`title`,`entryid`,`isbn`) VALUES('Art vs. Liquid','1058','0504223885022');
INSERT INTO `genre_book`(`genre`, `entryid`) VALUES ('Horror','1058');
INSERT INTO `author`(`name`,`birthyear`,`deathyear`) VALUES('Ray Addario','1928','1953');
INSERT INTO `author_book`(`author`, `entryid`) VALUES ('Ray Addario','1058');
INSERT INTO `publisher`(`name`) VALUES ('Koury Inc.');
INSERT INTO `publisher_book`(`publisher`, `entryid`) VALUES ('Koury Inc.','1058');
INSERT INTO `entry`(`entryid`,`type`) VALUES('1059','b');
INSERT INTO `book`(`title`,`entryid`,`isbn`) VALUES('Wall for Periodical','1059','9865469722812');
INSERT INTO `genre_book`(`genre`, `entryid`) VALUES ('Science','1059');
INSERT INTO `author_book`(`author`, `entryid`) VALUES ('Rochel Russaw','1059');
INSERT INTO `publisher_book`(`publisher`, `entryid`) VALUES ('Sandling Publishers.','1059');
INSERT INTO `entry`(`entryid`,`type`) VALUES('1060','b');
INSERT INTO `book`(`title`,`entryid`,`isbn`) VALUES('Receipt in Manx','1060','0238996393299');
INSERT INTO `genre_book`(`genre`, `entryid`) VALUES ('Horror','1060');
INSERT INTO `author`(`name`,`birthyear`,`deathyear`) VALUES('Maryland Wettlaufer','1932','1995');
INSERT INTO `author_book`(`author`, `entryid`) VALUES ('Maryland Wettlaufer','1060');
INSERT INTO `publisher`(`name`) VALUES ('Sin Inc.');
INSERT INTO `publisher_book`(`publisher`, `entryid`) VALUES ('Sin Inc.','1060');
INSERT INTO `entry`(`entryid`,`type`) VALUES('1061','b');
INSERT INTO `book`(`title`,`entryid`,`isbn`) VALUES('Opera for Silk','1061','9741857076776');
INSERT INTO `genre_book`(`genre`, `entryid`) VALUES ('Science','1061');
INSERT INTO `author`(`name`,`birthyear`,`deathyear`) VALUES('Shanika Fearheller','1920','1967');
INSERT INTO `author_book`(`author`, `entryid`) VALUES ('Shanika Fearheller','1061');
INSERT INTO `publisher`(`name`) VALUES ('Srinvasan Publishers.');
INSERT INTO `publisher_book`(`publisher`, `entryid`) VALUES ('Srinvasan Publishers.','1061');
INSERT INTO `entry`(`entryid`,`type`) VALUES('1062','b');
INSERT INTO `book`(`title`,`entryid`,`isbn`) VALUES('Vein in sympatholytic Polish','1062','9108040164074');
INSERT INTO `genre_book`(`genre`, `entryid`) VALUES ('Thriller','1062');
INSERT INTO `author_book`(`author`, `entryid`) VALUES ('Shanice Kudrna','1062');
INSERT INTO `publisher`(`name`) VALUES ('Prestwood Publishers.');
INSERT INTO `publisher_book`(`publisher`, `entryid`) VALUES ('Prestwood Publishers.','1062');
INSERT INTO `entry`(`entryid`,`type`) VALUES('1063','b');
INSERT INTO `book`(`title`,`entryid`,`isbn`) VALUES('Idea with the cagey Clipper','1063','0923866529860');
INSERT INTO `genre_book`(`genre`, `entryid`) VALUES ('Science','1063');
INSERT INTO `author`(`name`,`birthyear`,`deathyear`) VALUES('Miguel Serini','1900','1991');
INSERT INTO `author_book`(`author`, `entryid`) VALUES ('Miguel Serini','1063');
INSERT INTO `publisher`(`name`) VALUES ('Manz Publishers.');
INSERT INTO `publisher_book`(`publisher`, `entryid`) VALUES ('Manz Publishers.','1063');
INSERT INTO `entry`(`entryid`,`type`) VALUES('1064','b');
INSERT INTO `book`(`title`,`entryid`,`isbn`) VALUES('Crack by the uncontroverted Melody','1064','9293007753230');
INSERT INTO `genre_book`(`genre`, `entryid`) VALUES ('Romance','1064');
INSERT INTO `author`(`name`,`birthyear`,`deathyear`) VALUES('Jimmy Pikkarainen','1907','1964');
INSERT INTO `author_book`(`author`, `entryid`) VALUES ('Jimmy Pikkarainen','1064');
INSERT INTO `publisher_book`(`publisher`, `entryid`) VALUES ('Mclaurin Inc.','1064');
INSERT INTO `entry`(`entryid`,`type`) VALUES('1065','b');
INSERT INTO `book`(`title`,`entryid`,`isbn`) VALUES('Gallon vs. uncoated Candle','1065','9351450583041');
INSERT INTO `genre_book`(`genre`, `entryid`) VALUES ('Thriller','1065');
INSERT INTO `author_book`(`author`, `entryid`) VALUES ('Eugena Madho','1065');
INSERT INTO `publisher`(`name`) VALUES ('Demore Inc.');
INSERT INTO `publisher_book`(`publisher`, `entryid`) VALUES ('Demore Inc.','1065');
INSERT INTO `entry`(`entryid`,`type`) VALUES('1066','b');
INSERT INTO `book`(`title`,`entryid`,`isbn`) VALUES('Separated and the civilian Basement','1066','9855206411023');
INSERT INTO `genre_book`(`genre`, `entryid`) VALUES ('Science','1066');
INSERT INTO `author`(`name`,`birthyear`,`deathyear`) VALUES('Zola Uzzell','1958','1997');
INSERT INTO `author_book`(`author`, `entryid`) VALUES ('Zola Uzzell','1066');
INSERT INTO `publisher_book`(`publisher`, `entryid`) VALUES ('Mikhail Cooperations.','1066');
INSERT INTO `entry`(`entryid`,`type`) VALUES('1067','b');
INSERT INTO `book`(`title`,`entryid`,`isbn`) VALUES('Bead vs. Price','1067','9241253054637');
INSERT INTO `genre_book`(`genre`, `entryid`) VALUES ('Sci-Fi','1067');
INSERT INTO `author`(`name`,`birthyear`,`deathyear`) VALUES('Jovita Peugh','1973','2003');
INSERT INTO `author_book`(`author`, `entryid`) VALUES ('Jovita Peugh','1067');
INSERT INTO `publisher_book`(`publisher`, `entryid`) VALUES ('Prestwood Publishers.','1067');
INSERT INTO `entry`(`entryid`,`type`) VALUES('1068','b');
INSERT INTO `book`(`title`,`entryid`,`isbn`) VALUES('Twig of landowner Random','1068','9056159327628');
INSERT INTO `genre_book`(`genre`, `entryid`) VALUES ('Education','1068');
INSERT INTO `author_book`(`author`, `entryid`) VALUES ('Brittny Boyar','1068');
INSERT INTO `publisher`(`name`) VALUES ('Sever Cooperations.');
INSERT INTO `publisher_book`(`publisher`, `entryid`) VALUES ('Sever Cooperations.','1068');
INSERT INTO `entry`(`entryid`,`type`) VALUES('1069','b');
INSERT INTO `book`(`title`,`entryid`,`isbn`) VALUES('Farm in the black Tub','1069','9050536737718');
INSERT INTO `genre_book`(`genre`, `entryid`) VALUES ('Education','1069');
INSERT INTO `author`(`name`,`birthyear`,`deathyear`) VALUES('Bessie Wassmann','1934','2002');
INSERT INTO `author_book`(`author`, `entryid`) VALUES ('Bessie Wassmann','1069');
INSERT INTO `publisher`(`name`) VALUES ('Bookter Cooperations.');
INSERT INTO `publisher_book`(`publisher`, `entryid`) VALUES ('Bookter Cooperations.','1069');
INSERT INTO `entry`(`entryid`,`type`) VALUES('1070','b');
INSERT INTO `book`(`title`,`entryid`,`isbn`) VALUES('Aunt vs. paternal Butcher','1070','9474074368102');
INSERT INTO `genre_book`(`genre`, `entryid`) VALUES ('Sci-Fi','1070');
INSERT INTO `author`(`name`,`birthyear`,`deathyear`) VALUES('Dorine Mckellop','1921','1941');
INSERT INTO `author_book`(`author`, `entryid`) VALUES ('Dorine Mckellop','1070');
INSERT INTO `publisher_book`(`publisher`, `entryid`) VALUES ('Chrisco Publishers.','1070');
INSERT INTO `entry`(`entryid`,`type`) VALUES('1071','b');
INSERT INTO `book`(`title`,`entryid`,`isbn`) VALUES('Hardhat for cavicorn Waiter','1071','9883140774473');
INSERT INTO `genre_book`(`genre`, `entryid`) VALUES ('Sci-Fi','1071');
INSERT INTO `author_book`(`author`, `entryid`) VALUES ('Kiyoko Corradini','1071');
INSERT INTO `publisher_book`(`publisher`, `entryid`) VALUES ('Maronge Inc.','1071');
INSERT INTO `entry`(`entryid`,`type`) VALUES('1072','b');
INSERT INTO `book`(`title`,`entryid`,`isbn`) VALUES('Kilometer against the Sundial','1072','0812543506945');
INSERT INTO `genre_book`(`genre`, `entryid`) VALUES ('Sci-Fi','1072');
INSERT INTO `author`(`name`,`birthyear`,`deathyear`) VALUES('Rosaline Coffelt','1961','1999');
INSERT INTO `author_book`(`author`, `entryid`) VALUES ('Rosaline Coffelt','1072');
INSERT INTO `publisher_book`(`publisher`, `entryid`) VALUES ('Mikhail Cooperations.','1072');
INSERT INTO `entry`(`entryid`,`type`) VALUES('1073','b');
INSERT INTO `book`(`title`,`entryid`,`isbn`) VALUES('Baby and Locust','1073','0554576570602');
INSERT INTO `genre_book`(`genre`, `entryid`) VALUES ('Romance','1073');
INSERT INTO `author`(`name`,`birthyear`,`deathyear`) VALUES('Marietta Roen','1882','1963');
INSERT INTO `author_book`(`author`, `entryid`) VALUES ('Marietta Roen','1073');
INSERT INTO `publisher`(`name`) VALUES ('Succop Cooperations.');
INSERT INTO `publisher_book`(`publisher`, `entryid`) VALUES ('Succop Cooperations.','1073');
INSERT INTO `entry`(`entryid`,`type`) VALUES('1074','b');
INSERT INTO `book`(`title`,`entryid`,`isbn`) VALUES('Point against kickable Butane','1074','9302670968926');
INSERT INTO `genre_book`(`genre`, `entryid`) VALUES ('Sci-Fi','1074');
INSERT INTO `author`(`name`,`birthyear`,`deathyear`) VALUES('Kam Dyche','1929','1969');
INSERT INTO `author_book`(`author`, `entryid`) VALUES ('Kam Dyche','1074');
INSERT INTO `publisher`(`name`) VALUES ('Laffer Publishers.');
INSERT INTO `publisher_book`(`publisher`, `entryid`) VALUES ('Laffer Publishers.','1074');
INSERT INTO `entry`(`entryid`,`type`) VALUES('1075','b');
INSERT INTO `book`(`title`,`entryid`,`isbn`) VALUES('Poppy by the Way','1075','9794598534637');
INSERT INTO `genre_book`(`genre`, `entryid`) VALUES ('Sci-Fi','1075');
INSERT INTO `author`(`name`,`birthyear`,`deathyear`) VALUES('Adalberto Vittum','1976','2005');
INSERT INTO `author_book`(`author`, `entryid`) VALUES ('Adalberto Vittum','1075');
INSERT INTO `publisher_book`(`publisher`, `entryid`) VALUES ('Niforos Publishers.','1075');
INSERT INTO `entry`(`entryid`,`type`) VALUES('1076','b');
INSERT INTO `book`(`title`,`entryid`,`isbn`) VALUES('Loss against dismaying Difference','1076','9249370124669');
INSERT INTO `genre_book`(`genre`, `entryid`) VALUES ('Adventure','1076');
INSERT INTO `author_book`(`author`, `entryid`) VALUES ('Tonette Reing','1076');
INSERT INTO `publisher_book`(`publisher`, `entryid`) VALUES ('Brumbaugh Cooperations.','1076');
INSERT INTO `entry`(`entryid`,`type`) VALUES('1077','b');
INSERT INTO `book`(`title`,`entryid`,`isbn`) VALUES('Clover against Fork','1077','0601641274003');
INSERT INTO `genre_book`(`genre`, `entryid`) VALUES ('Romance','1077');
INSERT INTO `author`(`name`,`birthyear`,`deathyear`) VALUES('Zachary Herrod','1963','2006');
INSERT INTO `author_book`(`author`, `entryid`) VALUES ('Zachary Herrod','1077');
INSERT INTO `publisher_book`(`publisher`, `entryid`) VALUES ('Sin Inc.','1077');
INSERT INTO `entry`(`entryid`,`type`) VALUES('1078','b');
INSERT INTO `book`(`title`,`entryid`,`isbn`) VALUES('Man with the Augean Plane','1078','9927112392197');
INSERT INTO `genre_book`(`genre`, `entryid`) VALUES ('Sci-Fi','1078');
INSERT INTO `author`(`name`,`birthyear`,`deathyear`) VALUES('Alleen Sayaphon','1881','1933');
INSERT INTO `author_book`(`author`, `entryid`) VALUES ('Alleen Sayaphon','1078');
INSERT INTO `publisher`(`name`) VALUES ('Ockmond Cooperations.');
INSERT INTO `publisher_book`(`publisher`, `entryid`) VALUES ('Ockmond Cooperations.','1078');
INSERT INTO `entry`(`entryid`,`type`) VALUES('1079','b');
INSERT INTO `book`(`title`,`entryid`,`isbn`) VALUES('Song against the Marimba','1079','0991074518828');
INSERT INTO `genre_book`(`genre`, `entryid`) VALUES ('Thriller','1079');
INSERT INTO `author`(`name`,`birthyear`,`deathyear`) VALUES('Lorenza Melquist','1941','2012');
INSERT INTO `author_book`(`author`, `entryid`) VALUES ('Lorenza Melquist','1079');
INSERT INTO `publisher`(`name`) VALUES ('Mccoil Cooperations.');
INSERT INTO `publisher_book`(`publisher`, `entryid`) VALUES ('Mccoil Cooperations.','1079');
INSERT INTO `entry`(`entryid`,`type`) VALUES('1080','b');
INSERT INTO `book`(`title`,`entryid`,`isbn`) VALUES('Heart against the Policeman','1080','9752997255671');
INSERT INTO `genre_book`(`genre`, `entryid`) VALUES ('Sci-Fi','1080');
INSERT INTO `author`(`name`,`birthyear`,`deathyear`) VALUES('Araceli Brondyke','1890','1990');
INSERT INTO `author_book`(`author`, `entryid`) VALUES ('Araceli Brondyke','1080');
INSERT INTO `publisher_book`(`publisher`, `entryid`) VALUES ('Mclaurin Inc.','1080');
INSERT INTO `entry`(`entryid`,`type`) VALUES('1081','b');
INSERT INTO `book`(`title`,`entryid`,`isbn`) VALUES('Steven to the Chair','1081','9679211824130');
INSERT INTO `genre_book`(`genre`, `entryid`) VALUES ('Adventure','1081');
INSERT INTO `author_book`(`author`, `entryid`) VALUES ('Elmira Maudlin','1081');
INSERT INTO `publisher`(`name`) VALUES ('Flenaugh Publishers.');
INSERT INTO `publisher_book`(`publisher`, `entryid`) VALUES ('Flenaugh Publishers.','1081');
INSERT INTO `entry`(`entryid`,`type`) VALUES('1082','b');
INSERT INTO `book`(`title`,`entryid`,`isbn`) VALUES('Computer in Grade','1082','0209547938200');
INSERT INTO `genre_book`(`genre`, `entryid`) VALUES ('Romance','1082');
INSERT INTO `author`(`name`,`birthyear`,`deathyear`) VALUES('Magdalena Kearbey','1952','2007');
INSERT INTO `author_book`(`author`, `entryid`) VALUES ('Magdalena Kearbey','1082');
INSERT INTO `publisher_book`(`publisher`, `entryid`) VALUES ('Edin Publishers.','1082');
INSERT INTO `entry`(`entryid`,`type`) VALUES('1083','b');
INSERT INTO `book`(`title`,`entryid`,`isbn`) VALUES('Oak against Fold','1083','9460510878903');
INSERT INTO `genre_book`(`genre`, `entryid`) VALUES ('Sci-Fi','1083');
INSERT INTO `author`(`name`,`birthyear`,`deathyear`) VALUES('Katelin Bozwell','1949','1998');
INSERT INTO `author_book`(`author`, `entryid`) VALUES ('Katelin Bozwell','1083');
INSERT INTO `publisher`(`name`) VALUES ('Samrah Inc.');
INSERT INTO `publisher_book`(`publisher`, `entryid`) VALUES ('Samrah Inc.','1083');
INSERT INTO `entry`(`entryid`,`type`) VALUES('1084','b');
INSERT INTO `book`(`title`,`entryid`,`isbn`) VALUES('Lawyer because of Viola','1084','9087829280197');
INSERT INTO `genre_book`(`genre`, `entryid`) VALUES ('Horror','1084');
INSERT INTO `author`(`name`,`birthyear`,`deathyear`) VALUES('Gina Stolpe','1908','1986');
INSERT INTO `author_book`(`author`, `entryid`) VALUES ('Gina Stolpe','1084');
INSERT INTO `publisher`(`name`) VALUES ('Houghtelling Cooperations.');
INSERT INTO `publisher_book`(`publisher`, `entryid`) VALUES ('Houghtelling Cooperations.','1084');
INSERT INTO `entry`(`entryid`,`type`) VALUES('1085','b');
INSERT INTO `book`(`title`,`entryid`,`isbn`) VALUES('Greece to the insuppressible Vise','1085','9377375698659');
INSERT INTO `genre_book`(`genre`, `entryid`) VALUES ('Education','1085');
INSERT INTO `author`(`name`,`birthyear`,`deathyear`) VALUES('Su Glidden','1926','1955');
INSERT INTO `author_book`(`author`, `entryid`) VALUES ('Su Glidden','1085');
INSERT INTO `publisher_book`(`publisher`, `entryid`) VALUES ('Flenaugh Publishers.','1085');
INSERT INTO `entry`(`entryid`,`type`) VALUES('1086','b');
INSERT INTO `book`(`title`,`entryid`,`isbn`) VALUES('Ghost against Grandfather','1086','0841778455316');
INSERT INTO `genre_book`(`genre`, `entryid`) VALUES ('Science','1086');
INSERT INTO `author`(`name`,`birthyear`,`deathyear`) VALUES('Lula Brochu','1949','1985');
INSERT INTO `author_book`(`author`, `entryid`) VALUES ('Lula Brochu','1086');
INSERT INTO `publisher`(`name`) VALUES ('Zapata Cooperations.');
INSERT INTO `publisher_book`(`publisher`, `entryid`) VALUES ('Zapata Cooperations.','1086');
INSERT INTO `entry`(`entryid`,`type`) VALUES('1087','b');
INSERT INTO `book`(`title`,`entryid`,`isbn`) VALUES('Teeth vs. Dresser','1087','9016783226873');
INSERT INTO `genre_book`(`genre`, `entryid`) VALUES ('Horror','1087');
INSERT INTO `author`(`name`,`birthyear`,`deathyear`) VALUES('Slyvia Jendrick','1914','2008');
INSERT INTO `author_book`(`author`, `entryid`) VALUES ('Slyvia Jendrick','1087');
INSERT INTO `publisher`(`name`) VALUES ('Kresha Inc.');
INSERT INTO `publisher_book`(`publisher`, `entryid`) VALUES ('Kresha Inc.','1087');
INSERT INTO `entry`(`entryid`,`type`) VALUES('1088','b');
INSERT INTO `book`(`title`,`entryid`,`isbn`) VALUES('Tin against Mailman','1088','0679316693939');
INSERT INTO `genre_book`(`genre`, `entryid`) VALUES ('Education','1088');
INSERT INTO `author`(`name`,`birthyear`,`deathyear`) VALUES('Caren Cardozo','1963','1996');
INSERT INTO `author_book`(`author`, `entryid`) VALUES ('Caren Cardozo','1088');
INSERT INTO `publisher_book`(`publisher`, `entryid`) VALUES ('Shulenberger Cooperations.','1088');
INSERT INTO `entry`(`entryid`,`type`) VALUES('1089','b');
INSERT INTO `book`(`title`,`entryid`,`isbn`) VALUES('Building of the scorbutic Bit','1089','9206081370845');
INSERT INTO `genre_book`(`genre`, `entryid`) VALUES ('Sci-Fi','1089');
INSERT INTO `author`(`name`,`birthyear`,`deathyear`) VALUES('Glady Thero','1886','1935');
INSERT INTO `author_book`(`author`, `entryid`) VALUES ('Glady Thero','1089');
INSERT INTO `publisher`(`name`) VALUES ('Hochmuth Cooperations.');
INSERT INTO `publisher_book`(`publisher`, `entryid`) VALUES ('Hochmuth Cooperations.','1089');
INSERT INTO `entry`(`entryid`,`type`) VALUES('1090','b');
INSERT INTO `book`(`title`,`entryid`,`isbn`) VALUES('Spoon of the broached Wrist','1090','0530299253986');
INSERT INTO `genre_book`(`genre`, `entryid`) VALUES ('Sci-Fi','1090');
INSERT INTO `author`(`name`,`birthyear`,`deathyear`) VALUES('Marlin Odems','1978','2060');
INSERT INTO `author_book`(`author`, `entryid`) VALUES ('Marlin Odems','1090');
INSERT INTO `publisher`(`name`) VALUES ('Ritzie Cooperations.');
INSERT INTO `publisher_book`(`publisher`, `entryid`) VALUES ('Ritzie Cooperations.','1090');
INSERT INTO `entry`(`entryid`,`type`) VALUES('1091','b');
INSERT INTO `book`(`title`,`entryid`,`isbn`) VALUES('Rule by Ronald','1091','0079976514261');
INSERT INTO `genre_book`(`genre`, `entryid`) VALUES ('Education','1091');
INSERT INTO `author`(`name`,`birthyear`,`deathyear`) VALUES('Jamey Sivia','1909','1933');
INSERT INTO `author_book`(`author`, `entryid`) VALUES ('Jamey Sivia','1091');
INSERT INTO `publisher`(`name`) VALUES ('Schorsch Cooperations.');
INSERT INTO `publisher_book`(`publisher`, `entryid`) VALUES ('Schorsch Cooperations.','1091');
INSERT INTO `entry`(`entryid`,`type`) VALUES('1092','b');
INSERT INTO `book`(`title`,`entryid`,`isbn`) VALUES('Measure vs. Bridge','1092','9385045597841');
INSERT INTO `genre_book`(`genre`, `entryid`) VALUES ('Science','1092');
INSERT INTO `author`(`name`,`birthyear`,`deathyear`) VALUES('Jonelle Youns','1922','1960');
INSERT INTO `author_book`(`author`, `entryid`) VALUES ('Jonelle Youns','1092');
INSERT INTO `publisher_book`(`publisher`, `entryid`) VALUES ('Mclaurin Inc.','1092');
INSERT INTO `entry`(`entryid`,`type`) VALUES('1093','b');
INSERT INTO `book`(`title`,`entryid`,`isbn`) VALUES('Attraction against the Eocene Farm','1093','0573427981515');
INSERT INTO `genre_book`(`genre`, `entryid`) VALUES ('Education','1093');
INSERT INTO `author_book`(`author`, `entryid`) VALUES ('Maryland Wettlaufer','1093');
INSERT INTO `publisher`(`name`) VALUES ('Mcmeen Publishers.');
INSERT INTO `publisher_book`(`publisher`, `entryid`) VALUES ('Mcmeen Publishers.','1093');
INSERT INTO `entry`(`entryid`,`type`) VALUES('1094','b');
INSERT INTO `book`(`title`,`entryid`,`isbn`) VALUES('Scallion of Seed','1094','9402627537204');
INSERT INTO `genre_book`(`genre`, `entryid`) VALUES ('Horror','1094');
INSERT INTO `author`(`name`,`birthyear`,`deathyear`) VALUES('Garland Devore','1924','1957');
INSERT INTO `author_book`(`author`, `entryid`) VALUES ('Garland Devore','1094');
INSERT INTO `publisher_book`(`publisher`, `entryid`) VALUES ('Hachey Inc.','1094');
INSERT INTO `entry`(`entryid`,`type`) VALUES('1095','b');
INSERT INTO `book`(`title`,`entryid`,`isbn`) VALUES('Mosquito to Apparatus','1095','9984967414072');
INSERT INTO `genre_book`(`genre`, `entryid`) VALUES ('Thriller','1095');
INSERT INTO `author`(`name`,`birthyear`,`deathyear`) VALUES('Merlyn Locascio','1917','1958');
INSERT INTO `author_book`(`author`, `entryid`) VALUES ('Merlyn Locascio','1095');
INSERT INTO `publisher_book`(`publisher`, `entryid`) VALUES ('Maronge Inc.','1095');
INSERT INTO `entry`(`entryid`,`type`) VALUES('1096','b');
INSERT INTO `book`(`title`,`entryid`,`isbn`) VALUES('Offer with unrude Sheep','1096','9525201181197');
INSERT INTO `genre_book`(`genre`, `entryid`) VALUES ('Romance','1096');
INSERT INTO `author`(`name`,`birthyear`,`deathyear`) VALUES('Aurelia Walljasper','1887','1911');
INSERT INTO `author_book`(`author`, `entryid`) VALUES ('Aurelia Walljasper','1096');
INSERT INTO `publisher_book`(`publisher`, `entryid`) VALUES ('Pili Cooperations.','1096');
INSERT INTO `entry`(`entryid`,`type`) VALUES('1097','b');
INSERT INTO `book`(`title`,`entryid`,`isbn`) VALUES('Kangaroo for the datable Coast','1097','9684478532828');
INSERT INTO `genre_book`(`genre`, `entryid`) VALUES ('Science','1097');
INSERT INTO `author_book`(`author`, `entryid`) VALUES ('Elizbeth Rickenbaker','1097');
INSERT INTO `publisher_book`(`publisher`, `entryid`) VALUES ('Maronge Inc.','1097');
INSERT INTO `entry`(`entryid`,`type`) VALUES('1098','b');
INSERT INTO `book`(`title`,`entryid`,`isbn`) VALUES('Asia to Rain','1098','0977134682296');
INSERT INTO `genre_book`(`genre`, `entryid`) VALUES ('Horror','1098');
INSERT INTO `author`(`name`,`birthyear`,`deathyear`) VALUES('Hyman Benigni','1886','1964');
INSERT INTO `author_book`(`author`, `entryid`) VALUES ('Hyman Benigni','1098');
INSERT INTO `publisher_book`(`publisher`, `entryid`) VALUES ('Chrisco Publishers.','1098');
INSERT INTO `entry`(`entryid`,`type`) VALUES('1099','b');
INSERT INTO `book`(`title`,`entryid`,`isbn`) VALUES('Temple by thwarted Tie','1099','0142910598229');
INSERT INTO `genre_book`(`genre`, `entryid`) VALUES ('Thriller','1099');
INSERT INTO `author`(`name`,`birthyear`,`deathyear`) VALUES('Mozell Hudnall','1900','1977');
INSERT INTO `author_book`(`author`, `entryid`) VALUES ('Mozell Hudnall','1099');
INSERT INTO `publisher_book`(`publisher`, `entryid`) VALUES ('Olcus Publishers.','1099');
INSERT INTO `entry`(`entryid`,`type`) VALUES('1100','b');
INSERT INTO `book`(`title`,`entryid`,`isbn`) VALUES('Stone with Direction','1100','9354569070253');
INSERT INTO `genre_book`(`genre`, `entryid`) VALUES ('Romance','1100');
INSERT INTO `author`(`name`,`birthyear`,`deathyear`) VALUES('Delisa Wallenstein','1968','1993');
INSERT INTO `author_book`(`author`, `entryid`) VALUES ('Delisa Wallenstein','1100');
INSERT INTO `publisher`(`name`) VALUES ('Bowlin Publishers.');
INSERT INTO `publisher_book`(`publisher`, `entryid`) VALUES ('Bowlin Publishers.','1100');
INSERT INTO `entry`(`entryid`,`type`) VALUES('1101','b');
INSERT INTO `book`(`title`,`entryid`,`isbn`) VALUES('Composer in the gutta Modem','1101','9645980505849');
INSERT INTO `genre_book`(`genre`, `entryid`) VALUES ('Education','1101');
INSERT INTO `author_book`(`author`, `entryid`) VALUES ('Sonja Osterberg','1101');
INSERT INTO `publisher_book`(`publisher`, `entryid`) VALUES ('Schoo Cooperations.','1101');
INSERT INTO `entry`(`entryid`,`type`) VALUES('1102','b');
INSERT INTO `book`(`title`,`entryid`,`isbn`) VALUES('Blanket with the Parsnip','1102','0175152925943');
INSERT INTO `genre_book`(`genre`, `entryid`) VALUES ('Horror','1102');
INSERT INTO `author`(`name`,`birthyear`,`deathyear`) VALUES('Gayla Yockey','1957','2010');
INSERT INTO `author_book`(`author`, `entryid`) VALUES ('Gayla Yockey','1102');
INSERT INTO `publisher_book`(`publisher`, `entryid`) VALUES ('Declercq Publishers.','1102');
INSERT INTO `entry`(`entryid`,`type`) VALUES('1103','b');
INSERT INTO `book`(`title`,`entryid`,`isbn`) VALUES('Dragon of ineffectual Bolt','1103','0932319449947');
INSERT INTO `genre_book`(`genre`, `entryid`) VALUES ('Sci-Fi','1103');
INSERT INTO `author`(`name`,`birthyear`,`deathyear`) VALUES('Lucinda Sillman','1955','2008');
INSERT INTO `author_book`(`author`, `entryid`) VALUES ('Lucinda Sillman','1103');
INSERT INTO `publisher_book`(`publisher`, `entryid`) VALUES ('Teisberg Publishers.','1103');
INSERT INTO `entry`(`entryid`,`type`) VALUES('1104','b');
INSERT INTO `book`(`title`,`entryid`,`isbn`) VALUES('Pea of Internet','1104','9595837196789');
INSERT INTO `genre_book`(`genre`, `entryid`) VALUES ('Horror','1104');
INSERT INTO `author`(`name`,`birthyear`,`deathyear`) VALUES('Owen Hazeltine','1938','2027');
INSERT INTO `author_book`(`author`, `entryid`) VALUES ('Owen Hazeltine','1104');
INSERT INTO `publisher`(`name`) VALUES ('Weisholz Publishers.');
INSERT INTO `publisher_book`(`publisher`, `entryid`) VALUES ('Weisholz Publishers.','1104');
INSERT INTO `entry`(`entryid`,`type`) VALUES('1105','b');
INSERT INTO `book`(`title`,`entryid`,`isbn`) VALUES('Notebook of Cake','1105','9280768908613');
INSERT INTO `genre_book`(`genre`, `entryid`) VALUES ('Sci-Fi','1105');
INSERT INTO `author`(`name`,`birthyear`,`deathyear`) VALUES('Tomoko Borowicz','1979','2077');
INSERT INTO `author_book`(`author`, `entryid`) VALUES ('Tomoko Borowicz','1105');
INSERT INTO `publisher_book`(`publisher`, `entryid`) VALUES ('Cantlow Inc.','1105');
INSERT INTO `entry`(`entryid`,`type`) VALUES('1106','b');
INSERT INTO `book`(`title`,`entryid`,`isbn`) VALUES('Era in collapsible Can','1106','0530024597733');
INSERT INTO `genre_book`(`genre`, `entryid`) VALUES ('Science','1106');
INSERT INTO `author`(`name`,`birthyear`,`deathyear`) VALUES('Eden Stockham','1887','1930');
INSERT INTO `author_book`(`author`, `entryid`) VALUES ('Eden Stockham','1106');
INSERT INTO `publisher_book`(`publisher`, `entryid`) VALUES ('Weisholz Publishers.','1106');
INSERT INTO `entry`(`entryid`,`type`) VALUES('1107','b');
INSERT INTO `book`(`title`,`entryid`,`isbn`) VALUES('Monday and index-linked Slip','1107','0244995223558');
INSERT INTO `genre_book`(`genre`, `entryid`) VALUES ('Education','1107');
INSERT INTO `author_book`(`author`, `entryid`) VALUES ('Elaina Devenney','1107');
INSERT INTO `publisher_book`(`publisher`, `entryid`) VALUES ('Peal Cooperations.','1107');
INSERT INTO `entry`(`entryid`,`type`) VALUES('1108','b');
INSERT INTO `book`(`title`,`entryid`,`isbn`) VALUES('Ruth with ebb Gander','1108','9000277077023');
INSERT INTO `genre_book`(`genre`, `entryid`) VALUES ('Horror','1108');
INSERT INTO `author`(`name`,`birthyear`,`deathyear`) VALUES('Kimberli Seymore','1897','1985');
INSERT INTO `author_book`(`author`, `entryid`) VALUES ('Kimberli Seymore','1108');
INSERT INTO `publisher_book`(`publisher`, `entryid`) VALUES ('Rocconi Cooperations.','1108');
INSERT INTO `entry`(`entryid`,`type`) VALUES('1109','b');
INSERT INTO `book`(`title`,`entryid`,`isbn`) VALUES('Silk against the droughty Trail','1109','9903281139236');
INSERT INTO `genre_book`(`genre`, `entryid`) VALUES ('Sci-Fi','1109');
INSERT INTO `author`(`name`,`birthyear`,`deathyear`) VALUES('Kiesha Sotolongo','1953','1993');
INSERT INTO `author_book`(`author`, `entryid`) VALUES ('Kiesha Sotolongo','1109');
INSERT INTO `publisher_book`(`publisher`, `entryid`) VALUES ('Sedor Cooperations.','1109');
INSERT INTO `entry`(`entryid`,`type`) VALUES('1110','b');
INSERT INTO `book`(`title`,`entryid`,`isbn`) VALUES('Tin by Oboe','1110','9584761139040');
INSERT INTO `genre_book`(`genre`, `entryid`) VALUES ('Sci-Fi','1110');
INSERT INTO `author_book`(`author`, `entryid`) VALUES ('Rosaline Coffelt','1110');
INSERT INTO `publisher_book`(`publisher`, `entryid`) VALUES ('Cantlow Inc.','1110');
INSERT INTO `entry`(`entryid`,`type`) VALUES('1111','b');
INSERT INTO `book`(`title`,`entryid`,`isbn`) VALUES('Sprout with the Tablecloth','1111','9619486122652');
INSERT INTO `genre_book`(`genre`, `entryid`) VALUES ('Romance','1111');
INSERT INTO `author_book`(`author`, `entryid`) VALUES ('Rufina Chesick','1111');
INSERT INTO `publisher_book`(`publisher`, `entryid`) VALUES ('Chrisco Publishers.','1111');
INSERT INTO `entry`(`entryid`,`type`) VALUES('1112','b');
INSERT INTO `book`(`title`,`entryid`,`isbn`) VALUES('Regret with the dapper Mustard','1112','0950885026313');
INSERT INTO `genre_book`(`genre`, `entryid`) VALUES ('Adventure','1112');
INSERT INTO `author`(`name`,`birthyear`,`deathyear`) VALUES('Ila Carosiello','1913','1942');
INSERT INTO `author_book`(`author`, `entryid`) VALUES ('Ila Carosiello','1112');
INSERT INTO `publisher_book`(`publisher`, `entryid`) VALUES ('Samrah Inc.','1112');
INSERT INTO `entry`(`entryid`,`type`) VALUES('1113','b');
INSERT INTO `book`(`title`,`entryid`,`isbn`) VALUES('Wash in the chosen Quart','1113','0477048270273');
INSERT INTO `genre_book`(`genre`, `entryid`) VALUES ('Romance','1113');
INSERT INTO `author_book`(`author`, `entryid`) VALUES ('Sonja Osterberg','1113');
INSERT INTO `publisher_book`(`publisher`, `entryid`) VALUES ('Toles Cooperations.','1113');
INSERT INTO `entry`(`entryid`,`type`) VALUES('1114','b');
INSERT INTO `book`(`title`,`entryid`,`isbn`) VALUES('Hacksaw of gloomier Angora','1114','0375001046792');
INSERT INTO `genre_book`(`genre`, `entryid`) VALUES ('Adventure','1114');
INSERT INTO `author`(`name`,`birthyear`,`deathyear`) VALUES('Paige Zunich','1926','1986');
INSERT INTO `author_book`(`author`, `entryid`) VALUES ('Paige Zunich','1114');
INSERT INTO `publisher_book`(`publisher`, `entryid`) VALUES ('Mcmeen Publishers.','1114');
INSERT INTO `entry`(`entryid`,`type`) VALUES('1115','b');
INSERT INTO `book`(`title`,`entryid`,`isbn`) VALUES('Attempt for deflated Band','1115','9850492271729');
INSERT INTO `genre_book`(`genre`, `entryid`) VALUES ('Sci-Fi','1115');
INSERT INTO `author`(`name`,`birthyear`,`deathyear`) VALUES('Cecilia Lyman','1880','1925');
INSERT INTO `author_book`(`author`, `entryid`) VALUES ('Cecilia Lyman','1115');
INSERT INTO `publisher_book`(`publisher`, `entryid`) VALUES ('Bowersmith Cooperations.','1115');
INSERT INTO `entry`(`entryid`,`type`) VALUES('1116','b');
INSERT INTO `book`(`title`,`entryid`,`isbn`) VALUES('Centimeter for Holiday','1116','0190701593729');
INSERT INTO `genre_book`(`genre`, `entryid`) VALUES ('Romance','1116');
INSERT INTO `author`(`name`,`birthyear`,`deathyear`) VALUES('Han Karmely','1918','1950');
INSERT INTO `author_book`(`author`, `entryid`) VALUES ('Han Karmely','1116');
INSERT INTO `publisher_book`(`publisher`, `entryid`) VALUES ('Hamers Inc.','1116');
INSERT INTO `entry`(`entryid`,`type`) VALUES('1117','b');
INSERT INTO `book`(`title`,`entryid`,`isbn`) VALUES('Airbus in ledgier Caravan','1117','9681278399830');
INSERT INTO `genre_book`(`genre`, `entryid`) VALUES ('Sci-Fi','1117');
INSERT INTO `author_book`(`author`, `entryid`) VALUES ('Zachary Herrod','1117');
INSERT INTO `publisher`(`name`) VALUES ('Surprenant Publishers.');
INSERT INTO `publisher_book`(`publisher`, `entryid`) VALUES ('Surprenant Publishers.','1117');
INSERT INTO `entry`(`entryid`,`type`) VALUES('1118','b');
INSERT INTO `book`(`title`,`entryid`,`isbn`) VALUES('Cricket to spermatozoic Thunderstorm','1118','0571994117018');
INSERT INTO `genre_book`(`genre`, `entryid`) VALUES ('Sci-Fi','1118');
INSERT INTO `author_book`(`author`, `entryid`) VALUES ('Eden Stockham','1118');
INSERT INTO `publisher`(`name`) VALUES ('Malenke Inc.');
INSERT INTO `publisher_book`(`publisher`, `entryid`) VALUES ('Malenke Inc.','1118');
INSERT INTO `entry`(`entryid`,`type`) VALUES('1119','b');
INSERT INTO `book`(`title`,`entryid`,`isbn`) VALUES('Bail to blustery Area','1119','0914553100011');
INSERT INTO `genre_book`(`genre`, `entryid`) VALUES ('Education','1119');
INSERT INTO `author`(`name`,`birthyear`,`deathyear`) VALUES('Deanne Kleftogiannis','1920','1987');
INSERT INTO `author_book`(`author`, `entryid`) VALUES ('Deanne Kleftogiannis','1119');
INSERT INTO `publisher_book`(`publisher`, `entryid`) VALUES ('Hamers Inc.','1119');
INSERT INTO `entry`(`entryid`,`type`) VALUES('1120','b');
INSERT INTO `book`(`title`,`entryid`,`isbn`) VALUES('Snow by zoophoric Swordfish','1120','9321559676262');
INSERT INTO `genre_book`(`genre`, `entryid`) VALUES ('Sci-Fi','1120');
INSERT INTO `author_book`(`author`, `entryid`) VALUES ('Lavera Faycurry','1120');
INSERT INTO `publisher`(`name`) VALUES ('Naegle Publishers.');
INSERT INTO `publisher_book`(`publisher`, `entryid`) VALUES ('Naegle Publishers.','1120');
INSERT INTO `entry`(`entryid`,`type`) VALUES('1121','b');
INSERT INTO `book`(`title`,`entryid`,`isbn`) VALUES('Parsnip because of Pentelic Fiberglass','1121','0268677162788');
INSERT INTO `genre_book`(`genre`, `entryid`) VALUES ('Sci-Fi','1121');
INSERT INTO `author`(`name`,`birthyear`,`deathyear`) VALUES('Madeleine Holm','1910','1931');
INSERT INTO `author_book`(`author`, `entryid`) VALUES ('Madeleine Holm','1121');
INSERT INTO `publisher_book`(`publisher`, `entryid`) VALUES ('Ostwinkle Inc.','1121');
INSERT INTO `entry`(`entryid`,`type`) VALUES('1122','b');
INSERT INTO `book`(`title`,`entryid`,`isbn`) VALUES('Pumpkin against the Veil','1122','0822917807781');
INSERT INTO `genre_book`(`genre`, `entryid`) VALUES ('Thriller','1122');
INSERT INTO `author`(`name`,`birthyear`,`deathyear`) VALUES('Susannah Mcglockton','1931','2020');
INSERT INTO `author_book`(`author`, `entryid`) VALUES ('Susannah Mcglockton','1122');
INSERT INTO `publisher_book`(`publisher`, `entryid`) VALUES ('Sedor Cooperations.','1122');
INSERT INTO `entry`(`entryid`,`type`) VALUES('1123','b');
INSERT INTO `book`(`title`,`entryid`,`isbn`) VALUES('Slice because of magnetomotive Anger','1123','9363247861531');
INSERT INTO `genre_book`(`genre`, `entryid`) VALUES ('Romance','1123');
INSERT INTO `author`(`name`,`birthyear`,`deathyear`) VALUES('Hermila Schlabaugh','1959','1998');
INSERT INTO `author_book`(`author`, `entryid`) VALUES ('Hermila Schlabaugh','1123');
INSERT INTO `publisher_book`(`publisher`, `entryid`) VALUES ('Bookter Cooperations.','1123');
INSERT INTO `entry`(`entryid`,`type`) VALUES('1124','b');
INSERT INTO `book`(`title`,`entryid`,`isbn`) VALUES('Skate by unsolemn Fruit','1124','9838316141397');
INSERT INTO `genre_book`(`genre`, `entryid`) VALUES ('Horror','1124');
INSERT INTO `author`(`name`,`birthyear`,`deathyear`) VALUES('Sina Frederic','1965','2039');
INSERT INTO `author_book`(`author`, `entryid`) VALUES ('Sina Frederic','1124');
INSERT INTO `publisher_book`(`publisher`, `entryid`) VALUES ('Zapata Cooperations.','1124');
INSERT INTO `entry`(`entryid`,`type`) VALUES('1125','b');
INSERT INTO `book`(`title`,`entryid`,`isbn`) VALUES('Garden against the Rabbit','1125','0231063551513');
INSERT INTO `genre_book`(`genre`, `entryid`) VALUES ('Science','1125');
INSERT INTO `author`(`name`,`birthyear`,`deathyear`) VALUES('Theresa Jorda','1944','2019');
INSERT INTO `author_book`(`author`, `entryid`) VALUES ('Theresa Jorda','1125');
INSERT INTO `publisher_book`(`publisher`, `entryid`) VALUES ('Hochmuth Cooperations.','1125');
INSERT INTO `entry`(`entryid`,`type`) VALUES('1126','b');
INSERT INTO `book`(`title`,`entryid`,`isbn`) VALUES('Snowboarding in Aunt','1126','9093438212258');
INSERT INTO `genre_book`(`genre`, `entryid`) VALUES ('Thriller','1126');
INSERT INTO `author_book`(`author`, `entryid`) VALUES ('Aurelia Walljasper','1126');
INSERT INTO `publisher_book`(`publisher`, `entryid`) VALUES ('Deprez Publishers.','1126');
INSERT INTO `entry`(`entryid`,`type`) VALUES('1127','b');
INSERT INTO `book`(`title`,`entryid`,`isbn`) VALUES('License vs. Okra','1127','0733391981375');
INSERT INTO `genre_book`(`genre`, `entryid`) VALUES ('Horror','1127');
INSERT INTO `author`(`name`,`birthyear`,`deathyear`) VALUES('Jill Salvino','1908','1932');
INSERT INTO `author_book`(`author`, `entryid`) VALUES ('Jill Salvino','1127');
INSERT INTO `publisher`(`name`) VALUES ('Moncada Inc.');
INSERT INTO `publisher_book`(`publisher`, `entryid`) VALUES ('Moncada Inc.','1127');
INSERT INTO `entry`(`entryid`,`type`) VALUES('1128','b');
INSERT INTO `book`(`title`,`entryid`,`isbn`) VALUES('Yard and allometric Plasterboard','1128','9860216312356');
INSERT INTO `genre_book`(`genre`, `entryid`) VALUES ('Education','1128');
INSERT INTO `author`(`name`,`birthyear`,`deathyear`) VALUES('Hyacinth Mellin','1902','1957');
INSERT INTO `author_book`(`author`, `entryid`) VALUES ('Hyacinth Mellin','1128');
INSERT INTO `publisher`(`name`) VALUES ('Cutri Publishers.');
INSERT INTO `publisher_book`(`publisher`, `entryid`) VALUES ('Cutri Publishers.','1128');
INSERT INTO `entry`(`entryid`,`type`) VALUES('1129','b');
INSERT INTO `book`(`title`,`entryid`,`isbn`) VALUES('Creek with the dire Reduction','1129','9512715173350');
INSERT INTO `genre_book`(`genre`, `entryid`) VALUES ('Science','1129');
INSERT INTO `author`(`name`,`birthyear`,`deathyear`) VALUES('Drucilla Allstott','1931','2003');
INSERT INTO `author_book`(`author`, `entryid`) VALUES ('Drucilla Allstott','1129');
INSERT INTO `publisher_book`(`publisher`, `entryid`) VALUES ('Mclaurin Inc.','1129');
INSERT INTO `entry`(`entryid`,`type`) VALUES('1130','b');
INSERT INTO `book`(`title`,`entryid`,`isbn`) VALUES('Distributor in Dish','1130','0717304245027');
INSERT INTO `genre_book`(`genre`, `entryid`) VALUES ('Romance','1130');
INSERT INTO `author`(`name`,`birthyear`,`deathyear`) VALUES('Grisel Lozey','1894','1941');
INSERT INTO `author_book`(`author`, `entryid`) VALUES ('Grisel Lozey','1130');
INSERT INTO `publisher`(`name`) VALUES ('Schwaner Publishers.');
INSERT INTO `publisher_book`(`publisher`, `entryid`) VALUES ('Schwaner Publishers.','1130');
INSERT INTO `entry`(`entryid`,`type`) VALUES('1131','b');
INSERT INTO `book`(`title`,`entryid`,`isbn`) VALUES('Sail against the Statement','1131','0624803752478');
INSERT INTO `genre_book`(`genre`, `entryid`) VALUES ('Romance','1131');
INSERT INTO `author_book`(`author`, `entryid`) VALUES ('Slyvia Jendrick','1131');
INSERT INTO `publisher`(`name`) VALUES ('Tinin Cooperations.');
INSERT INTO `publisher_book`(`publisher`, `entryid`) VALUES ('Tinin Cooperations.','1131');
INSERT INTO `entry`(`entryid`,`type`) VALUES('1132','b');
INSERT INTO `book`(`title`,`entryid`,`isbn`) VALUES('Hill with Animal','1132','9140439674256');
INSERT INTO `genre_book`(`genre`, `entryid`) VALUES ('Science','1132');
INSERT INTO `author`(`name`,`birthyear`,`deathyear`) VALUES('Julene Hartleben','1933','1987');
INSERT INTO `author_book`(`author`, `entryid`) VALUES ('Julene Hartleben','1132');
INSERT INTO `publisher_book`(`publisher`, `entryid`) VALUES ('Cantlow Inc.','1132');
INSERT INTO `entry`(`entryid`,`type`) VALUES('1133','b');
INSERT INTO `book`(`title`,`entryid`,`isbn`) VALUES('Cone for the Stinger','1133','9122035484645');
INSERT INTO `genre_book`(`genre`, `entryid`) VALUES ('Sci-Fi','1133');
INSERT INTO `author_book`(`author`, `entryid`) VALUES ('Suanne Nasworthy','1133');
INSERT INTO `publisher_book`(`publisher`, `entryid`) VALUES ('Zapata Cooperations.','1133');
INSERT INTO `entry`(`entryid`,`type`) VALUES('1134','b');
INSERT INTO `book`(`title`,`entryid`,`isbn`) VALUES('Ceramic in psychosomatic Softdrink','1134','9356775063677');
INSERT INTO `genre_book`(`genre`, `entryid`) VALUES ('Sci-Fi','1134');
INSERT INTO `author_book`(`author`, `entryid`) VALUES ('Drucilla Allstott','1134');
INSERT INTO `publisher`(`name`) VALUES ('Cristo Inc.');
INSERT INTO `publisher_book`(`publisher`, `entryid`) VALUES ('Cristo Inc.','1134');
INSERT INTO `entry`(`entryid`,`type`) VALUES('1135','b');
INSERT INTO `book`(`title`,`entryid`,`isbn`) VALUES('Eyelash in ruderal Tights','1135','0244449816997');
INSERT INTO `genre_book`(`genre`, `entryid`) VALUES ('Adventure','1135');
INSERT INTO `author_book`(`author`, `entryid`) VALUES ('Han Karmely','1135');
INSERT INTO `publisher_book`(`publisher`, `entryid`) VALUES ('Rocconi Cooperations.','1135');
INSERT INTO `entry`(`entryid`,`type`) VALUES('1136','b');
INSERT INTO `book`(`title`,`entryid`,`isbn`) VALUES('Duckling with Tree','1136','0915011492027');
INSERT INTO `genre_book`(`genre`, `entryid`) VALUES ('Adventure','1136');
INSERT INTO `author`(`name`,`birthyear`,`deathyear`) VALUES('Dexter Caisse','1928','1972');
INSERT INTO `author_book`(`author`, `entryid`) VALUES ('Dexter Caisse','1136');
INSERT INTO `publisher`(`name`) VALUES ('Jeune Inc.');
INSERT INTO `publisher_book`(`publisher`, `entryid`) VALUES ('Jeune Inc.','1136');
INSERT INTO `entry`(`entryid`,`type`) VALUES('1137','b');
INSERT INTO `book`(`title`,`entryid`,`isbn`) VALUES('Food in rainbowy Blue','1137','9707247006041');
INSERT INTO `genre_book`(`genre`, `entryid`) VALUES ('Sci-Fi','1137');
INSERT INTO `author`(`name`,`birthyear`,`deathyear`) VALUES('Raymond Savic','1883','1962');
INSERT INTO `author_book`(`author`, `entryid`) VALUES ('Raymond Savic','1137');
INSERT INTO `publisher_book`(`publisher`, `entryid`) VALUES ('Mcmeen Publishers.','1137');
INSERT INTO `entry`(`entryid`,`type`) VALUES('1138','b');
INSERT INTO `book`(`title`,`entryid`,`isbn`) VALUES('Stock and the meridional Robin','1138','0329316056318');
INSERT INTO `genre_book`(`genre`, `entryid`) VALUES ('Science','1138');
INSERT INTO `author`(`name`,`birthyear`,`deathyear`) VALUES('Coreen Griffth','1882','1956');
INSERT INTO `author_book`(`author`, `entryid`) VALUES ('Coreen Griffth','1138');
INSERT INTO `publisher_book`(`publisher`, `entryid`) VALUES ('Ameduri Publishers.','1138');
INSERT INTO `entry`(`entryid`,`type`) VALUES('1139','b');
INSERT INTO `book`(`title`,`entryid`,`isbn`) VALUES('Reaction in self-reliant Jet','1139','0022721981593');
INSERT INTO `genre_book`(`genre`, `entryid`) VALUES ('Romance','1139');
INSERT INTO `author`(`name`,`birthyear`,`deathyear`) VALUES('Leon Quant','1941','2014');
INSERT INTO `author_book`(`author`, `entryid`) VALUES ('Leon Quant','1139');
INSERT INTO `publisher_book`(`publisher`, `entryid`) VALUES ('Cristo Inc.','1139');
INSERT INTO `entry`(`entryid`,`type`) VALUES('1140','b');
INSERT INTO `book`(`title`,`entryid`,`isbn`) VALUES('Banjo for radiotelegraphy Atom','1140','0299722252448');
INSERT INTO `genre_book`(`genre`, `entryid`) VALUES ('Sci-Fi','1140');
INSERT INTO `author_book`(`author`, `entryid`) VALUES ('Gloria Barrick','1140');
INSERT INTO `publisher_book`(`publisher`, `entryid`) VALUES ('Mccoil Cooperations.','1140');
INSERT INTO `entry`(`entryid`,`type`) VALUES('1141','b');
INSERT INTO `book`(`title`,`entryid`,`isbn`) VALUES('March in Pig','1141','9752636426733');
INSERT INTO `genre_book`(`genre`, `entryid`) VALUES ('Romance','1141');
INSERT INTO `author_book`(`author`, `entryid`) VALUES ('Bert Darity','1141');
INSERT INTO `publisher_book`(`publisher`, `entryid`) VALUES ('Mccoil Cooperations.','1141');
INSERT INTO `entry`(`entryid`,`type`) VALUES('1142','b');
INSERT INTO `book`(`title`,`entryid`,`isbn`) VALUES('Lift of dipnoan Commission','1142','0347625151466');
INSERT INTO `genre_book`(`genre`, `entryid`) VALUES ('Education','1142');
INSERT INTO `author`(`name`,`birthyear`,`deathyear`) VALUES('Josiah Ellestad','1893','1922');
INSERT INTO `author_book`(`author`, `entryid`) VALUES ('Josiah Ellestad','1142');
INSERT INTO `publisher_book`(`publisher`, `entryid`) VALUES ('Maronge Inc.','1142');
INSERT INTO `entry`(`entryid`,`type`) VALUES('1143','b');
INSERT INTO `book`(`title`,`entryid`,`isbn`) VALUES('Dress vs. downstair Caterpillar','1143','0898599212255');
INSERT INTO `genre_book`(`genre`, `entryid`) VALUES ('Science','1143');
INSERT INTO `author`(`name`,`birthyear`,`deathyear`) VALUES('Larita Smolnicky','1970','2045');
INSERT INTO `author_book`(`author`, `entryid`) VALUES ('Larita Smolnicky','1143');
INSERT INTO `publisher_book`(`publisher`, `entryid`) VALUES ('Cristo Inc.','1143');
INSERT INTO `entry`(`entryid`,`type`) VALUES('1144','b');
INSERT INTO `book`(`title`,`entryid`,`isbn`) VALUES('Noise of the clincher-built Pheasant','1144','0017850925846');
INSERT INTO `genre_book`(`genre`, `entryid`) VALUES ('Romance','1144');
INSERT INTO `author`(`name`,`birthyear`,`deathyear`) VALUES('Clotilde Beauvais','1916','1970');
INSERT INTO `author_book`(`author`, `entryid`) VALUES ('Clotilde Beauvais','1144');
INSERT INTO `publisher`(`name`) VALUES ('Crowner Cooperations.');
INSERT INTO `publisher_book`(`publisher`, `entryid`) VALUES ('Crowner Cooperations.','1144');
INSERT INTO `entry`(`entryid`,`type`) VALUES('1145','b');
INSERT INTO `book`(`title`,`entryid`,`isbn`) VALUES('Tendency of the passionate Oil','1145','0905066047332');
INSERT INTO `genre_book`(`genre`, `entryid`) VALUES ('Romance','1145');
INSERT INTO `author`(`name`,`birthyear`,`deathyear`) VALUES('Dalia Danza','1978','2026');
INSERT INTO `author_book`(`author`, `entryid`) VALUES ('Dalia Danza','1145');
INSERT INTO `publisher`(`name`) VALUES ('Kowalik Cooperations.');
INSERT INTO `publisher_book`(`publisher`, `entryid`) VALUES ('Kowalik Cooperations.','1145');
INSERT INTO `entry`(`entryid`,`type`) VALUES('1146','b');
INSERT INTO `book`(`title`,`entryid`,`isbn`) VALUES('Plantation in preventive Shell','1146','0904460557028');
INSERT INTO `genre_book`(`genre`, `entryid`) VALUES ('Romance','1146');
INSERT INTO `author`(`name`,`birthyear`,`deathyear`) VALUES('Adelia Manfre','1972','2063');
INSERT INTO `author_book`(`author`, `entryid`) VALUES ('Adelia Manfre','1146');
INSERT INTO `publisher`(`name`) VALUES ('Merckling Inc.');
INSERT INTO `publisher_book`(`publisher`, `entryid`) VALUES ('Merckling Inc.','1146');
INSERT INTO `entry`(`entryid`,`type`) VALUES('1147','b');
INSERT INTO `book`(`title`,`entryid`,`isbn`) VALUES('Offer to the Iron','1147','9983948381317');
INSERT INTO `genre_book`(`genre`, `entryid`) VALUES ('Horror','1147');
INSERT INTO `author_book`(`author`, `entryid`) VALUES ('Elaina Devenney','1147');
INSERT INTO `publisher_book`(`publisher`, `entryid`) VALUES ('Demore Inc.','1147');
INSERT INTO `entry`(`entryid`,`type`) VALUES('1148','b');
INSERT INTO `book`(`title`,`entryid`,`isbn`) VALUES('Rod with the mouldered Croissant','1148','0218096561331');
INSERT INTO `genre_book`(`genre`, `entryid`) VALUES ('Sci-Fi','1148');
INSERT INTO `author`(`name`,`birthyear`,`deathyear`) VALUES('Julia Fadeley','1910','1971');
INSERT INTO `author_book`(`author`, `entryid`) VALUES ('Julia Fadeley','1148');
INSERT INTO `publisher`(`name`) VALUES ('Padgett Cooperations.');
INSERT INTO `publisher_book`(`publisher`, `entryid`) VALUES ('Padgett Cooperations.','1148');
INSERT INTO `entry`(`entryid`,`type`) VALUES('1149','b');
INSERT INTO `book`(`title`,`entryid`,`isbn`) VALUES('Step-father in Jump','1149','0895957867979');
INSERT INTO `genre_book`(`genre`, `entryid`) VALUES ('Science','1149');
INSERT INTO `author_book`(`author`, `entryid`) VALUES ('Tim Tirrell','1149');
INSERT INTO `publisher_book`(`publisher`, `entryid`) VALUES ('Merckling Inc.','1149');
INSERT INTO `entry`(`entryid`,`type`) VALUES('1150','b');
INSERT INTO `book`(`title`,`entryid`,`isbn`) VALUES('United kingdom against crookback Tin','1150','9561436615389');
INSERT INTO `genre_book`(`genre`, `entryid`) VALUES ('Thriller','1150');
INSERT INTO `author`(`name`,`birthyear`,`deathyear`) VALUES('Rosette Tauzin','1973','1994');
INSERT INTO `author_book`(`author`, `entryid`) VALUES ('Rosette Tauzin','1150');
INSERT INTO `publisher_book`(`publisher`, `entryid`) VALUES ('Ostling Cooperations.','1150');
INSERT INTO `entry`(`entryid`,`type`) VALUES('1151','b');
INSERT INTO `book`(`title`,`entryid`,`isbn`) VALUES('Sharon against Flare','1151','9560324547090');
INSERT INTO `genre_book`(`genre`, `entryid`) VALUES ('Science','1151');
INSERT INTO `author`(`name`,`birthyear`,`deathyear`) VALUES('Imelda Chimento','1949','2008');
INSERT INTO `author_book`(`author`, `entryid`) VALUES ('Imelda Chimento','1151');
INSERT INTO `publisher_book`(`publisher`, `entryid`) VALUES ('Teisberg Publishers.','1151');
INSERT INTO `entry`(`entryid`,`type`) VALUES('1152','b');
INSERT INTO `book`(`title`,`entryid`,`isbn`) VALUES('Sardine for phraseologic Cicada','1152','9756013781154');
INSERT INTO `genre_book`(`genre`, `entryid`) VALUES ('Adventure','1152');
INSERT INTO `author_book`(`author`, `entryid`) VALUES ('Shanika Fearheller','1152');
INSERT INTO `publisher_book`(`publisher`, `entryid`) VALUES ('Edin Publishers.','1152');
INSERT INTO `entry`(`entryid`,`type`) VALUES('1153','b');
INSERT INTO `book`(`title`,`entryid`,`isbn`) VALUES('Tanzania with the Basket','1153','9298591833001');
INSERT INTO `genre_book`(`genre`, `entryid`) VALUES ('Romance','1153');
INSERT INTO `author`(`name`,`birthyear`,`deathyear`) VALUES('Bonita Cola','1959','2032');
INSERT INTO `author_book`(`author`, `entryid`) VALUES ('Bonita Cola','1153');
INSERT INTO `publisher_book`(`publisher`, `entryid`) VALUES ('Hamers Inc.','1153');
INSERT INTO `entry`(`entryid`,`type`) VALUES('1154','b');
INSERT INTO `book`(`title`,`entryid`,`isbn`) VALUES('Archeology because of Patricia','1154','0505120093479');
INSERT INTO `genre_book`(`genre`, `entryid`) VALUES ('Adventure','1154');
INSERT INTO `author`(`name`,`birthyear`,`deathyear`) VALUES('Laurence Bonder','1907','1941');
INSERT INTO `author_book`(`author`, `entryid`) VALUES ('Laurence Bonder','1154');
INSERT INTO `publisher`(`name`) VALUES ('Losee Publishers.');
INSERT INTO `publisher_book`(`publisher`, `entryid`) VALUES ('Losee Publishers.','1154');
INSERT INTO `entry`(`entryid`,`type`) VALUES('1155','b');
INSERT INTO `book`(`title`,`entryid`,`isbn`) VALUES('File against Property','1155','9519917777682');
INSERT INTO `genre_book`(`genre`, `entryid`) VALUES ('Thriller','1155');
INSERT INTO `author`(`name`,`birthyear`,`deathyear`) VALUES('Melinda Ontiveros','1925','1953');
INSERT INTO `author_book`(`author`, `entryid`) VALUES ('Melinda Ontiveros','1155');
INSERT INTO `publisher_book`(`publisher`, `entryid`) VALUES ('Schoo Cooperations.','1155');
INSERT INTO `entry`(`entryid`,`type`) VALUES('1156','b');
INSERT INTO `book`(`title`,`entryid`,`isbn`) VALUES('Digger with tertiary Wing','1156','9696678960837');
INSERT INTO `genre_book`(`genre`, `entryid`) VALUES ('Education','1156');
INSERT INTO `author`(`name`,`birthyear`,`deathyear`) VALUES('Kennith Kreutzer','1931','2023');
INSERT INTO `author_book`(`author`, `entryid`) VALUES ('Kennith Kreutzer','1156');
INSERT INTO `publisher`(`name`) VALUES ('Iwata Inc.');
INSERT INTO `publisher_book`(`publisher`, `entryid`) VALUES ('Iwata Inc.','1156');
INSERT INTO `entry`(`entryid`,`type`) VALUES('1157','b');
INSERT INTO `book`(`title`,`entryid`,`isbn`) VALUES('Maple and submontane Crayon','1157','9961615086697');
INSERT INTO `genre_book`(`genre`, `entryid`) VALUES ('Sci-Fi','1157');
INSERT INTO `author`(`name`,`birthyear`,`deathyear`) VALUES('Vennie Foust','1898','1977');
INSERT INTO `author_book`(`author`, `entryid`) VALUES ('Vennie Foust','1157');
INSERT INTO `publisher_book`(`publisher`, `entryid`) VALUES ('Iwata Inc.','1157');
INSERT INTO `entry`(`entryid`,`type`) VALUES('1158','b');
INSERT INTO `book`(`title`,`entryid`,`isbn`) VALUES('Teller for alluvial Learning','1158','0263048433768');
INSERT INTO `genre_book`(`genre`, `entryid`) VALUES ('Horror','1158');
INSERT INTO `author`(`name`,`birthyear`,`deathyear`) VALUES('Tereasa New','1914','1957');
INSERT INTO `author_book`(`author`, `entryid`) VALUES ('Tereasa New','1158');
INSERT INTO `publisher_book`(`publisher`, `entryid`) VALUES ('Koury Inc.','1158');
INSERT INTO `entry`(`entryid`,`type`) VALUES('1159','b');
INSERT INTO `book`(`title`,`entryid`,`isbn`) VALUES('Tights vs. imaginary Stove','1159','9310255594106');
INSERT INTO `genre_book`(`genre`, `entryid`) VALUES ('Adventure','1159');
INSERT INTO `author_book`(`author`, `entryid`) VALUES ('Jonah Morgandi','1159');
INSERT INTO `publisher_book`(`publisher`, `entryid`) VALUES ('Bowlin Publishers.','1159');
INSERT INTO `entry`(`entryid`,`type`) VALUES('1160','b');
INSERT INTO `book`(`title`,`entryid`,`isbn`) VALUES('Hedge by the czarist Business','1160','0864202692359');
INSERT INTO `genre_book`(`genre`, `entryid`) VALUES ('Education','1160');
INSERT INTO `author`(`name`,`birthyear`,`deathyear`) VALUES('Shawana Merryman','1973','2058');
INSERT INTO `author_book`(`author`, `entryid`) VALUES ('Shawana Merryman','1160');
INSERT INTO `publisher`(`name`) VALUES ('Bartolomei Cooperations.');
INSERT INTO `publisher_book`(`publisher`, `entryid`) VALUES ('Bartolomei Cooperations.','1160');
INSERT INTO `entry`(`entryid`,`type`) VALUES('1161','b');
INSERT INTO `book`(`title`,`entryid`,`isbn`) VALUES('Input because of fair-haired Chard','1161','0692224520933');
INSERT INTO `genre_book`(`genre`, `entryid`) VALUES ('Romance','1161');
INSERT INTO `author_book`(`author`, `entryid`) VALUES ('Ila Carosiello','1161');
INSERT INTO `publisher`(`name`) VALUES ('Aikens Inc.');
INSERT INTO `publisher_book`(`publisher`, `entryid`) VALUES ('Aikens Inc.','1161');
INSERT INTO `entry`(`entryid`,`type`) VALUES('1162','b');
INSERT INTO `book`(`title`,`entryid`,`isbn`) VALUES('Mustard and the Rifle','1162','0267818670066');
INSERT INTO `genre_book`(`genre`, `entryid`) VALUES ('Horror','1162');
INSERT INTO `author`(`name`,`birthyear`,`deathyear`) VALUES('Garnet Cherebin','1913','1997');
INSERT INTO `author_book`(`author`, `entryid`) VALUES ('Garnet Cherebin','1162');
INSERT INTO `publisher_book`(`publisher`, `entryid`) VALUES ('Edin Publishers.','1162');
INSERT INTO `entry`(`entryid`,`type`) VALUES('1163','b');
INSERT INTO `book`(`title`,`entryid`,`isbn`) VALUES('Vegetarian with Waterfall','1163','9874141971533');
INSERT INTO `genre_book`(`genre`, `entryid`) VALUES ('Education','1163');
INSERT INTO `author`(`name`,`birthyear`,`deathyear`) VALUES('Terra Duong','1901','1945');
INSERT INTO `author_book`(`author`, `entryid`) VALUES ('Terra Duong','1163');
INSERT INTO `publisher_book`(`publisher`, `entryid`) VALUES ('Olcus Publishers.','1163');
INSERT INTO `entry`(`entryid`,`type`) VALUES('1164','b');
INSERT INTO `book`(`title`,`entryid`,`isbn`) VALUES('Blinker vs. Trout','1164','0782830838149');
INSERT INTO `genre_book`(`genre`, `entryid`) VALUES ('Education','1164');
INSERT INTO `author_book`(`author`, `entryid`) VALUES ('Brittny Boyar','1164');
INSERT INTO `publisher_book`(`publisher`, `entryid`) VALUES ('Niforos Publishers.','1164');
INSERT INTO `entry`(`entryid`,`type`) VALUES('1165','b');
INSERT INTO `book`(`title`,`entryid`,`isbn`) VALUES('Cardigan with Sponge','1165','9721764814479');
INSERT INTO `genre_book`(`genre`, `entryid`) VALUES ('Adventure','1165');
INSERT INTO `author`(`name`,`birthyear`,`deathyear`) VALUES('Calista Haberman','1895','1975');
INSERT INTO `author_book`(`author`, `entryid`) VALUES ('Calista Haberman','1165');
INSERT INTO `publisher_book`(`publisher`, `entryid`) VALUES ('Mcmeen Publishers.','1165');
INSERT INTO `entry`(`entryid`,`type`) VALUES('1166','b');
INSERT INTO `book`(`title`,`entryid`,`isbn`) VALUES('Soybean to the Operation','1166','0113399361537');
INSERT INTO `genre_book`(`genre`, `entryid`) VALUES ('Science','1166');
INSERT INTO `author_book`(`author`, `entryid`) VALUES ('Brittny Boyar','1166');
INSERT INTO `publisher_book`(`publisher`, `entryid`) VALUES ('Rocconi Cooperations.','1166');
INSERT INTO `entry`(`entryid`,`type`) VALUES('1167','b');
INSERT INTO `book`(`title`,`entryid`,`isbn`) VALUES('Chemistry by uncorseted Bestseller','1167','0148594953662');
INSERT INTO `genre_book`(`genre`, `entryid`) VALUES ('Romance','1167');
INSERT INTO `author`(`name`,`birthyear`,`deathyear`) VALUES('Rob Cimmino','1914','2011');
INSERT INTO `author_book`(`author`, `entryid`) VALUES ('Rob Cimmino','1167');
INSERT INTO `publisher_book`(`publisher`, `entryid`) VALUES ('Niforos Publishers.','1167');
INSERT INTO `entry`(`entryid`,`type`) VALUES('1168','b');
INSERT INTO `book`(`title`,`entryid`,`isbn`) VALUES('Grandson by Graphic','1168','0339168964439');
INSERT INTO `genre_book`(`genre`, `entryid`) VALUES ('Adventure','1168');
INSERT INTO `author`(`name`,`birthyear`,`deathyear`) VALUES('Kathline Santucci','1909','1996');
INSERT INTO `author_book`(`author`, `entryid`) VALUES ('Kathline Santucci','1168');
INSERT INTO `publisher_book`(`publisher`, `entryid`) VALUES ('Mikhail Cooperations.','1168');
INSERT INTO `entry`(`entryid`,`type`) VALUES('1169','b');
INSERT INTO `book`(`title`,`entryid`,`isbn`) VALUES('Shovel of the Traffic','1169','0398852449977');
INSERT INTO `genre_book`(`genre`, `entryid`) VALUES ('Education','1169');
INSERT INTO `author`(`name`,`birthyear`,`deathyear`) VALUES('Murray Rioux','1942','1963');
INSERT INTO `author_book`(`author`, `entryid`) VALUES ('Murray Rioux','1169');
INSERT INTO `publisher_book`(`publisher`, `entryid`) VALUES ('Dewaratanawan Inc.','1169');
INSERT INTO `entry`(`entryid`,`type`) VALUES('1170','b');
INSERT INTO `book`(`title`,`entryid`,`isbn`) VALUES('Thunderstorm vs. premonitory Parallelogram','1170','0838068115881');
INSERT INTO `genre_book`(`genre`, `entryid`) VALUES ('Thriller','1170');
INSERT INTO `author_book`(`author`, `entryid`) VALUES ('Bert Darity','1170');
INSERT INTO `publisher_book`(`publisher`, `entryid`) VALUES ('Rocconi Cooperations.','1170');
INSERT INTO `entry`(`entryid`,`type`) VALUES('1171','b');
INSERT INTO `book`(`title`,`entryid`,`isbn`) VALUES('Shampoo in Multi-hop','1171','0387882651807');
INSERT INTO `genre_book`(`genre`, `entryid`) VALUES ('Thriller','1171');
INSERT INTO `author`(`name`,`birthyear`,`deathyear`) VALUES('Lindsay Delong','1910','1999');
INSERT INTO `author_book`(`author`, `entryid`) VALUES ('Lindsay Delong','1171');
INSERT INTO `publisher_book`(`publisher`, `entryid`) VALUES ('Teisberg Publishers.','1171');
INSERT INTO `entry`(`entryid`,`type`) VALUES('1172','b');
INSERT INTO `book`(`title`,`entryid`,`isbn`) VALUES('Millennium vs. multiseriate Pasta','1172','9033581958237');
INSERT INTO `genre_book`(`genre`, `entryid`) VALUES ('Adventure','1172');
INSERT INTO `author_book`(`author`, `entryid`) VALUES ('Tim Tirrell','1172');
INSERT INTO `publisher_book`(`publisher`, `entryid`) VALUES ('Samrah Inc.','1172');
INSERT INTO `entry`(`entryid`,`type`) VALUES('1173','b');
INSERT INTO `book`(`title`,`entryid`,`isbn`) VALUES('Ravioli vs. muskier Employee','1173','0227540068209');
INSERT INTO `genre_book`(`genre`, `entryid`) VALUES ('Sci-Fi','1173');
INSERT INTO `author_book`(`author`, `entryid`) VALUES ('Lavera Faycurry','1173');
INSERT INTO `publisher_book`(`publisher`, `entryid`) VALUES ('Kresha Inc.','1173');
INSERT INTO `entry`(`entryid`,`type`) VALUES('1174','b');
INSERT INTO `book`(`title`,`entryid`,`isbn`) VALUES('Uncle vs. Aunt','1174','9287027288138');
INSERT INTO `genre_book`(`genre`, `entryid`) VALUES ('Science','1174');
INSERT INTO `author`(`name`,`birthyear`,`deathyear`) VALUES('Marry Bontemps','1899','1998');
INSERT INTO `author_book`(`author`, `entryid`) VALUES ('Marry Bontemps','1174');
INSERT INTO `publisher_book`(`publisher`, `entryid`) VALUES ('Olcus Publishers.','1174');
INSERT INTO `entry`(`entryid`,`type`) VALUES('1175','b');
INSERT INTO `book`(`title`,`entryid`,`isbn`) VALUES('Banjo to the Shock','1175','9288526523193');
INSERT INTO `genre_book`(`genre`, `entryid`) VALUES ('Sci-Fi','1175');
INSERT INTO `author`(`name`,`birthyear`,`deathyear`) VALUES('Rafael Szeto','1893','1966');
INSERT INTO `author_book`(`author`, `entryid`) VALUES ('Rafael Szeto','1175');
INSERT INTO `publisher_book`(`publisher`, `entryid`) VALUES ('Sandling Publishers.','1175');
INSERT INTO `entry`(`entryid`,`type`) VALUES('1176','b');
INSERT INTO `book`(`title`,`entryid`,`isbn`) VALUES('Entrance by cinereous Lan','1176','9782264000412');
INSERT INTO `genre_book`(`genre`, `entryid`) VALUES ('Horror','1176');
INSERT INTO `author`(`name`,`birthyear`,`deathyear`) VALUES('Sherron Scruggs','1930','1992');
INSERT INTO `author_book`(`author`, `entryid`) VALUES ('Sherron Scruggs','1176');
INSERT INTO `publisher`(`name`) VALUES ('Yi Cooperations.');
INSERT INTO `publisher_book`(`publisher`, `entryid`) VALUES ('Yi Cooperations.','1176');
INSERT INTO `entry`(`entryid`,`type`) VALUES('1177','b');
INSERT INTO `book`(`title`,`entryid`,`isbn`) VALUES('Alarm and the Cupboard','1177','9059440546025');
INSERT INTO `genre_book`(`genre`, `entryid`) VALUES ('Romance','1177');
INSERT INTO `author`(`name`,`birthyear`,`deathyear`) VALUES('Hoa Woodson','1908','1934');
INSERT INTO `author_book`(`author`, `entryid`) VALUES ('Hoa Woodson','1177');
INSERT INTO `publisher_book`(`publisher`, `entryid`) VALUES ('Cutri Publishers.','1177');
INSERT INTO `entry`(`entryid`,`type`) VALUES('1178','b');
INSERT INTO `book`(`title`,`entryid`,`isbn`) VALUES('Lake of baffling Poet','1178','9222692858752');
INSERT INTO `genre_book`(`genre`, `entryid`) VALUES ('Thriller','1178');
INSERT INTO `author_book`(`author`, `entryid`) VALUES ('Marietta Roen','1178');
INSERT INTO `publisher_book`(`publisher`, `entryid`) VALUES ('Schorsch Cooperations.','1178');
INSERT INTO `entry`(`entryid`,`type`) VALUES('1179','b');
INSERT INTO `book`(`title`,`entryid`,`isbn`) VALUES('Tenor by the Disgust','1179','0003167093123');
INSERT INTO `genre_book`(`genre`, `entryid`) VALUES ('Horror','1179');
INSERT INTO `author`(`name`,`birthyear`,`deathyear`) VALUES('Arlean Wallenbrock','1942','1968');
INSERT INTO `author_book`(`author`, `entryid`) VALUES ('Arlean Wallenbrock','1179');
INSERT INTO `publisher_book`(`publisher`, `entryid`) VALUES ('Schwaner Publishers.','1179');
INSERT INTO `entry`(`entryid`,`type`) VALUES('1180','b');
INSERT INTO `book`(`title`,`entryid`,`isbn`) VALUES('Balloon and the apical Romanian','1180','0955262606228');
INSERT INTO `genre_book`(`genre`, `entryid`) VALUES ('Education','1180');
INSERT INTO `author`(`name`,`birthyear`,`deathyear`) VALUES('Laureen Bartoli','1907','1939');
INSERT INTO `author_book`(`author`, `entryid`) VALUES ('Laureen Bartoli','1180');
INSERT INTO `publisher`(`name`) VALUES ('Stukes Publishers.');
INSERT INTO `publisher_book`(`publisher`, `entryid`) VALUES ('Stukes Publishers.','1180');
INSERT INTO `entry`(`entryid`,`type`) VALUES('1181','b');
INSERT INTO `book`(`title`,`entryid`,`isbn`) VALUES('Rectangle in Carpenter','1181','9848151756994');
INSERT INTO `genre_book`(`genre`, `entryid`) VALUES ('Adventure','1181');
INSERT INTO `author`(`name`,`birthyear`,`deathyear`) VALUES('Gita Rarang','1917','2017');
INSERT INTO `author_book`(`author`, `entryid`) VALUES ('Gita Rarang','1181');
INSERT INTO `publisher_book`(`publisher`, `entryid`) VALUES ('Flenaugh Publishers.','1181');
INSERT INTO `entry`(`entryid`,`type`) VALUES('1182','b');
INSERT INTO `book`(`title`,`entryid`,`isbn`) VALUES('Stone in Salt','1182','0523196523147');
INSERT INTO `genre_book`(`genre`, `entryid`) VALUES ('Romance','1182');
INSERT INTO `author`(`name`,`birthyear`,`deathyear`) VALUES('Shanon Groetken','1974','2067');
INSERT INTO `author_book`(`author`, `entryid`) VALUES ('Shanon Groetken','1182');
INSERT INTO `publisher_book`(`publisher`, `entryid`) VALUES ('Koury Inc.','1182');
INSERT INTO `entry`(`entryid`,`type`) VALUES('1183','b');
INSERT INTO `book`(`title`,`entryid`,`isbn`) VALUES('Check with the Duckling','1183','0170519008964');
INSERT INTO `genre_book`(`genre`, `entryid`) VALUES ('Thriller','1183');
INSERT INTO `author`(`name`,`birthyear`,`deathyear`) VALUES('Velma Philson','1964','2041');
INSERT INTO `author_book`(`author`, `entryid`) VALUES ('Velma Philson','1183');
INSERT INTO `publisher_book`(`publisher`, `entryid`) VALUES ('Vanderheiden Inc.','1183');
INSERT INTO `entry`(`entryid`,`type`) VALUES('1184','b');
INSERT INTO `book`(`title`,`entryid`,`isbn`) VALUES('Watch for the monophonic Creator','1184','9798185309998');
INSERT INTO `genre_book`(`genre`, `entryid`) VALUES ('Education','1184');
INSERT INTO `author`(`name`,`birthyear`,`deathyear`) VALUES('Jayne Winkles','1912','1944');
INSERT INTO `author_book`(`author`, `entryid`) VALUES ('Jayne Winkles','1184');
INSERT INTO `publisher_book`(`publisher`, `entryid`) VALUES ('Cutri Publishers.','1184');
INSERT INTO `entry`(`entryid`,`type`) VALUES('1185','b');
INSERT INTO `book`(`title`,`entryid`,`isbn`) VALUES('Sail because of Kitty','1185','0222166008816');
INSERT INTO `genre_book`(`genre`, `entryid`) VALUES ('Adventure','1185');
INSERT INTO `author_book`(`author`, `entryid`) VALUES ('Su Glidden','1185');
INSERT INTO `publisher_book`(`publisher`, `entryid`) VALUES ('Nocito Publishers.','1185');
INSERT INTO `entry`(`entryid`,`type`) VALUES('1186','b');
INSERT INTO `book`(`title`,`entryid`,`isbn`) VALUES('Trick and the Bumper','1186','0517455846395');
INSERT INTO `genre_book`(`genre`, `entryid`) VALUES ('Horror','1186');
INSERT INTO `author`(`name`,`birthyear`,`deathyear`) VALUES('Arvilla Spicer','1915','1965');
INSERT INTO `author_book`(`author`, `entryid`) VALUES ('Arvilla Spicer','1186');
INSERT INTO `publisher_book`(`publisher`, `entryid`) VALUES ('Weisholz Publishers.','1186');
INSERT INTO `entry`(`entryid`,`type`) VALUES('1187','b');
INSERT INTO `book`(`title`,`entryid`,`isbn`) VALUES('Breath and the Sail','1187','9117222191294');
INSERT INTO `genre_book`(`genre`, `entryid`) VALUES ('Science','1187');
INSERT INTO `author`(`name`,`birthyear`,`deathyear`) VALUES('Britney Coca','1973','2040');
INSERT INTO `author_book`(`author`, `entryid`) VALUES ('Britney Coca','1187');
INSERT INTO `publisher_book`(`publisher`, `entryid`) VALUES ('Virrey Publishers.','1187');
INSERT INTO `entry`(`entryid`,`type`) VALUES('1188','b');
INSERT INTO `book`(`title`,`entryid`,`isbn`) VALUES('Club by adenoid Grill','1188','0265265134439');
INSERT INTO `genre_book`(`genre`, `entryid`) VALUES ('Horror','1188');
INSERT INTO `author_book`(`author`, `entryid`) VALUES ('Arlean Wallenbrock','1188');
INSERT INTO `publisher`(`name`) VALUES ('Piede Publishers.');
INSERT INTO `publisher_book`(`publisher`, `entryid`) VALUES ('Piede Publishers.','1188');
INSERT INTO `entry`(`entryid`,`type`) VALUES('1189','b');
INSERT INTO `book`(`title`,`entryid`,`isbn`) VALUES('Hole by the perished Structure','1189','9807799360621');
INSERT INTO `genre_book`(`genre`, `entryid`) VALUES ('Sci-Fi','1189');
INSERT INTO `author`(`name`,`birthyear`,`deathyear`) VALUES('Len Guariglio','1933','2026');
INSERT INTO `author_book`(`author`, `entryid`) VALUES ('Len Guariglio','1189');
INSERT INTO `publisher_book`(`publisher`, `entryid`) VALUES ('Trucchio Cooperations.','1189');
INSERT INTO `entry`(`entryid`,`type`) VALUES('1190','b');
INSERT INTO `book`(`title`,`entryid`,`isbn`) VALUES('Maria vs. Pet','1190','0977871809402');
INSERT INTO `genre_book`(`genre`, `entryid`) VALUES ('Romance','1190');
INSERT INTO `author_book`(`author`, `entryid`) VALUES ('Walter Balk','1190');
INSERT INTO `publisher_book`(`publisher`, `entryid`) VALUES ('Aikens Inc.','1190');
INSERT INTO `entry`(`entryid`,`type`) VALUES('1191','b');
INSERT INTO `book`(`title`,`entryid`,`isbn`) VALUES('Lyric to Use','1191','9053437363129');
INSERT INTO `genre_book`(`genre`, `entryid`) VALUES ('Science','1191');
INSERT INTO `author`(`name`,`birthyear`,`deathyear`) VALUES('Joel Inestroza','1900','1945');
INSERT INTO `author_book`(`author`, `entryid`) VALUES ('Joel Inestroza','1191');
INSERT INTO `publisher_book`(`publisher`, `entryid`) VALUES ('Deprez Publishers.','1191');
INSERT INTO `entry`(`entryid`,`type`) VALUES('1192','b');
INSERT INTO `book`(`title`,`entryid`,`isbn`) VALUES('Clam and floriated Faucet','1192','9476199891976');
INSERT INTO `genre_book`(`genre`, `entryid`) VALUES ('Horror','1192');
INSERT INTO `author`(`name`,`birthyear`,`deathyear`) VALUES('Billy Woolverton','1950','2029');
INSERT INTO `author_book`(`author`, `entryid`) VALUES ('Billy Woolverton','1192');
INSERT INTO `publisher_book`(`publisher`, `entryid`) VALUES ('Chrisco Publishers.','1192');
INSERT INTO `entry`(`entryid`,`type`) VALUES('1193','b');
INSERT INTO `book`(`title`,`entryid`,`isbn`) VALUES('Bass by the gelatinous Church','1193','0037290110404');
INSERT INTO `genre_book`(`genre`, `entryid`) VALUES ('Horror','1193');
INSERT INTO `author`(`name`,`birthyear`,`deathyear`) VALUES('Reba Fontanella','1929','1979');
INSERT INTO `author_book`(`author`, `entryid`) VALUES ('Reba Fontanella','1193');
INSERT INTO `publisher_book`(`publisher`, `entryid`) VALUES ('Dewaratanawan Inc.','1193');
INSERT INTO `entry`(`entryid`,`type`) VALUES('1194','b');
INSERT INTO `book`(`title`,`entryid`,`isbn`) VALUES('German in the Lawyer','1194','9006375935297');
INSERT INTO `genre_book`(`genre`, `entryid`) VALUES ('Sci-Fi','1194');
INSERT INTO `author_book`(`author`, `entryid`) VALUES ('Velma Philson','1194');
INSERT INTO `publisher_book`(`publisher`, `entryid`) VALUES ('Declercq Publishers.','1194');
INSERT INTO `entry`(`entryid`,`type`) VALUES('1195','b');
INSERT INTO `book`(`title`,`entryid`,`isbn`) VALUES('Flight with antic Signature','1195','9741689977719');
INSERT INTO `genre_book`(`genre`, `entryid`) VALUES ('Thriller','1195');
INSERT INTO `author`(`name`,`birthyear`,`deathyear`) VALUES('Marjory Entwistle','1974','2003');
INSERT INTO `author_book`(`author`, `entryid`) VALUES ('Marjory Entwistle','1195');
INSERT INTO `publisher_book`(`publisher`, `entryid`) VALUES ('Zalesky Publishers.','1195');
INSERT INTO `entry`(`entryid`,`type`) VALUES('1196','b');
INSERT INTO `book`(`title`,`entryid`,`isbn`) VALUES('Lightning for the phenetic Seaplane','1196','0756367419536');
INSERT INTO `genre_book`(`genre`, `entryid`) VALUES ('Education','1196');
INSERT INTO `author_book`(`author`, `entryid`) VALUES ('Charity Formaggioni','1196');
INSERT INTO `publisher_book`(`publisher`, `entryid`) VALUES ('Zapata Cooperations.','1196');
INSERT INTO `entry`(`entryid`,`type`) VALUES('1197','b');
INSERT INTO `book`(`title`,`entryid`,`isbn`) VALUES('Step-son in inferrible Meteorology','1197','9334561048720');
INSERT INTO `genre_book`(`genre`, `entryid`) VALUES ('Horror','1197');
INSERT INTO `author_book`(`author`, `entryid`) VALUES ('Julene Hartleben','1197');
INSERT INTO `publisher_book`(`publisher`, `entryid`) VALUES ('Mikhail Cooperations.','1197');
INSERT INTO `entry`(`entryid`,`type`) VALUES('1198','b');
INSERT INTO `book`(`title`,`entryid`,`isbn`) VALUES('Grease of nationalist Cement','1198','0823234139060');
INSERT INTO `genre_book`(`genre`, `entryid`) VALUES ('Thriller','1198');
INSERT INTO `author`(`name`,`birthyear`,`deathyear`) VALUES('Christiana Broomhead','1952','2013');
INSERT INTO `author_book`(`author`, `entryid`) VALUES ('Christiana Broomhead','1198');
INSERT INTO `publisher_book`(`publisher`, `entryid`) VALUES ('Surprenant Publishers.','1198');
INSERT INTO `entry`(`entryid`,`type`) VALUES('1199','b');
INSERT INTO `book`(`title`,`entryid`,`isbn`) VALUES('Love with the subcontiguous United kingdom','1199','0600825129516');
INSERT INTO `genre_book`(`genre`, `entryid`) VALUES ('Horror','1199');
INSERT INTO `author_book`(`author`, `entryid`) VALUES ('Dalia Danza','1199');
INSERT INTO `publisher_book`(`publisher`, `entryid`) VALUES ('Yi Cooperations.','1199');
INSERT INTO `entry`(`entryid`,`type`) VALUES('1200','b');
INSERT INTO `book`(`title`,`entryid`,`isbn`) VALUES('Hen in Balloon','1200','9347671748538');
INSERT INTO `genre_book`(`genre`, `entryid`) VALUES ('Sci-Fi','1200');
INSERT INTO `author_book`(`author`, `entryid`) VALUES ('Mozell Hudnall','1200');
INSERT INTO `publisher_book`(`publisher`, `entryid`) VALUES ('Vanderheiden Inc.','1200');
INSERT INTO `entry`(`entryid`,`type`) VALUES('1201','b');
INSERT INTO `book`(`title`,`entryid`,`isbn`) VALUES('Bottom to the globoid Reminder','1201','9705346090014');
INSERT INTO `genre_book`(`genre`, `entryid`) VALUES ('Romance','1201');
INSERT INTO `author_book`(`author`, `entryid`) VALUES ('Meta Marxen','1201');
INSERT INTO `publisher_book`(`publisher`, `entryid`) VALUES ('Stukes Publishers.','1201');
INSERT INTO `entry`(`entryid`,`type`) VALUES('1202','b');
INSERT INTO `book`(`title`,`entryid`,`isbn`) VALUES('Sand in platitudinous Mass','1202','0978146661793');
INSERT INTO `genre_book`(`genre`, `entryid`) VALUES ('Education','1202');
INSERT INTO `author`(`name`,`birthyear`,`deathyear`) VALUES('Luetta Samra','1939','2027');
INSERT INTO `author_book`(`author`, `entryid`) VALUES ('Luetta Samra','1202');
INSERT INTO `publisher_book`(`publisher`, `entryid`) VALUES ('Ameduri Publishers.','1202');
INSERT INTO `entry`(`entryid`,`type`) VALUES('1203','b');
INSERT INTO `book`(`title`,`entryid`,`isbn`) VALUES('Breakfast to the viscous Rooster','1203','9917318583170');
INSERT INTO `genre_book`(`genre`, `entryid`) VALUES ('Horror','1203');
INSERT INTO `author`(`name`,`birthyear`,`deathyear`) VALUES('Loma Crebs','1938','2005');
INSERT INTO `author_book`(`author`, `entryid`) VALUES ('Loma Crebs','1203');
INSERT INTO `publisher_book`(`publisher`, `entryid`) VALUES ('Maronge Inc.','1203');
INSERT INTO `entry`(`entryid`,`type`) VALUES('1204','b');
INSERT INTO `book`(`title`,`entryid`,`isbn`) VALUES('Bagel to the authentic Sound','1204','9065194413440');
INSERT INTO `genre_book`(`genre`, `entryid`) VALUES ('Adventure','1204');
INSERT INTO `author`(`name`,`birthyear`,`deathyear`) VALUES('Helga Pulos','1897','1925');
INSERT INTO `author_book`(`author`, `entryid`) VALUES ('Helga Pulos','1204');
INSERT INTO `publisher_book`(`publisher`, `entryid`) VALUES ('Olcus Publishers.','1204');
INSERT INTO `entry`(`entryid`,`type`) VALUES('1205','b');
INSERT INTO `book`(`title`,`entryid`,`isbn`) VALUES('Lemonade against the grey Body','1205','9827683301519');
INSERT INTO `genre_book`(`genre`, `entryid`) VALUES ('Adventure','1205');
INSERT INTO `author`(`name`,`birthyear`,`deathyear`) VALUES('Vicki Pinc','1962','1994');
INSERT INTO `author_book`(`author`, `entryid`) VALUES ('Vicki Pinc','1205');
INSERT INTO `publisher_book`(`publisher`, `entryid`) VALUES ('Vanderheiden Inc.','1205');
INSERT INTO `entry`(`entryid`,`type`) VALUES('1206','b');
INSERT INTO `book`(`title`,`entryid`,`isbn`) VALUES('Sex for the Boot','1206','0140715700622');
INSERT INTO `genre_book`(`genre`, `entryid`) VALUES ('Romance','1206');
INSERT INTO `author_book`(`author`, `entryid`) VALUES ('Jimmy Pikkarainen','1206');
INSERT INTO `publisher_book`(`publisher`, `entryid`) VALUES ('Deprez Publishers.','1206');
INSERT INTO `entry`(`entryid`,`type`) VALUES('1207','b');
INSERT INTO `book`(`title`,`entryid`,`isbn`) VALUES('Chocolate against the Course','1207','9827528147583');
INSERT INTO `genre_book`(`genre`, `entryid`) VALUES ('Adventure','1207');
INSERT INTO `author`(`name`,`birthyear`,`deathyear`) VALUES('Nikki Zawislak','1936','1967');
INSERT INTO `author_book`(`author`, `entryid`) VALUES ('Nikki Zawislak','1207');
INSERT INTO `publisher`(`name`) VALUES ('Gregas Cooperations.');
INSERT INTO `publisher_book`(`publisher`, `entryid`) VALUES ('Gregas Cooperations.','1207');
INSERT INTO `entry`(`entryid`,`type`) VALUES('1208','b');
INSERT INTO `book`(`title`,`entryid`,`isbn`) VALUES('Time for the Advertisement','1208','9440552894463');
INSERT INTO `genre_book`(`genre`, `entryid`) VALUES ('Sci-Fi','1208');
INSERT INTO `author`(`name`,`birthyear`,`deathyear`) VALUES('Mertie Bozzi','1938','1980');
INSERT INTO `author_book`(`author`, `entryid`) VALUES ('Mertie Bozzi','1208');
INSERT INTO `publisher_book`(`publisher`, `entryid`) VALUES ('Declercq Publishers.','1208');
INSERT INTO `entry`(`entryid`,`type`) VALUES('1209','b');
INSERT INTO `book`(`title`,`entryid`,`isbn`) VALUES('Study to Facilities','1209','9538787631586');
INSERT INTO `genre_book`(`genre`, `entryid`) VALUES ('Horror','1209');
INSERT INTO `author_book`(`author`, `entryid`) VALUES ('Aurelia Walljasper','1209');
INSERT INTO `publisher_book`(`publisher`, `entryid`) VALUES ('Hamers Inc.','1209');
INSERT INTO `entry`(`entryid`,`type`) VALUES('1210','b');
INSERT INTO `book`(`title`,`entryid`,`isbn`) VALUES('Fat because of Attention','1210','0266386351580');
INSERT INTO `genre_book`(`genre`, `entryid`) VALUES ('Science','1210');
INSERT INTO `author_book`(`author`, `entryid`) VALUES ('Shanon Groetken','1210');
INSERT INTO `publisher`(`name`) VALUES ('Saxinger Inc.');
INSERT INTO `publisher_book`(`publisher`, `entryid`) VALUES ('Saxinger Inc.','1210');
INSERT INTO `entry`(`entryid`,`type`) VALUES('1211','b');
INSERT INTO `book`(`title`,`entryid`,`isbn`) VALUES('Bat of the interred Plaster','1211','9312452673898');
INSERT INTO `genre_book`(`genre`, `entryid`) VALUES ('Adventure','1211');
INSERT INTO `author`(`name`,`birthyear`,`deathyear`) VALUES('Elisha Bauerkemper','1941','2010');
INSERT INTO `author_book`(`author`, `entryid`) VALUES ('Elisha Bauerkemper','1211');
INSERT INTO `publisher_book`(`publisher`, `entryid`) VALUES ('Kresha Inc.','1211');
INSERT INTO `entry`(`entryid`,`type`) VALUES('1212','b');
INSERT INTO `book`(`title`,`entryid`,`isbn`) VALUES('Edger and the doughtiest Scale','1212','0170017351523');
INSERT INTO `genre_book`(`genre`, `entryid`) VALUES ('Sci-Fi','1212');
INSERT INTO `author`(`name`,`birthyear`,`deathyear`) VALUES('Julian Hespe','1965','2022');
INSERT INTO `author_book`(`author`, `entryid`) VALUES ('Julian Hespe','1212');
INSERT INTO `publisher_book`(`publisher`, `entryid`) VALUES ('Jeune Inc.','1212');
INSERT INTO `entry`(`entryid`,`type`) VALUES('1213','b');
INSERT INTO `book`(`title`,`entryid`,`isbn`) VALUES('Swing against the bootless Confirmation','1213','0373362741336');
INSERT INTO `genre_book`(`genre`, `entryid`) VALUES ('Horror','1213');
INSERT INTO `author_book`(`author`, `entryid`) VALUES ('Tomoko Borowicz','1213');
INSERT INTO `publisher_book`(`publisher`, `entryid`) VALUES ('Samrah Inc.','1213');
INSERT INTO `entry`(`entryid`,`type`) VALUES('1214','b');
INSERT INTO `book`(`title`,`entryid`,`isbn`) VALUES('Case to the wage-earning Withdrawal','1214','0080191062459');
INSERT INTO `genre_book`(`genre`, `entryid`) VALUES ('Science','1214');
INSERT INTO `author`(`name`,`birthyear`,`deathyear`) VALUES('Fletcher Shadoan','1956','1979');
INSERT INTO `author_book`(`author`, `entryid`) VALUES ('Fletcher Shadoan','1214');
INSERT INTO `publisher_book`(`publisher`, `entryid`) VALUES ('Houghtelling Cooperations.','1214');
INSERT INTO `entry`(`entryid`,`type`) VALUES('1215','b');
INSERT INTO `book`(`title`,`entryid`,`isbn`) VALUES('Stocking against the Panty','1215','9786418150932');
INSERT INTO `genre_book`(`genre`, `entryid`) VALUES ('Horror','1215');
INSERT INTO `author_book`(`author`, `entryid`) VALUES ('Sherron Scruggs','1215');
INSERT INTO `publisher_book`(`publisher`, `entryid`) VALUES ('Zalesky Publishers.','1215');
INSERT INTO `entry`(`entryid`,`type`) VALUES('1216','b');
INSERT INTO `book`(`title`,`entryid`,`isbn`) VALUES('News by the inexplicable Closet','1216','0139354352066');
INSERT INTO `genre_book`(`genre`, `entryid`) VALUES ('Adventure','1216');
INSERT INTO `author`(`name`,`birthyear`,`deathyear`) VALUES('Cynthia Havlicek','1967','2018');
INSERT INTO `author_book`(`author`, `entryid`) VALUES ('Cynthia Havlicek','1216');
INSERT INTO `publisher`(`name`) VALUES ('Turnbull Inc.');
INSERT INTO `publisher_book`(`publisher`, `entryid`) VALUES ('Turnbull Inc.','1216');
INSERT INTO `entry`(`entryid`,`type`) VALUES('1217','b');
INSERT INTO `book`(`title`,`entryid`,`isbn`) VALUES('Act by the painterly Hamster','1217','9455890294027');
INSERT INTO `genre_book`(`genre`, `entryid`) VALUES ('Education','1217');
INSERT INTO `author_book`(`author`, `entryid`) VALUES ('Caren Cardozo','1217');
INSERT INTO `publisher_book`(`publisher`, `entryid`) VALUES ('Nocito Publishers.','1217');
INSERT INTO `entry`(`entryid`,`type`) VALUES('1218','b');
INSERT INTO `book`(`title`,`entryid`,`isbn`) VALUES('Print vs. boding Mine','1218','9639442975133');
INSERT INTO `genre_book`(`genre`, `entryid`) VALUES ('Horror','1218');
INSERT INTO `author`(`name`,`birthyear`,`deathyear`) VALUES('Dann Andreula','1976','2074');
INSERT INTO `author_book`(`author`, `entryid`) VALUES ('Dann Andreula','1218');
INSERT INTO `publisher_book`(`publisher`, `entryid`) VALUES ('Manz Publishers.','1218');
INSERT INTO `entry`(`entryid`,`type`) VALUES('1219','b');
INSERT INTO `book`(`title`,`entryid`,`isbn`) VALUES('Adapter of aerobiotic Bone','1219','0373023423825');
INSERT INTO `genre_book`(`genre`, `entryid`) VALUES ('Education','1219');
INSERT INTO `author_book`(`author`, `entryid`) VALUES ('Gina Stolpe','1219');
INSERT INTO `publisher_book`(`publisher`, `entryid`) VALUES ('Cutri Publishers.','1219');
INSERT INTO `entry`(`entryid`,`type`) VALUES('1220','b');
INSERT INTO `book`(`title`,`entryid`,`isbn`) VALUES('Twilight against the Birth','1220','0370262135123');
INSERT INTO `genre_book`(`genre`, `entryid`) VALUES ('Sci-Fi','1220');
INSERT INTO `author`(`name`,`birthyear`,`deathyear`) VALUES('Eveline Tognetti','1922','1987');
INSERT INTO `author_book`(`author`, `entryid`) VALUES ('Eveline Tognetti','1220');
INSERT INTO `publisher_book`(`publisher`, `entryid`) VALUES ('Turnbull Inc.','1220');
INSERT INTO `entry`(`entryid`,`type`) VALUES('1221','b');
INSERT INTO `book`(`title`,`entryid`,`isbn`) VALUES('Oval in octangular Lemonade','1221','0639521322749');
INSERT INTO `genre_book`(`genre`, `entryid`) VALUES ('Romance','1221');
INSERT INTO `author`(`name`,`birthyear`,`deathyear`) VALUES('Talitha Pilbin','1953','2032');
INSERT INTO `author_book`(`author`, `entryid`) VALUES ('Talitha Pilbin','1221');
INSERT INTO `publisher_book`(`publisher`, `entryid`) VALUES ('Kresha Inc.','1221');
INSERT INTO `entry`(`entryid`,`type`) VALUES('1222','b');
INSERT INTO `book`(`title`,`entryid`,`isbn`) VALUES('Touch by the plump Root','1222','9018298787966');
INSERT INTO `genre_book`(`genre`, `entryid`) VALUES ('Science','1222');
INSERT INTO `author`(`name`,`birthyear`,`deathyear`) VALUES('Ronald Venters','1920','2019');
INSERT INTO `author_book`(`author`, `entryid`) VALUES ('Ronald Venters','1222');
INSERT INTO `publisher_book`(`publisher`, `entryid`) VALUES ('Padgett Cooperations.','1222');
INSERT INTO `entry`(`entryid`,`type`) VALUES('1223','b');
INSERT INTO `book`(`title`,`entryid`,`isbn`) VALUES('Colt because of geognostical Salesman','1223','9761428111051');
INSERT INTO `genre_book`(`genre`, `entryid`) VALUES ('Adventure','1223');
INSERT INTO `author_book`(`author`, `entryid`) VALUES ('Mertie Bozzi','1223');
INSERT INTO `publisher_book`(`publisher`, `entryid`) VALUES ('Crowner Cooperations.','1223');
INSERT INTO `entry`(`entryid`,`type`) VALUES('1224','b');
INSERT INTO `book`(`title`,`entryid`,`isbn`) VALUES('Bean against thermogenic Pasta','1224','9883880753451');
INSERT INTO `genre_book`(`genre`, `entryid`) VALUES ('Adventure','1224');
INSERT INTO `author_book`(`author`, `entryid`) VALUES ('Joel Inestroza','1224');
INSERT INTO `publisher_book`(`publisher`, `entryid`) VALUES ('Manz Publishers.','1224');
INSERT INTO `entry`(`entryid`,`type`) VALUES('1225','b');
INSERT INTO `book`(`title`,`entryid`,`isbn`) VALUES('Freckle with Paint','1225','0132743671188');
INSERT INTO `genre_book`(`genre`, `entryid`) VALUES ('Education','1225');
INSERT INTO `author`(`name`,`birthyear`,`deathyear`) VALUES('Qiana Tuczynski','1915','1936');
INSERT INTO `author_book`(`author`, `entryid`) VALUES ('Qiana Tuczynski','1225');
INSERT INTO `publisher_book`(`publisher`, `entryid`) VALUES ('Bookter Cooperations.','1225');
INSERT INTO `entry`(`entryid`,`type`) VALUES('1226','b');
INSERT INTO `book`(`title`,`entryid`,`isbn`) VALUES('Employee of the Ukraine','1226','9735118760390');
INSERT INTO `genre_book`(`genre`, `entryid`) VALUES ('Science','1226');
INSERT INTO `author`(`name`,`birthyear`,`deathyear`) VALUES('Laure Acorda','1889','1974');
INSERT INTO `author_book`(`author`, `entryid`) VALUES ('Laure Acorda','1226');
INSERT INTO `publisher_book`(`publisher`, `entryid`) VALUES ('Stukes Publishers.','1226');
INSERT INTO `entry`(`entryid`,`type`) VALUES('1227','b');
INSERT INTO `book`(`title`,`entryid`,`isbn`) VALUES('Narcissus in princelier Cousin','1227','9287519717733');
INSERT INTO `genre_book`(`genre`, `entryid`) VALUES ('Adventure','1227');
INSERT INTO `author_book`(`author`, `entryid`) VALUES ('Cecilia Lyman','1227');
INSERT INTO `publisher_book`(`publisher`, `entryid`) VALUES ('Schwaner Publishers.','1227');
INSERT INTO `entry`(`entryid`,`type`) VALUES('1228','b');
INSERT INTO `book`(`title`,`entryid`,`isbn`) VALUES('Uganda vs. antipapal Diamond','1228','0163831694641');
INSERT INTO `genre_book`(`genre`, `entryid`) VALUES ('Horror','1228');
INSERT INTO `author`(`name`,`birthyear`,`deathyear`) VALUES('Arlen Freudiger','1965','2036');
INSERT INTO `author_book`(`author`, `entryid`) VALUES ('Arlen Freudiger','1228');
INSERT INTO `publisher_book`(`publisher`, `entryid`) VALUES ('Mcmeen Publishers.','1228');
INSERT INTO `entry`(`entryid`,`type`) VALUES('1229','b');
INSERT INTO `book`(`title`,`entryid`,`isbn`) VALUES('Bun to knurled Lute','1229','9597570143180');
INSERT INTO `genre_book`(`genre`, `entryid`) VALUES ('Education','1229');
INSERT INTO `author_book`(`author`, `entryid`) VALUES ('Lavera Faycurry','1229');
INSERT INTO `publisher_book`(`publisher`, `entryid`) VALUES ('Hachey Inc.','1229');
INSERT INTO `entry`(`entryid`,`type`) VALUES('1230','b');
INSERT INTO `book`(`title`,`entryid`,`isbn`) VALUES('Richard and the aspirant Client','1230','0580024441207');
INSERT INTO `genre_book`(`genre`, `entryid`) VALUES ('Sci-Fi','1230');
INSERT INTO `author`(`name`,`birthyear`,`deathyear`) VALUES('Vergie Snellen','1880','1979');
INSERT INTO `author_book`(`author`, `entryid`) VALUES ('Vergie Snellen','1230');
INSERT INTO `publisher`(`name`) VALUES ('Tewa Publishers.');
INSERT INTO `publisher_book`(`publisher`, `entryid`) VALUES ('Tewa Publishers.','1230');
INSERT INTO `entry`(`entryid`,`type`) VALUES('1231','b');
INSERT INTO `book`(`title`,`entryid`,`isbn`) VALUES('Romania because of Surgeon','1231','0819476876339');
INSERT INTO `genre_book`(`genre`, `entryid`) VALUES ('Thriller','1231');
INSERT INTO `author_book`(`author`, `entryid`) VALUES ('Rosaline Coffelt','1231');
INSERT INTO `publisher_book`(`publisher`, `entryid`) VALUES ('Stulce Publishers.','1231');
INSERT INTO `entry`(`entryid`,`type`) VALUES('1232','b');
INSERT INTO `book`(`title`,`entryid`,`isbn`) VALUES('Line for the Arch','1232','0785852290461');
INSERT INTO `genre_book`(`genre`, `entryid`) VALUES ('Adventure','1232');
INSERT INTO `author`(`name`,`birthyear`,`deathyear`) VALUES('Keva Timmreck','1901','1928');
INSERT INTO `author_book`(`author`, `entryid`) VALUES ('Keva Timmreck','1232');
INSERT INTO `publisher_book`(`publisher`, `entryid`) VALUES ('Lessley Inc.','1232');
INSERT INTO `entry`(`entryid`,`type`) VALUES('1233','b');
INSERT INTO `book`(`title`,`entryid`,`isbn`) VALUES('Kitten of Jar','1233','0737457129075');
INSERT INTO `genre_book`(`genre`, `entryid`) VALUES ('Thriller','1233');
INSERT INTO `author`(`name`,`birthyear`,`deathyear`) VALUES('Waltraud Ealand','1939','2031');
INSERT INTO `author_book`(`author`, `entryid`) VALUES ('Waltraud Ealand','1233');
INSERT INTO `publisher_book`(`publisher`, `entryid`) VALUES ('Flenaugh Publishers.','1233');
INSERT INTO `entry`(`entryid`,`type`) VALUES('1234','b');
INSERT INTO `book`(`title`,`entryid`,`isbn`) VALUES('Uganda of Seeder','1234','9887471866442');
INSERT INTO `genre_book`(`genre`, `entryid`) VALUES ('Adventure','1234');
INSERT INTO `author_book`(`author`, `entryid`) VALUES ('Alleen Sayaphon','1234');
INSERT INTO `publisher`(`name`) VALUES ('Southerland Inc.');
INSERT INTO `publisher_book`(`publisher`, `entryid`) VALUES ('Southerland Inc.','1234');
INSERT INTO `entry`(`entryid`,`type`) VALUES('1235','b');
INSERT INTO `book`(`title`,`entryid`,`isbn`) VALUES('Title to the antitoxic Creature','1235','9339937374456');
INSERT INTO `genre_book`(`genre`, `entryid`) VALUES ('Thriller','1235');
INSERT INTO `author_book`(`author`, `entryid`) VALUES ('Paige Zunich','1235');
INSERT INTO `publisher_book`(`publisher`, `entryid`) VALUES ('Bookter Cooperations.','1235');
INSERT INTO `entry`(`entryid`,`type`) VALUES('1236','b');
INSERT INTO `book`(`title`,`entryid`,`isbn`) VALUES('Spear with Handsaw','1236','0509053026627');
INSERT INTO `genre_book`(`genre`, `entryid`) VALUES ('Education','1236');
INSERT INTO `author_book`(`author`, `entryid`) VALUES ('Arlen Freudiger','1236');
INSERT INTO `publisher_book`(`publisher`, `entryid`) VALUES ('Edin Publishers.','1236');
INSERT INTO `entry`(`entryid`,`type`) VALUES('1237','b');
INSERT INTO `book`(`title`,`entryid`,`isbn`) VALUES('List in the Back','1237','0453549754646');
INSERT INTO `genre_book`(`genre`, `entryid`) VALUES ('Adventure','1237');
INSERT INTO `author`(`name`,`birthyear`,`deathyear`) VALUES('Donn Gulla','1980','2018');
INSERT INTO `author_book`(`author`, `entryid`) VALUES ('Donn Gulla','1237');
INSERT INTO `publisher_book`(`publisher`, `entryid`) VALUES ('Srinvasan Publishers.','1237');
INSERT INTO `entry`(`entryid`,`type`) VALUES('1238','b');
INSERT INTO `book`(`title`,`entryid`,`isbn`) VALUES('January against Alarm','1238','0277744853218');
INSERT INTO `genre_book`(`genre`, `entryid`) VALUES ('Thriller','1238');
INSERT INTO `author_book`(`author`, `entryid`) VALUES ('Luetta Samra','1238');
INSERT INTO `publisher`(`name`) VALUES ('Lindemuth Cooperations.');
INSERT INTO `publisher_book`(`publisher`, `entryid`) VALUES ('Lindemuth Cooperations.','1238');
INSERT INTO `entry`(`entryid`,`type`) VALUES('1239','b');
INSERT INTO `book`(`title`,`entryid`,`isbn`) VALUES('Beef in the fortunate Pruner','1239','9739600412966');
INSERT INTO `genre_book`(`genre`, `entryid`) VALUES ('Thriller','1239');
INSERT INTO `author`(`name`,`birthyear`,`deathyear`) VALUES('Otis Kisiel','1963','2054');
INSERT INTO `author_book`(`author`, `entryid`) VALUES ('Otis Kisiel','1239');
INSERT INTO `publisher_book`(`publisher`, `entryid`) VALUES ('Sedor Cooperations.','1239');
INSERT INTO `entry`(`entryid`,`type`) VALUES('1240','b');
INSERT INTO `book`(`title`,`entryid`,`isbn`) VALUES('Actress of the Ikebana','1240','0755676422476');
INSERT INTO `genre_book`(`genre`, `entryid`) VALUES ('Horror','1240');
INSERT INTO `author_book`(`author`, `entryid`) VALUES ('Melinda Ontiveros','1240');
INSERT INTO `publisher_book`(`publisher`, `entryid`) VALUES ('Chrisco Publishers.','1240');
INSERT INTO `entry`(`entryid`,`type`) VALUES('1241','b');
INSERT INTO `book`(`title`,`entryid`,`isbn`) VALUES('Product of miraculous Chain','1241','0705614155711');
INSERT INTO `genre_book`(`genre`, `entryid`) VALUES ('Sci-Fi','1241');
INSERT INTO `author`(`name`,`birthyear`,`deathyear`) VALUES('Iesha Ledoux','1899','1920');
INSERT INTO `author_book`(`author`, `entryid`) VALUES ('Iesha Ledoux','1241');
INSERT INTO `publisher_book`(`publisher`, `entryid`) VALUES ('Demore Inc.','1241');
INSERT INTO `entry`(`entryid`,`type`) VALUES('1242','b');
INSERT INTO `book`(`title`,`entryid`,`isbn`) VALUES('Corn of Yew','1242','0157161159423');
INSERT INTO `genre_book`(`genre`, `entryid`) VALUES ('Science','1242');
INSERT INTO `author`(`name`,`birthyear`,`deathyear`) VALUES('Caren Cornacchio','1969','2033');
INSERT INTO `author_book`(`author`, `entryid`) VALUES ('Caren Cornacchio','1242');
INSERT INTO `publisher`(`name`) VALUES ('Brillon Publishers.');
INSERT INTO `publisher_book`(`publisher`, `entryid`) VALUES ('Brillon Publishers.','1242');
INSERT INTO `entry`(`entryid`,`type`) VALUES('1243','b');
INSERT INTO `book`(`title`,`entryid`,`isbn`) VALUES('Copyright with the alleviated Flower','1243','0906920443488');
INSERT INTO `genre_book`(`genre`, `entryid`) VALUES ('Education','1243');
INSERT INTO `author`(`name`,`birthyear`,`deathyear`) VALUES('Lanny Grainger','1956','2022');
INSERT INTO `author_book`(`author`, `entryid`) VALUES ('Lanny Grainger','1243');
INSERT INTO `publisher_book`(`publisher`, `entryid`) VALUES ('Demore Inc.','1243');
INSERT INTO `entry`(`entryid`,`type`) VALUES('1244','b');
INSERT INTO `book`(`title`,`entryid`,`isbn`) VALUES('Rock in the Chef','1244','9625255747174');
INSERT INTO `genre_book`(`genre`, `entryid`) VALUES ('Sci-Fi','1244');
INSERT INTO `author_book`(`author`, `entryid`) VALUES ('Imelda Chimento','1244');
INSERT INTO `publisher_book`(`publisher`, `entryid`) VALUES ('Succop Cooperations.','1244');
INSERT INTO `entry`(`entryid`,`type`) VALUES('1245','b');
INSERT INTO `book`(`title`,`entryid`,`isbn`) VALUES('Norwegian with the Violin','1245','0160095192972');
INSERT INTO `genre_book`(`genre`, `entryid`) VALUES ('Sci-Fi','1245');
INSERT INTO `author_book`(`author`, `entryid`) VALUES ('Brittny Boyar','1245');
INSERT INTO `publisher_book`(`publisher`, `entryid`) VALUES ('Ockmond Cooperations.','1245');
INSERT INTO `entry`(`entryid`,`type`) VALUES('1246','b');
INSERT INTO `book`(`title`,`entryid`,`isbn`) VALUES('Burst by Harp','1246','0562097406400');
INSERT INTO `genre_book`(`genre`, `entryid`) VALUES ('Science','1246');
INSERT INTO `author_book`(`author`, `entryid`) VALUES ('Bessie Wassmann','1246');
INSERT INTO `publisher_book`(`publisher`, `entryid`) VALUES ('Glazier Inc.','1246');
INSERT INTO `entry`(`entryid`,`type`) VALUES('1247','b');
INSERT INTO `book`(`title`,`entryid`,`isbn`) VALUES('Wedge against the Flax','1247','9552889244227');
INSERT INTO `genre_book`(`genre`, `entryid`) VALUES ('Sci-Fi','1247');
INSERT INTO `author`(`name`,`birthyear`,`deathyear`) VALUES('Lajuana Lamattina','1952','1998');
INSERT INTO `author_book`(`author`, `entryid`) VALUES ('Lajuana Lamattina','1247');
INSERT INTO `publisher_book`(`publisher`, `entryid`) VALUES ('Shulenberger Cooperations.','1247');
INSERT INTO `entry`(`entryid`,`type`) VALUES('1248','b');
INSERT INTO `book`(`title`,`entryid`,`isbn`) VALUES('Office against the French','1248','9639355712604');
INSERT INTO `genre_book`(`genre`, `entryid`) VALUES ('Science','1248');
INSERT INTO `author`(`name`,`birthyear`,`deathyear`) VALUES('Annemarie Grandin','1883','1980');
INSERT INTO `author_book`(`author`, `entryid`) VALUES ('Annemarie Grandin','1248');
INSERT INTO `publisher`(`name`) VALUES ('Albrittain Publishers.');
INSERT INTO `publisher_book`(`publisher`, `entryid`) VALUES ('Albrittain Publishers.','1248');
INSERT INTO `entry`(`entryid`,`type`) VALUES('1249','b');
INSERT INTO `book`(`title`,`entryid`,`isbn`) VALUES('Libra by hatted Car','1249','9842596433379');
INSERT INTO `genre_book`(`genre`, `entryid`) VALUES ('Science','1249');
INSERT INTO `author`(`name`,`birthyear`,`deathyear`) VALUES('Jennette Urena','1893','1950');
INSERT INTO `author_book`(`author`, `entryid`) VALUES ('Jennette Urena','1249');
INSERT INTO `publisher_book`(`publisher`, `entryid`) VALUES ('Brumbaugh Cooperations.','1249');
INSERT INTO `entry`(`entryid`,`type`) VALUES('1250','b');
INSERT INTO `book`(`title`,`entryid`,`isbn`) VALUES('Rugby with the Charles','1250','0935458253176');
INSERT INTO `genre_book`(`genre`, `entryid`) VALUES ('Romance','1250');
INSERT INTO `author`(`name`,`birthyear`,`deathyear`) VALUES('Christi Hillan','1885','1944');
INSERT INTO `author_book`(`author`, `entryid`) VALUES ('Christi Hillan','1250');
INSERT INTO `publisher_book`(`publisher`, `entryid`) VALUES ('Bookter Cooperations.','1250');
INSERT INTO `entry`(`entryid`,`type`) VALUES('1251','b');
INSERT INTO `book`(`title`,`entryid`,`isbn`) VALUES('Step-grandmother by the Energy','1251','9766078190343');
INSERT INTO `genre_book`(`genre`, `entryid`) VALUES ('Horror','1251');
INSERT INTO `author_book`(`author`, `entryid`) VALUES ('Zenia Artist','1251');
INSERT INTO `publisher_book`(`publisher`, `entryid`) VALUES ('Chrisco Publishers.','1251');
INSERT INTO `entry`(`entryid`,`type`) VALUES('1252','b');
INSERT INTO `book`(`title`,`entryid`,`isbn`) VALUES('Firewall and the Needle','1252','9654761947915');
INSERT INTO `genre_book`(`genre`, `entryid`) VALUES ('Thriller','1252');
INSERT INTO `author_book`(`author`, `entryid`) VALUES ('Julian Hespe','1252');
INSERT INTO `publisher_book`(`publisher`, `entryid`) VALUES ('Mccoil Cooperations.','1252');
INSERT INTO `entry`(`entryid`,`type`) VALUES('1253','b');
INSERT INTO `book`(`title`,`entryid`,`isbn`) VALUES('George of unbiassed Sturgeon','1253','0249917174425');
INSERT INTO `genre_book`(`genre`, `entryid`) VALUES ('Sci-Fi','1253');
INSERT INTO `author_book`(`author`, `entryid`) VALUES ('Aurelia Walljasper','1253');
INSERT INTO `publisher_book`(`publisher`, `entryid`) VALUES ('Declercq Publishers.','1253');
INSERT INTO `entry`(`entryid`,`type`) VALUES('1254','b');
INSERT INTO `book`(`title`,`entryid`,`isbn`) VALUES('Motorcycle of Maple','1254','0235727770428');
INSERT INTO `genre_book`(`genre`, `entryid`) VALUES ('Horror','1254');
INSERT INTO `author_book`(`author`, `entryid`) VALUES ('Vennie Foust','1254');
INSERT INTO `publisher_book`(`publisher`, `entryid`) VALUES ('Whitted Cooperations.','1254');
INSERT INTO `entry`(`entryid`,`type`) VALUES('1255','b');
INSERT INTO `book`(`title`,`entryid`,`isbn`) VALUES('Herring to Sister','1255','0471156972177');
INSERT INTO `genre_book`(`genre`, `entryid`) VALUES ('Sci-Fi','1255');
INSERT INTO `author_book`(`author`, `entryid`) VALUES ('Julia Fadeley','1255');
INSERT INTO `publisher_book`(`publisher`, `entryid`) VALUES ('Moncada Inc.','1255');
INSERT INTO `entry`(`entryid`,`type`) VALUES('1256','b');
INSERT INTO `book`(`title`,`entryid`,`isbn`) VALUES('Kitty because of Century','1256','9917796171676');
INSERT INTO `genre_book`(`genre`, `entryid`) VALUES ('Adventure','1256');
INSERT INTO `author`(`name`,`birthyear`,`deathyear`) VALUES('Chu Mccra','1921','1974');
INSERT INTO `author_book`(`author`, `entryid`) VALUES ('Chu Mccra','1256');
INSERT INTO `publisher_book`(`publisher`, `entryid`) VALUES ('Ockmond Cooperations.','1256');
INSERT INTO `entry`(`entryid`,`type`) VALUES('1257','b');
INSERT INTO `book`(`title`,`entryid`,`isbn`) VALUES('Parentheses vs. top-level Bridge','1257','0248046984796');
INSERT INTO `genre_book`(`genre`, `entryid`) VALUES ('Thriller','1257');
INSERT INTO `author`(`name`,`birthyear`,`deathyear`) VALUES('Danelle Trimboli','1955','2034');
INSERT INTO `author_book`(`author`, `entryid`) VALUES ('Danelle Trimboli','1257');
INSERT INTO `publisher_book`(`publisher`, `entryid`) VALUES ('Hamers Inc.','1257');
INSERT INTO `entry`(`entryid`,`type`) VALUES('1258','b');
INSERT INTO `book`(`title`,`entryid`,`isbn`) VALUES('Passbook because of Windscreen','1258','9069236205889');
INSERT INTO `genre_book`(`genre`, `entryid`) VALUES ('Science','1258');
INSERT INTO `author`(`name`,`birthyear`,`deathyear`) VALUES('Terina Buchaman','1904','1996');
INSERT INTO `author_book`(`author`, `entryid`) VALUES ('Terina Buchaman','1258');
INSERT INTO `publisher_book`(`publisher`, `entryid`) VALUES ('Kresha Inc.','1258');
INSERT INTO `entry`(`entryid`,`type`) VALUES('1259','b');
INSERT INTO `book`(`title`,`entryid`,`isbn`) VALUES('Vault for the Pond','1259','9607805471935');
INSERT INTO `genre_book`(`genre`, `entryid`) VALUES ('Adventure','1259');
INSERT INTO `author_book`(`author`, `entryid`) VALUES ('Sherron Scruggs','1259');
INSERT INTO `publisher_book`(`publisher`, `entryid`) VALUES ('Mclaurin Inc.','1259');
INSERT INTO `entry`(`entryid`,`type`) VALUES('1260','b');
INSERT INTO `book`(`title`,`entryid`,`isbn`) VALUES('Witness against the Error','1260','0369142690337');
INSERT INTO `genre_book`(`genre`, `entryid`) VALUES ('Sci-Fi','1260');
INSERT INTO `author_book`(`author`, `entryid`) VALUES ('Lula Brochu','1260');
INSERT INTO `publisher_book`(`publisher`, `entryid`) VALUES ('Ockmond Cooperations.','1260');
INSERT INTO `entry`(`entryid`,`type`) VALUES('1261','b');
INSERT INTO `book`(`title`,`entryid`,`isbn`) VALUES('Chin of unitary Spring','1261','9204910158507');
INSERT INTO `genre_book`(`genre`, `entryid`) VALUES ('Thriller','1261');
INSERT INTO `author`(`name`,`birthyear`,`deathyear`) VALUES('Teodora Wilmont','1937','1990');
INSERT INTO `author_book`(`author`, `entryid`) VALUES ('Teodora Wilmont','1261');
INSERT INTO `publisher_book`(`publisher`, `entryid`) VALUES ('Mcmeen Publishers.','1261');
INSERT INTO `entry`(`entryid`,`type`) VALUES('1262','b');
INSERT INTO `book`(`title`,`entryid`,`isbn`) VALUES('Sack to the Airbus','1262','0204331761379');
INSERT INTO `genre_book`(`genre`, `entryid`) VALUES ('Education','1262');
INSERT INTO `author`(`name`,`birthyear`,`deathyear`) VALUES('Estefana Hannum','1918','2015');
INSERT INTO `author_book`(`author`, `entryid`) VALUES ('Estefana Hannum','1262');
INSERT INTO `publisher_book`(`publisher`, `entryid`) VALUES ('Ostling Cooperations.','1262');
INSERT INTO `entry`(`entryid`,`type`) VALUES('1263','b');
INSERT INTO `book`(`title`,`entryid`,`isbn`) VALUES('Eight to the teased Lunge','1263','9421055859840');
INSERT INTO `genre_book`(`genre`, `entryid`) VALUES ('Sci-Fi','1263');
INSERT INTO `author_book`(`author`, `entryid`) VALUES ('Josiah Ellestad','1263');
INSERT INTO `publisher_book`(`publisher`, `entryid`) VALUES ('Brillon Publishers.','1263');
INSERT INTO `entry`(`entryid`,`type`) VALUES('1264','b');
INSERT INTO `book`(`title`,`entryid`,`isbn`) VALUES('Quality to fourth December','1264','0239587239609');
INSERT INTO `genre_book`(`genre`, `entryid`) VALUES ('Education','1264');
INSERT INTO `author_book`(`author`, `entryid`) VALUES ('Tennie Certain','1264');
INSERT INTO `publisher_book`(`publisher`, `entryid`) VALUES ('Cutri Publishers.','1264');
INSERT INTO `entry`(`entryid`,`type`) VALUES('1265','b');
INSERT INTO `book`(`title`,`entryid`,`isbn`) VALUES('Maple by snatchy Map','1265','9793571620621');
INSERT INTO `genre_book`(`genre`, `entryid`) VALUES ('Thriller','1265');
INSERT INTO `author`(`name`,`birthyear`,`deathyear`) VALUES('Denice Castelhano','1935','1996');
INSERT INTO `author_book`(`author`, `entryid`) VALUES ('Denice Castelhano','1265');
INSERT INTO `publisher_book`(`publisher`, `entryid`) VALUES ('Srinvasan Publishers.','1265');
INSERT INTO `entry`(`entryid`,`type`) VALUES('1266','b');
INSERT INTO `book`(`title`,`entryid`,`isbn`) VALUES('Verdict in Accordion','1266','9161247602987');
INSERT INTO `genre_book`(`genre`, `entryid`) VALUES ('Adventure','1266');
INSERT INTO `author`(`name`,`birthyear`,`deathyear`) VALUES('Justin Gozalez','1891','1949');
INSERT INTO `author_book`(`author`, `entryid`) VALUES ('Justin Gozalez','1266');
INSERT INTO `publisher_book`(`publisher`, `entryid`) VALUES ('Toles Cooperations.','1266');
INSERT INTO `entry`(`entryid`,`type`) VALUES('1267','b');
INSERT INTO `book`(`title`,`entryid`,`isbn`) VALUES('Mechanic for the unavailing Buzzard','1267','9946308934263');
INSERT INTO `genre_book`(`genre`, `entryid`) VALUES ('Science','1267');
INSERT INTO `author_book`(`author`, `entryid`) VALUES ('Marry Bontemps','1267');
INSERT INTO `publisher_book`(`publisher`, `entryid`) VALUES ('Schwaner Publishers.','1267');
INSERT INTO `entry`(`entryid`,`type`) VALUES('1268','b');
INSERT INTO `book`(`title`,`entryid`,`isbn`) VALUES('Dust with Apparatus','1268','9807033103342');
INSERT INTO `genre_book`(`genre`, `entryid`) VALUES ('Adventure','1268');
INSERT INTO `author_book`(`author`, `entryid`) VALUES ('Kitty Olewine','1268');
INSERT INTO `publisher_book`(`publisher`, `entryid`) VALUES ('Shulenberger Cooperations.','1268');
INSERT INTO `entry`(`entryid`,`type`) VALUES('1269','b');
INSERT INTO `book`(`title`,`entryid`,`isbn`) VALUES('Anime by the regimented Karen','1269','9477668841856');
INSERT INTO `genre_book`(`genre`, `entryid`) VALUES ('Thriller','1269');
INSERT INTO `author_book`(`author`, `entryid`) VALUES ('Arlean Wallenbrock','1269');
INSERT INTO `publisher`(`name`) VALUES ('Shore Cooperations.');
INSERT INTO `publisher_book`(`publisher`, `entryid`) VALUES ('Shore Cooperations.','1269');
INSERT INTO `entry`(`entryid`,`type`) VALUES('1270','b');
INSERT INTO `book`(`title`,`entryid`,`isbn`) VALUES('Example and Richard','1270','9183204831601');
INSERT INTO `genre_book`(`genre`, `entryid`) VALUES ('Horror','1270');
INSERT INTO `author`(`name`,`birthyear`,`deathyear`) VALUES('Nichelle Seanez','1934','1957');
INSERT INTO `author_book`(`author`, `entryid`) VALUES ('Nichelle Seanez','1270');
INSERT INTO `publisher`(`name`) VALUES ('Franpton Cooperations.');
INSERT INTO `publisher_book`(`publisher`, `entryid`) VALUES ('Franpton Cooperations.','1270');
INSERT INTO `entry`(`entryid`,`type`) VALUES('1271','b');
INSERT INTO `book`(`title`,`entryid`,`isbn`) VALUES('Nerve of Gum','1271','0251270354114');
INSERT INTO `genre_book`(`genre`, `entryid`) VALUES ('Adventure','1271');
INSERT INTO `author_book`(`author`, `entryid`) VALUES ('Lula Brochu','1271');
INSERT INTO `publisher_book`(`publisher`, `entryid`) VALUES ('Teisberg Publishers.','1271');
INSERT INTO `entry`(`entryid`,`type`) VALUES('1272','b');
INSERT INTO `book`(`title`,`entryid`,`isbn`) VALUES('Timbale against Sock','1272','9815873444665');
INSERT INTO `genre_book`(`genre`, `entryid`) VALUES ('Education','1272');
INSERT INTO `author_book`(`author`, `entryid`) VALUES ('Lajuana Lamattina','1272');
INSERT INTO `publisher_book`(`publisher`, `entryid`) VALUES ('Teisberg Publishers.','1272');
INSERT INTO `entry`(`entryid`,`type`) VALUES('1273','b');
INSERT INTO `book`(`title`,`entryid`,`isbn`) VALUES('Building by Font','1273','9747964920657');
INSERT INTO `genre_book`(`genre`, `entryid`) VALUES ('Adventure','1273');
INSERT INTO `author`(`name`,`birthyear`,`deathyear`) VALUES('Hyo Erdman','1934','1960');
INSERT INTO `author_book`(`author`, `entryid`) VALUES ('Hyo Erdman','1273');
INSERT INTO `publisher_book`(`publisher`, `entryid`) VALUES ('Whitted Cooperations.','1273');
INSERT INTO `entry`(`entryid`,`type`) VALUES('1274','b');
INSERT INTO `book`(`title`,`entryid`,`isbn`) VALUES('Unshielded and Yard','1274','9794166661237');
INSERT INTO `genre_book`(`genre`, `entryid`) VALUES ('Sci-Fi','1274');
INSERT INTO `author`(`name`,`birthyear`,`deathyear`) VALUES('Diane Bury','1897','1930');
INSERT INTO `author_book`(`author`, `entryid`) VALUES ('Diane Bury','1274');
INSERT INTO `publisher_book`(`publisher`, `entryid`) VALUES ('Pili Cooperations.','1274');
INSERT INTO `entry`(`entryid`,`type`) VALUES('1275','b');
INSERT INTO `book`(`title`,`entryid`,`isbn`) VALUES('Spider of the Dance','1275','0677264687302');
INSERT INTO `genre_book`(`genre`, `entryid`) VALUES ('Thriller','1275');
INSERT INTO `author_book`(`author`, `entryid`) VALUES ('Alesia Mcvenes','1275');
INSERT INTO `publisher_book`(`publisher`, `entryid`) VALUES ('Whitted Cooperations.','1275');
INSERT INTO `entry`(`entryid`,`type`) VALUES('1276','b');
INSERT INTO `book`(`title`,`entryid`,`isbn`) VALUES('Taurus and the Balinese','1276','9922454321751');
INSERT INTO `genre_book`(`genre`, `entryid`) VALUES ('Horror','1276');
INSERT INTO `author_book`(`author`, `entryid`) VALUES ('Delisa Wallenstein','1276');
INSERT INTO `publisher_book`(`publisher`, `entryid`) VALUES ('Ockmond Cooperations.','1276');
INSERT INTO `entry`(`entryid`,`type`) VALUES('1277','b');
INSERT INTO `book`(`title`,`entryid`,`isbn`) VALUES('Jeff to the electroacoustic Fruit','1277','9123154299294');
INSERT INTO `genre_book`(`genre`, `entryid`) VALUES ('Thriller','1277');
INSERT INTO `author`(`name`,`birthyear`,`deathyear`) VALUES('Audria Falterman','1892','1950');
INSERT INTO `author_book`(`author`, `entryid`) VALUES ('Audria Falterman','1277');
INSERT INTO `publisher_book`(`publisher`, `entryid`) VALUES ('Succop Cooperations.','1277');
INSERT INTO `entry`(`entryid`,`type`) VALUES('1278','b');
INSERT INTO `book`(`title`,`entryid`,`isbn`) VALUES('Face of Rhinoceros','1278','0073640976095');
INSERT INTO `genre_book`(`genre`, `entryid`) VALUES ('Thriller','1278');
INSERT INTO `author_book`(`author`, `entryid`) VALUES ('Josiah Ellestad','1278');
INSERT INTO `publisher_book`(`publisher`, `entryid`) VALUES ('Bartolomei Cooperations.','1278');
INSERT INTO `entry`(`entryid`,`type`) VALUES('1279','b');
INSERT INTO `book`(`title`,`entryid`,`isbn`) VALUES('Tooth of the next-door Panther','1279','0582846926918');
INSERT INTO `genre_book`(`genre`, `entryid`) VALUES ('Sci-Fi','1279');
INSERT INTO `author`(`name`,`birthyear`,`deathyear`) VALUES('Viva Ainge','1940','2017');
INSERT INTO `author_book`(`author`, `entryid`) VALUES ('Viva Ainge','1279');
INSERT INTO `publisher_book`(`publisher`, `entryid`) VALUES ('Turnbull Inc.','1279');
INSERT INTO `entry`(`entryid`,`type`) VALUES('1280','b');
INSERT INTO `book`(`title`,`entryid`,`isbn`) VALUES('Ground for Linda','1280','0629252480453');
INSERT INTO `genre_book`(`genre`, `entryid`) VALUES ('Horror','1280');
INSERT INTO `author`(`name`,`birthyear`,`deathyear`) VALUES('Trinh Alicer','1905','1968');
INSERT INTO `author_book`(`author`, `entryid`) VALUES ('Trinh Alicer','1280');
INSERT INTO `publisher_book`(`publisher`, `entryid`) VALUES ('Schoo Cooperations.','1280');
INSERT INTO `entry`(`entryid`,`type`) VALUES('1281','b');
INSERT INTO `book`(`title`,`entryid`,`isbn`) VALUES('Russia vs. Saw','1281','9093715050084');
INSERT INTO `genre_book`(`genre`, `entryid`) VALUES ('Education','1281');
INSERT INTO `author`(`name`,`birthyear`,`deathyear`) VALUES('Shakia Trescott','1906','1985');
INSERT INTO `author_book`(`author`, `entryid`) VALUES ('Shakia Trescott','1281');
INSERT INTO `publisher_book`(`publisher`, `entryid`) VALUES ('Trucchio Cooperations.','1281');
INSERT INTO `entry`(`entryid`,`type`) VALUES('1282','b');
INSERT INTO `book`(`title`,`entryid`,`isbn`) VALUES('Magician in hypereutectic Flag','1282','9732906675775');
INSERT INTO `genre_book`(`genre`, `entryid`) VALUES ('Science','1282');
INSERT INTO `author`(`name`,`birthyear`,`deathyear`) VALUES('Hisako Fishell','1935','2022');
INSERT INTO `author_book`(`author`, `entryid`) VALUES ('Hisako Fishell','1282');
INSERT INTO `publisher_book`(`publisher`, `entryid`) VALUES ('Nocito Publishers.','1282');
INSERT INTO `entry`(`entryid`,`type`) VALUES('1283','b');
INSERT INTO `book`(`title`,`entryid`,`isbn`) VALUES('Oboe against the Sled','1283','9916238239918');
INSERT INTO `genre_book`(`genre`, `entryid`) VALUES ('Sci-Fi','1283');
INSERT INTO `author`(`name`,`birthyear`,`deathyear`) VALUES('Bobette Burow','1925','1997');
INSERT INTO `author_book`(`author`, `entryid`) VALUES ('Bobette Burow','1283');
INSERT INTO `publisher_book`(`publisher`, `entryid`) VALUES ('Glazier Inc.','1283');
INSERT INTO `entry`(`entryid`,`type`) VALUES('1284','b');
INSERT INTO `book`(`title`,`entryid`,`isbn`) VALUES('Mini-skirt of the twenty-five Syrup','1284','0763630908721');
INSERT INTO `genre_book`(`genre`, `entryid`) VALUES ('Science','1284');
INSERT INTO `author`(`name`,`birthyear`,`deathyear`) VALUES('Trent Peyton','1946','2003');
INSERT INTO `author_book`(`author`, `entryid`) VALUES ('Trent Peyton','1284');
INSERT INTO `publisher_book`(`publisher`, `entryid`) VALUES ('Zalesky Publishers.','1284');
INSERT INTO `entry`(`entryid`,`type`) VALUES('1285','b');
INSERT INTO `book`(`title`,`entryid`,`isbn`) VALUES('Head in Heart','1285','9630135469525');
INSERT INTO `genre_book`(`genre`, `entryid`) VALUES ('Adventure','1285');
INSERT INTO `author_book`(`author`, `entryid`) VALUES ('Annemarie Grandin','1285');
INSERT INTO `publisher_book`(`publisher`, `entryid`) VALUES ('Bookter Cooperations.','1285');
INSERT INTO `entry`(`entryid`,`type`) VALUES('1286','b');
INSERT INTO `book`(`title`,`entryid`,`isbn`) VALUES('Cook for huddled Biology','1286','9919529871540');
INSERT INTO `genre_book`(`genre`, `entryid`) VALUES ('Horror','1286');
INSERT INTO `author`(`name`,`birthyear`,`deathyear`) VALUES('Lili Vanderlip','1893','1945');
INSERT INTO `author_book`(`author`, `entryid`) VALUES ('Lili Vanderlip','1286');
INSERT INTO `publisher_book`(`publisher`, `entryid`) VALUES ('Schwaner Publishers.','1286');
INSERT INTO `entry`(`entryid`,`type`) VALUES('1287','b');
INSERT INTO `book`(`title`,`entryid`,`isbn`) VALUES('Hacksaw and the Comparison','1287','0864092919941');
INSERT INTO `genre_book`(`genre`, `entryid`) VALUES ('Science','1287');
INSERT INTO `author`(`name`,`birthyear`,`deathyear`) VALUES('Jacquline Perine','1913','1966');
INSERT INTO `author_book`(`author`, `entryid`) VALUES ('Jacquline Perine','1287');
INSERT INTO `publisher_book`(`publisher`, `entryid`) VALUES ('Prestwood Publishers.','1287');
INSERT INTO `entry`(`entryid`,`type`) VALUES('1288','b');
INSERT INTO `book`(`title`,`entryid`,`isbn`) VALUES('Base in Key','1288','9579962895708');
INSERT INTO `genre_book`(`genre`, `entryid`) VALUES ('Sci-Fi','1288');
INSERT INTO `author`(`name`,`birthyear`,`deathyear`) VALUES('Chase Wolcott','1969','2049');
INSERT INTO `author_book`(`author`, `entryid`) VALUES ('Chase Wolcott','1288');
INSERT INTO `publisher_book`(`publisher`, `entryid`) VALUES ('Mccoil Cooperations.','1288');
INSERT INTO `entry`(`entryid`,`type`) VALUES('1289','b');
INSERT INTO `book`(`title`,`entryid`,`isbn`) VALUES('Lynx for the perpetual Paint','1289','0258510832208');
INSERT INTO `genre_book`(`genre`, `entryid`) VALUES ('Horror','1289');
INSERT INTO `author`(`name`,`birthyear`,`deathyear`) VALUES('Antonina Monestine','1941','1981');
INSERT INTO `author_book`(`author`, `entryid`) VALUES ('Antonina Monestine','1289');
INSERT INTO `publisher_book`(`publisher`, `entryid`) VALUES ('Piede Publishers.','1289');
INSERT INTO `entry`(`entryid`,`type`) VALUES('1290','b');
INSERT INTO `book`(`title`,`entryid`,`isbn`) VALUES('Description by Lung','1290','0682397209391');
INSERT INTO `genre_book`(`genre`, `entryid`) VALUES ('Sci-Fi','1290');
INSERT INTO `author_book`(`author`, `entryid`) VALUES ('Arvilla Spicer','1290');
INSERT INTO `publisher_book`(`publisher`, `entryid`) VALUES ('Sandling Publishers.','1290');
INSERT INTO `entry`(`entryid`,`type`) VALUES('1291','b');
INSERT INTO `book`(`title`,`entryid`,`isbn`) VALUES('Top to the Windchime','1291','0553083379344');
INSERT INTO `genre_book`(`genre`, `entryid`) VALUES ('Education','1291');
INSERT INTO `author_book`(`author`, `entryid`) VALUES ('Janita Baldridge','1291');
INSERT INTO `publisher_book`(`publisher`, `entryid`) VALUES ('Ostwinkle Inc.','1291');
INSERT INTO `entry`(`entryid`,`type`) VALUES('1292','b');
INSERT INTO `book`(`title`,`entryid`,`isbn`) VALUES('Yak in Kilometer','1292','9686016894788');
INSERT INTO `genre_book`(`genre`, `entryid`) VALUES ('Thriller','1292');
INSERT INTO `author`(`name`,`birthyear`,`deathyear`) VALUES('Carolynn Kingrey','1926','1970');
INSERT INTO `author_book`(`author`, `entryid`) VALUES ('Carolynn Kingrey','1292');
INSERT INTO `publisher_book`(`publisher`, `entryid`) VALUES ('Maronge Inc.','1292');
INSERT INTO `entry`(`entryid`,`type`) VALUES('1293','b');
INSERT INTO `book`(`title`,`entryid`,`isbn`) VALUES('Bead with Driving','1293','9830849025970');
INSERT INTO `genre_book`(`genre`, `entryid`) VALUES ('Horror','1293');
INSERT INTO `author_book`(`author`, `entryid`) VALUES ('Tereasa New','1293');
INSERT INTO `publisher_book`(`publisher`, `entryid`) VALUES ('Dewaratanawan Inc.','1293');
INSERT INTO `entry`(`entryid`,`type`) VALUES('1294','b');
INSERT INTO `book`(`title`,`entryid`,`isbn`) VALUES('Dibble for hokey Geography','1294','9776623751891');
INSERT INTO `genre_book`(`genre`, `entryid`) VALUES ('Science','1294');
INSERT INTO `author_book`(`author`, `entryid`) VALUES ('Marjory Entwistle','1294');
INSERT INTO `publisher_book`(`publisher`, `entryid`) VALUES ('Cantlow Inc.','1294');
INSERT INTO `entry`(`entryid`,`type`) VALUES('1295','b');
INSERT INTO `book`(`title`,`entryid`,`isbn`) VALUES('Harbor with Lumber','1295','9647090961403');
INSERT INTO `genre_book`(`genre`, `entryid`) VALUES ('Adventure','1295');
INSERT INTO `author_book`(`author`, `entryid`) VALUES ('Kiyoko Corradini','1295');
INSERT INTO `publisher_book`(`publisher`, `entryid`) VALUES ('Sever Cooperations.','1295');
INSERT INTO `entry`(`entryid`,`type`) VALUES('1296','b');
INSERT INTO `book`(`title`,`entryid`,`isbn`) VALUES('Dolphin against the minatory Hardcover','1296','0049086440982');
INSERT INTO `genre_book`(`genre`, `entryid`) VALUES ('Sci-Fi','1296');
INSERT INTO `author_book`(`author`, `entryid`) VALUES ('Eveline Tognetti','1296');
INSERT INTO `publisher_book`(`publisher`, `entryid`) VALUES ('Southerland Inc.','1296');
INSERT INTO `entry`(`entryid`,`type`) VALUES('1297','b');
INSERT INTO `book`(`title`,`entryid`,`isbn`) VALUES('Package against the Light','1297','9765202732413');
INSERT INTO `genre_book`(`genre`, `entryid`) VALUES ('Science','1297');
INSERT INTO `author_book`(`author`, `entryid`) VALUES ('Arlean Wallenbrock','1297');
INSERT INTO `publisher_book`(`publisher`, `entryid`) VALUES ('Laffer Publishers.','1297');
INSERT INTO `entry`(`entryid`,`type`) VALUES('1298','b');
INSERT INTO `book`(`title`,`entryid`,`isbn`) VALUES('Lead against the Dish','1298','0479815358293');
INSERT INTO `genre_book`(`genre`, `entryid`) VALUES ('Thriller','1298');
INSERT INTO `author`(`name`,`birthyear`,`deathyear`) VALUES('Ana Krushansky','1950','2025');
INSERT INTO `author_book`(`author`, `entryid`) VALUES ('Ana Krushansky','1298');
INSERT INTO `publisher_book`(`publisher`, `entryid`) VALUES ('Bowlin Publishers.','1298');
INSERT INTO `entry`(`entryid`,`type`) VALUES('1299','b');
INSERT INTO `book`(`title`,`entryid`,`isbn`) VALUES('Milkshake and gawky Swallow','1299','9374736547895');
INSERT INTO `genre_book`(`genre`, `entryid`) VALUES ('Sci-Fi','1299');
INSERT INTO `author_book`(`author`, `entryid`) VALUES ('Alleen Sayaphon','1299');
INSERT INTO `publisher_book`(`publisher`, `entryid`) VALUES ('Bookter Cooperations.','1299');
INSERT INTO `entry`(`entryid`,`type`) VALUES('1300','b');
INSERT INTO `book`(`title`,`entryid`,`isbn`) VALUES('Ethernet to Prepared','1300','9128055515785');
INSERT INTO `genre_book`(`genre`, `entryid`) VALUES ('Education','1300');
INSERT INTO `author_book`(`author`, `entryid`) VALUES ('Estefana Hannum','1300');
INSERT INTO `publisher_book`(`publisher`, `entryid`) VALUES ('Ostling Cooperations.','1300');
INSERT INTO `entry`(`entryid`,`type`) VALUES('1301','b');
INSERT INTO `book`(`title`,`entryid`,`isbn`) VALUES('Mandolin against the Dogsled','1301','9421538439778');
INSERT INTO `genre_book`(`genre`, `entryid`) VALUES ('Romance','1301');
INSERT INTO `author_book`(`author`, `entryid`) VALUES ('Rob Cimmino','1301');
INSERT INTO `publisher_book`(`publisher`, `entryid`) VALUES ('Manz Publishers.','1301');
INSERT INTO `entry`(`entryid`,`type`) VALUES('1302','b');
INSERT INTO `book`(`title`,`entryid`,`isbn`) VALUES('Bolt of the judgmental Freeze','1302','9306489003430');
INSERT INTO `genre_book`(`genre`, `entryid`) VALUES ('Sci-Fi','1302');
INSERT INTO `author_book`(`author`, `entryid`) VALUES ('Otis Kisiel','1302');
INSERT INTO `publisher_book`(`publisher`, `entryid`) VALUES ('Losee Publishers.','1302');
INSERT INTO `entry`(`entryid`,`type`) VALUES('1303','b');
INSERT INTO `book`(`title`,`entryid`,`isbn`) VALUES('Glue to Desire','1303','9974130605092');
INSERT INTO `genre_book`(`genre`, `entryid`) VALUES ('Romance','1303');
INSERT INTO `author`(`name`,`birthyear`,`deathyear`) VALUES('Nona Partelow','1902','1922');
INSERT INTO `author_book`(`author`, `entryid`) VALUES ('Nona Partelow','1303');
INSERT INTO `publisher_book`(`publisher`, `entryid`) VALUES ('Sin Inc.','1303');
INSERT INTO `entry`(`entryid`,`type`) VALUES('1304','b');
INSERT INTO `book`(`title`,`entryid`,`isbn`) VALUES('Deficit and the Foxglove','1304','9404499414797');
INSERT INTO `genre_book`(`genre`, `entryid`) VALUES ('Education','1304');
INSERT INTO `author_book`(`author`, `entryid`) VALUES ('Sina Frederic','1304');
INSERT INTO `publisher_book`(`publisher`, `entryid`) VALUES ('Declercq Publishers.','1304');
INSERT INTO `entry`(`entryid`,`type`) VALUES('1305','b');
INSERT INTO `book`(`title`,`entryid`,`isbn`) VALUES('Philippines against the Sentence','1305','0423153773185');
INSERT INTO `genre_book`(`genre`, `entryid`) VALUES ('Thriller','1305');
INSERT INTO `author`(`name`,`birthyear`,`deathyear`) VALUES('Delora Krumbach','1883','1926');
INSERT INTO `author_book`(`author`, `entryid`) VALUES ('Delora Krumbach','1305');
INSERT INTO `publisher_book`(`publisher`, `entryid`) VALUES ('Albrittain Publishers.','1305');
INSERT INTO `entry`(`entryid`,`type`) VALUES('1306','b');
INSERT INTO `book`(`title`,`entryid`,`isbn`) VALUES('Mimosa vs. self-opened Liquor','1306','0892555550671');
INSERT INTO `genre_book`(`genre`, `entryid`) VALUES ('Science','1306');
INSERT INTO `author_book`(`author`, `entryid`) VALUES ('Brittny Boyar','1306');
INSERT INTO `publisher_book`(`publisher`, `entryid`) VALUES ('Hochmuth Cooperations.','1306');
INSERT INTO `entry`(`entryid`,`type`) VALUES('1307','b');
INSERT INTO `book`(`title`,`entryid`,`isbn`) VALUES('Ear with the compony Stomach','1307','0491633374155');
INSERT INTO `genre_book`(`genre`, `entryid`) VALUES ('Horror','1307');
INSERT INTO `author_book`(`author`, `entryid`) VALUES ('Terra Duong','1307');
INSERT INTO `publisher_book`(`publisher`, `entryid`) VALUES ('Kresha Inc.','1307');
INSERT INTO `entry`(`entryid`,`type`) VALUES('1308','b');
INSERT INTO `book`(`title`,`entryid`,`isbn`) VALUES('Security because of Canadian','1308','9144042411055');
INSERT INTO `genre_book`(`genre`, `entryid`) VALUES ('Sci-Fi','1308');
INSERT INTO `author`(`name`,`birthyear`,`deathyear`) VALUES('Michel Spratlin','1931','1958');
INSERT INTO `author_book`(`author`, `entryid`) VALUES ('Michel Spratlin','1308');
INSERT INTO `publisher_book`(`publisher`, `entryid`) VALUES ('Flenaugh Publishers.','1308');
INSERT INTO `entry`(`entryid`,`type`) VALUES('1309','b');
INSERT INTO `book`(`title`,`entryid`,`isbn`) VALUES('Plier to Balance','1309','9694510717928');
INSERT INTO `genre_book`(`genre`, `entryid`) VALUES ('Thriller','1309');
INSERT INTO `author`(`name`,`birthyear`,`deathyear`) VALUES('Leonia Moscrip','1881','1917');
INSERT INTO `author_book`(`author`, `entryid`) VALUES ('Leonia Moscrip','1309');
INSERT INTO `publisher_book`(`publisher`, `entryid`) VALUES ('Prestwood Publishers.','1309');
INSERT INTO `entry`(`entryid`,`type`) VALUES('1310','b');
INSERT INTO `book`(`title`,`entryid`,`isbn`) VALUES('Michael in Nest','1310','0323776386221');
INSERT INTO `genre_book`(`genre`, `entryid`) VALUES ('Romance','1310');
INSERT INTO `author_book`(`author`, `entryid`) VALUES ('Teodora Wilmont','1310');
INSERT INTO `publisher_book`(`publisher`, `entryid`) VALUES ('Trucchio Cooperations.','1310');
INSERT INTO `entry`(`entryid`,`type`) VALUES('1311','b');
INSERT INTO `book`(`title`,`entryid`,`isbn`) VALUES('Course for Great-grandmother','1311','9358909898459');
INSERT INTO `genre_book`(`genre`, `entryid`) VALUES ('Thriller','1311');
INSERT INTO `author_book`(`author`, `entryid`) VALUES ('Magdalena Kearbey','1311');
INSERT INTO `publisher_book`(`publisher`, `entryid`) VALUES ('Marples Cooperations.','1311');
INSERT INTO `entry`(`entryid`,`type`) VALUES('1312','b');
INSERT INTO `book`(`title`,`entryid`,`isbn`) VALUES('Hygienic with the xylographic Oboe','1312','9452697238715');
INSERT INTO `genre_book`(`genre`, `entryid`) VALUES ('Horror','1312');
INSERT INTO `author_book`(`author`, `entryid`) VALUES ('Lajuana Lamattina','1312');
INSERT INTO `publisher_book`(`publisher`, `entryid`) VALUES ('Southerland Inc.','1312');
INSERT INTO `entry`(`entryid`,`type`) VALUES('1313','b');
INSERT INTO `book`(`title`,`entryid`,`isbn`) VALUES('Greek by Food','1313','9719054599495');
INSERT INTO `genre_book`(`genre`, `entryid`) VALUES ('Thriller','1313');
INSERT INTO `author_book`(`author`, `entryid`) VALUES ('Zola Uzzell','1313');
INSERT INTO `publisher_book`(`publisher`, `entryid`) VALUES ('Peal Cooperations.','1313');
INSERT INTO `entry`(`entryid`,`type`) VALUES('1314','b');
INSERT INTO `book`(`title`,`entryid`,`isbn`) VALUES('Loaf by the Cabbage','1314','0607145437472');
INSERT INTO `genre_book`(`genre`, `entryid`) VALUES ('Horror','1314');
INSERT INTO `author`(`name`,`birthyear`,`deathyear`) VALUES('Reina Moake','1942','1962');
INSERT INTO `author_book`(`author`, `entryid`) VALUES ('Reina Moake','1314');
INSERT INTO `publisher_book`(`publisher`, `entryid`) VALUES ('Naegle Publishers.','1314');
INSERT INTO `entry`(`entryid`,`type`) VALUES('1315','b');
INSERT INTO `book`(`title`,`entryid`,`isbn`) VALUES('Elbow vs. Wolf','1315','9149051079853');
INSERT INTO `genre_book`(`genre`, `entryid`) VALUES ('Thriller','1315');
INSERT INTO `author`(`name`,`birthyear`,`deathyear`) VALUES('Darcel Illescas','1975','2008');
INSERT INTO `author_book`(`author`, `entryid`) VALUES ('Darcel Illescas','1315');
INSERT INTO `publisher_book`(`publisher`, `entryid`) VALUES ('Kresha Inc.','1315');
INSERT INTO `entry`(`entryid`,`type`) VALUES('1316','b');
INSERT INTO `book`(`title`,`entryid`,`isbn`) VALUES('Romania and substantive Recess','1316','0583580549820');
INSERT INTO `genre_book`(`genre`, `entryid`) VALUES ('Science','1316');
INSERT INTO `author`(`name`,`birthyear`,`deathyear`) VALUES('Faith Barabas','1950','2036');
INSERT INTO `author_book`(`author`, `entryid`) VALUES ('Faith Barabas','1316');
INSERT INTO `publisher_book`(`publisher`, `entryid`) VALUES ('Lindemuth Cooperations.','1316');
INSERT INTO `entry`(`entryid`,`type`) VALUES('1317','b');
INSERT INTO `book`(`title`,`entryid`,`isbn`) VALUES('Event for the Age','1317','9957954590736');
INSERT INTO `genre_book`(`genre`, `entryid`) VALUES ('Horror','1317');
INSERT INTO `author_book`(`author`, `entryid`) VALUES ('Elza Borwig','1317');
INSERT INTO `publisher_book`(`publisher`, `entryid`) VALUES ('Teisberg Publishers.','1317');
INSERT INTO `entry`(`entryid`,`type`) VALUES('1318','b');
INSERT INTO `book`(`title`,`entryid`,`isbn`) VALUES('Cirrus to ashen Barber','1318','0911796584847');
INSERT INTO `genre_book`(`genre`, `entryid`) VALUES ('Horror','1318');
INSERT INTO `author_book`(`author`, `entryid`) VALUES ('Meri Laragy','1318');
INSERT INTO `publisher_book`(`publisher`, `entryid`) VALUES ('Turnbull Inc.','1318');
INSERT INTO `entry`(`entryid`,`type`) VALUES('1319','b');
INSERT INTO `book`(`title`,`entryid`,`isbn`) VALUES('Coast to the self-consuming Dime','1319','9608338672927');
INSERT INTO `genre_book`(`genre`, `entryid`) VALUES ('Science','1319');
INSERT INTO `author`(`name`,`birthyear`,`deathyear`) VALUES('Fidelia Trombino','1890','1962');
INSERT INTO `author_book`(`author`, `entryid`) VALUES ('Fidelia Trombino','1319');
INSERT INTO `publisher_book`(`publisher`, `entryid`) VALUES ('Dewaratanawan Inc.','1319');
INSERT INTO `entry`(`entryid`,`type`) VALUES('1320','b');
INSERT INTO `book`(`title`,`entryid`,`isbn`) VALUES('Titanium to weak-minded Golf','1320','0794364223860');
INSERT INTO `genre_book`(`genre`, `entryid`) VALUES ('Thriller','1320');
INSERT INTO `author_book`(`author`, `entryid`) VALUES ('Murray Rioux','1320');
INSERT INTO `publisher_book`(`publisher`, `entryid`) VALUES ('Marples Cooperations.','1320');
INSERT INTO `entry`(`entryid`,`type`) VALUES('1321','b');
INSERT INTO `book`(`title`,`entryid`,`isbn`) VALUES('Mile and all-over Refrigerator','1321','9184128788717');
INSERT INTO `genre_book`(`genre`, `entryid`) VALUES ('Thriller','1321');
INSERT INTO `author_book`(`author`, `entryid`) VALUES ('Latrice Szady','1321');
INSERT INTO `publisher_book`(`publisher`, `entryid`) VALUES ('Aikens Inc.','1321');
INSERT INTO `entry`(`entryid`,`type`) VALUES('1322','b');
INSERT INTO `book`(`title`,`entryid`,`isbn`) VALUES('Driving of ratified Park','1322','9457848613295');
INSERT INTO `genre_book`(`genre`, `entryid`) VALUES ('Thriller','1322');
INSERT INTO `author`(`name`,`birthyear`,`deathyear`) VALUES('Vina Hakes','1918','1951');
INSERT INTO `author_book`(`author`, `entryid`) VALUES ('Vina Hakes','1322');
INSERT INTO `publisher_book`(`publisher`, `entryid`) VALUES ('Hochmuth Cooperations.','1322');
INSERT INTO `entry`(`entryid`,`type`) VALUES('1323','b');
INSERT INTO `book`(`title`,`entryid`,`isbn`) VALUES('Tea to the gaillard Work','1323','0850777395789');
INSERT INTO `genre_book`(`genre`, `entryid`) VALUES ('Science','1323');
INSERT INTO `author`(`name`,`birthyear`,`deathyear`) VALUES('Jean Gulsvig','1941','2009');
INSERT INTO `author_book`(`author`, `entryid`) VALUES ('Jean Gulsvig','1323');
INSERT INTO `publisher_book`(`publisher`, `entryid`) VALUES ('Niforos Publishers.','1323');
INSERT INTO `entry`(`entryid`,`type`) VALUES('1324','b');
INSERT INTO `book`(`title`,`entryid`,`isbn`) VALUES('Light against Policeman','1324','0700315386018');
INSERT INTO `genre_book`(`genre`, `entryid`) VALUES ('Horror','1324');
INSERT INTO `author_book`(`author`, `entryid`) VALUES ('Meta Marxen','1324');
INSERT INTO `publisher_book`(`publisher`, `entryid`) VALUES ('Sever Cooperations.','1324');
INSERT INTO `entry`(`entryid`,`type`) VALUES('1325','b');
INSERT INTO `book`(`title`,`entryid`,`isbn`) VALUES('Popcorn to the unemotional Mustard','1325','9807756679896');
INSERT INTO `genre_book`(`genre`, `entryid`) VALUES ('Sci-Fi','1325');
INSERT INTO `author_book`(`author`, `entryid`) VALUES ('Laurence Bonder','1325');
INSERT INTO `publisher_book`(`publisher`, `entryid`) VALUES ('Turnbull Inc.','1325');
INSERT INTO `entry`(`entryid`,`type`) VALUES('1326','b');
INSERT INTO `book`(`title`,`entryid`,`isbn`) VALUES('Stool with the hypothermal Waste','1326','0614834699954');
INSERT INTO `genre_book`(`genre`, `entryid`) VALUES ('Romance','1326');
INSERT INTO `author_book`(`author`, `entryid`) VALUES ('Estefana Hannum','1326');
INSERT INTO `publisher_book`(`publisher`, `entryid`) VALUES ('Marples Cooperations.','1326');
INSERT INTO `entry`(`entryid`,`type`) VALUES('1327','b');
INSERT INTO `book`(`title`,`entryid`,`isbn`) VALUES('Goldfish of the Euphonium','1327','0527597135970');
INSERT INTO `genre_book`(`genre`, `entryid`) VALUES ('Science','1327');
INSERT INTO `author_book`(`author`, `entryid`) VALUES ('Joe Generalao','1327');
INSERT INTO `publisher_book`(`publisher`, `entryid`) VALUES ('Steedman Cooperations.','1327');
INSERT INTO `entry`(`entryid`,`type`) VALUES('1328','b');
INSERT INTO `book`(`title`,`entryid`,`isbn`) VALUES('Snake in the Atm','1328','9609589926180');
INSERT INTO `genre_book`(`genre`, `entryid`) VALUES ('Horror','1328');
INSERT INTO `author_book`(`author`, `entryid`) VALUES ('Jennette Urena','1328');
INSERT INTO `publisher_book`(`publisher`, `entryid`) VALUES ('Southerland Inc.','1328');
INSERT INTO `entry`(`entryid`,`type`) VALUES('1329','b');
INSERT INTO `book`(`title`,`entryid`,`isbn`) VALUES('Bookcase by the Volleyball','1329','0074308468291');
INSERT INTO `genre_book`(`genre`, `entryid`) VALUES ('Science','1329');
INSERT INTO `author`(`name`,`birthyear`,`deathyear`) VALUES('Candelaria Phillps','1920','2018');
INSERT INTO `author_book`(`author`, `entryid`) VALUES ('Candelaria Phillps','1329');
INSERT INTO `publisher_book`(`publisher`, `entryid`) VALUES ('Ostling Cooperations.','1329');
INSERT INTO `entry`(`entryid`,`type`) VALUES('1330','b');
INSERT INTO `book`(`title`,`entryid`,`isbn`) VALUES('Boy because of Andalusian Airport','1330','0059473986552');
INSERT INTO `genre_book`(`genre`, `entryid`) VALUES ('Education','1330');
INSERT INTO `author`(`name`,`birthyear`,`deathyear`) VALUES('Lucas Livsey','1957','2010');
INSERT INTO `author_book`(`author`, `entryid`) VALUES ('Lucas Livsey','1330');
INSERT INTO `publisher_book`(`publisher`, `entryid`) VALUES ('Houghtelling Cooperations.','1330');
INSERT INTO `entry`(`entryid`,`type`) VALUES('1331','b');
INSERT INTO `book`(`title`,`entryid`,`isbn`) VALUES('Twist by unskilled Beach','1331','9875885088289');
INSERT INTO `genre_book`(`genre`, `entryid`) VALUES ('Adventure','1331');
INSERT INTO `author_book`(`author`, `entryid`) VALUES ('Jayne Winkles','1331');
INSERT INTO `publisher_book`(`publisher`, `entryid`) VALUES ('Iwata Inc.','1331');
INSERT INTO `entry`(`entryid`,`type`) VALUES('1332','b');
INSERT INTO `book`(`title`,`entryid`,`isbn`) VALUES('Particle to curvy Seeder','1332','0098187928450');
INSERT INTO `genre_book`(`genre`, `entryid`) VALUES ('Thriller','1332');
INSERT INTO `author_book`(`author`, `entryid`) VALUES ('Danelle Trimboli','1332');
INSERT INTO `publisher_book`(`publisher`, `entryid`) VALUES ('Schwaner Publishers.','1332');
INSERT INTO `entry`(`entryid`,`type`) VALUES('1333','b');
INSERT INTO `book`(`title`,`entryid`,`isbn`) VALUES('Sprout of Headline','1333','0433060323593');
INSERT INTO `genre_book`(`genre`, `entryid`) VALUES ('Thriller','1333');
INSERT INTO `author_book`(`author`, `entryid`) VALUES ('Cassidy Ghia','1333');
INSERT INTO `publisher_book`(`publisher`, `entryid`) VALUES ('Rocconi Cooperations.','1333');
INSERT INTO `entry`(`entryid`,`type`) VALUES('1334','b');
INSERT INTO `book`(`title`,`entryid`,`isbn`) VALUES('Rabbi by the Target','1334','9967743148944');
INSERT INTO `genre_book`(`genre`, `entryid`) VALUES ('Thriller','1334');
INSERT INTO `author`(`name`,`birthyear`,`deathyear`) VALUES('Larhonda Hylinski','1948','2020');
INSERT INTO `author_book`(`author`, `entryid`) VALUES ('Larhonda Hylinski','1334');
INSERT INTO `publisher_book`(`publisher`, `entryid`) VALUES ('Nocito Publishers.','1334');
INSERT INTO `entry`(`entryid`,`type`) VALUES('1335','b');
INSERT INTO `book`(`title`,`entryid`,`isbn`) VALUES('Era of Stop','1335','0370770759808');
INSERT INTO `genre_book`(`genre`, `entryid`) VALUES ('Science','1335');
INSERT INTO `author_book`(`author`, `entryid`) VALUES ('Brittny Boyar','1335');
INSERT INTO `publisher_book`(`publisher`, `entryid`) VALUES ('Cristo Inc.','1335');
INSERT INTO `entry`(`entryid`,`type`) VALUES('1336','b');
INSERT INTO `book`(`title`,`entryid`,`isbn`) VALUES('Repair of phylloid Sense','1336','0818766951548');
INSERT INTO `genre_book`(`genre`, `entryid`) VALUES ('Horror','1336');
INSERT INTO `author`(`name`,`birthyear`,`deathyear`) VALUES('Freeda Lamadrid','1951','2017');
INSERT INTO `author_book`(`author`, `entryid`) VALUES ('Freeda Lamadrid','1336');
INSERT INTO `publisher_book`(`publisher`, `entryid`) VALUES ('Shore Cooperations.','1336');
INSERT INTO `entry`(`entryid`,`type`) VALUES('1337','b');
INSERT INTO `book`(`title`,`entryid`,`isbn`) VALUES('Show in opportune T-shirt','1337','9859998494292');
INSERT INTO `genre_book`(`genre`, `entryid`) VALUES ('Romance','1337');
INSERT INTO `author_book`(`author`, `entryid`) VALUES ('Dexter Caisse','1337');
INSERT INTO `publisher_book`(`publisher`, `entryid`) VALUES ('Olcus Publishers.','1337');
INSERT INTO `entry`(`entryid`,`type`) VALUES('1338','b');
INSERT INTO `book`(`title`,`entryid`,`isbn`) VALUES('Helium for Guide','1338','0751959531881');
INSERT INTO `genre_book`(`genre`, `entryid`) VALUES ('Adventure','1338');
INSERT INTO `author_book`(`author`, `entryid`) VALUES ('Dorine Mckellop','1338');
INSERT INTO `publisher_book`(`publisher`, `entryid`) VALUES ('Pili Cooperations.','1338');
INSERT INTO `entry`(`entryid`,`type`) VALUES('1339','b');
INSERT INTO `book`(`title`,`entryid`,`isbn`) VALUES('Gauge to the hepatic Pharmacist','1339','0726037790288');
INSERT INTO `genre_book`(`genre`, `entryid`) VALUES ('Education','1339');
INSERT INTO `author_book`(`author`, `entryid`) VALUES ('Eugena Madho','1339');
INSERT INTO `publisher_book`(`publisher`, `entryid`) VALUES ('Mcmeen Publishers.','1339');
INSERT INTO `entry`(`entryid`,`type`) VALUES('1340','b');
INSERT INTO `book`(`title`,`entryid`,`isbn`) VALUES('Doll because of unparented Paint','1340','9956786523327');
INSERT INTO `genre_book`(`genre`, `entryid`) VALUES ('Adventure','1340');
INSERT INTO `author`(`name`,`birthyear`,`deathyear`) VALUES('Ileen Guinle','1933','1980');
INSERT INTO `author_book`(`author`, `entryid`) VALUES ('Ileen Guinle','1340');
INSERT INTO `publisher_book`(`publisher`, `entryid`) VALUES ('Manz Publishers.','1340');
INSERT INTO `entry`(`entryid`,`type`) VALUES('1341','b');
INSERT INTO `book`(`title`,`entryid`,`isbn`) VALUES('Roll by the Link','1341','9036176506398');
INSERT INTO `genre_book`(`genre`, `entryid`) VALUES ('Sci-Fi','1341');
INSERT INTO `author_book`(`author`, `entryid`) VALUES ('Maryland Wettlaufer','1341');
INSERT INTO `publisher`(`name`) VALUES ('Calvery Publishers.');
INSERT INTO `publisher_book`(`publisher`, `entryid`) VALUES ('Calvery Publishers.','1341');
INSERT INTO `entry`(`entryid`,`type`) VALUES('1342','b');
INSERT INTO `book`(`title`,`entryid`,`isbn`) VALUES('Chinese with the challengeable Windchime','1342','9323877617621');
INSERT INTO `genre_book`(`genre`, `entryid`) VALUES ('Education','1342');
INSERT INTO `author_book`(`author`, `entryid`) VALUES ('Tereasa New','1342');
INSERT INTO `publisher_book`(`publisher`, `entryid`) VALUES ('Demore Inc.','1342');
INSERT INTO `entry`(`entryid`,`type`) VALUES('1343','b');
INSERT INTO `book`(`title`,`entryid`,`isbn`) VALUES('Epoch and Divorced','1343','0517195779094');
INSERT INTO `genre_book`(`genre`, `entryid`) VALUES ('Education','1343');
INSERT INTO `author_book`(`author`, `entryid`) VALUES ('Shanice Kudrna','1343');
INSERT INTO `publisher_book`(`publisher`, `entryid`) VALUES ('Zapata Cooperations.','1343');
INSERT INTO `entry`(`entryid`,`type`) VALUES('1344','b');
INSERT INTO `book`(`title`,`entryid`,`isbn`) VALUES('Liquor to India','1344','9278659123238');
INSERT INTO `genre_book`(`genre`, `entryid`) VALUES ('Education','1344');
INSERT INTO `author_book`(`author`, `entryid`) VALUES ('Jennette Cinkan','1344');
INSERT INTO `publisher_book`(`publisher`, `entryid`) VALUES ('Bartolomei Cooperations.','1344');
INSERT INTO `entry`(`entryid`,`type`) VALUES('1345','b');
INSERT INTO `book`(`title`,`entryid`,`isbn`) VALUES('Otter for the kindliest Lisa','1345','0975337483616');
INSERT INTO `genre_book`(`genre`, `entryid`) VALUES ('Science','1345');
INSERT INTO `author`(`name`,`birthyear`,`deathyear`) VALUES('Tajuana Ferdolage','1892','1918');
INSERT INTO `author_book`(`author`, `entryid`) VALUES ('Tajuana Ferdolage','1345');
INSERT INTO `publisher_book`(`publisher`, `entryid`) VALUES ('Laffer Publishers.','1345');
INSERT INTO `entry`(`entryid`,`type`) VALUES('1346','b');
INSERT INTO `book`(`title`,`entryid`,`isbn`) VALUES('Substance and the jetty Vulture','1346','0364189159429');
INSERT INTO `genre_book`(`genre`, `entryid`) VALUES ('Sci-Fi','1346');
INSERT INTO `author_book`(`author`, `entryid`) VALUES ('Nona Partelow','1346');
INSERT INTO `publisher_book`(`publisher`, `entryid`) VALUES ('Schwaner Publishers.','1346');
INSERT INTO `entry`(`entryid`,`type`) VALUES('1347','b');
INSERT INTO `book`(`title`,`entryid`,`isbn`) VALUES('Oil of Actor','1347','9366216242489');
INSERT INTO `genre_book`(`genre`, `entryid`) VALUES ('Education','1347');
INSERT INTO `author`(`name`,`birthyear`,`deathyear`) VALUES('Clifford Brouhard','1950','2010');
INSERT INTO `author_book`(`author`, `entryid`) VALUES ('Clifford Brouhard','1347');
INSERT INTO `publisher_book`(`publisher`, `entryid`) VALUES ('Ockmond Cooperations.','1347');
INSERT INTO `entry`(`entryid`,`type`) VALUES('1348','b');
INSERT INTO `book`(`title`,`entryid`,`isbn`) VALUES('Bomber by Den','1348','0969077428692');
INSERT INTO `genre_book`(`genre`, `entryid`) VALUES ('Horror','1348');
INSERT INTO `author`(`name`,`birthyear`,`deathyear`) VALUES('Stefany Kolek','1884','1948');
INSERT INTO `author_book`(`author`, `entryid`) VALUES ('Stefany Kolek','1348');
INSERT INTO `publisher_book`(`publisher`, `entryid`) VALUES ('Prestwood Publishers.','1348');
INSERT INTO `entry`(`entryid`,`type`) VALUES('1349','b');
INSERT INTO `book`(`title`,`entryid`,`isbn`) VALUES('Jacket to Graphic','1349','0324895062707');
INSERT INTO `genre_book`(`genre`, `entryid`) VALUES ('Thriller','1349');
INSERT INTO `author_book`(`author`, `entryid`) VALUES ('Faith Barabas','1349');
INSERT INTO `publisher_book`(`publisher`, `entryid`) VALUES ('Vanderheiden Inc.','1349');
INSERT INTO `entry`(`entryid`,`type`) VALUES('1350','b');
INSERT INTO `book`(`title`,`entryid`,`isbn`) VALUES('Maraca and Anglo-American Rooster','1350','9164878520736');
INSERT INTO `genre_book`(`genre`, `entryid`) VALUES ('Romance','1350');
INSERT INTO `author_book`(`author`, `entryid`) VALUES ('Garland Devore','1350');
INSERT INTO `publisher_book`(`publisher`, `entryid`) VALUES ('Sever Cooperations.','1350');
INSERT INTO `entry`(`entryid`,`type`) VALUES('1351','b');
INSERT INTO `book`(`title`,`entryid`,`isbn`) VALUES('Kenya and Pantagruelian Bladder','1351','9564554434464');
INSERT INTO `genre_book`(`genre`, `entryid`) VALUES ('Education','1351');
INSERT INTO `author`(`name`,`birthyear`,`deathyear`) VALUES('Retta Yerbic','1925','1984');
INSERT INTO `author_book`(`author`, `entryid`) VALUES ('Retta Yerbic','1351');
INSERT INTO `publisher_book`(`publisher`, `entryid`) VALUES ('Sandling Publishers.','1351');
INSERT INTO `entry`(`entryid`,`type`) VALUES('1352','b');
INSERT INTO `book`(`title`,`entryid`,`isbn`) VALUES('Baker in lanceted Farm','1352','0684306572626');
INSERT INTO `genre_book`(`genre`, `entryid`) VALUES ('Education','1352');
INSERT INTO `author`(`name`,`birthyear`,`deathyear`) VALUES('Jackie Prillaman','1938','1982');
INSERT INTO `author_book`(`author`, `entryid`) VALUES ('Jackie Prillaman','1352');
INSERT INTO `publisher`(`name`) VALUES ('Rodregues Publishers.');
INSERT INTO `publisher_book`(`publisher`, `entryid`) VALUES ('Rodregues Publishers.','1352');
INSERT INTO `entry`(`entryid`,`type`) VALUES('1353','b');
INSERT INTO `book`(`title`,`entryid`,`isbn`) VALUES('Tailor to Spain','1353','9797143561694');
INSERT INTO `genre_book`(`genre`, `entryid`) VALUES ('Thriller','1353');
INSERT INTO `author_book`(`author`, `entryid`) VALUES ('Jamey Sivia','1353');
INSERT INTO `publisher`(`name`) VALUES ('Tiboni Inc.');
INSERT INTO `publisher_book`(`publisher`, `entryid`) VALUES ('Tiboni Inc.','1353');
INSERT INTO `entry`(`entryid`,`type`) VALUES('1354','b');
INSERT INTO `book`(`title`,`entryid`,`isbn`) VALUES('Kamikaze of tough-minded Skirt','1354','9586641987413');
INSERT INTO `genre_book`(`genre`, `entryid`) VALUES ('Sci-Fi','1354');
INSERT INTO `author_book`(`author`, `entryid`) VALUES ('Bessie Wassmann','1354');
INSERT INTO `publisher_book`(`publisher`, `entryid`) VALUES ('Sedor Cooperations.','1354');
INSERT INTO `entry`(`entryid`,`type`) VALUES('1355','b');
INSERT INTO `book`(`title`,`entryid`,`isbn`) VALUES('Wrist vs. containable Print','1355','9455038249584');
INSERT INTO `genre_book`(`genre`, `entryid`) VALUES ('Thriller','1355');
INSERT INTO `author`(`name`,`birthyear`,`deathyear`) VALUES('Gilbert Pamer','1889','1951');
INSERT INTO `author_book`(`author`, `entryid`) VALUES ('Gilbert Pamer','1355');
INSERT INTO `publisher_book`(`publisher`, `entryid`) VALUES ('Cristo Inc.','1355');
INSERT INTO `entry`(`entryid`,`type`) VALUES('1356','b');
INSERT INTO `book`(`title`,`entryid`,`isbn`) VALUES('Lipstick because of overscrupulous Apple','1356','0684417231758');
INSERT INTO `genre_book`(`genre`, `entryid`) VALUES ('Romance','1356');
INSERT INTO `author`(`name`,`birthyear`,`deathyear`) VALUES('Delcie Hossain','1907','1949');
INSERT INTO `author_book`(`author`, `entryid`) VALUES ('Delcie Hossain','1356');
INSERT INTO `publisher_book`(`publisher`, `entryid`) VALUES ('Calvery Publishers.','1356');
INSERT INTO `entry`(`entryid`,`type`) VALUES('1357','b');
INSERT INTO `book`(`title`,`entryid`,`isbn`) VALUES('Caravan by hemitropic Turkish','1357','0484952602985');
INSERT INTO `genre_book`(`genre`, `entryid`) VALUES ('Romance','1357');
INSERT INTO `author_book`(`author`, `entryid`) VALUES ('Rudolph Vansteenhuyse','1357');
INSERT INTO `publisher_book`(`publisher`, `entryid`) VALUES ('Bowersmith Cooperations.','1357');
INSERT INTO `entry`(`entryid`,`type`) VALUES('1358','b');
INSERT INTO `book`(`title`,`entryid`,`isbn`) VALUES('Bike vs. stereo Sparrow','1358','0059012927509');
INSERT INTO `genre_book`(`genre`, `entryid`) VALUES ('Sci-Fi','1358');
INSERT INTO `author_book`(`author`, `entryid`) VALUES ('Joe Generalao','1358');
INSERT INTO `publisher_book`(`publisher`, `entryid`) VALUES ('Flenaugh Publishers.','1358');
INSERT INTO `entry`(`entryid`,`type`) VALUES('1359','b');
INSERT INTO `book`(`title`,`entryid`,`isbn`) VALUES('Paper against unpoliced Underclothes','1359','9668205255274');
INSERT INTO `genre_book`(`genre`, `entryid`) VALUES ('Horror','1359');
INSERT INTO `author_book`(`author`, `entryid`) VALUES ('Mi Rinker','1359');
INSERT INTO `publisher_book`(`publisher`, `entryid`) VALUES ('Bartolomei Cooperations.','1359');
INSERT INTO `entry`(`entryid`,`type`) VALUES('1360','b');
INSERT INTO `book`(`title`,`entryid`,`isbn`) VALUES('Cloakroom of the swirly Hope','1360','9414167746515');
INSERT INTO `genre_book`(`genre`, `entryid`) VALUES ('Horror','1360');
INSERT INTO `author_book`(`author`, `entryid`) VALUES ('Diane Bury','1360');
INSERT INTO `publisher_book`(`publisher`, `entryid`) VALUES ('Rocconi Cooperations.','1360');
INSERT INTO `entry`(`entryid`,`type`) VALUES('1361','b');
INSERT INTO `book`(`title`,`entryid`,`isbn`) VALUES('Alto with the imagistic Money','1361','9248166667778');
INSERT INTO `genre_book`(`genre`, `entryid`) VALUES ('Education','1361');
INSERT INTO `author_book`(`author`, `entryid`) VALUES ('Laure Acorda','1361');
INSERT INTO `publisher_book`(`publisher`, `entryid`) VALUES ('Prestwood Publishers.','1361');
INSERT INTO `entry`(`entryid`,`type`) VALUES('1362','b');
INSERT INTO `book`(`title`,`entryid`,`isbn`) VALUES('Captain and the cryptorchid Step-son','1362','9150286459031');
INSERT INTO `genre_book`(`genre`, `entryid`) VALUES ('Education','1362');
INSERT INTO `author_book`(`author`, `entryid`) VALUES ('Ileen Guinle','1362');
INSERT INTO `publisher_book`(`publisher`, `entryid`) VALUES ('Edin Publishers.','1362');
INSERT INTO `entry`(`entryid`,`type`) VALUES('1363','b');
INSERT INTO `book`(`title`,`entryid`,`isbn`) VALUES('Baker of the untackling Barge','1363','0982326288791');
INSERT INTO `genre_book`(`genre`, `entryid`) VALUES ('Sci-Fi','1363');
INSERT INTO `author`(`name`,`birthyear`,`deathyear`) VALUES('Rosario Cauthron','1970','2008');
INSERT INTO `author_book`(`author`, `entryid`) VALUES ('Rosario Cauthron','1363');
INSERT INTO `publisher_book`(`publisher`, `entryid`) VALUES ('Kresha Inc.','1363');
INSERT INTO `entry`(`entryid`,`type`) VALUES('1364','b');
INSERT INTO `book`(`title`,`entryid`,`isbn`) VALUES('Apology by the jailed Hardboard','1364','9830996200824');
INSERT INTO `genre_book`(`genre`, `entryid`) VALUES ('Romance','1364');
INSERT INTO `author_book`(`author`, `entryid`) VALUES ('Adelia Manfre','1364');
INSERT INTO `publisher_book`(`publisher`, `entryid`) VALUES ('Stukes Publishers.','1364');
INSERT INTO `entry`(`entryid`,`type`) VALUES('1365','b');
INSERT INTO `book`(`title`,`entryid`,`isbn`) VALUES('News with the psychosocial Chest','1365','9982895307946');
INSERT INTO `genre_book`(`genre`, `entryid`) VALUES ('Science','1365');
INSERT INTO `author_book`(`author`, `entryid`) VALUES ('Qiana Tuczynski','1365');
INSERT INTO `publisher_book`(`publisher`, `entryid`) VALUES ('Sedor Cooperations.','1365');
INSERT INTO `entry`(`entryid`,`type`) VALUES('1366','b');
INSERT INTO `book`(`title`,`entryid`,`isbn`) VALUES('Soil of crocus Sunflower','1366','9899978879318');
INSERT INTO `genre_book`(`genre`, `entryid`) VALUES ('Horror','1366');
INSERT INTO `author_book`(`author`, `entryid`) VALUES ('Su Glidden','1366');
INSERT INTO `publisher_book`(`publisher`, `entryid`) VALUES ('Cutri Publishers.','1366');
INSERT INTO `entry`(`entryid`,`type`) VALUES('1367','b');
INSERT INTO `book`(`title`,`entryid`,`isbn`) VALUES('Ceramic vs. Rock','1367','0038238097071');
INSERT INTO `genre_book`(`genre`, `entryid`) VALUES ('Adventure','1367');
INSERT INTO `author_book`(`author`, `entryid`) VALUES ('Delora Krumbach','1367');
INSERT INTO `publisher_book`(`publisher`, `entryid`) VALUES ('Ostwinkle Inc.','1367');
INSERT INTO `entry`(`entryid`,`type`) VALUES('1368','b');
INSERT INTO `book`(`title`,`entryid`,`isbn`) VALUES('Pamphlet to Belgian','1368','9901788308751');
INSERT INTO `genre_book`(`genre`, `entryid`) VALUES ('Adventure','1368');
INSERT INTO `author_book`(`author`, `entryid`) VALUES ('Joselyn Pennigton','1368');
INSERT INTO `publisher_book`(`publisher`, `entryid`) VALUES ('Whitted Cooperations.','1368');
INSERT INTO `entry`(`entryid`,`type`) VALUES('1369','b');
INSERT INTO `book`(`title`,`entryid`,`isbn`) VALUES('Activity in Pakistan','1369','0142287277110');
INSERT INTO `genre_book`(`genre`, `entryid`) VALUES ('Education','1369');
INSERT INTO `author_book`(`author`, `entryid`) VALUES ('Cecilia Lyman','1369');
INSERT INTO `publisher_book`(`publisher`, `entryid`) VALUES ('Prestwood Publishers.','1369');
INSERT INTO `entry`(`entryid`,`type`) VALUES('1370','b');
INSERT INTO `book`(`title`,`entryid`,`isbn`) VALUES('Stopwatch in the amphibological Sense','1370','0525179266110');
INSERT INTO `genre_book`(`genre`, `entryid`) VALUES ('Adventure','1370');
INSERT INTO `author`(`name`,`birthyear`,`deathyear`) VALUES('Oralia Kallberg','1972','2017');
INSERT INTO `author_book`(`author`, `entryid`) VALUES ('Oralia Kallberg','1370');
INSERT INTO `publisher_book`(`publisher`, `entryid`) VALUES ('Stukes Publishers.','1370');
INSERT INTO `entry`(`entryid`,`type`) VALUES('1371','b');
INSERT INTO `book`(`title`,`entryid`,`isbn`) VALUES('Buffet by Prison','1371','0997396123741');
INSERT INTO `genre_book`(`genre`, `entryid`) VALUES ('Romance','1371');
INSERT INTO `author_book`(`author`, `entryid`) VALUES ('Robbie Rei','1371');
INSERT INTO `publisher_book`(`publisher`, `entryid`) VALUES ('Deprez Publishers.','1371');
INSERT INTO `entry`(`entryid`,`type`) VALUES('1372','b');
INSERT INTO `book`(`title`,`entryid`,`isbn`) VALUES('Banjo in the extirpative Comfort','1372','9106893881562');
INSERT INTO `genre_book`(`genre`, `entryid`) VALUES ('Adventure','1372');
INSERT INTO `author_book`(`author`, `entryid`) VALUES ('Magdalena Kearbey','1372');
INSERT INTO `publisher_book`(`publisher`, `entryid`) VALUES ('Schwaner Publishers.','1372');
INSERT INTO `entry`(`entryid`,`type`) VALUES('1373','b');
INSERT INTO `book`(`title`,`entryid`,`isbn`) VALUES('Revolve in the self-harming Tortellini','1373','9958471325285');
INSERT INTO `genre_book`(`genre`, `entryid`) VALUES ('Sci-Fi','1373');
INSERT INTO `author`(`name`,`birthyear`,`deathyear`) VALUES('Jalisa Castellari','1891','1911');
INSERT INTO `author_book`(`author`, `entryid`) VALUES ('Jalisa Castellari','1373');
INSERT INTO `publisher_book`(`publisher`, `entryid`) VALUES ('Zalesky Publishers.','1373');
INSERT INTO `entry`(`entryid`,`type`) VALUES('1374','b');
INSERT INTO `book`(`title`,`entryid`,`isbn`) VALUES('Error of the Toenail','1374','0433533299314');
INSERT INTO `genre_book`(`genre`, `entryid`) VALUES ('Education','1374');
INSERT INTO `author_book`(`author`, `entryid`) VALUES ('Denice Castelhano','1374');
INSERT INTO `publisher_book`(`publisher`, `entryid`) VALUES ('Demore Inc.','1374');
INSERT INTO `entry`(`entryid`,`type`) VALUES('1375','b');
INSERT INTO `book`(`title`,`entryid`,`isbn`) VALUES('Slope in Brandy','1375','0916655631800');
INSERT INTO `genre_book`(`genre`, `entryid`) VALUES ('Adventure','1375');
INSERT INTO `author_book`(`author`, `entryid`) VALUES ('Keva Timmreck','1375');
INSERT INTO `publisher_book`(`publisher`, `entryid`) VALUES ('Moncada Inc.','1375');
INSERT INTO `entry`(`entryid`,`type`) VALUES('1376','b');
INSERT INTO `book`(`title`,`entryid`,`isbn`) VALUES('Check for Falernian Mosquito','1376','0470688059198');
INSERT INTO `genre_book`(`genre`, `entryid`) VALUES ('Sci-Fi','1376');
INSERT INTO `author_book`(`author`, `entryid`) VALUES ('Dann Andreula','1376');
INSERT INTO `publisher_book`(`publisher`, `entryid`) VALUES ('Nocito Publishers.','1376');
INSERT INTO `entry`(`entryid`,`type`) VALUES('1377','b');
INSERT INTO `book`(`title`,`entryid`,`isbn`) VALUES('Appeal for the Playroom','1377','0041957310164');
INSERT INTO `genre_book`(`genre`, `entryid`) VALUES ('Horror','1377');
INSERT INTO `author`(`name`,`birthyear`,`deathyear`) VALUES('Deborah Stinser','1937','1976');
INSERT INTO `author_book`(`author`, `entryid`) VALUES ('Deborah Stinser','1377');
INSERT INTO `publisher_book`(`publisher`, `entryid`) VALUES ('Cutri Publishers.','1377');
INSERT INTO `entry`(`entryid`,`type`) VALUES('1378','b');
INSERT INTO `book`(`title`,`entryid`,`isbn`) VALUES('Offer and tempest-tossed Meter','1378','0053151280109');
INSERT INTO `genre_book`(`genre`, `entryid`) VALUES ('Education','1378');
INSERT INTO `author_book`(`author`, `entryid`) VALUES ('Lula Brochu','1378');
INSERT INTO `publisher_book`(`publisher`, `entryid`) VALUES ('Prestwood Publishers.','1378');
INSERT INTO `entry`(`entryid`,`type`) VALUES('1379','b');
INSERT INTO `book`(`title`,`entryid`,`isbn`) VALUES('Impulse and the Captain','1379','0460047629375');
INSERT INTO `genre_book`(`genre`, `entryid`) VALUES ('Science','1379');
INSERT INTO `author`(`name`,`birthyear`,`deathyear`) VALUES('Deanne Brands','1951','2033');
INSERT INTO `author_book`(`author`, `entryid`) VALUES ('Deanne Brands','1379');
INSERT INTO `publisher_book`(`publisher`, `entryid`) VALUES ('Stulce Publishers.','1379');
INSERT INTO `entry`(`entryid`,`type`) VALUES('1380','b');
INSERT INTO `book`(`title`,`entryid`,`isbn`) VALUES('End and Slave','1380','9156511071007');
INSERT INTO `genre_book`(`genre`, `entryid`) VALUES ('Thriller','1380');
INSERT INTO `author_book`(`author`, `entryid`) VALUES ('Meri Laragy','1380');
INSERT INTO `publisher_book`(`publisher`, `entryid`) VALUES ('Vanderheiden Inc.','1380');
INSERT INTO `entry`(`entryid`,`type`) VALUES('1381','b');
INSERT INTO `book`(`title`,`entryid`,`isbn`) VALUES('September to the agnominal Digital','1381','0176576026443');
INSERT INTO `genre_book`(`genre`, `entryid`) VALUES ('Romance','1381');
INSERT INTO `author_book`(`author`, `entryid`) VALUES ('Otis Kisiel','1381');
INSERT INTO `publisher_book`(`publisher`, `entryid`) VALUES ('Dallis Cooperations.','1381');
INSERT INTO `entry`(`entryid`,`type`) VALUES('1382','b');
INSERT INTO `book`(`title`,`entryid`,`isbn`) VALUES('Step-brother to petulant Mosquito','1382','0000648012563');
INSERT INTO `genre_book`(`genre`, `entryid`) VALUES ('Romance','1382');
INSERT INTO `author_book`(`author`, `entryid`) VALUES ('Nona Partelow','1382');
INSERT INTO `publisher_book`(`publisher`, `entryid`) VALUES ('Hochmuth Cooperations.','1382');
INSERT INTO `entry`(`entryid`,`type`) VALUES('1383','b');
INSERT INTO `book`(`title`,`entryid`,`isbn`) VALUES('Psychology in the lang Range','1383','0439240442640');
INSERT INTO `genre_book`(`genre`, `entryid`) VALUES ('Thriller','1383');
INSERT INTO `author_book`(`author`, `entryid`) VALUES ('Lilla Appenzeller','1383');
INSERT INTO `publisher_book`(`publisher`, `entryid`) VALUES ('Mikhail Cooperations.','1383');
INSERT INTO `entry`(`entryid`,`type`) VALUES('1384','b');
INSERT INTO `book`(`title`,`entryid`,`isbn`) VALUES('Seal with factorable Dredger','1384','0231305149334');
INSERT INTO `genre_book`(`genre`, `entryid`) VALUES ('Horror','1384');
INSERT INTO `author`(`name`,`birthyear`,`deathyear`) VALUES('Corrina Sarsour','1885','1913');
INSERT INTO `author_book`(`author`, `entryid`) VALUES ('Corrina Sarsour','1384');
INSERT INTO `publisher_book`(`publisher`, `entryid`) VALUES ('Hamers Inc.','1384');
INSERT INTO `entry`(`entryid`,`type`) VALUES('1385','b');
INSERT INTO `book`(`title`,`entryid`,`isbn`) VALUES('British of the air-mail Match','1385','9329477960973');
INSERT INTO `genre_book`(`genre`, `entryid`) VALUES ('Sci-Fi','1385');
INSERT INTO `author_book`(`author`, `entryid`) VALUES ('Reina Moake','1385');
INSERT INTO `publisher_book`(`publisher`, `entryid`) VALUES ('Lindemuth Cooperations.','1385');
INSERT INTO `entry`(`entryid`,`type`) VALUES('1386','b');
INSERT INTO `book`(`title`,`entryid`,`isbn`) VALUES('Mass to Friday','1386','9194639228992');
INSERT INTO `genre_book`(`genre`, `entryid`) VALUES ('Adventure','1386');
INSERT INTO `author`(`name`,`birthyear`,`deathyear`) VALUES('Neva Rapuano','1929','2005');
INSERT INTO `author_book`(`author`, `entryid`) VALUES ('Neva Rapuano','1386');
INSERT INTO `publisher_book`(`publisher`, `entryid`) VALUES ('Ockmond Cooperations.','1386');
INSERT INTO `entry`(`entryid`,`type`) VALUES('1387','b');
INSERT INTO `book`(`title`,`entryid`,`isbn`) VALUES('Physician by ulcerous Turn','1387','9016780984089');
INSERT INTO `genre_book`(`genre`, `entryid`) VALUES ('Science','1387');
INSERT INTO `author`(`name`,`birthyear`,`deathyear`) VALUES('Carl Delaurentis','1885','1927');
INSERT INTO `author_book`(`author`, `entryid`) VALUES ('Carl Delaurentis','1387');
INSERT INTO `publisher_book`(`publisher`, `entryid`) VALUES ('Kowalik Cooperations.','1387');
INSERT INTO `entry`(`entryid`,`type`) VALUES('1388','b');
INSERT INTO `book`(`title`,`entryid`,`isbn`) VALUES('Anthropology and Lawyer','1388','0644251247650');
INSERT INTO `genre_book`(`genre`, `entryid`) VALUES ('Science','1388');
INSERT INTO `author_book`(`author`, `entryid`) VALUES ('Julene Hartleben','1388');
INSERT INTO `publisher`(`name`) VALUES ('Viernes Cooperations.');
INSERT INTO `publisher_book`(`publisher`, `entryid`) VALUES ('Viernes Cooperations.','1388');
INSERT INTO `entry`(`entryid`,`type`) VALUES('1389','b');
INSERT INTO `book`(`title`,`entryid`,`isbn`) VALUES('Change in the unpayable Pancake','1389','9549403962509');
INSERT INTO `genre_book`(`genre`, `entryid`) VALUES ('Horror','1389');
INSERT INTO `author_book`(`author`, `entryid`) VALUES ('Cynthia Havlicek','1389');
INSERT INTO `publisher_book`(`publisher`, `entryid`) VALUES ('Calvery Publishers.','1389');
INSERT INTO `entry`(`entryid`,`type`) VALUES('1390','b');
INSERT INTO `book`(`title`,`entryid`,`isbn`) VALUES('Price with unbarbered Statement','1390','9069939521317');
INSERT INTO `genre_book`(`genre`, `entryid`) VALUES ('Science','1390');
INSERT INTO `author`(`name`,`birthyear`,`deathyear`) VALUES('Elise Selitto','1895','1941');
INSERT INTO `author_book`(`author`, `entryid`) VALUES ('Elise Selitto','1390');
INSERT INTO `publisher_book`(`publisher`, `entryid`) VALUES ('Brillon Publishers.','1390');
INSERT INTO `entry`(`entryid`,`type`) VALUES('1391','b');
INSERT INTO `book`(`title`,`entryid`,`isbn`) VALUES('Hub in the Squash','1391','0453142798167');
INSERT INTO `genre_book`(`genre`, `entryid`) VALUES ('Romance','1391');
INSERT INTO `author`(`name`,`birthyear`,`deathyear`) VALUES('Kraig Pingrey','1932','2015');
INSERT INTO `author_book`(`author`, `entryid`) VALUES ('Kraig Pingrey','1391');
INSERT INTO `publisher_book`(`publisher`, `entryid`) VALUES ('Toles Cooperations.','1391');
INSERT INTO `entry`(`entryid`,`type`) VALUES('1392','b');
INSERT INTO `book`(`title`,`entryid`,`isbn`) VALUES('Oval with foodless Input','1392','0697613889704');
INSERT INTO `genre_book`(`genre`, `entryid`) VALUES ('Horror','1392');
INSERT INTO `author_book`(`author`, `entryid`) VALUES ('Vergie Snellen','1392');
INSERT INTO `publisher_book`(`publisher`, `entryid`) VALUES ('Koury Inc.','1392');
INSERT INTO `entry`(`entryid`,`type`) VALUES('1393','b');
INSERT INTO `book`(`title`,`entryid`,`isbn`) VALUES('Hill by artefactual Hub','1393','9035400869759');
INSERT INTO `genre_book`(`genre`, `entryid`) VALUES ('Thriller','1393');
INSERT INTO `author`(`name`,`birthyear`,`deathyear`) VALUES('Malka Teufel','1894','1984');
INSERT INTO `author_book`(`author`, `entryid`) VALUES ('Malka Teufel','1393');
INSERT INTO `publisher_book`(`publisher`, `entryid`) VALUES ('Schorsch Cooperations.','1393');
INSERT INTO `entry`(`entryid`,`type`) VALUES('1394','b');
INSERT INTO `book`(`title`,`entryid`,`isbn`) VALUES('Helicopter of the Trowel','1394','0840142077251');
INSERT INTO `genre_book`(`genre`, `entryid`) VALUES ('Thriller','1394');
INSERT INTO `author`(`name`,`birthyear`,`deathyear`) VALUES('Chang Niccoli','1910','2001');
INSERT INTO `author_book`(`author`, `entryid`) VALUES ('Chang Niccoli','1394');
INSERT INTO `publisher_book`(`publisher`, `entryid`) VALUES ('Bookter Cooperations.','1394');
INSERT INTO `entry`(`entryid`,`type`) VALUES('1395','b');
INSERT INTO `book`(`title`,`entryid`,`isbn`) VALUES('Thursday and the self-explanatory Punch','1395','9625212686232');
INSERT INTO `genre_book`(`genre`, `entryid`) VALUES ('Romance','1395');
INSERT INTO `author_book`(`author`, `entryid`) VALUES ('Arlen Freudiger','1395');
INSERT INTO `publisher_book`(`publisher`, `entryid`) VALUES ('Kresha Inc.','1395');
INSERT INTO `entry`(`entryid`,`type`) VALUES('1396','b');
INSERT INTO `book`(`title`,`entryid`,`isbn`) VALUES('Agenda by the Dungeon','1396','0896984384118');
INSERT INTO `genre_book`(`genre`, `entryid`) VALUES ('Science','1396');
INSERT INTO `author_book`(`author`, `entryid`) VALUES ('Araceli Brondyke','1396');
INSERT INTO `publisher_book`(`publisher`, `entryid`) VALUES ('Kowalik Cooperations.','1396');
INSERT INTO `entry`(`entryid`,`type`) VALUES('1397','b');
INSERT INTO `book`(`title`,`entryid`,`isbn`) VALUES('Trunk against the uninterested Reminder','1397','9918458559374');
INSERT INTO `genre_book`(`genre`, `entryid`) VALUES ('Horror','1397');
INSERT INTO `author_book`(`author`, `entryid`) VALUES ('Jone Crapp','1397');
INSERT INTO `publisher_book`(`publisher`, `entryid`) VALUES ('Marples Cooperations.','1397');
INSERT INTO `entry`(`entryid`,`type`) VALUES('1398','b');
INSERT INTO `book`(`title`,`entryid`,`isbn`) VALUES('Chin because of Jeff','1398','0021904865327');
INSERT INTO `genre_book`(`genre`, `entryid`) VALUES ('Horror','1398');
INSERT INTO `author_book`(`author`, `entryid`) VALUES ('Alesia Mcvenes','1398');
INSERT INTO `publisher_book`(`publisher`, `entryid`) VALUES ('Demore Inc.','1398');
INSERT INTO `entry`(`entryid`,`type`) VALUES('1399','b');
INSERT INTO `book`(`title`,`entryid`,`isbn`) VALUES('Helium of the leucitic Kohlrabi','1399','9823265642689');
INSERT INTO `genre_book`(`genre`, `entryid`) VALUES ('Sci-Fi','1399');
INSERT INTO `author_book`(`author`, `entryid`) VALUES ('Talitha Pilbin','1399');
INSERT INTO `publisher_book`(`publisher`, `entryid`) VALUES ('Edin Publishers.','1399');
INSERT INTO `entry`(`entryid`,`type`) VALUES('1400','b');
INSERT INTO `book`(`title`,`entryid`,`isbn`) VALUES('Maria because of Ukrainian','1400','9496872941381');
INSERT INTO `genre_book`(`genre`, `entryid`) VALUES ('Thriller','1400');
INSERT INTO `author`(`name`,`birthyear`,`deathyear`) VALUES('Marian Cartin','1963','1996');
INSERT INTO `author_book`(`author`, `entryid`) VALUES ('Marian Cartin','1400');
INSERT INTO `publisher_book`(`publisher`, `entryid`) VALUES ('Kresha Inc.','1400');
INSERT INTO `entry`(`entryid`,`type`) VALUES('1401','b');
INSERT INTO `book`(`title`,`entryid`,`isbn`) VALUES('Plot by the off-line Curtain','1401','0181902275139');
INSERT INTO `genre_book`(`genre`, `entryid`) VALUES ('Education','1401');
INSERT INTO `author_book`(`author`, `entryid`) VALUES ('Shanon Groetken','1401');
INSERT INTO `publisher_book`(`publisher`, `entryid`) VALUES ('Giangregorio Cooperations.','1401');
INSERT INTO `entry`(`entryid`,`type`) VALUES('1402','b');
INSERT INTO `book`(`title`,`entryid`,`isbn`) VALUES('Icebreaker against Minute','1402','0779469034551');
INSERT INTO `genre_book`(`genre`, `entryid`) VALUES ('Horror','1402');
INSERT INTO `author_book`(`author`, `entryid`) VALUES ('Shanice Kudrna','1402');
INSERT INTO `publisher_book`(`publisher`, `entryid`) VALUES ('Cantlow Inc.','1402');
INSERT INTO `entry`(`entryid`,`type`) VALUES('1403','b');
INSERT INTO `book`(`title`,`entryid`,`isbn`) VALUES('Forest against the half-cocked Shorts','1403','0757578969485');
INSERT INTO `genre_book`(`genre`, `entryid`) VALUES ('Romance','1403');
INSERT INTO `author_book`(`author`, `entryid`) VALUES ('Corrinne Brighi','1403');
INSERT INTO `publisher_book`(`publisher`, `entryid`) VALUES ('Ockmond Cooperations.','1403');
INSERT INTO `entry`(`entryid`,`type`) VALUES('1404','b');
INSERT INTO `book`(`title`,`entryid`,`isbn`) VALUES('Command for Shingle','1404','9810862871289');
INSERT INTO `genre_book`(`genre`, `entryid`) VALUES ('Thriller','1404');
INSERT INTO `author_book`(`author`, `entryid`) VALUES ('Hoa Woodson','1404');
INSERT INTO `publisher_book`(`publisher`, `entryid`) VALUES ('Edin Publishers.','1404');
INSERT INTO `entry`(`entryid`,`type`) VALUES('1405','b');
INSERT INTO `book`(`title`,`entryid`,`isbn`) VALUES('Ounce and unwashed Question','1405','9318009637739');
INSERT INTO `genre_book`(`genre`, `entryid`) VALUES ('Science','1405');
INSERT INTO `author_book`(`author`, `entryid`) VALUES ('Marietta Roen','1405');
INSERT INTO `publisher_book`(`publisher`, `entryid`) VALUES ('Tinin Cooperations.','1405');
INSERT INTO `entry`(`entryid`,`type`) VALUES('1406','b');
INSERT INTO `book`(`title`,`entryid`,`isbn`) VALUES('Canoe by the metapsychological Iran','1406','9255089247156');
INSERT INTO `genre_book`(`genre`, `entryid`) VALUES ('Education','1406');
INSERT INTO `author_book`(`author`, `entryid`) VALUES ('Antonio Salcedo','1406');
INSERT INTO `publisher_book`(`publisher`, `entryid`) VALUES ('Moncada Inc.','1406');
INSERT INTO `entry`(`entryid`,`type`) VALUES('1407','b');
INSERT INTO `book`(`title`,`entryid`,`isbn`) VALUES('Brace because of Hippopotamus','1407','0127557415166');
INSERT INTO `genre_book`(`genre`, `entryid`) VALUES ('Thriller','1407');
INSERT INTO `author_book`(`author`, `entryid`) VALUES ('Jovita Peugh','1407');
INSERT INTO `publisher_book`(`publisher`, `entryid`) VALUES ('Brumbaugh Cooperations.','1407');
INSERT INTO `entry`(`entryid`,`type`) VALUES('1408','b');
INSERT INTO `book`(`title`,`entryid`,`isbn`) VALUES('Wrecker to Tank','1408','0880845056794');
INSERT INTO `genre_book`(`genre`, `entryid`) VALUES ('Horror','1408');
INSERT INTO `author_book`(`author`, `entryid`) VALUES ('Joel Inestroza','1408');
INSERT INTO `publisher_book`(`publisher`, `entryid`) VALUES ('Iwata Inc.','1408');
INSERT INTO `entry`(`entryid`,`type`) VALUES('1409','b');
INSERT INTO `book`(`title`,`entryid`,`isbn`) VALUES('Olive by the Reading','1409','9345859519855');
INSERT INTO `genre_book`(`genre`, `entryid`) VALUES ('Romance','1409');
INSERT INTO `author`(`name`,`birthyear`,`deathyear`) VALUES('Daysi Baskette','1911','1999');
INSERT INTO `author_book`(`author`, `entryid`) VALUES ('Daysi Baskette','1409');
INSERT INTO `publisher_book`(`publisher`, `entryid`) VALUES ('Steedman Cooperations.','1409');
INSERT INTO `entry`(`entryid`,`type`) VALUES('1410','b');
INSERT INTO `book`(`title`,`entryid`,`isbn`) VALUES('Streetcar by the Push','1410','9126031003758');
INSERT INTO `genre_book`(`genre`, `entryid`) VALUES ('Romance','1410');
INSERT INTO `author_book`(`author`, `entryid`) VALUES ('Mertie Bozzi','1410');
INSERT INTO `publisher_book`(`publisher`, `entryid`) VALUES ('Cutri Publishers.','1410');
INSERT INTO `entry`(`entryid`,`type`) VALUES('1411','b');
INSERT INTO `book`(`title`,`entryid`,`isbn`) VALUES('Test in the Bird','1411','0837992535060');
INSERT INTO `genre_book`(`genre`, `entryid`) VALUES ('Sci-Fi','1411');
INSERT INTO `author_book`(`author`, `entryid`) VALUES ('Tennie Certain','1411');
INSERT INTO `publisher_book`(`publisher`, `entryid`) VALUES ('Hachey Inc.','1411');
INSERT INTO `entry`(`entryid`,`type`) VALUES('1412','b');
INSERT INTO `book`(`title`,`entryid`,`isbn`) VALUES('Punch for Acheulean Spaghetti','1412','0931295942060');
INSERT INTO `genre_book`(`genre`, `entryid`) VALUES ('Education','1412');
INSERT INTO `author_book`(`author`, `entryid`) VALUES ('Loma Crebs','1412');
INSERT INTO `publisher_book`(`publisher`, `entryid`) VALUES ('Hochmuth Cooperations.','1412');
INSERT INTO `entry`(`entryid`,`type`) VALUES('1413','b');
INSERT INTO `book`(`title`,`entryid`,`isbn`) VALUES('Frog by pushy Frog','1413','9508680643523');
INSERT INTO `genre_book`(`genre`, `entryid`) VALUES ('Science','1413');
INSERT INTO `author_book`(`author`, `entryid`) VALUES ('Rosaline Coffelt','1413');
INSERT INTO `publisher_book`(`publisher`, `entryid`) VALUES ('Trucchio Cooperations.','1413');
INSERT INTO `entry`(`entryid`,`type`) VALUES('1414','b');
INSERT INTO `book`(`title`,`entryid`,`isbn`) VALUES('Streetcar in the episcopally Rhinoceros','1414','0976206000095');
INSERT INTO `genre_book`(`genre`, `entryid`) VALUES ('Horror','1414');
INSERT INTO `author_book`(`author`, `entryid`) VALUES ('Mi Rinker','1414');
INSERT INTO `publisher_book`(`publisher`, `entryid`) VALUES ('Ostling Cooperations.','1414');
INSERT INTO `entry`(`entryid`,`type`) VALUES('1415','b');
INSERT INTO `book`(`title`,`entryid`,`isbn`) VALUES('Hydrant and the Makeup','1415','9633497733508');
INSERT INTO `genre_book`(`genre`, `entryid`) VALUES ('Horror','1415');
INSERT INTO `author`(`name`,`birthyear`,`deathyear`) VALUES('Altagracia Cushingberry','1946','2023');
INSERT INTO `author_book`(`author`, `entryid`) VALUES ('Altagracia Cushingberry','1415');
INSERT INTO `publisher_book`(`publisher`, `entryid`) VALUES ('Gregas Cooperations.','1415');
INSERT INTO `entry`(`entryid`,`type`) VALUES('1416','b');
INSERT INTO `book`(`title`,`entryid`,`isbn`) VALUES('Save in blotty Tennis','1416','9870771647374');
INSERT INTO `genre_book`(`genre`, `entryid`) VALUES ('Education','1416');
INSERT INTO `author`(`name`,`birthyear`,`deathyear`) VALUES('Katerine Choules','1916','1979');
INSERT INTO `author_book`(`author`, `entryid`) VALUES ('Katerine Choules','1416');
INSERT INTO `publisher_book`(`publisher`, `entryid`) VALUES ('Nocito Publishers.','1416');
INSERT INTO `entry`(`entryid`,`type`) VALUES('1417','b');
INSERT INTO `book`(`title`,`entryid`,`isbn`) VALUES('Taxicab for Watchmaker','1417','0414536803450');
INSERT INTO `genre_book`(`genre`, `entryid`) VALUES ('Education','1417');
INSERT INTO `author`(`name`,`birthyear`,`deathyear`) VALUES('Tanika Hearron','1972','2020');
INSERT INTO `author_book`(`author`, `entryid`) VALUES ('Tanika Hearron','1417');
INSERT INTO `publisher_book`(`publisher`, `entryid`) VALUES ('Dewaratanawan Inc.','1417');
INSERT INTO `entry`(`entryid`,`type`) VALUES('1418','b');
INSERT INTO `book`(`title`,`entryid`,`isbn`) VALUES('June by the Wren','1418','0391456901316');
INSERT INTO `genre_book`(`genre`, `entryid`) VALUES ('Romance','1418');
INSERT INTO `author_book`(`author`, `entryid`) VALUES ('Gloria Barrick','1418');
INSERT INTO `publisher_book`(`publisher`, `entryid`) VALUES ('Bowlin Publishers.','1418');
INSERT INTO `entry`(`entryid`,`type`) VALUES('1419','b');
INSERT INTO `book`(`title`,`entryid`,`isbn`) VALUES('Gorilla to the Van','1419','0437807023782');
INSERT INTO `genre_book`(`genre`, `entryid`) VALUES ('Science','1419');
INSERT INTO `author_book`(`author`, `entryid`) VALUES ('Antonina Monestine','1419');
INSERT INTO `publisher_book`(`publisher`, `entryid`) VALUES ('Gregas Cooperations.','1419');
INSERT INTO `entry`(`entryid`,`type`) VALUES('1420','b');
INSERT INTO `book`(`title`,`entryid`,`isbn`) VALUES('Author by Bean','1420','0024641631070');
INSERT INTO `genre_book`(`genre`, `entryid`) VALUES ('Horror','1420');
INSERT INTO `author`(`name`,`birthyear`,`deathyear`) VALUES('Tamisha Reinartz','1977','2061');
INSERT INTO `author_book`(`author`, `entryid`) VALUES ('Tamisha Reinartz','1420');
INSERT INTO `publisher_book`(`publisher`, `entryid`) VALUES ('Viernes Cooperations.','1420');
INSERT INTO `entry`(`entryid`,`type`) VALUES('1421','b');
INSERT INTO `book`(`title`,`entryid`,`isbn`) VALUES('Shelf in the Step','1421','0816971659511');
INSERT INTO `genre_book`(`genre`, `entryid`) VALUES ('Education','1421');
INSERT INTO `author_book`(`author`, `entryid`) VALUES ('Sina Frederic','1421');
INSERT INTO `publisher_book`(`publisher`, `entryid`) VALUES ('Albrittain Publishers.','1421');
INSERT INTO `entry`(`entryid`,`type`) VALUES('1422','b');
INSERT INTO `book`(`title`,`entryid`,`isbn`) VALUES('Adapter with Tray','1422','0887137408577');
INSERT INTO `genre_book`(`genre`, `entryid`) VALUES ('Adventure','1422');
INSERT INTO `author_book`(`author`, `entryid`) VALUES ('Gayla Yockey','1422');
INSERT INTO `publisher_book`(`publisher`, `entryid`) VALUES ('Glazier Inc.','1422');
INSERT INTO `entry`(`entryid`,`type`) VALUES('1423','b');
INSERT INTO `book`(`title`,`entryid`,`isbn`) VALUES('Giraffe in the part-time Wound','1423','9386022263293');
INSERT INTO `genre_book`(`genre`, `entryid`) VALUES ('Sci-Fi','1423');
INSERT INTO `author_book`(`author`, `entryid`) VALUES ('Elmira Maudlin','1423');
INSERT INTO `publisher_book`(`publisher`, `entryid`) VALUES ('Cutri Publishers.','1423');
INSERT INTO `entry`(`entryid`,`type`) VALUES('1424','b');
INSERT INTO `book`(`title`,`entryid`,`isbn`) VALUES('Baritone in the dressiest Wallaby','1424','0675360752523');
INSERT INTO `genre_book`(`genre`, `entryid`) VALUES ('Adventure','1424');
INSERT INTO `author_book`(`author`, `entryid`) VALUES ('Vina Hakes','1424');
INSERT INTO `publisher_book`(`publisher`, `entryid`) VALUES ('Shulenberger Cooperations.','1424');
INSERT INTO `entry`(`entryid`,`type`) VALUES('1425','b');
INSERT INTO `book`(`title`,`entryid`,`isbn`) VALUES('Distribution in ataraxic Jeep','1425','0868936285596');
INSERT INTO `genre_book`(`genre`, `entryid`) VALUES ('Thriller','1425');
INSERT INTO `author_book`(`author`, `entryid`) VALUES ('Chu Mccra','1425');
INSERT INTO `publisher_book`(`publisher`, `entryid`) VALUES ('Hanberry Inc.','1425');
INSERT INTO `entry`(`entryid`,`type`) VALUES('1426','b');
INSERT INTO `book`(`title`,`entryid`,`isbn`) VALUES('Flavor of the pussy Morocco','1426','9488607072697');
INSERT INTO `genre_book`(`genre`, `entryid`) VALUES ('Romance','1426');
INSERT INTO `author`(`name`,`birthyear`,`deathyear`) VALUES('Grace Dagdag','1908','1953');
INSERT INTO `author_book`(`author`, `entryid`) VALUES ('Grace Dagdag','1426');
INSERT INTO `publisher_book`(`publisher`, `entryid`) VALUES ('Gregas Cooperations.','1426');
INSERT INTO `entry`(`entryid`,`type`) VALUES('1427','b');
INSERT INTO `book`(`title`,`entryid`,`isbn`) VALUES('Gray with Refrigerator','1427','9255937469150');
INSERT INTO `genre_book`(`genre`, `entryid`) VALUES ('Sci-Fi','1427');
INSERT INTO `author_book`(`author`, `entryid`) VALUES ('Tanika Hearron','1427');
INSERT INTO `publisher_book`(`publisher`, `entryid`) VALUES ('Rocconi Cooperations.','1427');
INSERT INTO `entry`(`entryid`,`type`) VALUES('1428','b');
INSERT INTO `book`(`title`,`entryid`,`isbn`) VALUES('Pilot because of Cold','1428','0252442592498');
INSERT INTO `genre_book`(`genre`, `entryid`) VALUES ('Science','1428');
INSERT INTO `author`(`name`,`birthyear`,`deathyear`) VALUES('Precious Lanter','1971','1998');
INSERT INTO `author_book`(`author`, `entryid`) VALUES ('Precious Lanter','1428');
INSERT INTO `publisher_book`(`publisher`, `entryid`) VALUES ('Olcus Publishers.','1428');
INSERT INTO `entry`(`entryid`,`type`) VALUES('1429','b');
INSERT INTO `book`(`title`,`entryid`,`isbn`) VALUES('Fog for the Hair','1429','9274099378030');
INSERT INTO `genre_book`(`genre`, `entryid`) VALUES ('Sci-Fi','1429');
INSERT INTO `author`(`name`,`birthyear`,`deathyear`) VALUES('Hope Mckiney','1944','2013');
INSERT INTO `author_book`(`author`, `entryid`) VALUES ('Hope Mckiney','1429');
INSERT INTO `publisher_book`(`publisher`, `entryid`) VALUES ('Aikens Inc.','1429');
INSERT INTO `entry`(`entryid`,`type`) VALUES('1430','b');
INSERT INTO `book`(`title`,`entryid`,`isbn`) VALUES('Statement because of Mouse','1430','0800141088089');
INSERT INTO `genre_book`(`genre`, `entryid`) VALUES ('Romance','1430');
INSERT INTO `author_book`(`author`, `entryid`) VALUES ('Bert Darity','1430');
INSERT INTO `publisher_book`(`publisher`, `entryid`) VALUES ('Demore Inc.','1430');
INSERT INTO `entry`(`entryid`,`type`) VALUES('1431','b');
INSERT INTO `book`(`title`,`entryid`,`isbn`) VALUES('Stove against the Fortnight','1431','9161433347617');
INSERT INTO `genre_book`(`genre`, `entryid`) VALUES ('Sci-Fi','1431');
INSERT INTO `author_book`(`author`, `entryid`) VALUES ('Su Glidden','1431');
INSERT INTO `publisher_book`(`publisher`, `entryid`) VALUES ('Piede Publishers.','1431');
INSERT INTO `entry`(`entryid`,`type`) VALUES('1432','b');
INSERT INTO `book`(`title`,`entryid`,`isbn`) VALUES('Eel against cliquy Change','1432','9316222763506');
INSERT INTO `genre_book`(`genre`, `entryid`) VALUES ('Thriller','1432');
INSERT INTO `author_book`(`author`, `entryid`) VALUES ('Jone Crapp','1432');
INSERT INTO `publisher_book`(`publisher`, `entryid`) VALUES ('Succop Cooperations.','1432');
INSERT INTO `entry`(`entryid`,`type`) VALUES('1433','b');
INSERT INTO `book`(`title`,`entryid`,`isbn`) VALUES('Mirror to the Riddle','1433','0162587083394');
INSERT INTO `genre_book`(`genre`, `entryid`) VALUES ('Science','1433');
INSERT INTO `author_book`(`author`, `entryid`) VALUES ('Jennette Cinkan','1433');
INSERT INTO `publisher_book`(`publisher`, `entryid`) VALUES ('Citrone Inc.','1433');
INSERT INTO `entry`(`entryid`,`type`) VALUES('1434','b');
INSERT INTO `book`(`title`,`entryid`,`isbn`) VALUES('Sugar of Numidian Slope','1434','9430400576026');
INSERT INTO `genre_book`(`genre`, `entryid`) VALUES ('Adventure','1434');
INSERT INTO `author_book`(`author`, `entryid`) VALUES ('Lavera Faycurry','1434');
INSERT INTO `publisher_book`(`publisher`, `entryid`) VALUES ('Ostling Cooperations.','1434');
INSERT INTO `entry`(`entryid`,`type`) VALUES('1435','b');
INSERT INTO `book`(`title`,`entryid`,`isbn`) VALUES('Blade by the Cloudy','1435','9346359195931');
INSERT INTO `genre_book`(`genre`, `entryid`) VALUES ('Thriller','1435');
INSERT INTO `author_book`(`author`, `entryid`) VALUES ('Estefana Hannum','1435');
INSERT INTO `publisher_book`(`publisher`, `entryid`) VALUES ('Maronge Inc.','1435');
INSERT INTO `entry`(`entryid`,`type`) VALUES('1436','b');
INSERT INTO `book`(`title`,`entryid`,`isbn`) VALUES('Trick to Drive','1436','0241818260127');
INSERT INTO `genre_book`(`genre`, `entryid`) VALUES ('Horror','1436');
INSERT INTO `author_book`(`author`, `entryid`) VALUES ('Glady Thero','1436');
INSERT INTO `publisher_book`(`publisher`, `entryid`) VALUES ('Ostwinkle Inc.','1436');
INSERT INTO `entry`(`entryid`,`type`) VALUES('1437','b');
INSERT INTO `book`(`title`,`entryid`,`isbn`) VALUES('Pyjama by the clarified Element','1437','9533207720941');
INSERT INTO `genre_book`(`genre`, `entryid`) VALUES ('Romance','1437');
INSERT INTO `author_book`(`author`, `entryid`) VALUES ('Caren Cornacchio','1437');
INSERT INTO `publisher_book`(`publisher`, `entryid`) VALUES ('Viernes Cooperations.','1437');
INSERT INTO `entry`(`entryid`,`type`) VALUES('1438','b');
INSERT INTO `book`(`title`,`entryid`,`isbn`) VALUES('Headlight by the stockish Granddaughter','1438','9120057082972');
INSERT INTO `genre_book`(`genre`, `entryid`) VALUES ('Thriller','1438');
INSERT INTO `author_book`(`author`, `entryid`) VALUES ('Rufina Chesick','1438');
INSERT INTO `publisher_book`(`publisher`, `entryid`) VALUES ('Giangregorio Cooperations.','1438');
INSERT INTO `entry`(`entryid`,`type`) VALUES('1439','b');
INSERT INTO `book`(`title`,`entryid`,`isbn`) VALUES('Buffet by Trade','1439','9449748541641');
INSERT INTO `genre_book`(`genre`, `entryid`) VALUES ('Education','1439');
INSERT INTO `author_book`(`author`, `entryid`) VALUES ('Vina Hakes','1439');
INSERT INTO `publisher_book`(`publisher`, `entryid`) VALUES ('Olcus Publishers.','1439');
INSERT INTO `entry`(`entryid`,`type`) VALUES('1440','b');
INSERT INTO `book`(`title`,`entryid`,`isbn`) VALUES('Self by splintery Secretary','1440','9329649274422');
INSERT INTO `genre_book`(`genre`, `entryid`) VALUES ('Thriller','1440');
INSERT INTO `author_book`(`author`, `entryid`) VALUES ('Robbie Rei','1440');
INSERT INTO `publisher_book`(`publisher`, `entryid`) VALUES ('Succop Cooperations.','1440');
INSERT INTO `entry`(`entryid`,`type`) VALUES('1441','b');
INSERT INTO `book`(`title`,`entryid`,`isbn`) VALUES('Peony for the botchiest Rubber','1441','9475809648771');
INSERT INTO `genre_book`(`genre`, `entryid`) VALUES ('Science','1441');
INSERT INTO `author_book`(`author`, `entryid`) VALUES ('Velma Philson','1441');
INSERT INTO `publisher_book`(`publisher`, `entryid`) VALUES ('Iwata Inc.','1441');
INSERT INTO `entry`(`entryid`,`type`) VALUES('1442','b');
INSERT INTO `book`(`title`,`entryid`,`isbn`) VALUES('Cereal to the live Amount','1442','0673701630691');
INSERT INTO `genre_book`(`genre`, `entryid`) VALUES ('Romance','1442');
INSERT INTO `author`(`name`,`birthyear`,`deathyear`) VALUES('Christen Goodine','1893','1989');
INSERT INTO `author_book`(`author`, `entryid`) VALUES ('Christen Goodine','1442');
INSERT INTO `publisher_book`(`publisher`, `entryid`) VALUES ('Hachey Inc.','1442');
INSERT INTO `entry`(`entryid`,`type`) VALUES('1443','b');
INSERT INTO `book`(`title`,`entryid`,`isbn`) VALUES('Pelican to apiculate Bat','1443','9478094000428');
INSERT INTO `genre_book`(`genre`, `entryid`) VALUES ('Horror','1443');
INSERT INTO `author_book`(`author`, `entryid`) VALUES ('Dalia Danza','1443');
INSERT INTO `publisher_book`(`publisher`, `entryid`) VALUES ('Yi Cooperations.','1443');
INSERT INTO `entry`(`entryid`,`type`) VALUES('1444','b');
INSERT INTO `book`(`title`,`entryid`,`isbn`) VALUES('Tanzania of the Claus','1444','0033201725054');
INSERT INTO `genre_book`(`genre`, `entryid`) VALUES ('Romance','1444');
INSERT INTO `author`(`name`,`birthyear`,`deathyear`) VALUES('Raymond Parado','1940','1989');
INSERT INTO `author_book`(`author`, `entryid`) VALUES ('Raymond Parado','1444');
INSERT INTO `publisher_book`(`publisher`, `entryid`) VALUES ('Stulce Publishers.','1444');
INSERT INTO `entry`(`entryid`,`type`) VALUES('1445','b');
INSERT INTO `book`(`title`,`entryid`,`isbn`) VALUES('Asphalt with Unshielded','1445','0497293550558');
INSERT INTO `genre_book`(`genre`, `entryid`) VALUES ('Thriller','1445');
INSERT INTO `author_book`(`author`, `entryid`) VALUES ('Mozell Hudnall','1445');
INSERT INTO `publisher_book`(`publisher`, `entryid`) VALUES ('Maronge Inc.','1445');
INSERT INTO `entry`(`entryid`,`type`) VALUES('1446','b');
INSERT INTO `book`(`title`,`entryid`,`isbn`) VALUES('Ambulance in Accelerator','1446','0751226238260');
INSERT INTO `genre_book`(`genre`, `entryid`) VALUES ('Adventure','1446');
INSERT INTO `author`(`name`,`birthyear`,`deathyear`) VALUES('Porfirio Saltmarsh','1942','2036');
INSERT INTO `author_book`(`author`, `entryid`) VALUES ('Porfirio Saltmarsh','1446');
INSERT INTO `publisher_book`(`publisher`, `entryid`) VALUES ('Schoo Cooperations.','1446');
INSERT INTO `entry`(`entryid`,`type`) VALUES('1447','b');
INSERT INTO `book`(`title`,`entryid`,`isbn`) VALUES('Lily because of Seashore','1447','9446275396268');
INSERT INTO `genre_book`(`genre`, `entryid`) VALUES ('Horror','1447');
INSERT INTO `author_book`(`author`, `entryid`) VALUES ('Alesia Mcvenes','1447');
INSERT INTO `publisher_book`(`publisher`, `entryid`) VALUES ('Schoo Cooperations.','1447');
INSERT INTO `entry`(`entryid`,`type`) VALUES('1448','b');
INSERT INTO `book`(`title`,`entryid`,`isbn`) VALUES('Heaven by Elephant','1448','9694619774054');
INSERT INTO `genre_book`(`genre`, `entryid`) VALUES ('Education','1448');
INSERT INTO `author_book`(`author`, `entryid`) VALUES ('Chasidy Hildebrandt','1448');
INSERT INTO `publisher_book`(`publisher`, `entryid`) VALUES ('Ostling Cooperations.','1448');
INSERT INTO `entry`(`entryid`,`type`) VALUES('1449','b');
INSERT INTO `book`(`title`,`entryid`,`isbn`) VALUES('Help because of Wealth','1449','9887282134519');
INSERT INTO `genre_book`(`genre`, `entryid`) VALUES ('Horror','1449');
INSERT INTO `author`(`name`,`birthyear`,`deathyear`) VALUES('Jacquelyne Holmquist','1957','2054');
INSERT INTO `author_book`(`author`, `entryid`) VALUES ('Jacquelyne Holmquist','1449');
INSERT INTO `publisher_book`(`publisher`, `entryid`) VALUES ('Ostling Cooperations.','1449');
INSERT INTO `entry`(`entryid`,`type`) VALUES('1450','b');
INSERT INTO `book`(`title`,`entryid`,`isbn`) VALUES('Quail and the ebullient Bandana','1450','9670873536043');
INSERT INTO `genre_book`(`genre`, `entryid`) VALUES ('Science','1450');
INSERT INTO `author_book`(`author`, `entryid`) VALUES ('Fidelia Trombino','1450');
INSERT INTO `publisher_book`(`publisher`, `entryid`) VALUES ('Bowersmith Cooperations.','1450');
INSERT INTO `entry`(`entryid`,`type`) VALUES('1451','b');
INSERT INTO `book`(`title`,`entryid`,`isbn`) VALUES('Freckle with asserting Meteorology','1451','0209121987048');
INSERT INTO `genre_book`(`genre`, `entryid`) VALUES ('Sci-Fi','1451');
INSERT INTO `author_book`(`author`, `entryid`) VALUES ('Carlyn Fujikake','1451');
INSERT INTO `publisher_book`(`publisher`, `entryid`) VALUES ('Bowersmith Cooperations.','1451');
INSERT INTO `entry`(`entryid`,`type`) VALUES('1452','b');
INSERT INTO `book`(`title`,`entryid`,`isbn`) VALUES('Wilderness against the pettier Tennis','1452','9134623455587');
INSERT INTO `genre_book`(`genre`, `entryid`) VALUES ('Sci-Fi','1452');
INSERT INTO `author`(`name`,`birthyear`,`deathyear`) VALUES('Joanna Levert','1888','1968');
INSERT INTO `author_book`(`author`, `entryid`) VALUES ('Joanna Levert','1452');
INSERT INTO `publisher_book`(`publisher`, `entryid`) VALUES ('Succop Cooperations.','1452');
INSERT INTO `entry`(`entryid`,`type`) VALUES('1453','b');
INSERT INTO `book`(`title`,`entryid`,`isbn`) VALUES('Fat of the apodous Iran','1453','9496831078367');
INSERT INTO `genre_book`(`genre`, `entryid`) VALUES ('Horror','1453');
INSERT INTO `author_book`(`author`, `entryid`) VALUES ('Eveline Tognetti','1453');
INSERT INTO `publisher_book`(`publisher`, `entryid`) VALUES ('Saxinger Inc.','1453');
INSERT INTO `entry`(`entryid`,`type`) VALUES('1454','b');
INSERT INTO `book`(`title`,`entryid`,`isbn`) VALUES('Distance in repellant Racing','1454','9420801029931');
INSERT INTO `genre_book`(`genre`, `entryid`) VALUES ('Sci-Fi','1454');
INSERT INTO `author_book`(`author`, `entryid`) VALUES ('Jovita Peugh','1454');
INSERT INTO `publisher_book`(`publisher`, `entryid`) VALUES ('Edin Publishers.','1454');
INSERT INTO `entry`(`entryid`,`type`) VALUES('1455','b');
INSERT INTO `book`(`title`,`entryid`,`isbn`) VALUES('Pleasure because of Selection','1455','9349604891924');
INSERT INTO `genre_book`(`genre`, `entryid`) VALUES ('Thriller','1455');
INSERT INTO `author_book`(`author`, `entryid`) VALUES ('Zenia Artist','1455');
INSERT INTO `publisher_book`(`publisher`, `entryid`) VALUES ('Mikhail Cooperations.','1455');
INSERT INTO `entry`(`entryid`,`type`) VALUES('1456','b');
INSERT INTO `book`(`title`,`entryid`,`isbn`) VALUES('Football with ungathered Middle','1456','0144253745676');
INSERT INTO `genre_book`(`genre`, `entryid`) VALUES ('Thriller','1456');
INSERT INTO `author_book`(`author`, `entryid`) VALUES ('Lorenza Melquist','1456');
INSERT INTO `publisher_book`(`publisher`, `entryid`) VALUES ('Peal Cooperations.','1456');
INSERT INTO `entry`(`entryid`,`type`) VALUES('1457','b');
INSERT INTO `book`(`title`,`entryid`,`isbn`) VALUES('Second by Law','1457','0392111673953');
INSERT INTO `genre_book`(`genre`, `entryid`) VALUES ('Education','1457');
INSERT INTO `author_book`(`author`, `entryid`) VALUES ('Rosette Tauzin','1457');
INSERT INTO `publisher_book`(`publisher`, `entryid`) VALUES ('Flenaugh Publishers.','1457');
INSERT INTO `entry`(`entryid`,`type`) VALUES('1458','b');
INSERT INTO `book`(`title`,`entryid`,`isbn`) VALUES('Reminder for Coast','1458','0420757753172');
INSERT INTO `genre_book`(`genre`, `entryid`) VALUES ('Sci-Fi','1458');
INSERT INTO `author_book`(`author`, `entryid`) VALUES ('Calista Haberman','1458');
INSERT INTO `publisher_book`(`publisher`, `entryid`) VALUES ('Pili Cooperations.','1458');
INSERT INTO `entry`(`entryid`,`type`) VALUES('1459','b');
INSERT INTO `book`(`title`,`entryid`,`isbn`) VALUES('Tomato with bardic Cheetah','1459','0005336494946');
INSERT INTO `genre_book`(`genre`, `entryid`) VALUES ('Sci-Fi','1459');
INSERT INTO `author_book`(`author`, `entryid`) VALUES ('Hope Mckiney','1459');
INSERT INTO `publisher_book`(`publisher`, `entryid`) VALUES ('Shore Cooperations.','1459');
INSERT INTO `entry`(`entryid`,`type`) VALUES('1460','b');
INSERT INTO `book`(`title`,`entryid`,`isbn`) VALUES('Acrylic and the febrifacient Front','1460','9565813448117');
INSERT INTO `genre_book`(`genre`, `entryid`) VALUES ('Horror','1460');
INSERT INTO `author_book`(`author`, `entryid`) VALUES ('Cynthia Havlicek','1460');
INSERT INTO `publisher_book`(`publisher`, `entryid`) VALUES ('Sever Cooperations.','1460');
INSERT INTO `entry`(`entryid`,`type`) VALUES('1461','b');
INSERT INTO `book`(`title`,`entryid`,`isbn`) VALUES('Owl of correctible Existence','1461','9734162147078');
INSERT INTO `genre_book`(`genre`, `entryid`) VALUES ('Science','1461');
INSERT INTO `author_book`(`author`, `entryid`) VALUES ('Walter Balk','1461');
INSERT INTO `publisher_book`(`publisher`, `entryid`) VALUES ('Iwata Inc.','1461');
INSERT INTO `entry`(`entryid`,`type`) VALUES('1462','b');
INSERT INTO `book`(`title`,`entryid`,`isbn`) VALUES('Selection in slaggier April','1462','0817200894523');
INSERT INTO `genre_book`(`genre`, `entryid`) VALUES ('Sci-Fi','1462');
INSERT INTO `author_book`(`author`, `entryid`) VALUES ('Katelin Bozwell','1462');
INSERT INTO `publisher_book`(`publisher`, `entryid`) VALUES ('Hachey Inc.','1462');
INSERT INTO `entry`(`entryid`,`type`) VALUES('1463','b');
INSERT INTO `book`(`title`,`entryid`,`isbn`) VALUES('Squid by the ironfisted Governor','1463','9430933409931');
INSERT INTO `genre_book`(`genre`, `entryid`) VALUES ('Education','1463');
INSERT INTO `author`(`name`,`birthyear`,`deathyear`) VALUES('Corinne Beliz','1900','1965');
INSERT INTO `author_book`(`author`, `entryid`) VALUES ('Corinne Beliz','1463');
INSERT INTO `publisher_book`(`publisher`, `entryid`) VALUES ('Whitted Cooperations.','1463');
INSERT INTO `entry`(`entryid`,`type`) VALUES('1464','b');
INSERT INTO `book`(`title`,`entryid`,`isbn`) VALUES('Weather against the simpatico August','1464','0998579845515');
INSERT INTO `genre_book`(`genre`, `entryid`) VALUES ('Romance','1464');
INSERT INTO `author`(`name`,`birthyear`,`deathyear`) VALUES('Arnulfo Bunnell','1921','1981');
INSERT INTO `author_book`(`author`, `entryid`) VALUES ('Arnulfo Bunnell','1464');
INSERT INTO `publisher_book`(`publisher`, `entryid`) VALUES ('Southerland Inc.','1464');
INSERT INTO `entry`(`entryid`,`type`) VALUES('1465','b');
INSERT INTO `book`(`title`,`entryid`,`isbn`) VALUES('Move for polygenist Sweatshirt','1465','9142515512209');
INSERT INTO `genre_book`(`genre`, `entryid`) VALUES ('Romance','1465');
INSERT INTO `author_book`(`author`, `entryid`) VALUES ('Faith Barabas','1465');
INSERT INTO `publisher_book`(`publisher`, `entryid`) VALUES ('Gregas Cooperations.','1465');
INSERT INTO `entry`(`entryid`,`type`) VALUES('1466','b');
INSERT INTO `book`(`title`,`entryid`,`isbn`) VALUES('Tv to the armour-clad Basket','1466','0512435055718');
INSERT INTO `genre_book`(`genre`, `entryid`) VALUES ('Sci-Fi','1466');
INSERT INTO `author_book`(`author`, `entryid`) VALUES ('Altagracia Cushingberry','1466');
INSERT INTO `publisher_book`(`publisher`, `entryid`) VALUES ('Moncada Inc.','1466');
INSERT INTO `entry`(`entryid`,`type`) VALUES('1467','b');
INSERT INTO `book`(`title`,`entryid`,`isbn`) VALUES('Kidney for Sandwich','1467','0906704443178');
INSERT INTO `genre_book`(`genre`, `entryid`) VALUES ('Science','1467');
INSERT INTO `author_book`(`author`, `entryid`) VALUES ('Marian Cartin','1467');
INSERT INTO `publisher_book`(`publisher`, `entryid`) VALUES ('Niforos Publishers.','1467');
INSERT INTO `entry`(`entryid`,`type`) VALUES('1468','b');
INSERT INTO `book`(`title`,`entryid`,`isbn`) VALUES('Chive to Delivery','1468','0100151525969');
INSERT INTO `genre_book`(`genre`, `entryid`) VALUES ('Romance','1468');
INSERT INTO `author_book`(`author`, `entryid`) VALUES ('Hyo Erdman','1468');
INSERT INTO `publisher_book`(`publisher`, `entryid`) VALUES ('Hamers Inc.','1468');
INSERT INTO `entry`(`entryid`,`type`) VALUES('1469','b');
INSERT INTO `book`(`title`,`entryid`,`isbn`) VALUES('Gum of the Produce','1469','0787922882778');
INSERT INTO `genre_book`(`genre`, `entryid`) VALUES ('Education','1469');
INSERT INTO `author_book`(`author`, `entryid`) VALUES ('Hermila Schlabaugh','1469');
INSERT INTO `publisher_book`(`publisher`, `entryid`) VALUES ('Edin Publishers.','1469');
INSERT INTO `entry`(`entryid`,`type`) VALUES('1470','b');
INSERT INTO `book`(`title`,`entryid`,`isbn`) VALUES('Siberian and young Brush','1470','0873796037561');
INSERT INTO `genre_book`(`genre`, `entryid`) VALUES ('Horror','1470');
INSERT INTO `author_book`(`author`, `entryid`) VALUES ('Tajuana Ferdolage','1470');
INSERT INTO `publisher_book`(`publisher`, `entryid`) VALUES ('Rodregues Publishers.','1470');
INSERT INTO `entry`(`entryid`,`type`) VALUES('1471','b');
INSERT INTO `book`(`title`,`entryid`,`isbn`) VALUES('Fox of Polish','1471','0544656159201');
INSERT INTO `genre_book`(`genre`, `entryid`) VALUES ('Science','1471');
INSERT INTO `author_book`(`author`, `entryid`) VALUES ('Malka Teufel','1471');
INSERT INTO `publisher_book`(`publisher`, `entryid`) VALUES ('Ostling Cooperations.','1471');
INSERT INTO `entry`(`entryid`,`type`) VALUES('1472','b');
INSERT INTO `book`(`title`,`entryid`,`isbn`) VALUES('Taste in the Prepared','1472','0491314329061');
INSERT INTO `genre_book`(`genre`, `entryid`) VALUES ('Adventure','1472');
INSERT INTO `author_book`(`author`, `entryid`) VALUES ('Fletcher Shadoan','1472');
INSERT INTO `publisher_book`(`publisher`, `entryid`) VALUES ('Iwata Inc.','1472');
INSERT INTO `entry`(`entryid`,`type`) VALUES('1473','b');
INSERT INTO `book`(`title`,`entryid`,`isbn`) VALUES('Dinosaur and Objective','1473','0196149199079');
INSERT INTO `genre_book`(`genre`, `entryid`) VALUES ('Adventure','1473');
INSERT INTO `author_book`(`author`, `entryid`) VALUES ('Melisa Plumpton','1473');
INSERT INTO `publisher_book`(`publisher`, `entryid`) VALUES ('Franpton Cooperations.','1473');
INSERT INTO `entry`(`entryid`,`type`) VALUES('1474','b');
INSERT INTO `book`(`title`,`entryid`,`isbn`) VALUES('Expert in pebbly Robin','1474','9437216035503');
INSERT INTO `genre_book`(`genre`, `entryid`) VALUES ('Education','1474');
INSERT INTO `author_book`(`author`, `entryid`) VALUES ('Loma Crebs','1474');
INSERT INTO `publisher_book`(`publisher`, `entryid`) VALUES ('Sin Inc.','1474');
INSERT INTO `entry`(`entryid`,`type`) VALUES('1475','b');
INSERT INTO `book`(`title`,`entryid`,`isbn`) VALUES('Leek with uncured Modem','1475','9100127370491');
INSERT INTO `genre_book`(`genre`, `entryid`) VALUES ('Horror','1475');
INSERT INTO `author_book`(`author`, `entryid`) VALUES ('Estefana Hannum','1475');
INSERT INTO `publisher_book`(`publisher`, `entryid`) VALUES ('Trucchio Cooperations.','1475');
INSERT INTO `entry`(`entryid`,`type`) VALUES('1476','b');
INSERT INTO `book`(`title`,`entryid`,`isbn`) VALUES('Nephew in retentive Save','1476','0182247388517');
INSERT INTO `genre_book`(`genre`, `entryid`) VALUES ('Sci-Fi','1476');
INSERT INTO `author_book`(`author`, `entryid`) VALUES ('Meta Marxen','1476');
INSERT INTO `publisher_book`(`publisher`, `entryid`) VALUES ('Gregas Cooperations.','1476');
INSERT INTO `entry`(`entryid`,`type`) VALUES('1477','b');
INSERT INTO `book`(`title`,`entryid`,`isbn`) VALUES('Trip in the Wolf','1477','9973775119621');
INSERT INTO `genre_book`(`genre`, `entryid`) VALUES ('Science','1477');
INSERT INTO `author_book`(`author`, `entryid`) VALUES ('Terra Duong','1477');
INSERT INTO `publisher_book`(`publisher`, `entryid`) VALUES ('Succop Cooperations.','1477');
INSERT INTO `entry`(`entryid`,`type`) VALUES('1478','b');
INSERT INTO `book`(`title`,`entryid`,`isbn`) VALUES('Message and Shovel','1478','0875284681520');
INSERT INTO `genre_book`(`genre`, `entryid`) VALUES ('Science','1478');
INSERT INTO `author_book`(`author`, `entryid`) VALUES ('Brittny Boyar','1478');
INSERT INTO `publisher_book`(`publisher`, `entryid`) VALUES ('Crowner Cooperations.','1478');
INSERT INTO `entry`(`entryid`,`type`) VALUES('1479','b');
INSERT INTO `book`(`title`,`entryid`,`isbn`) VALUES('Cheetah of the sprigged Debt','1479','9319589733355');
INSERT INTO `genre_book`(`genre`, `entryid`) VALUES ('Education','1479');
INSERT INTO `author_book`(`author`, `entryid`) VALUES ('Maryland Wettlaufer','1479');
INSERT INTO `publisher_book`(`publisher`, `entryid`) VALUES ('Hochmuth Cooperations.','1479');
INSERT INTO `entry`(`entryid`,`type`) VALUES('1480','b');
INSERT INTO `book`(`title`,`entryid`,`isbn`) VALUES('Forehead against China','1480','0774475799503');
INSERT INTO `genre_book`(`genre`, `entryid`) VALUES ('Science','1480');
INSERT INTO `author`(`name`,`birthyear`,`deathyear`) VALUES('Shanelle Wimbish','1902','1925');
INSERT INTO `author_book`(`author`, `entryid`) VALUES ('Shanelle Wimbish','1480');
INSERT INTO `publisher_book`(`publisher`, `entryid`) VALUES ('Moncada Inc.','1480');
INSERT INTO `entry`(`entryid`,`type`) VALUES('1481','b');
INSERT INTO `book`(`title`,`entryid`,`isbn`) VALUES('Ketchup for Shadow','1481','9738300942185');
INSERT INTO `genre_book`(`genre`, `entryid`) VALUES ('Romance','1481');
INSERT INTO `author_book`(`author`, `entryid`) VALUES ('Latrice Szady','1481');
INSERT INTO `publisher_book`(`publisher`, `entryid`) VALUES ('Calvery Publishers.','1481');
INSERT INTO `entry`(`entryid`,`type`) VALUES('1482','b');
INSERT INTO `book`(`title`,`entryid`,`isbn`) VALUES('Tom-tom against the paradisal Crib','1482','9868271252401');
INSERT INTO `genre_book`(`genre`, `entryid`) VALUES ('Science','1482');
INSERT INTO `author_book`(`author`, `entryid`) VALUES ('Gita Rarang','1482');
INSERT INTO `publisher_book`(`publisher`, `entryid`) VALUES ('Declercq Publishers.','1482');
INSERT INTO `entry`(`entryid`,`type`) VALUES('1483','b');
INSERT INTO `book`(`title`,`entryid`,`isbn`) VALUES('Lead in the Giant','1483','9686131543847');
INSERT INTO `genre_book`(`genre`, `entryid`) VALUES ('Horror','1483');
INSERT INTO `author`(`name`,`birthyear`,`deathyear`) VALUES('Rubie Matin','1898','1994');
INSERT INTO `author_book`(`author`, `entryid`) VALUES ('Rubie Matin','1483');
INSERT INTO `publisher_book`(`publisher`, `entryid`) VALUES ('Edin Publishers.','1483');
INSERT INTO `entry`(`entryid`,`type`) VALUES('1484','b');
INSERT INTO `book`(`title`,`entryid`,`isbn`) VALUES('Giant and Cauliflower','1484','0688131105189');
INSERT INTO `genre_book`(`genre`, `entryid`) VALUES ('Adventure','1484');
INSERT INTO `author_book`(`author`, `entryid`) VALUES ('Shanice Kudrna','1484');
INSERT INTO `publisher_book`(`publisher`, `entryid`) VALUES ('Gregas Cooperations.','1484');
INSERT INTO `entry`(`entryid`,`type`) VALUES('1485','b');
INSERT INTO `book`(`title`,`entryid`,`isbn`) VALUES('Twig against Dolphin','1485','0348469382252');
INSERT INTO `genre_book`(`genre`, `entryid`) VALUES ('Sci-Fi','1485');
INSERT INTO `author_book`(`author`, `entryid`) VALUES ('Mertie Bozzi','1485');
INSERT INTO `publisher_book`(`publisher`, `entryid`) VALUES ('Marples Cooperations.','1485');
INSERT INTO `entry`(`entryid`,`type`) VALUES('1486','b');
INSERT INTO `book`(`title`,`entryid`,`isbn`) VALUES('Attention of the seaboard Copyright','1486','9070180572134');
INSERT INTO `genre_book`(`genre`, `entryid`) VALUES ('Thriller','1486');
INSERT INTO `author_book`(`author`, `entryid`) VALUES ('Aurelia Walljasper','1486');
INSERT INTO `publisher_book`(`publisher`, `entryid`) VALUES ('Dallis Cooperations.','1486');
INSERT INTO `entry`(`entryid`,`type`) VALUES('1487','b');
INSERT INTO `book`(`title`,`entryid`,`isbn`) VALUES('Christopher of Atm','1487','0737976616119');
INSERT INTO `genre_book`(`genre`, `entryid`) VALUES ('Science','1487');
INSERT INTO `author_book`(`author`, `entryid`) VALUES ('Rafael Szeto','1487');
INSERT INTO `publisher_book`(`publisher`, `entryid`) VALUES ('Naegle Publishers.','1487');
INSERT INTO `entry`(`entryid`,`type`) VALUES('1488','b');
INSERT INTO `book`(`title`,`entryid`,`isbn`) VALUES('Baseball by the amaurotic Effect','1488','0971429425865');
INSERT INTO `genre_book`(`genre`, `entryid`) VALUES ('Thriller','1488');
INSERT INTO `author_book`(`author`, `entryid`) VALUES ('Leon Quant','1488');
INSERT INTO `publisher_book`(`publisher`, `entryid`) VALUES ('Sandling Publishers.','1488');
INSERT INTO `entry`(`entryid`,`type`) VALUES('1489','b');
INSERT INTO `book`(`title`,`entryid`,`isbn`) VALUES('Felony with the furcate Headlight','1489','0985407847327');
INSERT INTO `genre_book`(`genre`, `entryid`) VALUES ('Horror','1489');
INSERT INTO `author_book`(`author`, `entryid`) VALUES ('Mike Devincent','1489');
INSERT INTO `publisher_book`(`publisher`, `entryid`) VALUES ('Tewa Publishers.','1489');
INSERT INTO `entry`(`entryid`,`type`) VALUES('1490','b');
INSERT INTO `book`(`title`,`entryid`,`isbn`) VALUES('Limit for Oatmeal','1490','9863888993716');
INSERT INTO `genre_book`(`genre`, `entryid`) VALUES ('Thriller','1490');
INSERT INTO `author_book`(`author`, `entryid`) VALUES ('Suanne Nasworthy','1490');
INSERT INTO `publisher`(`name`) VALUES ('Dayhuff Inc.');
INSERT INTO `publisher_book`(`publisher`, `entryid`) VALUES ('Dayhuff Inc.','1490');
INSERT INTO `entry`(`entryid`,`type`) VALUES('1491','b');
INSERT INTO `book`(`title`,`entryid`,`isbn`) VALUES('Sock by hygienic Chemistry','1491','9181872098894');
INSERT INTO `genre_book`(`genre`, `entryid`) VALUES ('Adventure','1491');
INSERT INTO `author_book`(`author`, `entryid`) VALUES ('Danelle Trimboli','1491');
INSERT INTO `publisher_book`(`publisher`, `entryid`) VALUES ('Maronge Inc.','1491');
INSERT INTO `entry`(`entryid`,`type`) VALUES('1492','b');
INSERT INTO `book`(`title`,`entryid`,`isbn`) VALUES('Switch with Romanian','1492','0327205034901');
INSERT INTO `genre_book`(`genre`, `entryid`) VALUES ('Adventure','1492');
INSERT INTO `author_book`(`author`, `entryid`) VALUES ('Grace Dagdag','1492');
INSERT INTO `publisher_book`(`publisher`, `entryid`) VALUES ('Trucchio Cooperations.','1492');
INSERT INTO `entry`(`entryid`,`type`) VALUES('1493','b');
INSERT INTO `book`(`title`,`entryid`,`isbn`) VALUES('Swiss by Clef','1493','9054716317273');
INSERT INTO `genre_book`(`genre`, `entryid`) VALUES ('Adventure','1493');
INSERT INTO `author_book`(`author`, `entryid`) VALUES ('Joanna Levert','1493');
INSERT INTO `publisher_book`(`publisher`, `entryid`) VALUES ('Hanberry Inc.','1493');
INSERT INTO `entry`(`entryid`,`type`) VALUES('1494','b');
INSERT INTO `book`(`title`,`entryid`,`isbn`) VALUES('Bell for motivating Department','1494','0718503463371');
INSERT INTO `genre_book`(`genre`, `entryid`) VALUES ('Horror','1494');
INSERT INTO `author`(`name`,`birthyear`,`deathyear`) VALUES('Alaina Volper','1883','1903');
INSERT INTO `author_book`(`author`, `entryid`) VALUES ('Alaina Volper','1494');
INSERT INTO `publisher_book`(`publisher`, `entryid`) VALUES ('Kowalik Cooperations.','1494');
INSERT INTO `entry`(`entryid`,`type`) VALUES('1495','b');
INSERT INTO `book`(`title`,`entryid`,`isbn`) VALUES('Wave for Quiver','1495','9252856660148');
INSERT INTO `genre_book`(`genre`, `entryid`) VALUES ('Sci-Fi','1495');
INSERT INTO `author`(`name`,`birthyear`,`deathyear`) VALUES('Oneida Kulesa','1960','2017');
INSERT INTO `author_book`(`author`, `entryid`) VALUES ('Oneida Kulesa','1495');
INSERT INTO `publisher_book`(`publisher`, `entryid`) VALUES ('Calvery Publishers.','1495');
INSERT INTO `entry`(`entryid`,`type`) VALUES('1496','b');
INSERT INTO `book`(`title`,`entryid`,`isbn`) VALUES('Trade in Whip','1496','0061468200854');
INSERT INTO `genre_book`(`genre`, `entryid`) VALUES ('Science','1496');
INSERT INTO `author_book`(`author`, `entryid`) VALUES ('Jennette Urena','1496');
INSERT INTO `publisher_book`(`publisher`, `entryid`) VALUES ('Citrone Inc.','1496');
INSERT INTO `entry`(`entryid`,`type`) VALUES('1497','b');
INSERT INTO `book`(`title`,`entryid`,`isbn`) VALUES('Playground to the Korean','1497','0190199970797');
INSERT INTO `genre_book`(`genre`, `entryid`) VALUES ('Thriller','1497');
INSERT INTO `author_book`(`author`, `entryid`) VALUES ('Mi Rinker','1497');
INSERT INTO `publisher_book`(`publisher`, `entryid`) VALUES ('Peal Cooperations.','1497');
INSERT INTO `entry`(`entryid`,`type`) VALUES('1498','b');
INSERT INTO `book`(`title`,`entryid`,`isbn`) VALUES('Cheese of juicy Spinach','1498','0111443003174');
INSERT INTO `genre_book`(`genre`, `entryid`) VALUES ('Thriller','1498');
INSERT INTO `author_book`(`author`, `entryid`) VALUES ('Deanne Kleftogiannis','1498');
INSERT INTO `publisher_book`(`publisher`, `entryid`) VALUES ('Prestwood Publishers.','1498');
INSERT INTO `entry`(`entryid`,`type`) VALUES('1499','b');
INSERT INTO `book`(`title`,`entryid`,`isbn`) VALUES('Fly by diffuse Patch','1499','0015768881666');
INSERT INTO `genre_book`(`genre`, `entryid`) VALUES ('Romance','1499');
INSERT INTO `author_book`(`author`, `entryid`) VALUES ('Rubie Matin','1499');
INSERT INTO `publisher_book`(`publisher`, `entryid`) VALUES ('Merckling Inc.','1499');
INSERT INTO `entry`(`entryid`,`type`) VALUES('1500','b');
INSERT INTO `book`(`title`,`entryid`,`isbn`) VALUES('Daniel for the about Tailor','1500','0273746313072');
INSERT INTO `genre_book`(`genre`, `entryid`) VALUES ('Horror','1500');
INSERT INTO `author_book`(`author`, `entryid`) VALUES ('Carl Delaurentis','1500');
INSERT INTO `publisher_book`(`publisher`, `entryid`) VALUES ('Bartolomei Cooperations.','1500');
INSERT INTO `entry`(`entryid`,`type`) VALUES('1501','b');
INSERT INTO `book`(`title`,`entryid`,`isbn`) VALUES('Node of the imprecatory Relation','1501','0892422171306');
INSERT INTO `genre_book`(`genre`, `entryid`) VALUES ('Education','1501');
INSERT INTO `author_book`(`author`, `entryid`) VALUES ('Cynthia Havlicek','1501');
INSERT INTO `publisher_book`(`publisher`, `entryid`) VALUES ('Shulenberger Cooperations.','1501');
INSERT INTO `entry`(`entryid`,`type`) VALUES('1502','b');
INSERT INTO `book`(`title`,`entryid`,`isbn`) VALUES('Nation because of Leg','1502','0299979765018');
INSERT INTO `genre_book`(`genre`, `entryid`) VALUES ('Horror','1502');
INSERT INTO `author_book`(`author`, `entryid`) VALUES ('Adelia Manfre','1502');
INSERT INTO `publisher_book`(`publisher`, `entryid`) VALUES ('Dallis Cooperations.','1502');
INSERT INTO `entry`(`entryid`,`type`) VALUES('1503','b');
INSERT INTO `book`(`title`,`entryid`,`isbn`) VALUES('Sampan with resettled Moon','1503','9461127356540');
INSERT INTO `genre_book`(`genre`, `entryid`) VALUES ('Romance','1503');
INSERT INTO `author_book`(`author`, `entryid`) VALUES ('Altagracia Cushingberry','1503');
INSERT INTO `publisher_book`(`publisher`, `entryid`) VALUES ('Losee Publishers.','1503');
INSERT INTO `entry`(`entryid`,`type`) VALUES('1504','b');
INSERT INTO `book`(`title`,`entryid`,`isbn`) VALUES('Trigonometry for proleptic Date','1504','9486653933978');
INSERT INTO `genre_book`(`genre`, `entryid`) VALUES ('Romance','1504');
INSERT INTO `author_book`(`author`, `entryid`) VALUES ('Christen Goodine','1504');
INSERT INTO `publisher_book`(`publisher`, `entryid`) VALUES ('Bookter Cooperations.','1504');
INSERT INTO `entry`(`entryid`,`type`) VALUES('1505','b');
INSERT INTO `book`(`title`,`entryid`,`isbn`) VALUES('Rabbi and Headlight','1505','9558990618154');
INSERT INTO `genre_book`(`genre`, `entryid`) VALUES ('Adventure','1505');
INSERT INTO `author`(`name`,`birthyear`,`deathyear`) VALUES('Eneida Mcgalliard','1978','2033');
INSERT INTO `author_book`(`author`, `entryid`) VALUES ('Eneida Mcgalliard','1505');
INSERT INTO `publisher_book`(`publisher`, `entryid`) VALUES ('Deprez Publishers.','1505');
INSERT INTO `entry`(`entryid`,`type`) VALUES('1506','b');
INSERT INTO `book`(`title`,`entryid`,`isbn`) VALUES('Song by soul-destroying Friend','1506','9429283439715');
INSERT INTO `genre_book`(`genre`, `entryid`) VALUES ('Science','1506');
INSERT INTO `author_book`(`author`, `entryid`) VALUES ('Lucas Livsey','1506');
INSERT INTO `publisher_book`(`publisher`, `entryid`) VALUES ('Peal Cooperations.','1506');
INSERT INTO `entry`(`entryid`,`type`) VALUES('1507','b');
INSERT INTO `book`(`title`,`entryid`,`isbn`) VALUES('Philippines and the Pig','1507','0433225448464');
INSERT INTO `genre_book`(`genre`, `entryid`) VALUES ('Education','1507');
INSERT INTO `author_book`(`author`, `entryid`) VALUES ('Delisa Wallenstein','1507');
INSERT INTO `publisher_book`(`publisher`, `entryid`) VALUES ('Bowlin Publishers.','1507');
INSERT INTO `entry`(`entryid`,`type`) VALUES('1508','b');
INSERT INTO `book`(`title`,`entryid`,`isbn`) VALUES('Polyester because of Goal','1508','9930428632134');
INSERT INTO `genre_book`(`genre`, `entryid`) VALUES ('Horror','1508');
INSERT INTO `author_book`(`author`, `entryid`) VALUES ('Garland Devore','1508');
INSERT INTO `publisher_book`(`publisher`, `entryid`) VALUES ('Tinin Cooperations.','1508');
INSERT INTO `entry`(`entryid`,`type`) VALUES('1509','b');
INSERT INTO `book`(`title`,`entryid`,`isbn`) VALUES('Dinner of the paler Teller','1509','0110446150193');
INSERT INTO `genre_book`(`genre`, `entryid`) VALUES ('Horror','1509');
INSERT INTO `author_book`(`author`, `entryid`) VALUES ('Murray Rioux','1509');
INSERT INTO `publisher_book`(`publisher`, `entryid`) VALUES ('Vanderheiden Inc.','1509');
INSERT INTO `entry`(`entryid`,`type`) VALUES('1510','b');
INSERT INTO `book`(`title`,`entryid`,`isbn`) VALUES('Dinosaur with the flattened Stamp','1510','0718522033708');
INSERT INTO `genre_book`(`genre`, `entryid`) VALUES ('Thriller','1510');
INSERT INTO `author_book`(`author`, `entryid`) VALUES ('Marietta Roen','1510');
INSERT INTO `publisher_book`(`publisher`, `entryid`) VALUES ('Piede Publishers.','1510');
INSERT INTO `entry`(`entryid`,`type`) VALUES('1511','b');
INSERT INTO `book`(`title`,`entryid`,`isbn`) VALUES('Technician against the Explanation','1511','9371383456140');
INSERT INTO `genre_book`(`genre`, `entryid`) VALUES ('Sci-Fi','1511');
INSERT INTO `author_book`(`author`, `entryid`) VALUES ('Hermila Schlabaugh','1511');
INSERT INTO `publisher_book`(`publisher`, `entryid`) VALUES ('Bowersmith Cooperations.','1511');
INSERT INTO `entry`(`entryid`,`type`) VALUES('1512','b');
INSERT INTO `book`(`title`,`entryid`,`isbn`) VALUES('Tiger in the Australia','1512','9358393217814');
INSERT INTO `genre_book`(`genre`, `entryid`) VALUES ('Science','1512');
INSERT INTO `author_book`(`author`, `entryid`) VALUES ('Rafael Szeto','1512');
INSERT INTO `publisher_book`(`publisher`, `entryid`) VALUES ('Sin Inc.','1512');
INSERT INTO `entry`(`entryid`,`type`) VALUES('1513','b');
INSERT INTO `book`(`title`,`entryid`,`isbn`) VALUES('Power for troubling Spleen','1513','0110635366120');
INSERT INTO `genre_book`(`genre`, `entryid`) VALUES ('Sci-Fi','1513');
INSERT INTO `author_book`(`author`, `entryid`) VALUES ('Adalberto Vittum','1513');
INSERT INTO `publisher_book`(`publisher`, `entryid`) VALUES ('Turnbull Inc.','1513');
INSERT INTO `entry`(`entryid`,`type`) VALUES('1514','b');
INSERT INTO `book`(`title`,`entryid`,`isbn`) VALUES('Dahlia in Lynx','1514','0771401954057');
INSERT INTO `genre_book`(`genre`, `entryid`) VALUES ('Education','1514');
INSERT INTO `author`(`name`,`birthyear`,`deathyear`) VALUES('Rosendo Lasenby','1941','2036');
INSERT INTO `author_book`(`author`, `entryid`) VALUES ('Rosendo Lasenby','1514');
INSERT INTO `publisher_book`(`publisher`, `entryid`) VALUES ('Niforos Publishers.','1514');
INSERT INTO `entry`(`entryid`,`type`) VALUES('1515','b');
INSERT INTO `book`(`title`,`entryid`,`isbn`) VALUES('Mini-skirt for the red-light Snowstorm','1515','0486490751123');
INSERT INTO `genre_book`(`genre`, `entryid`) VALUES ('Romance','1515');
INSERT INTO `author`(`name`,`birthyear`,`deathyear`) VALUES('Priscila Edelson','1957','2045');
INSERT INTO `author_book`(`author`, `entryid`) VALUES ('Priscila Edelson','1515');
INSERT INTO `publisher_book`(`publisher`, `entryid`) VALUES ('Bowersmith Cooperations.','1515');
INSERT INTO `entry`(`entryid`,`type`) VALUES('1516','b');
INSERT INTO `book`(`title`,`entryid`,`isbn`) VALUES('Cake in skaldic David','1516','0751415073840');
INSERT INTO `genre_book`(`genre`, `entryid`) VALUES ('Adventure','1516');
INSERT INTO `author_book`(`author`, `entryid`) VALUES ('Mertie Bozzi','1516');
INSERT INTO `publisher_book`(`publisher`, `entryid`) VALUES ('Kresha Inc.','1516');
INSERT INTO `entry`(`entryid`,`type`) VALUES('1517','b');
INSERT INTO `book`(`title`,`entryid`,`isbn`) VALUES('Timer by the mimosaceous Furniture','1517','9825979870228');
INSERT INTO `genre_book`(`genre`, `entryid`) VALUES ('Education','1517');
INSERT INTO `author_book`(`author`, `entryid`) VALUES ('Lorenza Melquist','1517');
INSERT INTO `publisher_book`(`publisher`, `entryid`) VALUES ('Ostling Cooperations.','1517');
INSERT INTO `entry`(`entryid`,`type`) VALUES('1518','b');
INSERT INTO `book`(`title`,`entryid`,`isbn`) VALUES('Wine against Horse','1518','0709973930404');
INSERT INTO `genre_book`(`genre`, `entryid`) VALUES ('Thriller','1518');
INSERT INTO `author_book`(`author`, `entryid`) VALUES ('Waltraud Ealand','1518');
INSERT INTO `publisher_book`(`publisher`, `entryid`) VALUES ('Kresha Inc.','1518');
INSERT INTO `entry`(`entryid`,`type`) VALUES('1519','b');
INSERT INTO `book`(`title`,`entryid`,`isbn`) VALUES('Ray in the Cart','1519','9323273291881');
INSERT INTO `genre_book`(`genre`, `entryid`) VALUES ('Romance','1519');
INSERT INTO `author_book`(`author`, `entryid`) VALUES ('Trinh Alicer','1519');
INSERT INTO `publisher_book`(`publisher`, `entryid`) VALUES ('Teisberg Publishers.','1519');
INSERT INTO `entry`(`entryid`,`type`) VALUES('1520','b');
INSERT INTO `book`(`title`,`entryid`,`isbn`) VALUES('Spider because of argentiferous Lemonade','1520','9895776230160');
INSERT INTO `genre_book`(`genre`, `entryid`) VALUES ('Adventure','1520');
INSERT INTO `author`(`name`,`birthyear`,`deathyear`) VALUES('Latosha Kiko','1882','1910');
INSERT INTO `author_book`(`author`, `entryid`) VALUES ('Latosha Kiko','1520');
INSERT INTO `publisher_book`(`publisher`, `entryid`) VALUES ('Olcus Publishers.','1520');
INSERT INTO `entry`(`entryid`,`type`) VALUES('1521','b');
INSERT INTO `book`(`title`,`entryid`,`isbn`) VALUES('Uzbekistan with Umbrella','1521','9483351386492');
INSERT INTO `genre_book`(`genre`, `entryid`) VALUES ('Sci-Fi','1521');
INSERT INTO `author_book`(`author`, `entryid`) VALUES ('Han Karmely','1521');
INSERT INTO `publisher_book`(`publisher`, `entryid`) VALUES ('Steedman Cooperations.','1521');
INSERT INTO `entry`(`entryid`,`type`) VALUES('1522','b');
INSERT INTO `book`(`title`,`entryid`,`isbn`) VALUES('Horse with salpingian Almanac','1522','0740144095703');
INSERT INTO `genre_book`(`genre`, `entryid`) VALUES ('Adventure','1522');
INSERT INTO `author`(`name`,`birthyear`,`deathyear`) VALUES('Marine Mantle','1937','2010');
INSERT INTO `author_book`(`author`, `entryid`) VALUES ('Marine Mantle','1522');
INSERT INTO `publisher_book`(`publisher`, `entryid`) VALUES ('Lessley Inc.','1522');
INSERT INTO `entry`(`entryid`,`type`) VALUES('1523','b');
INSERT INTO `book`(`title`,`entryid`,`isbn`) VALUES('Rhinoceros because of bacteriostatic Crib','1523','9181252689038');
INSERT INTO `genre_book`(`genre`, `entryid`) VALUES ('Thriller','1523');
INSERT INTO `author_book`(`author`, `entryid`) VALUES ('Marian Cartin','1523');
INSERT INTO `publisher_book`(`publisher`, `entryid`) VALUES ('Mclaurin Inc.','1523');
INSERT INTO `entry`(`entryid`,`type`) VALUES('1524','b');
INSERT INTO `book`(`title`,`entryid`,`isbn`) VALUES('Thought because of Roadway','1524','9988841155794');
INSERT INTO `genre_book`(`genre`, `entryid`) VALUES ('Adventure','1524');
INSERT INTO `author_book`(`author`, `entryid`) VALUES ('Shanika Fearheller','1524');
INSERT INTO `publisher_book`(`publisher`, `entryid`) VALUES ('Niforos Publishers.','1524');
INSERT INTO `entry`(`entryid`,`type`) VALUES('1525','b');
INSERT INTO `book`(`title`,`entryid`,`isbn`) VALUES('Farmer and interfluent Pipe','1525','9354148037465');
INSERT INTO `genre_book`(`genre`, `entryid`) VALUES ('Thriller','1525');
INSERT INTO `author_book`(`author`, `entryid`) VALUES ('Darcel Illescas','1525');
INSERT INTO `publisher_book`(`publisher`, `entryid`) VALUES ('Mikhail Cooperations.','1525');
INSERT INTO `entry`(`entryid`,`type`) VALUES('1526','b');
INSERT INTO `book`(`title`,`entryid`,`isbn`) VALUES('Dime with Turnip','1526','9444016770364');
INSERT INTO `genre_book`(`genre`, `entryid`) VALUES ('Adventure','1526');
INSERT INTO `author_book`(`author`, `entryid`) VALUES ('Lindsay Delong','1526');
INSERT INTO `publisher_book`(`publisher`, `entryid`) VALUES ('Ockmond Cooperations.','1526');
INSERT INTO `entry`(`entryid`,`type`) VALUES('1527','b');
INSERT INTO `book`(`title`,`entryid`,`isbn`) VALUES('Element against Ocelot','1527','9986097172778');
INSERT INTO `genre_book`(`genre`, `entryid`) VALUES ('Sci-Fi','1527');
INSERT INTO `author_book`(`author`, `entryid`) VALUES ('Caren Cardozo','1527');
INSERT INTO `publisher_book`(`publisher`, `entryid`) VALUES ('Padgett Cooperations.','1527');
INSERT INTO `entry`(`entryid`,`type`) VALUES('1528','b');
INSERT INTO `book`(`title`,`entryid`,`isbn`) VALUES('Cord and leprous Bucket','1528','0574810544456');
INSERT INTO `genre_book`(`genre`, `entryid`) VALUES ('Romance','1528');
INSERT INTO `author_book`(`author`, `entryid`) VALUES ('Charity Formaggioni','1528');
INSERT INTO `publisher_book`(`publisher`, `entryid`) VALUES ('Edin Publishers.','1528');
INSERT INTO `entry`(`entryid`,`type`) VALUES('1529','b');
INSERT INTO `book`(`title`,`entryid`,`isbn`) VALUES('Bowling to antidromic Cement','1529','9664407791614');
INSERT INTO `genre_book`(`genre`, `entryid`) VALUES ('Adventure','1529');
INSERT INTO `author_book`(`author`, `entryid`) VALUES ('Glady Thero','1529');
INSERT INTO `publisher_book`(`publisher`, `entryid`) VALUES ('Hanberry Inc.','1529');
INSERT INTO `entry`(`entryid`,`type`) VALUES('1530','b');
INSERT INTO `book`(`title`,`entryid`,`isbn`) VALUES('Rule in the encyclical Creek','1530','9374071273983');
INSERT INTO `genre_book`(`genre`, `entryid`) VALUES ('Thriller','1530');
INSERT INTO `author`(`name`,`birthyear`,`deathyear`) VALUES('Brittni Hendershot','1939','1997');
INSERT INTO `author_book`(`author`, `entryid`) VALUES ('Brittni Hendershot','1530');
INSERT INTO `publisher_book`(`publisher`, `entryid`) VALUES ('Stulce Publishers.','1530');
INSERT INTO `entry`(`entryid`,`type`) VALUES('1531','b');
INSERT INTO `book`(`title`,`entryid`,`isbn`) VALUES('Purpose with clypeal Van','1531','0267942640583');
INSERT INTO `genre_book`(`genre`, `entryid`) VALUES ('Sci-Fi','1531');
INSERT INTO `author`(`name`,`birthyear`,`deathyear`) VALUES('Darla Killpack','1900','1991');
INSERT INTO `author_book`(`author`, `entryid`) VALUES ('Darla Killpack','1531');
INSERT INTO `publisher_book`(`publisher`, `entryid`) VALUES ('Kowalik Cooperations.','1531');
INSERT INTO `entry`(`entryid`,`type`) VALUES('1532','b');
INSERT INTO `book`(`title`,`entryid`,`isbn`) VALUES('Centimeter for Siamese','1532','0039987346764');
INSERT INTO `genre_book`(`genre`, `entryid`) VALUES ('Adventure','1532');
INSERT INTO `author`(`name`,`birthyear`,`deathyear`) VALUES('Nevada Hebenstreit','1903','1955');
INSERT INTO `author_book`(`author`, `entryid`) VALUES ('Nevada Hebenstreit','1532');
INSERT INTO `publisher_book`(`publisher`, `entryid`) VALUES ('Cristo Inc.','1532');
INSERT INTO `entry`(`entryid`,`type`) VALUES('1533','b');
INSERT INTO `book`(`title`,`entryid`,`isbn`) VALUES('Relative of the Heaven','1533','0640019356010');
INSERT INTO `genre_book`(`genre`, `entryid`) VALUES ('Horror','1533');
INSERT INTO `author`(`name`,`birthyear`,`deathyear`) VALUES('Lezlie Ilasin','1936','1970');
INSERT INTO `author_book`(`author`, `entryid`) VALUES ('Lezlie Ilasin','1533');
INSERT INTO `publisher_book`(`publisher`, `entryid`) VALUES ('Shore Cooperations.','1533');
INSERT INTO `entry`(`entryid`,`type`) VALUES('1534','b');
INSERT INTO `book`(`title`,`entryid`,`isbn`) VALUES('Kangaroo for the Plow','1534','0034237539664');
INSERT INTO `genre_book`(`genre`, `entryid`) VALUES ('Education','1534');
INSERT INTO `author`(`name`,`birthyear`,`deathyear`) VALUES('Lilian Vandunk','1923','2011');
INSERT INTO `author_book`(`author`, `entryid`) VALUES ('Lilian Vandunk','1534');
INSERT INTO `publisher_book`(`publisher`, `entryid`) VALUES ('Houghtelling Cooperations.','1534');
INSERT INTO `entry`(`entryid`,`type`) VALUES('1535','b');
INSERT INTO `book`(`title`,`entryid`,`isbn`) VALUES('Government by the August','1535','0454832036681');
INSERT INTO `genre_book`(`genre`, `entryid`) VALUES ('Horror','1535');
INSERT INTO `author_book`(`author`, `entryid`) VALUES ('Marietta Roen','1535');
INSERT INTO `publisher_book`(`publisher`, `entryid`) VALUES ('Schorsch Cooperations.','1535');
INSERT INTO `entry`(`entryid`,`type`) VALUES('1536','b');
INSERT INTO `book`(`title`,`entryid`,`isbn`) VALUES('Supermarket with nymphalid Day','1536','9553821233033');
INSERT INTO `genre_book`(`genre`, `entryid`) VALUES ('Education','1536');
INSERT INTO `author`(`name`,`birthyear`,`deathyear`) VALUES('Renay Jaenke','1922','2016');
INSERT INTO `author_book`(`author`, `entryid`) VALUES ('Renay Jaenke','1536');
INSERT INTO `publisher_book`(`publisher`, `entryid`) VALUES ('Chrisco Publishers.','1536');
INSERT INTO `entry`(`entryid`,`type`) VALUES('1537','b');
INSERT INTO `book`(`title`,`entryid`,`isbn`) VALUES('Jeep by Sturgeon','1537','9237683224472');
INSERT INTO `genre_book`(`genre`, `entryid`) VALUES ('Science','1537');
INSERT INTO `author`(`name`,`birthyear`,`deathyear`) VALUES('Jaunita Donilon','1882','1974');
INSERT INTO `author_book`(`author`, `entryid`) VALUES ('Jaunita Donilon','1537');
INSERT INTO `publisher_book`(`publisher`, `entryid`) VALUES ('Sin Inc.','1537');
INSERT INTO `entry`(`entryid`,`type`) VALUES('1538','b');
INSERT INTO `book`(`title`,`entryid`,`isbn`) VALUES('Raven by homiletical Cirrus','1538','0371685960013');
INSERT INTO `genre_book`(`genre`, `entryid`) VALUES ('Horror','1538');
INSERT INTO `author_book`(`author`, `entryid`) VALUES ('Bonita Cola','1538');
INSERT INTO `publisher_book`(`publisher`, `entryid`) VALUES ('Rocconi Cooperations.','1538');
INSERT INTO `entry`(`entryid`,`type`) VALUES('1539','b');
INSERT INTO `book`(`title`,`entryid`,`isbn`) VALUES('Rocket vs. avowable Boat','1539','0177815451701');
INSERT INTO `genre_book`(`genre`, `entryid`) VALUES ('Horror','1539');
INSERT INTO `author_book`(`author`, `entryid`) VALUES ('Marjory Entwistle','1539');
INSERT INTO `publisher_book`(`publisher`, `entryid`) VALUES ('Samrah Inc.','1539');
INSERT INTO `entry`(`entryid`,`type`) VALUES('1540','b');
INSERT INTO `book`(`title`,`entryid`,`isbn`) VALUES('Cold by sleetier Vault','1540','9450974230949');
INSERT INTO `genre_book`(`genre`, `entryid`) VALUES ('Sci-Fi','1540');
INSERT INTO `author`(`name`,`birthyear`,`deathyear`) VALUES('Latricia Gornikiewicz','1888','1933');
INSERT INTO `author_book`(`author`, `entryid`) VALUES ('Latricia Gornikiewicz','1540');
INSERT INTO `publisher_book`(`publisher`, `entryid`) VALUES ('Lessley Inc.','1540');
INSERT INTO `entry`(`entryid`,`type`) VALUES('1541','b');
INSERT INTO `book`(`title`,`entryid`,`isbn`) VALUES('Adult for Jet','1541','9329560714035');
INSERT INTO `genre_book`(`genre`, `entryid`) VALUES ('Sci-Fi','1541');
INSERT INTO `author_book`(`author`, `entryid`) VALUES ('Jone Crapp','1541');
INSERT INTO `publisher_book`(`publisher`, `entryid`) VALUES ('Losee Publishers.','1541');
INSERT INTO `entry`(`entryid`,`type`) VALUES('1542','b');
INSERT INTO `book`(`title`,`entryid`,`isbn`) VALUES('Move to the Lead','1542','9647286155932');
INSERT INTO `genre_book`(`genre`, `entryid`) VALUES ('Sci-Fi','1542');
INSERT INTO `author_book`(`author`, `entryid`) VALUES ('Tamisha Reinartz','1542');
INSERT INTO `publisher_book`(`publisher`, `entryid`) VALUES ('Hanberry Inc.','1542');
INSERT INTO `entry`(`entryid`,`type`) VALUES('1543','b');
INSERT INTO `book`(`title`,`entryid`,`isbn`) VALUES('Fox for the unhidden Porch','1543','0376943780521');
INSERT INTO `genre_book`(`genre`, `entryid`) VALUES ('Science','1543');
INSERT INTO `author_book`(`author`, `entryid`) VALUES ('Billy Woolverton','1543');
INSERT INTO `publisher_book`(`publisher`, `entryid`) VALUES ('Edin Publishers.','1543');
INSERT INTO `entry`(`entryid`,`type`) VALUES('1544','b');
INSERT INTO `book`(`title`,`entryid`,`isbn`) VALUES('Euphonium because of depilatory Dibble','1544','0490718002356');
INSERT INTO `genre_book`(`genre`, `entryid`) VALUES ('Horror','1544');
INSERT INTO `author_book`(`author`, `entryid`) VALUES ('Elaina Devenney','1544');
INSERT INTO `publisher_book`(`publisher`, `entryid`) VALUES ('Southerland Inc.','1544');
INSERT INTO `entry`(`entryid`,`type`) VALUES('1545','b');
INSERT INTO `book`(`title`,`entryid`,`isbn`) VALUES('Stage to Forest','1545','0503265487319');
INSERT INTO `genre_book`(`genre`, `entryid`) VALUES ('Science','1545');
INSERT INTO `author_book`(`author`, `entryid`) VALUES ('Tamisha Reinartz','1545');
INSERT INTO `publisher_book`(`publisher`, `entryid`) VALUES ('Niforos Publishers.','1545');
INSERT INTO `entry`(`entryid`,`type`) VALUES('1546','b');
INSERT INTO `book`(`title`,`entryid`,`isbn`) VALUES('Invention with viscerotonic Cicada','1546','0188380769222');
INSERT INTO `genre_book`(`genre`, `entryid`) VALUES ('Thriller','1546');
INSERT INTO `author_book`(`author`, `entryid`) VALUES ('Tim Tirrell','1546');
INSERT INTO `publisher_book`(`publisher`, `entryid`) VALUES ('Prestwood Publishers.','1546');
INSERT INTO `entry`(`entryid`,`type`) VALUES('1547','b');
INSERT INTO `book`(`title`,`entryid`,`isbn`) VALUES('Hockey vs. monolingual Owl','1547','9960825809272');
INSERT INTO `genre_book`(`genre`, `entryid`) VALUES ('Adventure','1547');
INSERT INTO `author_book`(`author`, `entryid`) VALUES ('Meta Marxen','1547');
INSERT INTO `publisher_book`(`publisher`, `entryid`) VALUES ('Vanderheiden Inc.','1547');
INSERT INTO `entry`(`entryid`,`type`) VALUES('1548','b');
INSERT INTO `book`(`title`,`entryid`,`isbn`) VALUES('Stretch of the Light','1548','0994816503522');
INSERT INTO `genre_book`(`genre`, `entryid`) VALUES ('Education','1548');
INSERT INTO `author_book`(`author`, `entryid`) VALUES ('Fletcher Shadoan','1548');
INSERT INTO `publisher_book`(`publisher`, `entryid`) VALUES ('Schorsch Cooperations.','1548');
INSERT INTO `entry`(`entryid`,`type`) VALUES('1549','b');
INSERT INTO `book`(`title`,`entryid`,`isbn`) VALUES('Cougar to the Neon','1549','0947666339310');
INSERT INTO `genre_book`(`genre`, `entryid`) VALUES ('Romance','1549');
INSERT INTO `author_book`(`author`, `entryid`) VALUES ('Eneida Mcgalliard','1549');
INSERT INTO `publisher_book`(`publisher`, `entryid`) VALUES ('Bartolomei Cooperations.','1549');
INSERT INTO `entry`(`entryid`,`type`) VALUES('1550','b');
INSERT INTO `book`(`title`,`entryid`,`isbn`) VALUES('Palm of the chrismal Humor','1550','9799077322860');
INSERT INTO `genre_book`(`genre`, `entryid`) VALUES ('Horror','1550');
INSERT INTO `author`(`name`,`birthyear`,`deathyear`) VALUES('Valerie Difiore','1895','1972');
INSERT INTO `author_book`(`author`, `entryid`) VALUES ('Valerie Difiore','1550');
INSERT INTO `publisher_book`(`publisher`, `entryid`) VALUES ('Merckling Inc.','1550');
INSERT INTO `entry`(`entryid`,`type`) VALUES('1551','b');
INSERT INTO `book`(`title`,`entryid`,`isbn`) VALUES('View and descant Dragon','1551','9368802297542');
INSERT INTO `genre_book`(`genre`, `entryid`) VALUES ('Sci-Fi','1551');
INSERT INTO `author_book`(`author`, `entryid`) VALUES ('Julene Hartleben','1551');
INSERT INTO `publisher_book`(`publisher`, `entryid`) VALUES ('Padgett Cooperations.','1551');
INSERT INTO `entry`(`entryid`,`type`) VALUES('1552','b');
INSERT INTO `book`(`title`,`entryid`,`isbn`) VALUES('Aries and Oval','1552','0778339292210');
INSERT INTO `genre_book`(`genre`, `entryid`) VALUES ('Education','1552');
INSERT INTO `author_book`(`author`, `entryid`) VALUES ('Walter Balk','1552');
INSERT INTO `publisher_book`(`publisher`, `entryid`) VALUES ('Chrisco Publishers.','1552');
INSERT INTO `entry`(`entryid`,`type`) VALUES('1553','b');
INSERT INTO `book`(`title`,`entryid`,`isbn`) VALUES('Titanium against Competitor','1553','0405689201862');
INSERT INTO `genre_book`(`genre`, `entryid`) VALUES ('Romance','1553');
INSERT INTO `author_book`(`author`, `entryid`) VALUES ('Meta Marxen','1553');
INSERT INTO `publisher_book`(`publisher`, `entryid`) VALUES ('Bowersmith Cooperations.','1553');
INSERT INTO `entry`(`entryid`,`type`) VALUES('1554','b');
INSERT INTO `book`(`title`,`entryid`,`isbn`) VALUES('Corn for Character','1554','9683270964553');
INSERT INTO `genre_book`(`genre`, `entryid`) VALUES ('Thriller','1554');
INSERT INTO `author`(`name`,`birthyear`,`deathyear`) VALUES('Ethelyn Protich','1937','1970');
INSERT INTO `author_book`(`author`, `entryid`) VALUES ('Ethelyn Protich','1554');
INSERT INTO `publisher_book`(`publisher`, `entryid`) VALUES ('Glazier Inc.','1554');
INSERT INTO `entry`(`entryid`,`type`) VALUES('1555','b');
INSERT INTO `book`(`title`,`entryid`,`isbn`) VALUES('Flower to the torporific Possibility','1555','0061579409752');
INSERT INTO `genre_book`(`genre`, `entryid`) VALUES ('Romance','1555');
INSERT INTO `author_book`(`author`, `entryid`) VALUES ('Garnet Cherebin','1555');
INSERT INTO `publisher_book`(`publisher`, `entryid`) VALUES ('Moncada Inc.','1555');
INSERT INTO `entry`(`entryid`,`type`) VALUES('1556','b');
INSERT INTO `book`(`title`,`entryid`,`isbn`) VALUES('Baby against rampant Multimedia','1556','0654001925917');
INSERT INTO `genre_book`(`genre`, `entryid`) VALUES ('Thriller','1556');
INSERT INTO `author_book`(`author`, `entryid`) VALUES ('Luetta Samra','1556');
INSERT INTO `publisher_book`(`publisher`, `entryid`) VALUES ('Declercq Publishers.','1556');
INSERT INTO `entry`(`entryid`,`type`) VALUES('1557','b');
INSERT INTO `book`(`title`,`entryid`,`isbn`) VALUES('Crib against steadied Clipper','1557','0478411252899');
INSERT INTO `genre_book`(`genre`, `entryid`) VALUES ('Adventure','1557');
INSERT INTO `author`(`name`,`birthyear`,`deathyear`) VALUES('Euna Mathewes','1905','2004');
INSERT INTO `author_book`(`author`, `entryid`) VALUES ('Euna Mathewes','1557');
INSERT INTO `publisher_book`(`publisher`, `entryid`) VALUES ('Viernes Cooperations.','1557');
INSERT INTO `entry`(`entryid`,`type`) VALUES('1558','b');
INSERT INTO `book`(`title`,`entryid`,`isbn`) VALUES('Waiter in the Horn','1558','0284670606036');
INSERT INTO `genre_book`(`genre`, `entryid`) VALUES ('Romance','1558');
INSERT INTO `author_book`(`author`, `entryid`) VALUES ('Hisako Fishell','1558');
INSERT INTO `publisher_book`(`publisher`, `entryid`) VALUES ('Schoo Cooperations.','1558');
INSERT INTO `entry`(`entryid`,`type`) VALUES('1559','b');
INSERT INTO `book`(`title`,`entryid`,`isbn`) VALUES('Badge of the Deposit','1559','0880096403029');
INSERT INTO `genre_book`(`genre`, `entryid`) VALUES ('Romance','1559');
INSERT INTO `author_book`(`author`, `entryid`) VALUES ('Merlyn Locascio','1559');
INSERT INTO `publisher_book`(`publisher`, `entryid`) VALUES ('Sin Inc.','1559');
INSERT INTO `entry`(`entryid`,`type`) VALUES('1560','b');
INSERT INTO `book`(`title`,`entryid`,`isbn`) VALUES('Neon to fitful Knight','1560','0719855057288');
INSERT INTO `genre_book`(`genre`, `entryid`) VALUES ('Education','1560');
INSERT INTO `author_book`(`author`, `entryid`) VALUES ('Caren Cardozo','1560');
INSERT INTO `publisher_book`(`publisher`, `entryid`) VALUES ('Dallis Cooperations.','1560');
INSERT INTO `entry`(`entryid`,`type`) VALUES('1561','b');
INSERT INTO `book`(`title`,`entryid`,`isbn`) VALUES('Pleasure and the Library','1561','9447137907425');
INSERT INTO `genre_book`(`genre`, `entryid`) VALUES ('Sci-Fi','1561');
INSERT INTO `author`(`name`,`birthyear`,`deathyear`) VALUES('Yolando Harward','1933','1992');
INSERT INTO `author_book`(`author`, `entryid`) VALUES ('Yolando Harward','1561');
INSERT INTO `publisher_book`(`publisher`, `entryid`) VALUES ('Schoo Cooperations.','1561');
INSERT INTO `entry`(`entryid`,`type`) VALUES('1562','b');
INSERT INTO `book`(`title`,`entryid`,`isbn`) VALUES('Bed against the lousy Israel','1562','0893982283414');
INSERT INTO `genre_book`(`genre`, `entryid`) VALUES ('Adventure','1562');
INSERT INTO `author`(`name`,`birthyear`,`deathyear`) VALUES('Refugia Legette','1894','1972');
INSERT INTO `author_book`(`author`, `entryid`) VALUES ('Refugia Legette','1562');
INSERT INTO `publisher_book`(`publisher`, `entryid`) VALUES ('Bookter Cooperations.','1562');
INSERT INTO `entry`(`entryid`,`type`) VALUES('1563','b');
INSERT INTO `book`(`title`,`entryid`,`isbn`) VALUES('Surname by the disproportional Gray','1563','9636348769375');
INSERT INTO `genre_book`(`genre`, `entryid`) VALUES ('Sci-Fi','1563');
INSERT INTO `author`(`name`,`birthyear`,`deathyear`) VALUES('Wilson Rodrigez','1980','2080');
INSERT INTO `author_book`(`author`, `entryid`) VALUES ('Wilson Rodrigez','1563');
INSERT INTO `publisher_book`(`publisher`, `entryid`) VALUES ('Ameduri Publishers.','1563');
INSERT INTO `entry`(`entryid`,`type`) VALUES('1564','b');
INSERT INTO `book`(`title`,`entryid`,`isbn`) VALUES('Kidney of the Donna','1564','9643214884802');
INSERT INTO `genre_book`(`genre`, `entryid`) VALUES ('Sci-Fi','1564');
INSERT INTO `author_book`(`author`, `entryid`) VALUES ('Qiana Tuczynski','1564');
INSERT INTO `publisher_book`(`publisher`, `entryid`) VALUES ('Mikhail Cooperations.','1564');
INSERT INTO `entry`(`entryid`,`type`) VALUES('1565','b');
INSERT INTO `book`(`title`,`entryid`,`isbn`) VALUES('Agenda with the glibbest Neck','1565','0473898702978');
INSERT INTO `genre_book`(`genre`, `entryid`) VALUES ('Romance','1565');
INSERT INTO `author_book`(`author`, `entryid`) VALUES ('Jimmy Pikkarainen','1565');
INSERT INTO `publisher_book`(`publisher`, `entryid`) VALUES ('Bartolomei Cooperations.','1565');
INSERT INTO `entry`(`entryid`,`type`) VALUES('1566','b');
INSERT INTO `book`(`title`,`entryid`,`isbn`) VALUES('Aquarius against millesimal Territory','1566','0576469267678');
INSERT INTO `genre_book`(`genre`, `entryid`) VALUES ('Thriller','1566');
INSERT INTO `author_book`(`author`, `entryid`) VALUES ('Nevada Hebenstreit','1566');
INSERT INTO `publisher_book`(`publisher`, `entryid`) VALUES ('Mccoil Cooperations.','1566');
INSERT INTO `entry`(`entryid`,`type`) VALUES('1567','b');
INSERT INTO `book`(`title`,`entryid`,`isbn`) VALUES('Respect and the Front','1567','0455174960841');
INSERT INTO `genre_book`(`genre`, `entryid`) VALUES ('Science','1567');
INSERT INTO `author`(`name`,`birthyear`,`deathyear`) VALUES('Beula Lajeunesse','1951','2004');
INSERT INTO `author_book`(`author`, `entryid`) VALUES ('Beula Lajeunesse','1567');
INSERT INTO `publisher_book`(`publisher`, `entryid`) VALUES ('Lessley Inc.','1567');
INSERT INTO `entry`(`entryid`,`type`) VALUES('1568','b');
INSERT INTO `book`(`title`,`entryid`,`isbn`) VALUES('Thailand with chattering Basement','1568','9441148192048');
INSERT INTO `genre_book`(`genre`, `entryid`) VALUES ('Romance','1568');
INSERT INTO `author_book`(`author`, `entryid`) VALUES ('Vergie Snellen','1568');
INSERT INTO `publisher_book`(`publisher`, `entryid`) VALUES ('Bartolomei Cooperations.','1568');
INSERT INTO `entry`(`entryid`,`type`) VALUES('1569','b');
INSERT INTO `book`(`title`,`entryid`,`isbn`) VALUES('Turnip and horned Circle','1569','0837356686539');
INSERT INTO `genre_book`(`genre`, `entryid`) VALUES ('Adventure','1569');
INSERT INTO `author_book`(`author`, `entryid`) VALUES ('Elise Selitto','1569');
INSERT INTO `publisher_book`(`publisher`, `entryid`) VALUES ('Srinvasan Publishers.','1569');
INSERT INTO `entry`(`entryid`,`type`) VALUES('1570','b');
INSERT INTO `book`(`title`,`entryid`,`isbn`) VALUES('Hydrogen in psittacine Cornet','1570','0836455980882');
INSERT INTO `genre_book`(`genre`, `entryid`) VALUES ('Education','1570');
INSERT INTO `author`(`name`,`birthyear`,`deathyear`) VALUES('Liz Kinan','1975','2014');
INSERT INTO `author_book`(`author`, `entryid`) VALUES ('Liz Kinan','1570');
INSERT INTO `publisher_book`(`publisher`, `entryid`) VALUES ('Mclaurin Inc.','1570');
INSERT INTO `entry`(`entryid`,`type`) VALUES('1571','b');
INSERT INTO `book`(`title`,`entryid`,`isbn`) VALUES('Afterthought and Roll','1571','0981558090842');
INSERT INTO `genre_book`(`genre`, `entryid`) VALUES ('Thriller','1571');
INSERT INTO `author_book`(`author`, `entryid`) VALUES ('Odelia Pettersen','1571');
INSERT INTO `publisher_book`(`publisher`, `entryid`) VALUES ('Brillon Publishers.','1571');
INSERT INTO `entry`(`entryid`,`type`) VALUES('1572','b');
INSERT INTO `book`(`title`,`entryid`,`isbn`) VALUES('Ostrich in the Rectangle','1572','9280076294873');
INSERT INTO `genre_book`(`genre`, `entryid`) VALUES ('Sci-Fi','1572');
INSERT INTO `author_book`(`author`, `entryid`) VALUES ('Eden Stockham','1572');
INSERT INTO `publisher_book`(`publisher`, `entryid`) VALUES ('Hachey Inc.','1572');
INSERT INTO `entry`(`entryid`,`type`) VALUES('1573','b');
INSERT INTO `book`(`title`,`entryid`,`isbn`) VALUES('Epoch for the erodible Sugar','1573','0787747263665');
INSERT INTO `genre_book`(`genre`, `entryid`) VALUES ('Horror','1573');
INSERT INTO `author_book`(`author`, `entryid`) VALUES ('Antonina Monestine','1573');
INSERT INTO `publisher_book`(`publisher`, `entryid`) VALUES ('Franpton Cooperations.','1573');
INSERT INTO `entry`(`entryid`,`type`) VALUES('1574','b');
INSERT INTO `book`(`title`,`entryid`,`isbn`) VALUES('Granddaughter with Paste','1574','9446805476956');
INSERT INTO `genre_book`(`genre`, `entryid`) VALUES ('Science','1574');
INSERT INTO `author`(`name`,`birthyear`,`deathyear`) VALUES('Echo Bessel','1967','2019');
INSERT INTO `author_book`(`author`, `entryid`) VALUES ('Echo Bessel','1574');
INSERT INTO `publisher_book`(`publisher`, `entryid`) VALUES ('Merckling Inc.','1574');
INSERT INTO `entry`(`entryid`,`type`) VALUES('1575','b');
INSERT INTO `book`(`title`,`entryid`,`isbn`) VALUES('Deal by spiniferous Venezuelan','1575','0981938105421');
INSERT INTO `genre_book`(`genre`, `entryid`) VALUES ('Romance','1575');
INSERT INTO `author_book`(`author`, `entryid`) VALUES ('Sherron Scruggs','1575');
INSERT INTO `publisher_book`(`publisher`, `entryid`) VALUES ('Cristo Inc.','1575');
INSERT INTO `entry`(`entryid`,`type`) VALUES('1576','b');
INSERT INTO `book`(`title`,`entryid`,`isbn`) VALUES('Text vs. utility Donkey','1576','0367962669531');
INSERT INTO `genre_book`(`genre`, `entryid`) VALUES ('Romance','1576');
INSERT INTO `author_book`(`author`, `entryid`) VALUES ('Max Klingbeil','1576');
INSERT INTO `publisher_book`(`publisher`, `entryid`) VALUES ('Tiboni Inc.','1576');
INSERT INTO `entry`(`entryid`,`type`) VALUES('1577','b');
INSERT INTO `book`(`title`,`entryid`,`isbn`) VALUES('Juice for the Neon','1577','9312407976018');
INSERT INTO `genre_book`(`genre`, `entryid`) VALUES ('Horror','1577');
INSERT INTO `author_book`(`author`, `entryid`) VALUES ('Shanika Fearheller','1577');
INSERT INTO `publisher_book`(`publisher`, `entryid`) VALUES ('Bowersmith Cooperations.','1577');
INSERT INTO `entry`(`entryid`,`type`) VALUES('1578','b');
INSERT INTO `book`(`title`,`entryid`,`isbn`) VALUES('Collision because of tachistoscopic Turtle','1578','9489205811545');
INSERT INTO `genre_book`(`genre`, `entryid`) VALUES ('Science','1578');
INSERT INTO `author_book`(`author`, `entryid`) VALUES ('Arlean Wallenbrock','1578');
INSERT INTO `publisher_book`(`publisher`, `entryid`) VALUES ('Shore Cooperations.','1578');
INSERT INTO `entry`(`entryid`,`type`) VALUES('1579','b');
INSERT INTO `book`(`title`,`entryid`,`isbn`) VALUES('Postbox and the Neon','1579','9930689047798');
INSERT INTO `genre_book`(`genre`, `entryid`) VALUES ('Education','1579');
INSERT INTO `author_book`(`author`, `entryid`) VALUES ('Yolando Harward','1579');
INSERT INTO `publisher_book`(`publisher`, `entryid`) VALUES ('Dewaratanawan Inc.','1579');
INSERT INTO `entry`(`entryid`,`type`) VALUES('1580','b');
INSERT INTO `book`(`title`,`entryid`,`isbn`) VALUES('Mirror and cobblestone Dibble','1580','9127051336462');
INSERT INTO `genre_book`(`genre`, `entryid`) VALUES ('Adventure','1580');
INSERT INTO `author_book`(`author`, `entryid`) VALUES ('Jill Salvino','1580');
INSERT INTO `publisher_book`(`publisher`, `entryid`) VALUES ('Shulenberger Cooperations.','1580');
INSERT INTO `entry`(`entryid`,`type`) VALUES('1581','b');
INSERT INTO `book`(`title`,`entryid`,`isbn`) VALUES('Weather by the Hydrogen','1581','0147679778877');
INSERT INTO `genre_book`(`genre`, `entryid`) VALUES ('Sci-Fi','1581');
INSERT INTO `author`(`name`,`birthyear`,`deathyear`) VALUES('Antonina Bjelland','1917','1989');
INSERT INTO `author_book`(`author`, `entryid`) VALUES ('Antonina Bjelland','1581');
INSERT INTO `publisher_book`(`publisher`, `entryid`) VALUES ('Teisberg Publishers.','1581');
INSERT INTO `entry`(`entryid`,`type`) VALUES('1582','b');
INSERT INTO `book`(`title`,`entryid`,`isbn`) VALUES('Aunt for the Holiday','1582','0323080377722');
INSERT INTO `genre_book`(`genre`, `entryid`) VALUES ('Adventure','1582');
INSERT INTO `author_book`(`author`, `entryid`) VALUES ('Justin Gozalez','1582');
INSERT INTO `publisher_book`(`publisher`, `entryid`) VALUES ('Merckling Inc.','1582');
INSERT INTO `entry`(`entryid`,`type`) VALUES('1583','b');
INSERT INTO `book`(`title`,`entryid`,`isbn`) VALUES('Blowgun with the Fridge','1583','0253423819483');
INSERT INTO `genre_book`(`genre`, `entryid`) VALUES ('Science','1583');
INSERT INTO `author_book`(`author`, `entryid`) VALUES ('Tennie Certain','1583');
INSERT INTO `publisher_book`(`publisher`, `entryid`) VALUES ('Giangregorio Cooperations.','1583');
INSERT INTO `entry`(`entryid`,`type`) VALUES('1584','b');
INSERT INTO `book`(`title`,`entryid`,`isbn`) VALUES('Chicory with the Pepper','1584','9947349000541');
INSERT INTO `genre_book`(`genre`, `entryid`) VALUES ('Sci-Fi','1584');
INSERT INTO `author_book`(`author`, `entryid`) VALUES ('Gayla Yockey','1584');
INSERT INTO `publisher_book`(`publisher`, `entryid`) VALUES ('Flenaugh Publishers.','1584');
INSERT INTO `entry`(`entryid`,`type`) VALUES('1585','b');
INSERT INTO `book`(`title`,`entryid`,`isbn`) VALUES('Beard against adhesive Book','1585','0127831844865');
INSERT INTO `genre_book`(`genre`, `entryid`) VALUES ('Thriller','1585');
INSERT INTO `author_book`(`author`, `entryid`) VALUES ('Jamey Sivia','1585');
INSERT INTO `publisher_book`(`publisher`, `entryid`) VALUES ('Steedman Cooperations.','1585');
INSERT INTO `entry`(`entryid`,`type`) VALUES('1586','b');
INSERT INTO `book`(`title`,`entryid`,`isbn`) VALUES('Gas in Crack','1586','0227371796533');
INSERT INTO `genre_book`(`genre`, `entryid`) VALUES ('Science','1586');
INSERT INTO `author_book`(`author`, `entryid`) VALUES ('Odelia Pettersen','1586');
INSERT INTO `publisher_book`(`publisher`, `entryid`) VALUES ('Shulenberger Cooperations.','1586');
INSERT INTO `entry`(`entryid`,`type`) VALUES('1587','b');
INSERT INTO `book`(`title`,`entryid`,`isbn`) VALUES('Walk vs. windier Otter','1587','9787713123996');
INSERT INTO `genre_book`(`genre`, `entryid`) VALUES ('Thriller','1587');
INSERT INTO `author_book`(`author`, `entryid`) VALUES ('Tereasa New','1587');
INSERT INTO `publisher_book`(`publisher`, `entryid`) VALUES ('Franpton Cooperations.','1587');
INSERT INTO `entry`(`entryid`,`type`) VALUES('1588','b');
INSERT INTO `book`(`title`,`entryid`,`isbn`) VALUES('Tin with Step-son','1588','9797277943488');
INSERT INTO `genre_book`(`genre`, `entryid`) VALUES ('Horror','1588');
INSERT INTO `author_book`(`author`, `entryid`) VALUES ('Liz Kinan','1588');
INSERT INTO `publisher_book`(`publisher`, `entryid`) VALUES ('Dewaratanawan Inc.','1588');
INSERT INTO `entry`(`entryid`,`type`) VALUES('1589','b');
INSERT INTO `book`(`title`,`entryid`,`isbn`) VALUES('May vs. appressed Kenneth','1589','9393583957034');
INSERT INTO `genre_book`(`genre`, `entryid`) VALUES ('Adventure','1589');
INSERT INTO `author`(`name`,`birthyear`,`deathyear`) VALUES('Sade Lastrape','1906','1977');
INSERT INTO `author_book`(`author`, `entryid`) VALUES ('Sade Lastrape','1589');
INSERT INTO `publisher_book`(`publisher`, `entryid`) VALUES ('Steedman Cooperations.','1589');
INSERT INTO `entry`(`entryid`,`type`) VALUES('1590','b');
INSERT INTO `book`(`title`,`entryid`,`isbn`) VALUES('Liquid of the idyllic Vermicelli','1590','9187526944899');
INSERT INTO `genre_book`(`genre`, `entryid`) VALUES ('Sci-Fi','1590');
INSERT INTO `author`(`name`,`birthyear`,`deathyear`) VALUES('Velvet Fencil','1926','1996');
INSERT INTO `author_book`(`author`, `entryid`) VALUES ('Velvet Fencil','1590');
INSERT INTO `publisher_book`(`publisher`, `entryid`) VALUES ('Whitted Cooperations.','1590');
INSERT INTO `entry`(`entryid`,`type`) VALUES('1591','b');
INSERT INTO `book`(`title`,`entryid`,`isbn`) VALUES('Cocoa by Sweatshop','1591','9864398336093');
INSERT INTO `genre_book`(`genre`, `entryid`) VALUES ('Thriller','1591');
INSERT INTO `author_book`(`author`, `entryid`) VALUES ('Darla Killpack','1591');
INSERT INTO `publisher_book`(`publisher`, `entryid`) VALUES ('Peal Cooperations.','1591');
INSERT INTO `entry`(`entryid`,`type`) VALUES('1592','b');
INSERT INTO `book`(`title`,`entryid`,`isbn`) VALUES('Mayonnaise vs. Teaching','1592','0438841111433');
INSERT INTO `genre_book`(`genre`, `entryid`) VALUES ('Adventure','1592');
INSERT INTO `author_book`(`author`, `entryid`) VALUES ('Fidelia Trombino','1592');
INSERT INTO `publisher_book`(`publisher`, `entryid`) VALUES ('Gregas Cooperations.','1592');
INSERT INTO `entry`(`entryid`,`type`) VALUES('1593','b');
INSERT INTO `book`(`title`,`entryid`,`isbn`) VALUES('Kick by the cariogenic Wasp','1593','0689721688930');
INSERT INTO `genre_book`(`genre`, `entryid`) VALUES ('Sci-Fi','1593');
INSERT INTO `author_book`(`author`, `entryid`) VALUES ('Donn Gulla','1593');
INSERT INTO `publisher_book`(`publisher`, `entryid`) VALUES ('Pili Cooperations.','1593');
INSERT INTO `entry`(`entryid`,`type`) VALUES('1594','b');
INSERT INTO `book`(`title`,`entryid`,`isbn`) VALUES('Theory to dilatant Camel','1594','0301991183322');
INSERT INTO `genre_book`(`genre`, `entryid`) VALUES ('Education','1594');
INSERT INTO `author`(`name`,`birthyear`,`deathyear`) VALUES('Julene Tappe','1957','2014');
INSERT INTO `author_book`(`author`, `entryid`) VALUES ('Julene Tappe','1594');
INSERT INTO `publisher_book`(`publisher`, `entryid`) VALUES ('Sedor Cooperations.','1594');
INSERT INTO `entry`(`entryid`,`type`) VALUES('1595','b');
INSERT INTO `book`(`title`,`entryid`,`isbn`) VALUES('Ikebana in Territory','1595','0269312713228');
INSERT INTO `genre_book`(`genre`, `entryid`) VALUES ('Science','1595');
INSERT INTO `author_book`(`author`, `entryid`) VALUES ('Lula Brochu','1595');
INSERT INTO `publisher_book`(`publisher`, `entryid`) VALUES ('Vanderheiden Inc.','1595');
INSERT INTO `entry`(`entryid`,`type`) VALUES('1596','b');
INSERT INTO `book`(`title`,`entryid`,`isbn`) VALUES('Caution for the Toenail','1596','0373101386130');
INSERT INTO `genre_book`(`genre`, `entryid`) VALUES ('Sci-Fi','1596');
INSERT INTO `author_book`(`author`, `entryid`) VALUES ('Sade Lastrape','1596');
INSERT INTO `publisher_book`(`publisher`, `entryid`) VALUES ('Houghtelling Cooperations.','1596');
INSERT INTO `entry`(`entryid`,`type`) VALUES('1597','b');
INSERT INTO `book`(`title`,`entryid`,`isbn`) VALUES('Bathroom by the climactic Turkish','1597','0042008893854');
INSERT INTO `genre_book`(`genre`, `entryid`) VALUES ('Science','1597');
INSERT INTO `author`(`name`,`birthyear`,`deathyear`) VALUES('Colene Mcmanamy','1888','1964');
INSERT INTO `author_book`(`author`, `entryid`) VALUES ('Colene Mcmanamy','1597');
INSERT INTO `publisher_book`(`publisher`, `entryid`) VALUES ('Declercq Publishers.','1597');
INSERT INTO `entry`(`entryid`,`type`) VALUES('1598','b');
INSERT INTO `book`(`title`,`entryid`,`isbn`) VALUES('Shop in the Distribution','1598','0606386575463');
INSERT INTO `genre_book`(`genre`, `entryid`) VALUES ('Thriller','1598');
INSERT INTO `author_book`(`author`, `entryid`) VALUES ('Glady Thero','1598');
INSERT INTO `publisher_book`(`publisher`, `entryid`) VALUES ('Viernes Cooperations.','1598');
INSERT INTO `entry`(`entryid`,`type`) VALUES('1599','b');
INSERT INTO `book`(`title`,`entryid`,`isbn`) VALUES('Pastor of Marxian Road','1599','9718472988742');
INSERT INTO `genre_book`(`genre`, `entryid`) VALUES ('Horror','1599');
INSERT INTO `author_book`(`author`, `entryid`) VALUES ('Brittny Boyar','1599');
INSERT INTO `publisher_book`(`publisher`, `entryid`) VALUES ('Ritzie Cooperations.','1599');
INSERT INTO `entry`(`entryid`,`type`) VALUES('1600','b');
INSERT INTO `book`(`title`,`entryid`,`isbn`) VALUES('Patio in Begonia','1600','9518240299176');
INSERT INTO `genre_book`(`genre`, `entryid`) VALUES ('Thriller','1600');
INSERT INTO `author`(`name`,`birthyear`,`deathyear`) VALUES('Olympia Coovert','1889','1912');
INSERT INTO `author_book`(`author`, `entryid`) VALUES ('Olympia Coovert','1600');
INSERT INTO `publisher_book`(`publisher`, `entryid`) VALUES ('Pili Cooperations.','1600');
INSERT INTO `entry`(`entryid`,`type`) VALUES('1601','b');
INSERT INTO `book`(`title`,`entryid`,`isbn`) VALUES('Hearing against Chautauqua Place','1601','9783936976851');
INSERT INTO `genre_book`(`genre`, `entryid`) VALUES ('Adventure','1601');
INSERT INTO `author_book`(`author`, `entryid`) VALUES ('Refugia Legette','1601');
INSERT INTO `publisher_book`(`publisher`, `entryid`) VALUES ('Schwaner Publishers.','1601');
INSERT INTO `entry`(`entryid`,`type`) VALUES('1602','b');
INSERT INTO `book`(`title`,`entryid`,`isbn`) VALUES('Church for Segment','1602','9852392920365');
INSERT INTO `genre_book`(`genre`, `entryid`) VALUES ('Romance','1602');
INSERT INTO `author_book`(`author`, `entryid`) VALUES ('Echo Bessel','1602');
INSERT INTO `publisher_book`(`publisher`, `entryid`) VALUES ('Virrey Publishers.','1602');
INSERT INTO `entry`(`entryid`,`type`) VALUES('1603','b');
INSERT INTO `book`(`title`,`entryid`,`isbn`) VALUES('Volcano with collected Violet','1603','9555434114410');
INSERT INTO `genre_book`(`genre`, `entryid`) VALUES ('Sci-Fi','1603');
INSERT INTO `author_book`(`author`, `entryid`) VALUES ('Carlyn Fujikake','1603');
INSERT INTO `publisher_book`(`publisher`, `entryid`) VALUES ('Dewaratanawan Inc.','1603');
INSERT INTO `entry`(`entryid`,`type`) VALUES('1604','b');
INSERT INTO `book`(`title`,`entryid`,`isbn`) VALUES('Book of the Hook','1604','0543593756040');
INSERT INTO `genre_book`(`genre`, `entryid`) VALUES ('Science','1604');
INSERT INTO `author`(`name`,`birthyear`,`deathyear`) VALUES('Thresa Gobler','1935','2021');
INSERT INTO `author_book`(`author`, `entryid`) VALUES ('Thresa Gobler','1604');
INSERT INTO `publisher_book`(`publisher`, `entryid`) VALUES ('Piede Publishers.','1604');
INSERT INTO `entry`(`entryid`,`type`) VALUES('1605','b');
INSERT INTO `book`(`title`,`entryid`,`isbn`) VALUES('Butter against Denim','1605','9645825394584');
INSERT INTO `genre_book`(`genre`, `entryid`) VALUES ('Education','1605');
INSERT INTO `author_book`(`author`, `entryid`) VALUES ('Jacquline Perine','1605');
INSERT INTO `publisher_book`(`publisher`, `entryid`) VALUES ('Cantlow Inc.','1605');
INSERT INTO `entry`(`entryid`,`type`) VALUES('1606','b');
INSERT INTO `book`(`title`,`entryid`,`isbn`) VALUES('Conga by Tatar Bedroom','1606','0102537628303');
INSERT INTO `genre_book`(`genre`, `entryid`) VALUES ('Horror','1606');
INSERT INTO `author_book`(`author`, `entryid`) VALUES ('Deanne Kleftogiannis','1606');
INSERT INTO `publisher_book`(`publisher`, `entryid`) VALUES ('Franpton Cooperations.','1606');
INSERT INTO `entry`(`entryid`,`type`) VALUES('1607','b');
INSERT INTO `book`(`title`,`entryid`,`isbn`) VALUES('Light and the fogged Pastry','1607','0453081177981');
INSERT INTO `genre_book`(`genre`, `entryid`) VALUES ('Horror','1607');
INSERT INTO `author_book`(`author`, `entryid`) VALUES ('Zola Uzzell','1607');
INSERT INTO `publisher_book`(`publisher`, `entryid`) VALUES ('Zalesky Publishers.','1607');
INSERT INTO `entry`(`entryid`,`type`) VALUES('1608','b');
INSERT INTO `book`(`title`,`entryid`,`isbn`) VALUES('Tree against Fortnight','1608','9257697182234');
INSERT INTO `genre_book`(`genre`, `entryid`) VALUES ('Thriller','1608');
INSERT INTO `author_book`(`author`, `entryid`) VALUES ('Chase Wolcott','1608');
INSERT INTO `publisher_book`(`publisher`, `entryid`) VALUES ('Lindemuth Cooperations.','1608');
INSERT INTO `entry`(`entryid`,`type`) VALUES('1609','b');
INSERT INTO `book`(`title`,`entryid`,`isbn`) VALUES('Crab vs. Minister','1609','0381154778685');
INSERT INTO `genre_book`(`genre`, `entryid`) VALUES ('Science','1609');
INSERT INTO `author_book`(`author`, `entryid`) VALUES ('Meta Marxen','1609');
INSERT INTO `publisher_book`(`publisher`, `entryid`) VALUES ('Chrisco Publishers.','1609');
INSERT INTO `entry`(`entryid`,`type`) VALUES('1610','b');
INSERT INTO `book`(`title`,`entryid`,`isbn`) VALUES('Aardvark because of Windscreen','1610','9156941244895');
INSERT INTO `genre_book`(`genre`, `entryid`) VALUES ('Romance','1610');
INSERT INTO `author_book`(`author`, `entryid`) VALUES ('Loma Crebs','1610');
INSERT INTO `publisher_book`(`publisher`, `entryid`) VALUES ('Edin Publishers.','1610');
INSERT INTO `entry`(`entryid`,`type`) VALUES('1611','b');
INSERT INTO `book`(`title`,`entryid`,`isbn`) VALUES('Coil for the Oxygen','1611','9327237915647');
INSERT INTO `genre_book`(`genre`, `entryid`) VALUES ('Horror','1611');
INSERT INTO `author_book`(`author`, `entryid`) VALUES ('Reba Fontanella','1611');
INSERT INTO `publisher_book`(`publisher`, `entryid`) VALUES ('Ostwinkle Inc.','1611');
INSERT INTO `entry`(`entryid`,`type`) VALUES('1612','b');
INSERT INTO `book`(`title`,`entryid`,`isbn`) VALUES('Mini-skirt against Army','1612','9426595325476');
INSERT INTO `genre_book`(`genre`, `entryid`) VALUES ('Science','1612');
INSERT INTO `author_book`(`author`, `entryid`) VALUES ('Kam Dyche','1612');
INSERT INTO `publisher_book`(`publisher`, `entryid`) VALUES ('Bookter Cooperations.','1612');
INSERT INTO `entry`(`entryid`,`type`) VALUES('1613','b');
INSERT INTO `book`(`title`,`entryid`,`isbn`) VALUES('Helen because of Air','1613','9553070843306');
INSERT INTO `genre_book`(`genre`, `entryid`) VALUES ('Romance','1613');
INSERT INTO `author_book`(`author`, `entryid`) VALUES ('Bessie Wassmann','1613');
INSERT INTO `publisher_book`(`publisher`, `entryid`) VALUES ('Franpton Cooperations.','1613');
INSERT INTO `entry`(`entryid`,`type`) VALUES('1614','b');
INSERT INTO `book`(`title`,`entryid`,`isbn`) VALUES('Flat against the Daisy','1614','9833078735172');
INSERT INTO `genre_book`(`genre`, `entryid`) VALUES ('Romance','1614');
INSERT INTO `author_book`(`author`, `entryid`) VALUES ('Latosha Kiko','1614');
INSERT INTO `publisher_book`(`publisher`, `entryid`) VALUES ('Gregas Cooperations.','1614');
INSERT INTO `entry`(`entryid`,`type`) VALUES('1615','b');
INSERT INTO `book`(`title`,`entryid`,`isbn`) VALUES('Friend against seeded Rooster','1615','0909297077900');
INSERT INTO `genre_book`(`genre`, `entryid`) VALUES ('Adventure','1615');
INSERT INTO `author_book`(`author`, `entryid`) VALUES ('Tennie Certain','1615');
INSERT INTO `publisher_book`(`publisher`, `entryid`) VALUES ('Niforos Publishers.','1615');
INSERT INTO `entry`(`entryid`,`type`) VALUES('1616','b');
INSERT INTO `book`(`title`,`entryid`,`isbn`) VALUES('Decrease of Joke','1616','0859485635679');
INSERT INTO `genre_book`(`genre`, `entryid`) VALUES ('Romance','1616');
INSERT INTO `author_book`(`author`, `entryid`) VALUES ('Jill Salvino','1616');
INSERT INTO `publisher_book`(`publisher`, `entryid`) VALUES ('Stukes Publishers.','1616');
INSERT INTO `entry`(`entryid`,`type`) VALUES('1617','b');
INSERT INTO `book`(`title`,`entryid`,`isbn`) VALUES('Mole of expropriated Ceiling','1617','9204475881841');
INSERT INTO `genre_book`(`genre`, `entryid`) VALUES ('Science','1617');
INSERT INTO `author_book`(`author`, `entryid`) VALUES ('Edelmira Zollo','1617');
INSERT INTO `publisher_book`(`publisher`, `entryid`) VALUES ('Maronge Inc.','1617');
INSERT INTO `entry`(`entryid`,`type`) VALUES('1618','b');
INSERT INTO `book`(`title`,`entryid`,`isbn`) VALUES('Balance for Crowd','1618','0321431999008');
INSERT INTO `genre_book`(`genre`, `entryid`) VALUES ('Education','1618');
INSERT INTO `author_book`(`author`, `entryid`) VALUES ('Carolynn Kingrey','1618');
INSERT INTO `publisher_book`(`publisher`, `entryid`) VALUES ('Southerland Inc.','1618');
INSERT INTO `entry`(`entryid`,`type`) VALUES('1619','b');
INSERT INTO `book`(`title`,`entryid`,`isbn`) VALUES('Lycra and Family','1619','0220804154894');
INSERT INTO `genre_book`(`genre`, `entryid`) VALUES ('Horror','1619');
INSERT INTO `author_book`(`author`, `entryid`) VALUES ('Kennith Kreutzer','1619');
INSERT INTO `publisher_book`(`publisher`, `entryid`) VALUES ('Flenaugh Publishers.','1619');
INSERT INTO `entry`(`entryid`,`type`) VALUES('1620','b');
INSERT INTO `book`(`title`,`entryid`,`isbn`) VALUES('Time by emotionable Thomas','1620','0265521845393');
INSERT INTO `genre_book`(`genre`, `entryid`) VALUES ('Education','1620');
INSERT INTO `author`(`name`,`birthyear`,`deathyear`) VALUES('Emilie Boza','1947','1971');
INSERT INTO `author_book`(`author`, `entryid`) VALUES ('Emilie Boza','1620');
INSERT INTO `publisher_book`(`publisher`, `entryid`) VALUES ('Piede Publishers.','1620');
INSERT INTO `entry`(`entryid`,`type`) VALUES('1621','b');
INSERT INTO `book`(`title`,`entryid`,`isbn`) VALUES('Chess for watertight Shrimp','1621','0997158483160');
INSERT INTO `genre_book`(`genre`, `entryid`) VALUES ('Science','1621');
INSERT INTO `author_book`(`author`, `entryid`) VALUES ('Malka Teufel','1621');
INSERT INTO `publisher_book`(`publisher`, `entryid`) VALUES ('Zapata Cooperations.','1621');
INSERT INTO `entry`(`entryid`,`type`) VALUES('1622','b');
INSERT INTO `book`(`title`,`entryid`,`isbn`) VALUES('Rotate vs. flapperish Tailor','1622','0889867221353');
INSERT INTO `genre_book`(`genre`, `entryid`) VALUES ('Romance','1622');
INSERT INTO `author_book`(`author`, `entryid`) VALUES ('Lorenza Melquist','1622');
INSERT INTO `publisher_book`(`publisher`, `entryid`) VALUES ('Ostling Cooperations.','1622');
INSERT INTO `entry`(`entryid`,`type`) VALUES('1623','b');
INSERT INTO `book`(`title`,`entryid`,`isbn`) VALUES('Feast against the Fine','1623','9016758810704');
INSERT INTO `genre_book`(`genre`, `entryid`) VALUES ('Thriller','1623');
INSERT INTO `author_book`(`author`, `entryid`) VALUES ('Joanna Levert','1623');
INSERT INTO `publisher_book`(`publisher`, `entryid`) VALUES ('Marples Cooperations.','1623');
INSERT INTO `entry`(`entryid`,`type`) VALUES('1624','b');
INSERT INTO `book`(`title`,`entryid`,`isbn`) VALUES('Channel for withdrawing Romania','1624','9572585467920');
INSERT INTO `genre_book`(`genre`, `entryid`) VALUES ('Romance','1624');
INSERT INTO `author_book`(`author`, `entryid`) VALUES ('Madeleine Holm','1624');
INSERT INTO `publisher_book`(`publisher`, `entryid`) VALUES ('Viernes Cooperations.','1624');
INSERT INTO `entry`(`entryid`,`type`) VALUES('1625','b');
INSERT INTO `book`(`title`,`entryid`,`isbn`) VALUES('Meal by the Vibraphone','1625','0494720448877');
INSERT INTO `genre_book`(`genre`, `entryid`) VALUES ('Education','1625');
INSERT INTO `author_book`(`author`, `entryid`) VALUES ('Hyo Erdman','1625');
INSERT INTO `publisher_book`(`publisher`, `entryid`) VALUES ('Losee Publishers.','1625');
INSERT INTO `entry`(`entryid`,`type`) VALUES('1626','b');
INSERT INTO `book`(`title`,`entryid`,`isbn`) VALUES('Place of Lobster','1626','0770317696677');
INSERT INTO `genre_book`(`genre`, `entryid`) VALUES ('Romance','1626');
INSERT INTO `author`(`name`,`birthyear`,`deathyear`) VALUES('Charlene Redwine','1950','2041');
INSERT INTO `author_book`(`author`, `entryid`) VALUES ('Charlene Redwine','1626');
INSERT INTO `publisher_book`(`publisher`, `entryid`) VALUES ('Sandling Publishers.','1626');
INSERT INTO `entry`(`entryid`,`type`) VALUES('1627','b');
INSERT INTO `book`(`title`,`entryid`,`isbn`) VALUES('Spear against unrequisite Separated','1627','9177611809807');
INSERT INTO `genre_book`(`genre`, `entryid`) VALUES ('Romance','1627');
INSERT INTO `author_book`(`author`, `entryid`) VALUES ('Brittni Hendershot','1627');
INSERT INTO `publisher_book`(`publisher`, `entryid`) VALUES ('Succop Cooperations.','1627');
INSERT INTO `entry`(`entryid`,`type`) VALUES('1628','b');
INSERT INTO `book`(`title`,`entryid`,`isbn`) VALUES('Sailor with Purpose','1628','0197373607493');
INSERT INTO `genre_book`(`genre`, `entryid`) VALUES ('Adventure','1628');
INSERT INTO `author_book`(`author`, `entryid`) VALUES ('Freeda Lamadrid','1628');
INSERT INTO `publisher_book`(`publisher`, `entryid`) VALUES ('Turnbull Inc.','1628');
INSERT INTO `entry`(`entryid`,`type`) VALUES('1629','b');
INSERT INTO `book`(`title`,`entryid`,`isbn`) VALUES('Pentagon of Berry','1629','0283291052748');
INSERT INTO `genre_book`(`genre`, `entryid`) VALUES ('Thriller','1629');
INSERT INTO `author_book`(`author`, `entryid`) VALUES ('Dalia Danza','1629');
INSERT INTO `publisher_book`(`publisher`, `entryid`) VALUES ('Rocconi Cooperations.','1629');
INSERT INTO `entry`(`entryid`,`type`) VALUES('1630','b');
INSERT INTO `book`(`title`,`entryid`,`isbn`) VALUES('Probation in the Wren','1630','9003860828577');
INSERT INTO `genre_book`(`genre`, `entryid`) VALUES ('Science','1630');
INSERT INTO `author_book`(`author`, `entryid`) VALUES ('Deborah Stinser','1630');
INSERT INTO `publisher_book`(`publisher`, `entryid`) VALUES ('Southerland Inc.','1630');
INSERT INTO `entry`(`entryid`,`type`) VALUES('1631','b');
INSERT INTO `book`(`title`,`entryid`,`isbn`) VALUES('Anger with Pressure','1631','9236155356375');
INSERT INTO `genre_book`(`genre`, `entryid`) VALUES ('Sci-Fi','1631');
INSERT INTO `author_book`(`author`, `entryid`) VALUES ('Christi Hillan','1631');
INSERT INTO `publisher_book`(`publisher`, `entryid`) VALUES ('Stulce Publishers.','1631');
INSERT INTO `entry`(`entryid`,`type`) VALUES('1632','b');
INSERT INTO `book`(`title`,`entryid`,`isbn`) VALUES('Yam for Accelerator','1632','9780172851674');
INSERT INTO `genre_book`(`genre`, `entryid`) VALUES ('Romance','1632');
INSERT INTO `author_book`(`author`, `entryid`) VALUES ('Marlin Odems','1632');
INSERT INTO `publisher_book`(`publisher`, `entryid`) VALUES ('Yi Cooperations.','1632');
INSERT INTO `entry`(`entryid`,`type`) VALUES('1633','b');
INSERT INTO `book`(`title`,`entryid`,`isbn`) VALUES('Relative vs. Lightning','1633','9899055279536');
INSERT INTO `genre_book`(`genre`, `entryid`) VALUES ('Science','1633');
INSERT INTO `author`(`name`,`birthyear`,`deathyear`) VALUES('Lorette Rarey','1902','1941');
INSERT INTO `author_book`(`author`, `entryid`) VALUES ('Lorette Rarey','1633');
INSERT INTO `publisher_book`(`publisher`, `entryid`) VALUES ('Weisholz Publishers.','1633');
INSERT INTO `entry`(`entryid`,`type`) VALUES('1634','b');
INSERT INTO `book`(`title`,`entryid`,`isbn`) VALUES('Makeup with doubtless Thought','1634','9920704502260');
INSERT INTO `genre_book`(`genre`, `entryid`) VALUES ('Thriller','1634');
INSERT INTO `author_book`(`author`, `entryid`) VALUES ('Miguel Serini','1634');
INSERT INTO `publisher_book`(`publisher`, `entryid`) VALUES ('Zalesky Publishers.','1634');
INSERT INTO `entry`(`entryid`,`type`) VALUES('1635','b');
INSERT INTO `book`(`title`,`entryid`,`isbn`) VALUES('Ground and supernaturalist Chance','1635','9221963902234');
INSERT INTO `genre_book`(`genre`, `entryid`) VALUES ('Education','1635');
INSERT INTO `author_book`(`author`, `entryid`) VALUES ('Latricia Gornikiewicz','1635');
INSERT INTO `publisher_book`(`publisher`, `entryid`) VALUES ('Ritzie Cooperations.','1635');
INSERT INTO `entry`(`entryid`,`type`) VALUES('1636','b');
INSERT INTO `book`(`title`,`entryid`,`isbn`) VALUES('Worm by gemmiferous Wallet','1636','9835170126775');
INSERT INTO `genre_book`(`genre`, `entryid`) VALUES ('Sci-Fi','1636');
INSERT INTO `author_book`(`author`, `entryid`) VALUES ('Corinne Beliz','1636');
INSERT INTO `publisher_book`(`publisher`, `entryid`) VALUES ('Weisholz Publishers.','1636');
INSERT INTO `entry`(`entryid`,`type`) VALUES('1637','b');
INSERT INTO `book`(`title`,`entryid`,`isbn`) VALUES('Maid for narcoleptic Australia','1637','0788503988946');
INSERT INTO `genre_book`(`genre`, `entryid`) VALUES ('Thriller','1637');
INSERT INTO `author_book`(`author`, `entryid`) VALUES ('Eneida Mcgalliard','1637');
INSERT INTO `publisher_book`(`publisher`, `entryid`) VALUES ('Marples Cooperations.','1637');
INSERT INTO `entry`(`entryid`,`type`) VALUES('1638','b');
INSERT INTO `book`(`title`,`entryid`,`isbn`) VALUES('Gauge to the postmenstrual Organization','1638','0430552454590');
INSERT INTO `genre_book`(`genre`, `entryid`) VALUES ('Adventure','1638');
INSERT INTO `author_book`(`author`, `entryid`) VALUES ('Alaina Volper','1638');
INSERT INTO `publisher_book`(`publisher`, `entryid`) VALUES ('Brillon Publishers.','1638');
INSERT INTO `entry`(`entryid`,`type`) VALUES('1639','b');
INSERT INTO `book`(`title`,`entryid`,`isbn`) VALUES('Wolf to the Click','1639','0932629222232');
INSERT INTO `genre_book`(`genre`, `entryid`) VALUES ('Thriller','1639');
INSERT INTO `author_book`(`author`, `entryid`) VALUES ('Retta Yerbic','1639');
INSERT INTO `publisher_book`(`publisher`, `entryid`) VALUES ('Tinin Cooperations.','1639');
INSERT INTO `entry`(`entryid`,`type`) VALUES('1640','b');
INSERT INTO `book`(`title`,`entryid`,`isbn`) VALUES('Teeth in the Plane','1640','9005029448509');
INSERT INTO `genre_book`(`genre`, `entryid`) VALUES ('Sci-Fi','1640');
INSERT INTO `author_book`(`author`, `entryid`) VALUES ('Zenia Artist','1640');
INSERT INTO `publisher_book`(`publisher`, `entryid`) VALUES ('Schorsch Cooperations.','1640');
INSERT INTO `entry`(`entryid`,`type`) VALUES('1641','b');
INSERT INTO `book`(`title`,`entryid`,`isbn`) VALUES('System in uncinate Ship','1641','9068249600795');
INSERT INTO `genre_book`(`genre`, `entryid`) VALUES ('Sci-Fi','1641');
INSERT INTO `author`(`name`,`birthyear`,`deathyear`) VALUES('Roxie Lefore','1895','1931');
INSERT INTO `author_book`(`author`, `entryid`) VALUES ('Roxie Lefore','1641');
INSERT INTO `publisher_book`(`publisher`, `entryid`) VALUES ('Losee Publishers.','1641');
INSERT INTO `entry`(`entryid`,`type`) VALUES('1642','b');
INSERT INTO `book`(`title`,`entryid`,`isbn`) VALUES('Bugle against the Elephant','1642','0224825572372');
INSERT INTO `genre_book`(`genre`, `entryid`) VALUES ('Science','1642');
INSERT INTO `author_book`(`author`, `entryid`) VALUES ('Jonelle Youns','1642');
INSERT INTO `publisher_book`(`publisher`, `entryid`) VALUES ('Dallis Cooperations.','1642');
INSERT INTO `entry`(`entryid`,`type`) VALUES('1643','b');
INSERT INTO `book`(`title`,`entryid`,`isbn`) VALUES('Forgery by the dauntless Rain','1643','0245431222582');
INSERT INTO `genre_book`(`genre`, `entryid`) VALUES ('Adventure','1643');
INSERT INTO `author`(`name`,`birthyear`,`deathyear`) VALUES('Horace Vik','1902','1937');
INSERT INTO `author_book`(`author`, `entryid`) VALUES ('Horace Vik','1643');
INSERT INTO `publisher_book`(`publisher`, `entryid`) VALUES ('Teisberg Publishers.','1643');
INSERT INTO `entry`(`entryid`,`type`) VALUES('1644','b');
INSERT INTO `book`(`title`,`entryid`,`isbn`) VALUES('Kendo and the Girdle','1644','0897433150043');
INSERT INTO `genre_book`(`genre`, `entryid`) VALUES ('Sci-Fi','1644');
INSERT INTO `author`(`name`,`birthyear`,`deathyear`) VALUES('Carmina Zerom','1893','1965');
INSERT INTO `author_book`(`author`, `entryid`) VALUES ('Carmina Zerom','1644');
INSERT INTO `publisher_book`(`publisher`, `entryid`) VALUES ('Edin Publishers.','1644');
INSERT INTO `entry`(`entryid`,`type`) VALUES('1645','b');
INSERT INTO `book`(`title`,`entryid`,`isbn`) VALUES('Star because of Jeff','1645','9250534219132');
INSERT INTO `genre_book`(`genre`, `entryid`) VALUES ('Romance','1645');
INSERT INTO `author_book`(`author`, `entryid`) VALUES ('Tonette Reing','1645');
INSERT INTO `publisher_book`(`publisher`, `entryid`) VALUES ('Houghtelling Cooperations.','1645');
INSERT INTO `entry`(`entryid`,`type`) VALUES('1646','b');
INSERT INTO `book`(`title`,`entryid`,`isbn`) VALUES('Chemistry of sybarite Blade','1646','0770961176480');
INSERT INTO `genre_book`(`genre`, `entryid`) VALUES ('Thriller','1646');
INSERT INTO `author`(`name`,`birthyear`,`deathyear`) VALUES('Lael Anglebrandt','1921','1967');
INSERT INTO `author_book`(`author`, `entryid`) VALUES ('Lael Anglebrandt','1646');
INSERT INTO `publisher_book`(`publisher`, `entryid`) VALUES ('Citrone Inc.','1646');
INSERT INTO `entry`(`entryid`,`type`) VALUES('1647','b');
INSERT INTO `book`(`title`,`entryid`,`isbn`) VALUES('Uncle because of inerasable Icon','1647','9824532464708');
INSERT INTO `genre_book`(`genre`, `entryid`) VALUES ('Sci-Fi','1647');
INSERT INTO `author_book`(`author`, `entryid`) VALUES ('Helga Pulos','1647');
INSERT INTO `publisher_book`(`publisher`, `entryid`) VALUES ('Losee Publishers.','1647');
INSERT INTO `entry`(`entryid`,`type`) VALUES('1648','b');
INSERT INTO `book`(`title`,`entryid`,`isbn`) VALUES('Railway in the unconcerned Kidney','1648','0481883760073');
INSERT INTO `genre_book`(`genre`, `entryid`) VALUES ('Thriller','1648');
INSERT INTO `author`(`name`,`birthyear`,`deathyear`) VALUES('Danille Zeilinger','1931','1988');
INSERT INTO `author_book`(`author`, `entryid`) VALUES ('Danille Zeilinger','1648');
INSERT INTO `publisher_book`(`publisher`, `entryid`) VALUES ('Bookter Cooperations.','1648');
INSERT INTO `entry`(`entryid`,`type`) VALUES('1649','b');
INSERT INTO `book`(`title`,`entryid`,`isbn`) VALUES('Cowbell to distanceless Soldier','1649','9937259679795');
INSERT INTO `genre_book`(`genre`, `entryid`) VALUES ('Sci-Fi','1649');
INSERT INTO `author_book`(`author`, `entryid`) VALUES ('Edelmira Zollo','1649');
INSERT INTO `publisher_book`(`publisher`, `entryid`) VALUES ('Ostwinkle Inc.','1649');
INSERT INTO `entry`(`entryid`,`type`) VALUES('1650','b');
INSERT INTO `book`(`title`,`entryid`,`isbn`) VALUES('Carnation of Scorpio','1650','0987649365329');
INSERT INTO `genre_book`(`genre`, `entryid`) VALUES ('Sci-Fi','1650');
INSERT INTO `author_book`(`author`, `entryid`) VALUES ('Alleen Sayaphon','1650');
INSERT INTO `publisher_book`(`publisher`, `entryid`) VALUES ('Turnbull Inc.','1650');
INSERT INTO `entry`(`entryid`,`type`) VALUES('1651','b');
INSERT INTO `book`(`title`,`entryid`,`isbn`) VALUES('Tune to Swimming','1651','0642451829386');
INSERT INTO `genre_book`(`genre`, `entryid`) VALUES ('Education','1651');
INSERT INTO `author_book`(`author`, `entryid`) VALUES ('Marry Bontemps','1651');
INSERT INTO `publisher_book`(`publisher`, `entryid`) VALUES ('Dewaratanawan Inc.','1651');
INSERT INTO `entry`(`entryid`,`type`) VALUES('1652','b');
INSERT INTO `book`(`title`,`entryid`,`isbn`) VALUES('Cast for Fender','1652','0698037553596');
INSERT INTO `genre_book`(`genre`, `entryid`) VALUES ('Romance','1652');
INSERT INTO `author_book`(`author`, `entryid`) VALUES ('Tonette Reing','1652');
INSERT INTO `publisher_book`(`publisher`, `entryid`) VALUES ('Iwata Inc.','1652');
INSERT INTO `entry`(`entryid`,`type`) VALUES('1653','b');
INSERT INTO `book`(`title`,`entryid`,`isbn`) VALUES('Random for the bifold Carriage','1653','9721429974222');
INSERT INTO `genre_book`(`genre`, `entryid`) VALUES ('Sci-Fi','1653');
INSERT INTO `author_book`(`author`, `entryid`) VALUES ('Antonina Bjelland','1653');
INSERT INTO `publisher_book`(`publisher`, `entryid`) VALUES ('Schorsch Cooperations.','1653');
INSERT INTO `entry`(`entryid`,`type`) VALUES('1654','b');
INSERT INTO `book`(`title`,`entryid`,`isbn`) VALUES('Bow of codified Grill','1654','9630151667506');
INSERT INTO `genre_book`(`genre`, `entryid`) VALUES ('Sci-Fi','1654');
INSERT INTO `author_book`(`author`, `entryid`) VALUES ('Kraig Pingrey','1654');
INSERT INTO `publisher_book`(`publisher`, `entryid`) VALUES ('Brillon Publishers.','1654');
INSERT INTO `entry`(`entryid`,`type`) VALUES('1655','b');
INSERT INTO `book`(`title`,`entryid`,`isbn`) VALUES('Shovel for Occupation','1655','0684735987905');
INSERT INTO `genre_book`(`genre`, `entryid`) VALUES ('Romance','1655');
INSERT INTO `author_book`(`author`, `entryid`) VALUES ('Dalia Danza','1655');
INSERT INTO `publisher_book`(`publisher`, `entryid`) VALUES ('Glazier Inc.','1655');
INSERT INTO `entry`(`entryid`,`type`) VALUES('1656','b');
INSERT INTO `book`(`title`,`entryid`,`isbn`) VALUES('Hexagon because of Nickel','1656','0819498930443');
INSERT INTO `genre_book`(`genre`, `entryid`) VALUES ('Horror','1656');
INSERT INTO `author_book`(`author`, `entryid`) VALUES ('Ethelyn Protich','1656');
INSERT INTO `publisher_book`(`publisher`, `entryid`) VALUES ('Dallis Cooperations.','1656');
INSERT INTO `entry`(`entryid`,`type`) VALUES('1657','b');
INSERT INTO `book`(`title`,`entryid`,`isbn`) VALUES('Uncle of consultative Actress','1657','9705937637110');
INSERT INTO `genre_book`(`genre`, `entryid`) VALUES ('Education','1657');
INSERT INTO `author_book`(`author`, `entryid`) VALUES ('Rosette Tauzin','1657');
INSERT INTO `publisher_book`(`publisher`, `entryid`) VALUES ('Tinin Cooperations.','1657');
INSERT INTO `entry`(`entryid`,`type`) VALUES('1658','b');
INSERT INTO `book`(`title`,`entryid`,`isbn`) VALUES('Syrup in the Cultivator','1658','9386949653529');
INSERT INTO `genre_book`(`genre`, `entryid`) VALUES ('Romance','1658');
INSERT INTO `author_book`(`author`, `entryid`) VALUES ('Retta Yerbic','1658');
INSERT INTO `publisher_book`(`publisher`, `entryid`) VALUES ('Viernes Cooperations.','1658');
INSERT INTO `entry`(`entryid`,`type`) VALUES('1659','b');
INSERT INTO `book`(`title`,`entryid`,`isbn`) VALUES('Cast to sorest Anger','1659','0973188672120');
INSERT INTO `genre_book`(`genre`, `entryid`) VALUES ('Science','1659');
INSERT INTO `author_book`(`author`, `entryid`) VALUES ('Jalisa Castellari','1659');
INSERT INTO `publisher_book`(`publisher`, `entryid`) VALUES ('Naegle Publishers.','1659');
INSERT INTO `entry`(`entryid`,`type`) VALUES('1660','b');
INSERT INTO `book`(`title`,`entryid`,`isbn`) VALUES('Dime against ungodlier Tune','1660','0514858270467');
INSERT INTO `genre_book`(`genre`, `entryid`) VALUES ('Science','1660');
INSERT INTO `author_book`(`author`, `entryid`) VALUES ('Sonja Osterberg','1660');
INSERT INTO `publisher_book`(`publisher`, `entryid`) VALUES ('Lessley Inc.','1660');
INSERT INTO `entry`(`entryid`,`type`) VALUES('1661','b');
INSERT INTO `book`(`title`,`entryid`,`isbn`) VALUES('Tooth by the inductile Dress','1661','0175211617567');
INSERT INTO `genre_book`(`genre`, `entryid`) VALUES ('Thriller','1661');
INSERT INTO `author_book`(`author`, `entryid`) VALUES ('Sina Frederic','1661');
INSERT INTO `publisher_book`(`publisher`, `entryid`) VALUES ('Sedor Cooperations.','1661');
INSERT INTO `entry`(`entryid`,`type`) VALUES('1662','b');
INSERT INTO `book`(`title`,`entryid`,`isbn`) VALUES('Rainstorm of Actor','1662','9581397208225');
INSERT INTO `genre_book`(`genre`, `entryid`) VALUES ('Sci-Fi','1662');
INSERT INTO `author_book`(`author`, `entryid`) VALUES ('Jackie Prillaman','1662');
INSERT INTO `publisher_book`(`publisher`, `entryid`) VALUES ('Dayhuff Inc.','1662');
INSERT INTO `entry`(`entryid`,`type`) VALUES('1663','b');
INSERT INTO `book`(`title`,`entryid`,`isbn`) VALUES('Quarter by claustral Cotton','1663','0077130540978');
INSERT INTO `genre_book`(`genre`, `entryid`) VALUES ('Romance','1663');
INSERT INTO `author_book`(`author`, `entryid`) VALUES ('Neva Rapuano','1663');
INSERT INTO `publisher_book`(`publisher`, `entryid`) VALUES ('Naegle Publishers.','1663');
INSERT INTO `entry`(`entryid`,`type`) VALUES('1664','b');
INSERT INTO `book`(`title`,`entryid`,`isbn`) VALUES('Paste vs. Department','1664','0726641868877');
INSERT INTO `genre_book`(`genre`, `entryid`) VALUES ('Horror','1664');
INSERT INTO `author`(`name`,`birthyear`,`deathyear`) VALUES('Jarrod Mad','1883','1951');
INSERT INTO `author_book`(`author`, `entryid`) VALUES ('Jarrod Mad','1664');
INSERT INTO `publisher_book`(`publisher`, `entryid`) VALUES ('Zalesky Publishers.','1664');
INSERT INTO `entry`(`entryid`,`type`) VALUES('1665','b');
INSERT INTO `book`(`title`,`entryid`,`isbn`) VALUES('Tomato because of Softball','1665','9896971588251');
INSERT INTO `genre_book`(`genre`, `entryid`) VALUES ('Adventure','1665');
INSERT INTO `author`(`name`,`birthyear`,`deathyear`) VALUES('Virgil Cantave','1905','2001');
INSERT INTO `author_book`(`author`, `entryid`) VALUES ('Virgil Cantave','1665');
INSERT INTO `publisher_book`(`publisher`, `entryid`) VALUES ('Sever Cooperations.','1665');
INSERT INTO `entry`(`entryid`,`type`) VALUES('1666','b');
INSERT INTO `book`(`title`,`entryid`,`isbn`) VALUES('Hell by unmelted Almanac','1666','9873231742541');
INSERT INTO `genre_book`(`genre`, `entryid`) VALUES ('Sci-Fi','1666');
INSERT INTO `author_book`(`author`, `entryid`) VALUES ('Calista Haberman','1666');
INSERT INTO `publisher_book`(`publisher`, `entryid`) VALUES ('Mccoil Cooperations.','1666');
INSERT INTO `entry`(`entryid`,`type`) VALUES('1667','b');
INSERT INTO `book`(`title`,`entryid`,`isbn`) VALUES('Granddaughter by patched Pint','1667','9882460902922');
INSERT INTO `genre_book`(`genre`, `entryid`) VALUES ('Science','1667');
INSERT INTO `author_book`(`author`, `entryid`) VALUES ('Zachary Herrod','1667');
INSERT INTO `publisher_book`(`publisher`, `entryid`) VALUES ('Rocconi Cooperations.','1667');
INSERT INTO `entry`(`entryid`,`type`) VALUES('1668','b');
INSERT INTO `book`(`title`,`entryid`,`isbn`) VALUES('Sex to Libra','1668','0404691987757');
INSERT INTO `genre_book`(`genre`, `entryid`) VALUES ('Sci-Fi','1668');
INSERT INTO `author_book`(`author`, `entryid`) VALUES ('Larhonda Hylinski','1668');
INSERT INTO `publisher_book`(`publisher`, `entryid`) VALUES ('Merckling Inc.','1668');
INSERT INTO `entry`(`entryid`,`type`) VALUES('1669','b');
INSERT INTO `book`(`title`,`entryid`,`isbn`) VALUES('Partridge in the Brand','1669','9999691613337');
INSERT INTO `genre_book`(`genre`, `entryid`) VALUES ('Sci-Fi','1669');
INSERT INTO `author_book`(`author`, `entryid`) VALUES ('Lili Vanderlip','1669');
INSERT INTO `publisher_book`(`publisher`, `entryid`) VALUES ('Schoo Cooperations.','1669');
INSERT INTO `entry`(`entryid`,`type`) VALUES('1670','b');
INSERT INTO `book`(`title`,`entryid`,`isbn`) VALUES('Burn and the English','1670','0028727762880');
INSERT INTO `genre_book`(`genre`, `entryid`) VALUES ('Horror','1670');
INSERT INTO `author_book`(`author`, `entryid`) VALUES ('Zachary Herrod','1670');
INSERT INTO `publisher_book`(`publisher`, `entryid`) VALUES ('Lindemuth Cooperations.','1670');
INSERT INTO `entry`(`entryid`,`type`) VALUES('1671','b');
INSERT INTO `book`(`title`,`entryid`,`isbn`) VALUES('Opera vs. intentioned Box','1671','0086110682098');
INSERT INTO `genre_book`(`genre`, `entryid`) VALUES ('Education','1671');
INSERT INTO `author_book`(`author`, `entryid`) VALUES ('Robbie Rei','1671');
INSERT INTO `publisher_book`(`publisher`, `entryid`) VALUES ('Edin Publishers.','1671');
INSERT INTO `entry`(`entryid`,`type`) VALUES('1672','b');
INSERT INTO `book`(`title`,`entryid`,`isbn`) VALUES('Stepson of retrocessive Beginner','1672','9402559137964');
INSERT INTO `genre_book`(`genre`, `entryid`) VALUES ('Romance','1672');
INSERT INTO `author_book`(`author`, `entryid`) VALUES ('Britney Coca','1672');
INSERT INTO `publisher_book`(`publisher`, `entryid`) VALUES ('Franpton Cooperations.','1672');
INSERT INTO `entry`(`entryid`,`type`) VALUES('1673','b');
INSERT INTO `book`(`title`,`entryid`,`isbn`) VALUES('Adjustment with the Criminal','1673','9353652580428');
INSERT INTO `genre_book`(`genre`, `entryid`) VALUES ('Sci-Fi','1673');
INSERT INTO `author_book`(`author`, `entryid`) VALUES ('Jennette Urena','1673');
INSERT INTO `publisher_book`(`publisher`, `entryid`) VALUES ('Viernes Cooperations.','1673');
INSERT INTO `entry`(`entryid`,`type`) VALUES('1674','b');
INSERT INTO `book`(`title`,`entryid`,`isbn`) VALUES('Oval vs. Font','1674','0576912583330');
INSERT INTO `genre_book`(`genre`, `entryid`) VALUES ('Education','1674');
INSERT INTO `author`(`name`,`birthyear`,`deathyear`) VALUES('Colby Charette','1931','2025');
INSERT INTO `author_book`(`author`, `entryid`) VALUES ('Colby Charette','1674');
INSERT INTO `publisher_book`(`publisher`, `entryid`) VALUES ('Ostling Cooperations.','1674');
INSERT INTO `entry`(`entryid`,`type`) VALUES('1675','b');
INSERT INTO `book`(`title`,`entryid`,`isbn`) VALUES('Shrimp against the Thought','1675','9802254253817');
INSERT INTO `genre_book`(`genre`, `entryid`) VALUES ('Science','1675');
INSERT INTO `author_book`(`author`, `entryid`) VALUES ('Neva Rapuano','1675');
INSERT INTO `publisher_book`(`publisher`, `entryid`) VALUES ('Ritzie Cooperations.','1675');
INSERT INTO `entry`(`entryid`,`type`) VALUES('1676','b');
INSERT INTO `book`(`title`,`entryid`,`isbn`) VALUES('Date against Geese','1676','9631183916822');
INSERT INTO `genre_book`(`genre`, `entryid`) VALUES ('Sci-Fi','1676');
INSERT INTO `author_book`(`author`, `entryid`) VALUES ('Garland Devore','1676');
INSERT INTO `publisher_book`(`publisher`, `entryid`) VALUES ('Pili Cooperations.','1676');
INSERT INTO `entry`(`entryid`,`type`) VALUES('1677','b');
INSERT INTO `book`(`title`,`entryid`,`isbn`) VALUES('Philippines in Arawakan Beef','1677','0515058482787');
INSERT INTO `genre_book`(`genre`, `entryid`) VALUES ('Thriller','1677');
INSERT INTO `author_book`(`author`, `entryid`) VALUES ('Walter Balk','1677');
INSERT INTO `publisher_book`(`publisher`, `entryid`) VALUES ('Schwaner Publishers.','1677');
INSERT INTO `entry`(`entryid`,`type`) VALUES('1678','b');
INSERT INTO `book`(`title`,`entryid`,`isbn`) VALUES('Latex for proverbial Bolt','1678','9010402985142');
INSERT INTO `genre_book`(`genre`, `entryid`) VALUES ('Science','1678');
INSERT INTO `author_book`(`author`, `entryid`) VALUES ('Eleanora Mummey','1678');
INSERT INTO `publisher_book`(`publisher`, `entryid`) VALUES ('Tiboni Inc.','1678');
INSERT INTO `entry`(`entryid`,`type`) VALUES('1679','b');
INSERT INTO `book`(`title`,`entryid`,`isbn`) VALUES('Dibble and Pain','1679','9414398336450');
INSERT INTO `genre_book`(`genre`, `entryid`) VALUES ('Education','1679');
INSERT INTO `author_book`(`author`, `entryid`) VALUES ('Odelia Pettersen','1679');
INSERT INTO `publisher_book`(`publisher`, `entryid`) VALUES ('Naegle Publishers.','1679');
INSERT INTO `entry`(`entryid`,`type`) VALUES('1680','b');
INSERT INTO `book`(`title`,`entryid`,`isbn`) VALUES('Bassoon in the polyzoarial Raft','1680','0525016128076');
INSERT INTO `genre_book`(`genre`, `entryid`) VALUES ('Adventure','1680');
INSERT INTO `author_book`(`author`, `entryid`) VALUES ('Horace Vik','1680');
INSERT INTO `publisher_book`(`publisher`, `entryid`) VALUES ('Schoo Cooperations.','1680');
INSERT INTO `entry`(`entryid`,`type`) VALUES('1681','b');
INSERT INTO `book`(`title`,`entryid`,`isbn`) VALUES('Hip and the Overcoat','1681','0187175435155');
INSERT INTO `genre_book`(`genre`, `entryid`) VALUES ('Education','1681');
INSERT INTO `author_book`(`author`, `entryid`) VALUES ('Sherron Scruggs','1681');
INSERT INTO `publisher_book`(`publisher`, `entryid`) VALUES ('Declercq Publishers.','1681');
INSERT INTO `entry`(`entryid`,`type`) VALUES('1682','b');
INSERT INTO `book`(`title`,`entryid`,`isbn`) VALUES('Nic for the Adjustment','1682','9753221829987');
INSERT INTO `genre_book`(`genre`, `entryid`) VALUES ('Horror','1682');
INSERT INTO `author_book`(`author`, `entryid`) VALUES ('Deanne Kleftogiannis','1682');
INSERT INTO `publisher_book`(`publisher`, `entryid`) VALUES ('Mikhail Cooperations.','1682');
INSERT INTO `entry`(`entryid`,`type`) VALUES('1683','b');
INSERT INTO `book`(`title`,`entryid`,`isbn`) VALUES('Curve in the punier Freckle','1683','0501398296407');
INSERT INTO `genre_book`(`genre`, `entryid`) VALUES ('Horror','1683');
INSERT INTO `author_book`(`author`, `entryid`) VALUES ('Jackie Prillaman','1683');
INSERT INTO `publisher_book`(`publisher`, `entryid`) VALUES ('Schorsch Cooperations.','1683');
INSERT INTO `entry`(`entryid`,`type`) VALUES('1684','b');
INSERT INTO `book`(`title`,`entryid`,`isbn`) VALUES('Cheetah for the River','1684','0989354256966');
INSERT INTO `genre_book`(`genre`, `entryid`) VALUES ('Sci-Fi','1684');
INSERT INTO `author`(`name`,`birthyear`,`deathyear`) VALUES('Barry Capri','1917','1943');
INSERT INTO `author_book`(`author`, `entryid`) VALUES ('Barry Capri','1684');
INSERT INTO `publisher_book`(`publisher`, `entryid`) VALUES ('Hamers Inc.','1684');
INSERT INTO `entry`(`entryid`,`type`) VALUES('1685','b');
INSERT INTO `book`(`title`,`entryid`,`isbn`) VALUES('Thursday of the Amount','1685','9635810691215');
INSERT INTO `genre_book`(`genre`, `entryid`) VALUES ('Romance','1685');
INSERT INTO `author_book`(`author`, `entryid`) VALUES ('Danille Zeilinger','1685');
INSERT INTO `publisher_book`(`publisher`, `entryid`) VALUES ('Srinvasan Publishers.','1685');
INSERT INTO `entry`(`entryid`,`type`) VALUES('1686','b');
INSERT INTO `book`(`title`,`entryid`,`isbn`) VALUES('Organization in Swedish Holiday','1686','9986099238905');
INSERT INTO `genre_book`(`genre`, `entryid`) VALUES ('Romance','1686');
INSERT INTO `author_book`(`author`, `entryid`) VALUES ('Eneida Mcgalliard','1686');
INSERT INTO `publisher_book`(`publisher`, `entryid`) VALUES ('Yi Cooperations.','1686');
INSERT INTO `entry`(`entryid`,`type`) VALUES('1687','b');
INSERT INTO `book`(`title`,`entryid`,`isbn`) VALUES('Text to the recommendable Wilderness','1687','9571435061093');
INSERT INTO `genre_book`(`genre`, `entryid`) VALUES ('Education','1687');
INSERT INTO `author_book`(`author`, `entryid`) VALUES ('Michel Spratlin','1687');
INSERT INTO `publisher_book`(`publisher`, `entryid`) VALUES ('Ostwinkle Inc.','1687');
INSERT INTO `entry`(`entryid`,`type`) VALUES('1688','b');
INSERT INTO `book`(`title`,`entryid`,`isbn`) VALUES('Museum to Geometry','1688','9289364155942');
INSERT INTO `genre_book`(`genre`, `entryid`) VALUES ('Adventure','1688');
INSERT INTO `author_book`(`author`, `entryid`) VALUES ('Jimmy Pikkarainen','1688');
INSERT INTO `publisher_book`(`publisher`, `entryid`) VALUES ('Zalesky Publishers.','1688');
INSERT INTO `entry`(`entryid`,`type`) VALUES('1689','b');
INSERT INTO `book`(`title`,`entryid`,`isbn`) VALUES('Yellow and Oyster','1689','0545369402319');
INSERT INTO `genre_book`(`genre`, `entryid`) VALUES ('Thriller','1689');
INSERT INTO `author_book`(`author`, `entryid`) VALUES ('Otis Kisiel','1689');
INSERT INTO `publisher_book`(`publisher`, `entryid`) VALUES ('Stulce Publishers.','1689');
INSERT INTO `entry`(`entryid`,`type`) VALUES('1690','b');
INSERT INTO `book`(`title`,`entryid`,`isbn`) VALUES('Nylon against the dreadful Option','1690','9637973520354');
INSERT INTO `genre_book`(`genre`, `entryid`) VALUES ('Adventure','1690');
INSERT INTO `author`(`name`,`birthyear`,`deathyear`) VALUES('Marlena Weidmann','1959','2041');
INSERT INTO `author_book`(`author`, `entryid`) VALUES ('Marlena Weidmann','1690');
INSERT INTO `publisher_book`(`publisher`, `entryid`) VALUES ('Surprenant Publishers.','1690');
INSERT INTO `entry`(`entryid`,`type`) VALUES('1691','b');
INSERT INTO `book`(`title`,`entryid`,`isbn`) VALUES('Dog by the Dictionary','1691','0840177582412');
INSERT INTO `genre_book`(`genre`, `entryid`) VALUES ('Education','1691');
INSERT INTO `author_book`(`author`, `entryid`) VALUES ('Chase Wolcott','1691');
INSERT INTO `publisher_book`(`publisher`, `entryid`) VALUES ('Bookter Cooperations.','1691');
INSERT INTO `entry`(`entryid`,`type`) VALUES('1692','b');
INSERT INTO `book`(`title`,`entryid`,`isbn`) VALUES('Population of the uniaxial Coin','1692','9946995627203');
INSERT INTO `genre_book`(`genre`, `entryid`) VALUES ('Romance','1692');
INSERT INTO `author_book`(`author`, `entryid`) VALUES ('Delisa Wallenstein','1692');
INSERT INTO `publisher_book`(`publisher`, `entryid`) VALUES ('Albrittain Publishers.','1692');
INSERT INTO `entry`(`entryid`,`type`) VALUES('1693','b');
INSERT INTO `book`(`title`,`entryid`,`isbn`) VALUES('Sheet with Mass','1693','9989574820079');
INSERT INTO `genre_book`(`genre`, `entryid`) VALUES ('Education','1693');
INSERT INTO `author_book`(`author`, `entryid`) VALUES ('Garland Devore','1693');
INSERT INTO `publisher_book`(`publisher`, `entryid`) VALUES ('Dayhuff Inc.','1693');
INSERT INTO `entry`(`entryid`,`type`) VALUES('1694','b');
INSERT INTO `book`(`title`,`entryid`,`isbn`) VALUES('Humidity in the Part','1694','9613619995207');
INSERT INTO `genre_book`(`genre`, `entryid`) VALUES ('Romance','1694');
INSERT INTO `author_book`(`author`, `entryid`) VALUES ('Candelaria Phillps','1694');
INSERT INTO `publisher_book`(`publisher`, `entryid`) VALUES ('Weisholz Publishers.','1694');
INSERT INTO `entry`(`entryid`,`type`) VALUES('1695','b');
INSERT INTO `book`(`title`,`entryid`,`isbn`) VALUES('Sailboat against air-conditioning Faucet','1695','9785133566037');
INSERT INTO `genre_book`(`genre`, `entryid`) VALUES ('Thriller','1695');
INSERT INTO `author_book`(`author`, `entryid`) VALUES ('Alleen Sayaphon','1695');
INSERT INTO `publisher_book`(`publisher`, `entryid`) VALUES ('Rocconi Cooperations.','1695');
INSERT INTO `entry`(`entryid`,`type`) VALUES('1696','b');
INSERT INTO `book`(`title`,`entryid`,`isbn`) VALUES('Input in the possessed Currency','1696','0893365453381');
INSERT INTO `genre_book`(`genre`, `entryid`) VALUES ('Romance','1696');
INSERT INTO `author_book`(`author`, `entryid`) VALUES ('Dalia Danza','1696');
INSERT INTO `publisher_book`(`publisher`, `entryid`) VALUES ('Cutri Publishers.','1696');
INSERT INTO `entry`(`entryid`,`type`) VALUES('1697','b');
INSERT INTO `book`(`title`,`entryid`,`isbn`) VALUES('Satin for Rutabaga','1697','9206710018814');
INSERT INTO `genre_book`(`genre`, `entryid`) VALUES ('Romance','1697');
INSERT INTO `author_book`(`author`, `entryid`) VALUES ('Ray Addario','1697');
INSERT INTO `publisher_book`(`publisher`, `entryid`) VALUES ('Hanberry Inc.','1697');
INSERT INTO `entry`(`entryid`,`type`) VALUES('1698','b');
INSERT INTO `book`(`title`,`entryid`,`isbn`) VALUES('Dragonfly by the Libra','1698','9556377070310');
INSERT INTO `genre_book`(`genre`, `entryid`) VALUES ('Education','1698');
INSERT INTO `author_book`(`author`, `entryid`) VALUES ('Lili Vanderlip','1698');
INSERT INTO `publisher_book`(`publisher`, `entryid`) VALUES ('Marples Cooperations.','1698');
INSERT INTO `entry`(`entryid`,`type`) VALUES('1699','b');
INSERT INTO `book`(`title`,`entryid`,`isbn`) VALUES('Lynx to minor Comfort','1699','0500737560367');
INSERT INTO `genre_book`(`genre`, `entryid`) VALUES ('Education','1699');
INSERT INTO `author_book`(`author`, `entryid`) VALUES ('Estefana Hannum','1699');
INSERT INTO `publisher_book`(`publisher`, `entryid`) VALUES ('Saxinger Inc.','1699');
INSERT INTO `entry`(`entryid`,`type`) VALUES('1700','b');
INSERT INTO `book`(`title`,`entryid`,`isbn`) VALUES('Vacation in the Blinker','1700','9559681912594');
INSERT INTO `genre_book`(`genre`, `entryid`) VALUES ('Sci-Fi','1700');
INSERT INTO `author_book`(`author`, `entryid`) VALUES ('Justin Gozalez','1700');
INSERT INTO `publisher_book`(`publisher`, `entryid`) VALUES ('Chrisco Publishers.','1700');
INSERT INTO `entry`(`entryid`,`type`) VALUES('1701','b');
INSERT INTO `book`(`title`,`entryid`,`isbn`) VALUES('Shell of the Libra','1701','0646595144732');
INSERT INTO `genre_book`(`genre`, `entryid`) VALUES ('Horror','1701');
INSERT INTO `author`(`name`,`birthyear`,`deathyear`) VALUES('Oren Chason','1954','1996');
INSERT INTO `author_book`(`author`, `entryid`) VALUES ('Oren Chason','1701');
INSERT INTO `publisher_book`(`publisher`, `entryid`) VALUES ('Bookter Cooperations.','1701');
INSERT INTO `entry`(`entryid`,`type`) VALUES('1702','b');
INSERT INTO `book`(`title`,`entryid`,`isbn`) VALUES('Turkey against Process','1702','9548598880863');
INSERT INTO `genre_book`(`genre`, `entryid`) VALUES ('Adventure','1702');
INSERT INTO `author_book`(`author`, `entryid`) VALUES ('Brittny Boyar','1702');
INSERT INTO `publisher_book`(`publisher`, `entryid`) VALUES ('Trucchio Cooperations.','1702');
INSERT INTO `entry`(`entryid`,`type`) VALUES('1703','b');
INSERT INTO `book`(`title`,`entryid`,`isbn`) VALUES('Memory of sexcentenary Tempo','1703','0166764389581');
INSERT INTO `genre_book`(`genre`, `entryid`) VALUES ('Education','1703');
INSERT INTO `author_book`(`author`, `entryid`) VALUES ('Jill Salvino','1703');
INSERT INTO `publisher_book`(`publisher`, `entryid`) VALUES ('Padgett Cooperations.','1703');
INSERT INTO `entry`(`entryid`,`type`) VALUES('1704','b');
INSERT INTO `book`(`title`,`entryid`,`isbn`) VALUES('Menu by the Address','1704','0426185034867');
INSERT INTO `genre_book`(`genre`, `entryid`) VALUES ('Education','1704');
INSERT INTO `author_book`(`author`, `entryid`) VALUES ('Shanelle Wimbish','1704');
INSERT INTO `publisher_book`(`publisher`, `entryid`) VALUES ('Niforos Publishers.','1704');
INSERT INTO `entry`(`entryid`,`type`) VALUES('1705','b');
INSERT INTO `book`(`title`,`entryid`,`isbn`) VALUES('Ceiling with the unreined Reminder','1705','9221839893920');
INSERT INTO `genre_book`(`genre`, `entryid`) VALUES ('Thriller','1705');
INSERT INTO `author_book`(`author`, `entryid`) VALUES ('Annemarie Grandin','1705');
INSERT INTO `publisher_book`(`publisher`, `entryid`) VALUES ('Iwata Inc.','1705');
INSERT INTO `entry`(`entryid`,`type`) VALUES('1706','b');
INSERT INTO `book`(`title`,`entryid`,`isbn`) VALUES('Rutabaga against Snowplow','1706','0650994502426');
INSERT INTO `genre_book`(`genre`, `entryid`) VALUES ('Horror','1706');
INSERT INTO `author`(`name`,`birthyear`,`deathyear`) VALUES('Rosario Rotstein','1977','2071');
INSERT INTO `author_book`(`author`, `entryid`) VALUES ('Rosario Rotstein','1706');
INSERT INTO `publisher_book`(`publisher`, `entryid`) VALUES ('Moncada Inc.','1706');
INSERT INTO `entry`(`entryid`,`type`) VALUES('1707','b');
INSERT INTO `book`(`title`,`entryid`,`isbn`) VALUES('Haircut of ill-defined Volleyball','1707','9002344669780');
INSERT INTO `genre_book`(`genre`, `entryid`) VALUES ('Horror','1707');
INSERT INTO `author_book`(`author`, `entryid`) VALUES ('Justin Gozalez','1707');
INSERT INTO `publisher_book`(`publisher`, `entryid`) VALUES ('Sedor Cooperations.','1707');
INSERT INTO `entry`(`entryid`,`type`) VALUES('1708','b');
INSERT INTO `book`(`title`,`entryid`,`isbn`) VALUES('Nail to the reserve Cotton','1708','9428558762987');
INSERT INTO `genre_book`(`genre`, `entryid`) VALUES ('Science','1708');
INSERT INTO `author_book`(`author`, `entryid`) VALUES ('Nichelle Seanez','1708');
INSERT INTO `publisher_book`(`publisher`, `entryid`) VALUES ('Marples Cooperations.','1708');
INSERT INTO `entry`(`entryid`,`type`) VALUES('1709','b');
INSERT INTO `book`(`title`,`entryid`,`isbn`) VALUES('Feast for the Farm','1709','9822324567475');
INSERT INTO `genre_book`(`genre`, `entryid`) VALUES ('Adventure','1709');
INSERT INTO `author`(`name`,`birthyear`,`deathyear`) VALUES('Georgene Kozola','1980','2009');
INSERT INTO `author_book`(`author`, `entryid`) VALUES ('Georgene Kozola','1709');
INSERT INTO `publisher_book`(`publisher`, `entryid`) VALUES ('Prestwood Publishers.','1709');
INSERT INTO `entry`(`entryid`,`type`) VALUES('1710','b');
INSERT INTO `book`(`title`,`entryid`,`isbn`) VALUES('Square to January','1710','0296963590918');
INSERT INTO `genre_book`(`genre`, `entryid`) VALUES ('Thriller','1710');
INSERT INTO `author_book`(`author`, `entryid`) VALUES ('Edelmira Zollo','1710');
INSERT INTO `publisher_book`(`publisher`, `entryid`) VALUES ('Iwata Inc.','1710');
INSERT INTO `entry`(`entryid`,`type`) VALUES('1711','b');
INSERT INTO `book`(`title`,`entryid`,`isbn`) VALUES('Rugby for Perch','1711','0619733219151');
INSERT INTO `genre_book`(`genre`, `entryid`) VALUES ('Thriller','1711');
INSERT INTO `author_book`(`author`, `entryid`) VALUES ('Charlene Redwine','1711');
INSERT INTO `publisher_book`(`publisher`, `entryid`) VALUES ('Mclaurin Inc.','1711');
INSERT INTO `entry`(`entryid`,`type`) VALUES('1712','b');
INSERT INTO `book`(`title`,`entryid`,`isbn`) VALUES('Refund and the Library','1712','0250977237840');
INSERT INTO `genre_book`(`genre`, `entryid`) VALUES ('Education','1712');
INSERT INTO `author_book`(`author`, `entryid`) VALUES ('Arvilla Spicer','1712');
INSERT INTO `publisher_book`(`publisher`, `entryid`) VALUES ('Merckling Inc.','1712');
INSERT INTO `entry`(`entryid`,`type`) VALUES('1713','b');
INSERT INTO `book`(`title`,`entryid`,`isbn`) VALUES('Pilot and the attempted China','1713','0585350298919');
INSERT INTO `genre_book`(`genre`, `entryid`) VALUES ('Horror','1713');
INSERT INTO `author_book`(`author`, `entryid`) VALUES ('Otis Kisiel','1713');
INSERT INTO `publisher_book`(`publisher`, `entryid`) VALUES ('Niforos Publishers.','1713');
INSERT INTO `entry`(`entryid`,`type`) VALUES('1714','b');
INSERT INTO `book`(`title`,`entryid`,`isbn`) VALUES('Dish by Gray','1714','9854005893585');
INSERT INTO `genre_book`(`genre`, `entryid`) VALUES ('Sci-Fi','1714');
INSERT INTO `author_book`(`author`, `entryid`) VALUES ('Janita Baldridge','1714');
INSERT INTO `publisher_book`(`publisher`, `entryid`) VALUES ('Teisberg Publishers.','1714');
INSERT INTO `entry`(`entryid`,`type`) VALUES('1715','b');
INSERT INTO `book`(`title`,`entryid`,`isbn`) VALUES('Interactive because of friskiest Sand','1715','0812645229686');
INSERT INTO `genre_book`(`genre`, `entryid`) VALUES ('Thriller','1715');
INSERT INTO `author_book`(`author`, `entryid`) VALUES ('Alleen Sayaphon','1715');
INSERT INTO `publisher_book`(`publisher`, `entryid`) VALUES ('Tiboni Inc.','1715');
INSERT INTO `entry`(`entryid`,`type`) VALUES('1716','b');
INSERT INTO `book`(`title`,`entryid`,`isbn`) VALUES('Rose against quizzical Attack','1716','9216152077591');
INSERT INTO `genre_book`(`genre`, `entryid`) VALUES ('Science','1716');
INSERT INTO `author_book`(`author`, `entryid`) VALUES ('Mike Devincent','1716');
INSERT INTO `publisher_book`(`publisher`, `entryid`) VALUES ('Sandling Publishers.','1716');
INSERT INTO `entry`(`entryid`,`type`) VALUES('1717','b');
INSERT INTO `book`(`title`,`entryid`,`isbn`) VALUES('Crawdad against the catechumenical Swordfish','1717','0552685749974');
INSERT INTO `genre_book`(`genre`, `entryid`) VALUES ('Thriller','1717');
INSERT INTO `author_book`(`author`, `entryid`) VALUES ('Rudolph Vansteenhuyse','1717');
INSERT INTO `publisher_book`(`publisher`, `entryid`) VALUES ('Kresha Inc.','1717');
INSERT INTO `entry`(`entryid`,`type`) VALUES('1718','b');
INSERT INTO `book`(`title`,`entryid`,`isbn`) VALUES('Hedge vs. Exhaust','1718','0351036321271');
INSERT INTO `genre_book`(`genre`, `entryid`) VALUES ('Horror','1718');
INSERT INTO `author_book`(`author`, `entryid`) VALUES ('Waltraud Ealand','1718');
INSERT INTO `publisher_book`(`publisher`, `entryid`) VALUES ('Hanberry Inc.','1718');
INSERT INTO `entry`(`entryid`,`type`) VALUES('1719','b');
INSERT INTO `book`(`title`,`entryid`,`isbn`) VALUES('Drop with the manageable Geese','1719','0357763058025');
INSERT INTO `genre_book`(`genre`, `entryid`) VALUES ('Sci-Fi','1719');
INSERT INTO `author_book`(`author`, `entryid`) VALUES ('Barry Capri','1719');
INSERT INTO `publisher_book`(`publisher`, `entryid`) VALUES ('Viernes Cooperations.','1719');
INSERT INTO `entry`(`entryid`,`type`) VALUES('1720','b');
INSERT INTO `book`(`title`,`entryid`,`isbn`) VALUES('Cabbage and Weasel','1720','0432168688807');
INSERT INTO `genre_book`(`genre`, `entryid`) VALUES ('Adventure','1720');
INSERT INTO `author_book`(`author`, `entryid`) VALUES ('Lucinda Sillman','1720');
INSERT INTO `publisher_book`(`publisher`, `entryid`) VALUES ('Hochmuth Cooperations.','1720');
INSERT INTO `entry`(`entryid`,`type`) VALUES('1721','b');
INSERT INTO `book`(`title`,`entryid`,`isbn`) VALUES('Baker for the Arch','1721','0975131869888');
INSERT INTO `genre_book`(`genre`, `entryid`) VALUES ('Horror','1721');
INSERT INTO `author_book`(`author`, `entryid`) VALUES ('Refugia Legette','1721');
INSERT INTO `publisher_book`(`publisher`, `entryid`) VALUES ('Glazier Inc.','1721');
INSERT INTO `entry`(`entryid`,`type`) VALUES('1722','b');
INSERT INTO `book`(`title`,`entryid`,`isbn`) VALUES('Indonesia and stertorous Fahrenheit','1722','0521465944624');
INSERT INTO `genre_book`(`genre`, `entryid`) VALUES ('Education','1722');
INSERT INTO `author_book`(`author`, `entryid`) VALUES ('Corrina Sarsour','1722');
INSERT INTO `publisher_book`(`publisher`, `entryid`) VALUES ('Ostling Cooperations.','1722');
INSERT INTO `entry`(`entryid`,`type`) VALUES('1723','b');
INSERT INTO `book`(`title`,`entryid`,`isbn`) VALUES('Goose by Eurocommunism Yak','1723','9588901315339');
INSERT INTO `genre_book`(`genre`, `entryid`) VALUES ('Adventure','1723');
INSERT INTO `author_book`(`author`, `entryid`) VALUES ('Renay Jaenke','1723');
INSERT INTO `publisher_book`(`publisher`, `entryid`) VALUES ('Whitted Cooperations.','1723');
INSERT INTO `entry`(`entryid`,`type`) VALUES('1724','b');
INSERT INTO `book`(`title`,`entryid`,`isbn`) VALUES('Turnip by Gemini','1724','0728109859684');
INSERT INTO `genre_book`(`genre`, `entryid`) VALUES ('Sci-Fi','1724');
INSERT INTO `author_book`(`author`, `entryid`) VALUES ('Len Guariglio','1724');
INSERT INTO `publisher_book`(`publisher`, `entryid`) VALUES ('Samrah Inc.','1724');
INSERT INTO `entry`(`entryid`,`type`) VALUES('1725','b');
INSERT INTO `book`(`title`,`entryid`,`isbn`) VALUES('Sprout by overwrought System','1725','9032660396784');
INSERT INTO `genre_book`(`genre`, `entryid`) VALUES ('Education','1725');
INSERT INTO `author_book`(`author`, `entryid`) VALUES ('Tereasa New','1725');
INSERT INTO `publisher_book`(`publisher`, `entryid`) VALUES ('Bartolomei Cooperations.','1725');
INSERT INTO `entry`(`entryid`,`type`) VALUES('1726','b');
INSERT INTO `book`(`title`,`entryid`,`isbn`) VALUES('Eye and endogamous Jaw','1726','0432923240211');
INSERT INTO `genre_book`(`genre`, `entryid`) VALUES ('Sci-Fi','1726');
INSERT INTO `author_book`(`author`, `entryid`) VALUES ('Kam Dyche','1726');
INSERT INTO `publisher_book`(`publisher`, `entryid`) VALUES ('Schoo Cooperations.','1726');
INSERT INTO `entry`(`entryid`,`type`) VALUES('1727','b');
INSERT INTO `book`(`title`,`entryid`,`isbn`) VALUES('Cupboard against chrismal Page','1727','0201988009723');
INSERT INTO `genre_book`(`genre`, `entryid`) VALUES ('Romance','1727');
INSERT INTO `author_book`(`author`, `entryid`) VALUES ('Arnulfo Bunnell','1727');
INSERT INTO `publisher_book`(`publisher`, `entryid`) VALUES ('Padgett Cooperations.','1727');
INSERT INTO `entry`(`entryid`,`type`) VALUES('1728','b');
INSERT INTO `book`(`title`,`entryid`,`isbn`) VALUES('Impulse for Carriage','1728','9829076655831');
INSERT INTO `genre_book`(`genre`, `entryid`) VALUES ('Horror','1728');
INSERT INTO `author_book`(`author`, `entryid`) VALUES ('Ila Carosiello','1728');
INSERT INTO `publisher_book`(`publisher`, `entryid`) VALUES ('Mclaurin Inc.','1728');
INSERT INTO `entry`(`entryid`,`type`) VALUES('1729','b');
INSERT INTO `book`(`title`,`entryid`,`isbn`) VALUES('Yam of Punishment','1729','9626378797231');
INSERT INTO `genre_book`(`genre`, `entryid`) VALUES ('Education','1729');
INSERT INTO `author_book`(`author`, `entryid`) VALUES ('Annemarie Grandin','1729');
INSERT INTO `publisher_book`(`publisher`, `entryid`) VALUES ('Hochmuth Cooperations.','1729');
INSERT INTO `entry`(`entryid`,`type`) VALUES('1730','b');
INSERT INTO `book`(`title`,`entryid`,`isbn`) VALUES('Description by the Jail','1730','0912006391052');
INSERT INTO `genre_book`(`genre`, `entryid`) VALUES ('Science','1730');
INSERT INTO `author_book`(`author`, `entryid`) VALUES ('Ileen Guinle','1730');
INSERT INTO `publisher_book`(`publisher`, `entryid`) VALUES ('Turnbull Inc.','1730');
INSERT INTO `entry`(`entryid`,`type`) VALUES('1731','b');
INSERT INTO `book`(`title`,`entryid`,`isbn`) VALUES('Break by propitiative Dish','1731','9523368640046');
INSERT INTO `genre_book`(`genre`, `entryid`) VALUES ('Sci-Fi','1731');
INSERT INTO `author_book`(`author`, `entryid`) VALUES ('Eneida Mcgalliard','1731');
INSERT INTO `publisher_book`(`publisher`, `entryid`) VALUES ('Crowner Cooperations.','1731');
INSERT INTO `entry`(`entryid`,`type`) VALUES('1732','b');
INSERT INTO `book`(`title`,`entryid`,`isbn`) VALUES('Conga with Step-sister','1732','0308703549325');
INSERT INTO `genre_book`(`genre`, `entryid`) VALUES ('Horror','1732');
INSERT INTO `author_book`(`author`, `entryid`) VALUES ('Barry Capri','1732');
INSERT INTO `publisher_book`(`publisher`, `entryid`) VALUES ('Srinvasan Publishers.','1732');
INSERT INTO `entry`(`entryid`,`type`) VALUES('1733','b');
INSERT INTO `book`(`title`,`entryid`,`isbn`) VALUES('Store to defensible Ukraine','1733','9713443223495');
INSERT INTO `genre_book`(`genre`, `entryid`) VALUES ('Horror','1733');
INSERT INTO `author`(`name`,`birthyear`,`deathyear`) VALUES('Coralie Sollis','1927','1977');
INSERT INTO `author_book`(`author`, `entryid`) VALUES ('Coralie Sollis','1733');
INSERT INTO `publisher_book`(`publisher`, `entryid`) VALUES ('Calvery Publishers.','1733');
INSERT INTO `entry`(`entryid`,`type`) VALUES('1734','b');
INSERT INTO `book`(`title`,`entryid`,`isbn`) VALUES('Abyssinian with the anguilliform Printer','1734','9706404723924');
INSERT INTO `genre_book`(`genre`, `entryid`) VALUES ('Horror','1734');
INSERT INTO `author_book`(`author`, `entryid`) VALUES ('Hisako Fishell','1734');
INSERT INTO `publisher_book`(`publisher`, `entryid`) VALUES ('Sedor Cooperations.','1734');
INSERT INTO `entry`(`entryid`,`type`) VALUES('1735','b');
INSERT INTO `book`(`title`,`entryid`,`isbn`) VALUES('Plane against reverable Spleen','1735','9126708844024');
INSERT INTO `genre_book`(`genre`, `entryid`) VALUES ('Horror','1735');
INSERT INTO `author_book`(`author`, `entryid`) VALUES ('Kennith Kreutzer','1735');
INSERT INTO `publisher_book`(`publisher`, `entryid`) VALUES ('Ockmond Cooperations.','1735');
INSERT INTO `entry`(`entryid`,`type`) VALUES('1736','b');
INSERT INTO `book`(`title`,`entryid`,`isbn`) VALUES('Fire in Use','1736','0056589338685');
INSERT INTO `genre_book`(`genre`, `entryid`) VALUES ('Horror','1736');
INSERT INTO `author_book`(`author`, `entryid`) VALUES ('Nona Partelow','1736');
INSERT INTO `publisher_book`(`publisher`, `entryid`) VALUES ('Mccoil Cooperations.','1736');
INSERT INTO `entry`(`entryid`,`type`) VALUES('1737','b');
INSERT INTO `book`(`title`,`entryid`,`isbn`) VALUES('Anthropology for tinglier Jeans','1737','0001541462420');
INSERT INTO `genre_book`(`genre`, `entryid`) VALUES ('Education','1737');
INSERT INTO `author_book`(`author`, `entryid`) VALUES ('Shawana Merryman','1737');
INSERT INTO `publisher_book`(`publisher`, `entryid`) VALUES ('Whitted Cooperations.','1737');
INSERT INTO `entry`(`entryid`,`type`) VALUES('1738','b');
INSERT INTO `book`(`title`,`entryid`,`isbn`) VALUES('Sandra by the upper-case College','1738','0160708920508');
INSERT INTO `genre_book`(`genre`, `entryid`) VALUES ('Education','1738');
INSERT INTO `author_book`(`author`, `entryid`) VALUES ('Oneida Kulesa','1738');
INSERT INTO `publisher_book`(`publisher`, `entryid`) VALUES ('Peal Cooperations.','1738');
INSERT INTO `entry`(`entryid`,`type`) VALUES('1739','b');
INSERT INTO `book`(`title`,`entryid`,`isbn`) VALUES('Jelly of the vulval Physician','1739','9746046785524');
INSERT INTO `genre_book`(`genre`, `entryid`) VALUES ('Education','1739');
INSERT INTO `author_book`(`author`, `entryid`) VALUES ('Fletcher Shadoan','1739');
INSERT INTO `publisher_book`(`publisher`, `entryid`) VALUES ('Surprenant Publishers.','1739');
INSERT INTO `entry`(`entryid`,`type`) VALUES('1740','b');
INSERT INTO `book`(`title`,`entryid`,`isbn`) VALUES('Cheese in the brittle Laura','1740','9054719284181');
INSERT INTO `genre_book`(`genre`, `entryid`) VALUES ('Thriller','1740');
INSERT INTO `author_book`(`author`, `entryid`) VALUES ('Nona Partelow','1740');
INSERT INTO `publisher_book`(`publisher`, `entryid`) VALUES ('Calvery Publishers.','1740');
INSERT INTO `entry`(`entryid`,`type`) VALUES('1741','b');
INSERT INTO `book`(`title`,`entryid`,`isbn`) VALUES('Thomas for the Hudibrastic Sort','1741','0299044877106');
INSERT INTO `genre_book`(`genre`, `entryid`) VALUES ('Romance','1741');
INSERT INTO `author_book`(`author`, `entryid`) VALUES ('Priscila Edelson','1741');
INSERT INTO `publisher_book`(`publisher`, `entryid`) VALUES ('Demore Inc.','1741');
INSERT INTO `entry`(`entryid`,`type`) VALUES('1742','b');
INSERT INTO `book`(`title`,`entryid`,`isbn`) VALUES('Disadvantage of the Hammer','1742','9590393346060');
INSERT INTO `genre_book`(`genre`, `entryid`) VALUES ('Science','1742');
INSERT INTO `author_book`(`author`, `entryid`) VALUES ('Jone Crapp','1742');
INSERT INTO `publisher_book`(`publisher`, `entryid`) VALUES ('Marples Cooperations.','1742');
INSERT INTO `entry`(`entryid`,`type`) VALUES('1743','b');
INSERT INTO `book`(`title`,`entryid`,`isbn`) VALUES('Numeric with baccate Brother','1743','0332869665381');
INSERT INTO `genre_book`(`genre`, `entryid`) VALUES ('Education','1743');
INSERT INTO `author_book`(`author`, `entryid`) VALUES ('Paige Zunich','1743');
INSERT INTO `publisher_book`(`publisher`, `entryid`) VALUES ('Tewa Publishers.','1743');
INSERT INTO `entry`(`entryid`,`type`) VALUES('1744','b');
INSERT INTO `book`(`title`,`entryid`,`isbn`) VALUES('Rectangle because of Storm','1744','9523896314494');
INSERT INTO `genre_book`(`genre`, `entryid`) VALUES ('Education','1744');
INSERT INTO `author_book`(`author`, `entryid`) VALUES ('Corrina Sarsour','1744');
INSERT INTO `publisher_book`(`publisher`, `entryid`) VALUES ('Cantlow Inc.','1744');
INSERT INTO `entry`(`entryid`,`type`) VALUES('1745','b');
INSERT INTO `book`(`title`,`entryid`,`isbn`) VALUES('Apology against the mind-boggling Ramie','1745','0529397800396');
INSERT INTO `genre_book`(`genre`, `entryid`) VALUES ('Sci-Fi','1745');
INSERT INTO `author`(`name`,`birthyear`,`deathyear`) VALUES('Alona Hollinshed','1917','1972');
INSERT INTO `author_book`(`author`, `entryid`) VALUES ('Alona Hollinshed','1745');
INSERT INTO `publisher_book`(`publisher`, `entryid`) VALUES ('Deprez Publishers.','1745');
INSERT INTO `entry`(`entryid`,`type`) VALUES('1746','b');
INSERT INTO `book`(`title`,`entryid`,`isbn`) VALUES('Semicircle by alfresco Jute','1746','9500283193504');
INSERT INTO `genre_book`(`genre`, `entryid`) VALUES ('Sci-Fi','1746');
INSERT INTO `author_book`(`author`, `entryid`) VALUES ('Jennette Cinkan','1746');
INSERT INTO `publisher_book`(`publisher`, `entryid`) VALUES ('Ostling Cooperations.','1746');
INSERT INTO `entry`(`entryid`,`type`) VALUES('1747','b');
INSERT INTO `book`(`title`,`entryid`,`isbn`) VALUES('Steam and the stopped Cream','1747','0316527038957');
INSERT INTO `genre_book`(`genre`, `entryid`) VALUES ('Horror','1747');
INSERT INTO `author`(`name`,`birthyear`,`deathyear`) VALUES('Jim Vazguez','1951','2029');
INSERT INTO `author_book`(`author`, `entryid`) VALUES ('Jim Vazguez','1747');
INSERT INTO `publisher_book`(`publisher`, `entryid`) VALUES ('Weisholz Publishers.','1747');
INSERT INTO `entry`(`entryid`,`type`) VALUES('1748','b');
INSERT INTO `book`(`title`,`entryid`,`isbn`) VALUES('Signature and shady Sale','1748','9765990702368');
INSERT INTO `genre_book`(`genre`, `entryid`) VALUES ('Romance','1748');
INSERT INTO `author_book`(`author`, `entryid`) VALUES ('Tim Tirrell','1748');
INSERT INTO `publisher_book`(`publisher`, `entryid`) VALUES ('Stukes Publishers.','1748');
INSERT INTO `entry`(`entryid`,`type`) VALUES('1749','b');
INSERT INTO `book`(`title`,`entryid`,`isbn`) VALUES('Flute of unskimmed Kevin','1749','0266723123499');
INSERT INTO `genre_book`(`genre`, `entryid`) VALUES ('Education','1749');
INSERT INTO `author_book`(`author`, `entryid`) VALUES ('Jone Crapp','1749');
INSERT INTO `publisher_book`(`publisher`, `entryid`) VALUES ('Bookter Cooperations.','1749');
INSERT INTO `entry`(`entryid`,`type`) VALUES('1750','b');
INSERT INTO `book`(`title`,`entryid`,`isbn`) VALUES('Thomas vs. cataclysmal Spy','1750','0165750845651');
INSERT INTO `genre_book`(`genre`, `entryid`) VALUES ('Science','1750');
INSERT INTO `author_book`(`author`, `entryid`) VALUES ('Arlen Freudiger','1750');
INSERT INTO `publisher_book`(`publisher`, `entryid`) VALUES ('Shulenberger Cooperations.','1750');
INSERT INTO `entry`(`entryid`,`type`) VALUES('1751','b');
INSERT INTO `book`(`title`,`entryid`,`isbn`) VALUES('Steam in choked Faucet','1751','9096564351300');
INSERT INTO `genre_book`(`genre`, `entryid`) VALUES ('Adventure','1751');
INSERT INTO `author_book`(`author`, `entryid`) VALUES ('Candelaria Phillps','1751');
INSERT INTO `publisher_book`(`publisher`, `entryid`) VALUES ('Tewa Publishers.','1751');
INSERT INTO `entry`(`entryid`,`type`) VALUES('1752','b');
INSERT INTO `book`(`title`,`entryid`,`isbn`) VALUES('Musician by Rhinoceros','1752','9325077667375');
INSERT INTO `genre_book`(`genre`, `entryid`) VALUES ('Romance','1752');
INSERT INTO `author_book`(`author`, `entryid`) VALUES ('Marine Mantle','1752');
INSERT INTO `publisher_book`(`publisher`, `entryid`) VALUES ('Sandling Publishers.','1752');
INSERT INTO `entry`(`entryid`,`type`) VALUES('1753','b');
INSERT INTO `book`(`title`,`entryid`,`isbn`) VALUES('Creature of compounded Arrow','1753','0669932494581');
INSERT INTO `genre_book`(`genre`, `entryid`) VALUES ('Romance','1753');
INSERT INTO `author_book`(`author`, `entryid`) VALUES ('Colene Mcmanamy','1753');
INSERT INTO `publisher_book`(`publisher`, `entryid`) VALUES ('Ritzie Cooperations.','1753');
INSERT INTO `entry`(`entryid`,`type`) VALUES('1754','b');
INSERT INTO `book`(`title`,`entryid`,`isbn`) VALUES('Mist and the manky Soybean','1754','9366028893228');
INSERT INTO `genre_book`(`genre`, `entryid`) VALUES ('Thriller','1754');
INSERT INTO `author_book`(`author`, `entryid`) VALUES ('Edelmira Zollo','1754');
INSERT INTO `publisher_book`(`publisher`, `entryid`) VALUES ('Tewa Publishers.','1754');
INSERT INTO `entry`(`entryid`,`type`) VALUES('1755','b');
INSERT INTO `book`(`title`,`entryid`,`isbn`) VALUES('Fowl and the ungifted Security','1755','0225798276071');
INSERT INTO `genre_book`(`genre`, `entryid`) VALUES ('Horror','1755');
INSERT INTO `author_book`(`author`, `entryid`) VALUES ('Israel Corn','1755');
INSERT INTO `publisher_book`(`publisher`, `entryid`) VALUES ('Franpton Cooperations.','1755');
INSERT INTO `entry`(`entryid`,`type`) VALUES('1756','b');
INSERT INTO `book`(`title`,`entryid`,`isbn`) VALUES('Show in the Brush','1756','0955133841431');
INSERT INTO `genre_book`(`genre`, `entryid`) VALUES ('Horror','1756');
INSERT INTO `author_book`(`author`, `entryid`) VALUES ('Danille Zeilinger','1756');
INSERT INTO `publisher_book`(`publisher`, `entryid`) VALUES ('Ameduri Publishers.','1756');
INSERT INTO `entry`(`entryid`,`type`) VALUES('1757','b');
INSERT INTO `book`(`title`,`entryid`,`isbn`) VALUES('January against the Avenue','1757','0163859251179');
INSERT INTO `genre_book`(`genre`, `entryid`) VALUES ('Adventure','1757');
INSERT INTO `author_book`(`author`, `entryid`) VALUES ('Kathline Santucci','1757');
INSERT INTO `publisher_book`(`publisher`, `entryid`) VALUES ('Kresha Inc.','1757');
INSERT INTO `entry`(`entryid`,`type`) VALUES('1758','b');
INSERT INTO `book`(`title`,`entryid`,`isbn`) VALUES('Sack by the Reduction','1758','9402227332422');
INSERT INTO `genre_book`(`genre`, `entryid`) VALUES ('Adventure','1758');
INSERT INTO `author_book`(`author`, `entryid`) VALUES ('Lili Vanderlip','1758');
INSERT INTO `publisher_book`(`publisher`, `entryid`) VALUES ('Gregas Cooperations.','1758');
INSERT INTO `entry`(`entryid`,`type`) VALUES('1759','b');
INSERT INTO `book`(`title`,`entryid`,`isbn`) VALUES('Egg vs. Self','1759','0163789287627');
INSERT INTO `genre_book`(`genre`, `entryid`) VALUES ('Thriller','1759');
INSERT INTO `author_book`(`author`, `entryid`) VALUES ('Antonina Monestine','1759');
INSERT INTO `publisher_book`(`publisher`, `entryid`) VALUES ('Nocito Publishers.','1759');
INSERT INTO `entry`(`entryid`,`type`) VALUES('1760','b');
INSERT INTO `book`(`title`,`entryid`,`isbn`) VALUES('Disgust by the Canada','1760','9475962675199');
INSERT INTO `genre_book`(`genre`, `entryid`) VALUES ('Adventure','1760');
INSERT INTO `author_book`(`author`, `entryid`) VALUES ('Bonita Cola','1760');
INSERT INTO `publisher_book`(`publisher`, `entryid`) VALUES ('Surprenant Publishers.','1760');
INSERT INTO `entry`(`entryid`,`type`) VALUES('1761','b');
INSERT INTO `book`(`title`,`entryid`,`isbn`) VALUES('Ambulance in the creeping Sense','1761','0265138960276');
INSERT INTO `genre_book`(`genre`, `entryid`) VALUES ('Sci-Fi','1761');
INSERT INTO `author_book`(`author`, `entryid`) VALUES ('Marian Cartin','1761');
INSERT INTO `publisher_book`(`publisher`, `entryid`) VALUES ('Mccoil Cooperations.','1761');
INSERT INTO `entry`(`entryid`,`type`) VALUES('1762','b');
INSERT INTO `book`(`title`,`entryid`,`isbn`) VALUES('Disgust because of indiscreet Bell','1762','9645064641348');
INSERT INTO `genre_book`(`genre`, `entryid`) VALUES ('Romance','1762');
INSERT INTO `author_book`(`author`, `entryid`) VALUES ('Iesha Ledoux','1762');
INSERT INTO `publisher_book`(`publisher`, `entryid`) VALUES ('Ameduri Publishers.','1762');
INSERT INTO `entry`(`entryid`,`type`) VALUES('1763','b');
INSERT INTO `book`(`title`,`entryid`,`isbn`) VALUES('Battery vs. atonic Wolf','1763','9362678798829');
INSERT INTO `genre_book`(`genre`, `entryid`) VALUES ('Romance','1763');
INSERT INTO `author_book`(`author`, `entryid`) VALUES ('Magdalena Kearbey','1763');
INSERT INTO `publisher_book`(`publisher`, `entryid`) VALUES ('Pili Cooperations.','1763');
INSERT INTO `entry`(`entryid`,`type`) VALUES('1764','b');
INSERT INTO `book`(`title`,`entryid`,`isbn`) VALUES('Clerk and the Lace','1764','9722130859834');
INSERT INTO `genre_book`(`genre`, `entryid`) VALUES ('Education','1764');
INSERT INTO `author_book`(`author`, `entryid`) VALUES ('Gayla Yockey','1764');
INSERT INTO `publisher_book`(`publisher`, `entryid`) VALUES ('Moncada Inc.','1764');
INSERT INTO `entry`(`entryid`,`type`) VALUES('1765','b');
INSERT INTO `book`(`title`,`entryid`,`isbn`) VALUES('Cut because of Tailor','1765','0911861605327');
INSERT INTO `genre_book`(`genre`, `entryid`) VALUES ('Sci-Fi','1765');
INSERT INTO `author_book`(`author`, `entryid`) VALUES ('Maryland Wettlaufer','1765');
INSERT INTO `publisher_book`(`publisher`, `entryid`) VALUES ('Chrisco Publishers.','1765');
INSERT INTO `entry`(`entryid`,`type`) VALUES('1766','b');
INSERT INTO `book`(`title`,`entryid`,`isbn`) VALUES('Plough for Bear','1766','0917262209257');
INSERT INTO `genre_book`(`genre`, `entryid`) VALUES ('Science','1766');
INSERT INTO `author_book`(`author`, `entryid`) VALUES ('Lilla Appenzeller','1766');
INSERT INTO `publisher_book`(`publisher`, `entryid`) VALUES ('Iwata Inc.','1766');
INSERT INTO `entry`(`entryid`,`type`) VALUES('1767','b');
INSERT INTO `book`(`title`,`entryid`,`isbn`) VALUES('Existence because of River','1767','9105224504566');
INSERT INTO `genre_book`(`genre`, `entryid`) VALUES ('Education','1767');
INSERT INTO `author_book`(`author`, `entryid`) VALUES ('Arlean Wallenbrock','1767');
INSERT INTO `publisher_book`(`publisher`, `entryid`) VALUES ('Bookter Cooperations.','1767');
INSERT INTO `entry`(`entryid`,`type`) VALUES('1768','b');
INSERT INTO `book`(`title`,`entryid`,`isbn`) VALUES('Fifth of unforeknowable Yogurt','1768','0948059294778');
INSERT INTO `genre_book`(`genre`, `entryid`) VALUES ('Horror','1768');
INSERT INTO `author_book`(`author`, `entryid`) VALUES ('Estefana Hannum','1768');
INSERT INTO `publisher_book`(`publisher`, `entryid`) VALUES ('Hachey Inc.','1768');
INSERT INTO `entry`(`entryid`,`type`) VALUES('1769','b');
INSERT INTO `book`(`title`,`entryid`,`isbn`) VALUES('Amount in Panties','1769','9493217620732');
INSERT INTO `genre_book`(`genre`, `entryid`) VALUES ('Thriller','1769');
INSERT INTO `author_book`(`author`, `entryid`) VALUES ('Araceli Brondyke','1769');
INSERT INTO `publisher_book`(`publisher`, `entryid`) VALUES ('Jeune Inc.','1769');
INSERT INTO `entry`(`entryid`,`type`) VALUES('1770','b');
INSERT INTO `book`(`title`,`entryid`,`isbn`) VALUES('Knowledge against the Stew','1770','0673892807862');
INSERT INTO `genre_book`(`genre`, `entryid`) VALUES ('Romance','1770');
INSERT INTO `author_book`(`author`, `entryid`) VALUES ('Marlena Weidmann','1770');
INSERT INTO `publisher_book`(`publisher`, `entryid`) VALUES ('Srinvasan Publishers.','1770');
INSERT INTO `entry`(`entryid`,`type`) VALUES('1771','b');
INSERT INTO `book`(`title`,`entryid`,`isbn`) VALUES('War of the rabid Periodical','1771','9526688910686');
INSERT INTO `genre_book`(`genre`, `entryid`) VALUES ('Adventure','1771');
INSERT INTO `author_book`(`author`, `entryid`) VALUES ('Shanika Fearheller','1771');
INSERT INTO `publisher_book`(`publisher`, `entryid`) VALUES ('Rodregues Publishers.','1771');
INSERT INTO `entry`(`entryid`,`type`) VALUES('1772','b');
INSERT INTO `book`(`title`,`entryid`,`isbn`) VALUES('Jury in the Copy','1772','9681330158564');
INSERT INTO `genre_book`(`genre`, `entryid`) VALUES ('Horror','1772');
INSERT INTO `author_book`(`author`, `entryid`) VALUES ('Joe Generalao','1772');
INSERT INTO `publisher_book`(`publisher`, `entryid`) VALUES ('Cantlow Inc.','1772');
INSERT INTO `entry`(`entryid`,`type`) VALUES('1773','b');
INSERT INTO `book`(`title`,`entryid`,`isbn`) VALUES('Yacht with riven Raven','1773','0622275227319');
INSERT INTO `genre_book`(`genre`, `entryid`) VALUES ('Adventure','1773');
INSERT INTO `author_book`(`author`, `entryid`) VALUES ('Elza Borwig','1773');
INSERT INTO `publisher_book`(`publisher`, `entryid`) VALUES ('Srinvasan Publishers.','1773');
INSERT INTO `entry`(`entryid`,`type`) VALUES('1774','b');
INSERT INTO `book`(`title`,`entryid`,`isbn`) VALUES('Cucumber against the June','1774','9597588043724');
INSERT INTO `genre_book`(`genre`, `entryid`) VALUES ('Education','1774');
INSERT INTO `author_book`(`author`, `entryid`) VALUES ('Cynthia Havlicek','1774');
INSERT INTO `publisher_book`(`publisher`, `entryid`) VALUES ('Cutri Publishers.','1774');
INSERT INTO `entry`(`entryid`,`type`) VALUES('1775','b');
INSERT INTO `book`(`title`,`entryid`,`isbn`) VALUES('Polish to eruptive Panties','1775','9463936121496');
INSERT INTO `genre_book`(`genre`, `entryid`) VALUES ('Science','1775');
INSERT INTO `author_book`(`author`, `entryid`) VALUES ('Su Glidden','1775');
INSERT INTO `publisher_book`(`publisher`, `entryid`) VALUES ('Glazier Inc.','1775');
INSERT INTO `entry`(`entryid`,`type`) VALUES('1776','b');
INSERT INTO `book`(`title`,`entryid`,`isbn`) VALUES('Production by the dreamful Daffodil','1776','9134118881100');
INSERT INTO `genre_book`(`genre`, `entryid`) VALUES ('Sci-Fi','1776');
INSERT INTO `author_book`(`author`, `entryid`) VALUES ('Horace Vik','1776');
INSERT INTO `publisher_book`(`publisher`, `entryid`) VALUES ('Schwaner Publishers.','1776');
INSERT INTO `entry`(`entryid`,`type`) VALUES('1777','b');
INSERT INTO `book`(`title`,`entryid`,`isbn`) VALUES('Toothbrush against the semiotic Jennifer','1777','0442011935635');
INSERT INTO `genre_book`(`genre`, `entryid`) VALUES ('Thriller','1777');
INSERT INTO `author`(`name`,`birthyear`,`deathyear`) VALUES('Pearlene Seuell','1942','2023');
INSERT INTO `author_book`(`author`, `entryid`) VALUES ('Pearlene Seuell','1777');
INSERT INTO `publisher_book`(`publisher`, `entryid`) VALUES ('Schorsch Cooperations.','1777');
INSERT INTO `entry`(`entryid`,`type`) VALUES('1778','b');
INSERT INTO `book`(`title`,`entryid`,`isbn`) VALUES('Good-bye and the unpensioned Menu','1778','0051802314057');
INSERT INTO `genre_book`(`genre`, `entryid`) VALUES ('Romance','1778');
INSERT INTO `author_book`(`author`, `entryid`) VALUES ('Josiah Ellestad','1778');
INSERT INTO `publisher_book`(`publisher`, `entryid`) VALUES ('Mclaurin Inc.','1778');
INSERT INTO `entry`(`entryid`,`type`) VALUES('1779','b');
INSERT INTO `book`(`title`,`entryid`,`isbn`) VALUES('Pediatrician against the preoral Tendency','1779','9588127240751');
INSERT INTO `genre_book`(`genre`, `entryid`) VALUES ('Thriller','1779');
INSERT INTO `author_book`(`author`, `entryid`) VALUES ('Drucilla Allstott','1779');
INSERT INTO `publisher_book`(`publisher`, `entryid`) VALUES ('Padgett Cooperations.','1779');
INSERT INTO `entry`(`entryid`,`type`) VALUES('1780','b');
INSERT INTO `book`(`title`,`entryid`,`isbn`) VALUES('Drop of the Teacher','1780','9727163673517');
INSERT INTO `genre_book`(`genre`, `entryid`) VALUES ('Education','1780');
INSERT INTO `author_book`(`author`, `entryid`) VALUES ('Glady Thero','1780');
INSERT INTO `publisher_book`(`publisher`, `entryid`) VALUES ('Saxinger Inc.','1780');
INSERT INTO `entry`(`entryid`,`type`) VALUES('1781','b');
INSERT INTO `book`(`title`,`entryid`,`isbn`) VALUES('Bakery in tristichic Grease','1781','9687853610839');
INSERT INTO `genre_book`(`genre`, `entryid`) VALUES ('Romance','1781');
INSERT INTO `author_book`(`author`, `entryid`) VALUES ('Laurence Bonder','1781');
INSERT INTO `publisher_book`(`publisher`, `entryid`) VALUES ('Mccoil Cooperations.','1781');
INSERT INTO `entry`(`entryid`,`type`) VALUES('1782','b');
INSERT INTO `book`(`title`,`entryid`,`isbn`) VALUES('Lung against Cornet','1782','0950920384568');
INSERT INTO `genre_book`(`genre`, `entryid`) VALUES ('Science','1782');
INSERT INTO `author_book`(`author`, `entryid`) VALUES ('Colby Charette','1782');
INSERT INTO `publisher_book`(`publisher`, `entryid`) VALUES ('Pili Cooperations.','1782');
INSERT INTO `entry`(`entryid`,`type`) VALUES('1783','b');
INSERT INTO `book`(`title`,`entryid`,`isbn`) VALUES('Warm with the Eyebrow','1783','0360785262000');
INSERT INTO `genre_book`(`genre`, `entryid`) VALUES ('Adventure','1783');
INSERT INTO `author_book`(`author`, `entryid`) VALUES ('Latrice Szady','1783');
INSERT INTO `publisher_book`(`publisher`, `entryid`) VALUES ('Stukes Publishers.','1783');
INSERT INTO `entry`(`entryid`,`type`) VALUES('1784','b');
INSERT INTO `book`(`title`,`entryid`,`isbn`) VALUES('Cymbal vs. wearable Invention','1784','9106139015377');
INSERT INTO `genre_book`(`genre`, `entryid`) VALUES ('Sci-Fi','1784');
INSERT INTO `author_book`(`author`, `entryid`) VALUES ('Terina Buchaman','1784');
INSERT INTO `publisher_book`(`publisher`, `entryid`) VALUES ('Calvery Publishers.','1784');
INSERT INTO `entry`(`entryid`,`type`) VALUES('1785','b');
INSERT INTO `book`(`title`,`entryid`,`isbn`) VALUES('Sunflower and the Doll','1785','0393275286787');
INSERT INTO `genre_book`(`genre`, `entryid`) VALUES ('Romance','1785');
INSERT INTO `author_book`(`author`, `entryid`) VALUES ('Kathline Santucci','1785');
INSERT INTO `publisher_book`(`publisher`, `entryid`) VALUES ('Tinin Cooperations.','1785');
INSERT INTO `entry`(`entryid`,`type`) VALUES('1786','b');
INSERT INTO `book`(`title`,`entryid`,`isbn`) VALUES('Riddle of the regimented Underpants','1786','0496384162427');
INSERT INTO `genre_book`(`genre`, `entryid`) VALUES ('Education','1786');
INSERT INTO `author_book`(`author`, `entryid`) VALUES ('Kimberli Seymore','1786');
INSERT INTO `publisher_book`(`publisher`, `entryid`) VALUES ('Sandling Publishers.','1786');
INSERT INTO `entry`(`entryid`,`type`) VALUES('1787','b');
INSERT INTO `book`(`title`,`entryid`,`isbn`) VALUES('Tugboat against the lamer Committee','1787','9142257816556');
INSERT INTO `genre_book`(`genre`, `entryid`) VALUES ('Thriller','1787');
INSERT INTO `author_book`(`author`, `entryid`) VALUES ('Eveline Tognetti','1787');
INSERT INTO `publisher_book`(`publisher`, `entryid`) VALUES ('Brillon Publishers.','1787');
INSERT INTO `entry`(`entryid`,`type`) VALUES('1788','b');
INSERT INTO `book`(`title`,`entryid`,`isbn`) VALUES('Pants in armchair Asphalt','1788','9016659534691');
INSERT INTO `genre_book`(`genre`, `entryid`) VALUES ('Education','1788');
INSERT INTO `author_book`(`author`, `entryid`) VALUES ('Sina Frederic','1788');
INSERT INTO `publisher_book`(`publisher`, `entryid`) VALUES ('Piede Publishers.','1788');
INSERT INTO `entry`(`entryid`,`type`) VALUES('1789','b');
INSERT INTO `book`(`title`,`entryid`,`isbn`) VALUES('Suede to fortified Oyster','1789','0172241642574');
INSERT INTO `genre_book`(`genre`, `entryid`) VALUES ('Education','1789');
INSERT INTO `author_book`(`author`, `entryid`) VALUES ('Caren Cornacchio','1789');
INSERT INTO `publisher_book`(`publisher`, `entryid`) VALUES ('Shore Cooperations.','1789');
INSERT INTO `entry`(`entryid`,`type`) VALUES('1790','b');
INSERT INTO `book`(`title`,`entryid`,`isbn`) VALUES('Dance vs. worm-wheel Competition','1790','0297179619811');
INSERT INTO `genre_book`(`genre`, `entryid`) VALUES ('Science','1790');
INSERT INTO `author_book`(`author`, `entryid`) VALUES ('Hisako Fishell','1790');
INSERT INTO `publisher_book`(`publisher`, `entryid`) VALUES ('Nocito Publishers.','1790');
INSERT INTO `entry`(`entryid`,`type`) VALUES('1791','b');
INSERT INTO `book`(`title`,`entryid`,`isbn`) VALUES('Nail in favorless Geometry','1791','0090141572393');
INSERT INTO `genre_book`(`genre`, `entryid`) VALUES ('Sci-Fi','1791');
INSERT INTO `author_book`(`author`, `entryid`) VALUES ('Oren Chason','1791');
INSERT INTO `publisher_book`(`publisher`, `entryid`) VALUES ('Giangregorio Cooperations.','1791');
INSERT INTO `entry`(`entryid`,`type`) VALUES('1792','b');
INSERT INTO `book`(`title`,`entryid`,`isbn`) VALUES('Chinese for the unhindered Pot','1792','0002319269195');
INSERT INTO `genre_book`(`genre`, `entryid`) VALUES ('Thriller','1792');
INSERT INTO `author_book`(`author`, `entryid`) VALUES ('Glady Thero','1792');
INSERT INTO `publisher_book`(`publisher`, `entryid`) VALUES ('Losee Publishers.','1792');
INSERT INTO `entry`(`entryid`,`type`) VALUES('1793','b');
INSERT INTO `book`(`title`,`entryid`,`isbn`) VALUES('Join against the Supermarket','1793','0207792927610');
INSERT INTO `genre_book`(`genre`, `entryid`) VALUES ('Adventure','1793');
INSERT INTO `author_book`(`author`, `entryid`) VALUES ('Meri Laragy','1793');
INSERT INTO `publisher_book`(`publisher`, `entryid`) VALUES ('Rocconi Cooperations.','1793');
INSERT INTO `entry`(`entryid`,`type`) VALUES('1794','b');
INSERT INTO `book`(`title`,`entryid`,`isbn`) VALUES('Diploma by the Scanner','1794','0468757356567');
INSERT INTO `genre_book`(`genre`, `entryid`) VALUES ('Horror','1794');
INSERT INTO `author_book`(`author`, `entryid`) VALUES ('Darla Killpack','1794');
INSERT INTO `publisher_book`(`publisher`, `entryid`) VALUES ('Niforos Publishers.','1794');
INSERT INTO `entry`(`entryid`,`type`) VALUES('1795','b');
INSERT INTO `book`(`title`,`entryid`,`isbn`) VALUES('Jasmine against Hamiltonian Tin','1795','0190906434378');
INSERT INTO `genre_book`(`genre`, `entryid`) VALUES ('Education','1795');
INSERT INTO `author_book`(`author`, `entryid`) VALUES ('Corinne Beliz','1795');
INSERT INTO `publisher_book`(`publisher`, `entryid`) VALUES ('Tiboni Inc.','1795');
INSERT INTO `entry`(`entryid`,`type`) VALUES('1796','b');
INSERT INTO `book`(`title`,`entryid`,`isbn`) VALUES('Charles with Turanian Quince','1796','9094839937285');
INSERT INTO `genre_book`(`genre`, `entryid`) VALUES ('Horror','1796');
INSERT INTO `author_book`(`author`, `entryid`) VALUES ('Eveline Tognetti','1796');
INSERT INTO `publisher_book`(`publisher`, `entryid`) VALUES ('Tewa Publishers.','1796');
INSERT INTO `entry`(`entryid`,`type`) VALUES('1797','b');
INSERT INTO `book`(`title`,`entryid`,`isbn`) VALUES('Bike to Graphic','1797','0517895073122');
INSERT INTO `genre_book`(`genre`, `entryid`) VALUES ('Thriller','1797');
INSERT INTO `author`(`name`,`birthyear`,`deathyear`) VALUES('Janel Juliar','1972','2055');
INSERT INTO `author_book`(`author`, `entryid`) VALUES ('Janel Juliar','1797');
INSERT INTO `publisher_book`(`publisher`, `entryid`) VALUES ('Naegle Publishers.','1797');
INSERT INTO `entry`(`entryid`,`type`) VALUES('1798','b');
INSERT INTO `book`(`title`,`entryid`,`isbn`) VALUES('Memory to the Income','1798','0884178068323');
INSERT INTO `genre_book`(`genre`, `entryid`) VALUES ('Sci-Fi','1798');
INSERT INTO `author_book`(`author`, `entryid`) VALUES ('Justin Gozalez','1798');
INSERT INTO `publisher_book`(`publisher`, `entryid`) VALUES ('Giangregorio Cooperations.','1798');
INSERT INTO `entry`(`entryid`,`type`) VALUES('1799','b');
INSERT INTO `book`(`title`,`entryid`,`isbn`) VALUES('Tail for the Tanzania','1799','0044295021447');
INSERT INTO `genre_book`(`genre`, `entryid`) VALUES ('Romance','1799');
INSERT INTO `author_book`(`author`, `entryid`) VALUES ('Gloria Barrick','1799');
INSERT INTO `publisher_book`(`publisher`, `entryid`) VALUES ('Southerland Inc.','1799');
INSERT INTO `entry`(`entryid`,`type`) VALUES('1800','b');
INSERT INTO `book`(`title`,`entryid`,`isbn`) VALUES('Dipstick for the English Nephew','1800','0235600293802');
INSERT INTO `genre_book`(`genre`, `entryid`) VALUES ('Thriller','1800');
INSERT INTO `author_book`(`author`, `entryid`) VALUES ('Bobette Burow','1800');
INSERT INTO `publisher_book`(`publisher`, `entryid`) VALUES ('Vanderheiden Inc.','1800');
INSERT INTO `entry`(`entryid`,`type`) VALUES('1801','b');
INSERT INTO `book`(`title`,`entryid`,`isbn`) VALUES('Drama for demolition Maria','1801','9648024253592');
INSERT INTO `genre_book`(`genre`, `entryid`) VALUES ('Education','1801');
INSERT INTO `author_book`(`author`, `entryid`) VALUES ('Jone Crapp','1801');
INSERT INTO `publisher_book`(`publisher`, `entryid`) VALUES ('Tewa Publishers.','1801');
INSERT INTO `entry`(`entryid`,`type`) VALUES('1802','b');
INSERT INTO `book`(`title`,`entryid`,`isbn`) VALUES('Day with Knee','1802','9861223296594');
INSERT INTO `genre_book`(`genre`, `entryid`) VALUES ('Education','1802');
INSERT INTO `author_book`(`author`, `entryid`) VALUES ('Retta Yerbic','1802');
INSERT INTO `publisher_book`(`publisher`, `entryid`) VALUES ('Giangregorio Cooperations.','1802');
INSERT INTO `entry`(`entryid`,`type`) VALUES('1803','b');
INSERT INTO `book`(`title`,`entryid`,`isbn`) VALUES('Step-son with the Mary','1803','9732808123006');
INSERT INTO `genre_book`(`genre`, `entryid`) VALUES ('Education','1803');
INSERT INTO `author_book`(`author`, `entryid`) VALUES ('Velvet Fencil','1803');
INSERT INTO `publisher_book`(`publisher`, `entryid`) VALUES ('Merckling Inc.','1803');
INSERT INTO `entry`(`entryid`,`type`) VALUES('1804','b');
INSERT INTO `book`(`title`,`entryid`,`isbn`) VALUES('Bacon and biaxial Ethernet','1804','0428417727911');
INSERT INTO `genre_book`(`genre`, `entryid`) VALUES ('Science','1804');
INSERT INTO `author_book`(`author`, `entryid`) VALUES ('Zenia Artist','1804');
INSERT INTO `publisher_book`(`publisher`, `entryid`) VALUES ('Albrittain Publishers.','1804');
INSERT INTO `entry`(`entryid`,`type`) VALUES('1805','b');
INSERT INTO `book`(`title`,`entryid`,`isbn`) VALUES('Waiter of psychiatric Editor','1805','9053058036706');
INSERT INTO `genre_book`(`genre`, `entryid`) VALUES ('Romance','1805');
INSERT INTO `author_book`(`author`, `entryid`) VALUES ('Michel Spratlin','1805');
INSERT INTO `publisher_book`(`publisher`, `entryid`) VALUES ('Mclaurin Inc.','1805');
INSERT INTO `entry`(`entryid`,`type`) VALUES('1806','b');
INSERT INTO `book`(`title`,`entryid`,`isbn`) VALUES('Estimate against the Tyvek','1806','0646901279442');
INSERT INTO `genre_book`(`genre`, `entryid`) VALUES ('Science','1806');
INSERT INTO `author_book`(`author`, `entryid`) VALUES ('Han Karmely','1806');
INSERT INTO `publisher_book`(`publisher`, `entryid`) VALUES ('Hanberry Inc.','1806');
INSERT INTO `entry`(`entryid`,`type`) VALUES('1807','b');
INSERT INTO `book`(`title`,`entryid`,`isbn`) VALUES('Slipper of Vegetable','1807','0061987602833');
INSERT INTO `genre_book`(`genre`, `entryid`) VALUES ('Horror','1807');
INSERT INTO `author_book`(`author`, `entryid`) VALUES ('Israel Corn','1807');
INSERT INTO `publisher_book`(`publisher`, `entryid`) VALUES ('Dewaratanawan Inc.','1807');
INSERT INTO `entry`(`entryid`,`type`) VALUES('1808','b');
INSERT INTO `book`(`title`,`entryid`,`isbn`) VALUES('Wish by the Utensil','1808','9903938687851');
INSERT INTO `genre_book`(`genre`, `entryid`) VALUES ('Horror','1808');
INSERT INTO `author_book`(`author`, `entryid`) VALUES ('Latosha Kiko','1808');
INSERT INTO `publisher_book`(`publisher`, `entryid`) VALUES ('Losee Publishers.','1808');
INSERT INTO `entry`(`entryid`,`type`) VALUES('1809','b');
INSERT INTO `book`(`title`,`entryid`,`isbn`) VALUES('South korea by the toplofty Bead','1809','9579497961847');
INSERT INTO `genre_book`(`genre`, `entryid`) VALUES ('Thriller','1809');
INSERT INTO `author_book`(`author`, `entryid`) VALUES ('Reina Moake','1809');
INSERT INTO `publisher_book`(`publisher`, `entryid`) VALUES ('Edin Publishers.','1809');
INSERT INTO `entry`(`entryid`,`type`) VALUES('1810','b');
INSERT INTO `book`(`title`,`entryid`,`isbn`) VALUES('Haircut against physiologic Ambulance','1810','0023588216473');
INSERT INTO `genre_book`(`genre`, `entryid`) VALUES ('Adventure','1810');
INSERT INTO `author`(`name`,`birthyear`,`deathyear`) VALUES('Pearlie Borra','1945','2029');
INSERT INTO `author_book`(`author`, `entryid`) VALUES ('Pearlie Borra','1810');
INSERT INTO `publisher_book`(`publisher`, `entryid`) VALUES ('Crowner Cooperations.','1810');
INSERT INTO `entry`(`entryid`,`type`) VALUES('1811','b');
INSERT INTO `book`(`title`,`entryid`,`isbn`) VALUES('Ruth vs. afferent Pakistan','1811','9086389116208');
INSERT INTO `genre_book`(`genre`, `entryid`) VALUES ('Romance','1811');
INSERT INTO `author_book`(`author`, `entryid`) VALUES ('Krystle Katynski','1811');
INSERT INTO `publisher_book`(`publisher`, `entryid`) VALUES ('Mikhail Cooperations.','1811');
INSERT INTO `entry`(`entryid`,`type`) VALUES('1812','b');
INSERT INTO `book`(`title`,`entryid`,`isbn`) VALUES('Fight in the Saiva Offer','1812','0980202007954');
INSERT INTO `genre_book`(`genre`, `entryid`) VALUES ('Adventure','1812');
INSERT INTO `author_book`(`author`, `entryid`) VALUES ('Arnulfo Bunnell','1812');
INSERT INTO `publisher_book`(`publisher`, `entryid`) VALUES ('Laffer Publishers.','1812');
INSERT INTO `entry`(`entryid`,`type`) VALUES('1813','b');
INSERT INTO `book`(`title`,`entryid`,`isbn`) VALUES('Trumpet for Drake','1813','0260458741059');
INSERT INTO `genre_book`(`genre`, `entryid`) VALUES ('Adventure','1813');
INSERT INTO `author_book`(`author`, `entryid`) VALUES ('Lilla Appenzeller','1813');
INSERT INTO `publisher_book`(`publisher`, `entryid`) VALUES ('Ostling Cooperations.','1813');
INSERT INTO `entry`(`entryid`,`type`) VALUES('1814','b');
INSERT INTO `book`(`title`,`entryid`,`isbn`) VALUES('Pheasant with Character','1814','9989105219755');
INSERT INTO `genre_book`(`genre`, `entryid`) VALUES ('Horror','1814');
INSERT INTO `author_book`(`author`, `entryid`) VALUES ('Su Glidden','1814');
INSERT INTO `publisher_book`(`publisher`, `entryid`) VALUES ('Pili Cooperations.','1814');
INSERT INTO `entry`(`entryid`,`type`) VALUES('1815','b');
INSERT INTO `book`(`title`,`entryid`,`isbn`) VALUES('Grape vs. contractible Noodle','1815','0564574007378');
INSERT INTO `genre_book`(`genre`, `entryid`) VALUES ('Adventure','1815');
INSERT INTO `author_book`(`author`, `entryid`) VALUES ('Lucinda Sillman','1815');
INSERT INTO `publisher_book`(`publisher`, `entryid`) VALUES ('Glazier Inc.','1815');
INSERT INTO `entry`(`entryid`,`type`) VALUES('1816','b');
INSERT INTO `book`(`title`,`entryid`,`isbn`) VALUES('Sidewalk with the proscribed Chard','1816','0358580685542');
INSERT INTO `genre_book`(`genre`, `entryid`) VALUES ('Adventure','1816');
INSERT INTO `author_book`(`author`, `entryid`) VALUES ('Raymond Savic','1816');
INSERT INTO `publisher_book`(`publisher`, `entryid`) VALUES ('Hachey Inc.','1816');
INSERT INTO `entry`(`entryid`,`type`) VALUES('1817','b');
INSERT INTO `book`(`title`,`entryid`,`isbn`) VALUES('Oyster by silly Cannon','1817','0749029878171');
INSERT INTO `genre_book`(`genre`, `entryid`) VALUES ('Thriller','1817');
INSERT INTO `author_book`(`author`, `entryid`) VALUES ('Josiah Ellestad','1817');
INSERT INTO `publisher_book`(`publisher`, `entryid`) VALUES ('Hamers Inc.','1817');
INSERT INTO `entry`(`entryid`,`type`) VALUES('1818','b');
INSERT INTO `book`(`title`,`entryid`,`isbn`) VALUES('Celeste for devoted Garage','1818','0667048618861');
INSERT INTO `genre_book`(`genre`, `entryid`) VALUES ('Education','1818');
INSERT INTO `author_book`(`author`, `entryid`) VALUES ('Christi Hillan','1818');
INSERT INTO `publisher_book`(`publisher`, `entryid`) VALUES ('Stukes Publishers.','1818');
INSERT INTO `entry`(`entryid`,`type`) VALUES('1819','b');
INSERT INTO `book`(`title`,`entryid`,`isbn`) VALUES('Mail against erogenous Eight','1819','9306259137521');
INSERT INTO `genre_book`(`genre`, `entryid`) VALUES ('Sci-Fi','1819');
INSERT INTO `author_book`(`author`, `entryid`) VALUES ('Kraig Pingrey','1819');
INSERT INTO `publisher_book`(`publisher`, `entryid`) VALUES ('Steedman Cooperations.','1819');
INSERT INTO `entry`(`entryid`,`type`) VALUES('1820','b');
INSERT INTO `book`(`title`,`entryid`,`isbn`) VALUES('Customer and Packet','1820','9079458299647');
INSERT INTO `genre_book`(`genre`, `entryid`) VALUES ('Horror','1820');
INSERT INTO `author_book`(`author`, `entryid`) VALUES ('Odelia Pettersen','1820');
INSERT INTO `publisher_book`(`publisher`, `entryid`) VALUES ('Bowersmith Cooperations.','1820');
INSERT INTO `entry`(`entryid`,`type`) VALUES('1821','b');
INSERT INTO `book`(`title`,`entryid`,`isbn`) VALUES('Revolve against Jeans','1821','9859441080946');
INSERT INTO `genre_book`(`genre`, `entryid`) VALUES ('Education','1821');
INSERT INTO `author_book`(`author`, `entryid`) VALUES ('Mertie Bozzi','1821');
INSERT INTO `publisher_book`(`publisher`, `entryid`) VALUES ('Padgett Cooperations.','1821');
INSERT INTO `entry`(`entryid`,`type`) VALUES('1822','b');
INSERT INTO `book`(`title`,`entryid`,`isbn`) VALUES('Vise vs. unstructured Middle','1822','0741122889277');
INSERT INTO `genre_book`(`genre`, `entryid`) VALUES ('Science','1822');
INSERT INTO `author_book`(`author`, `entryid`) VALUES ('Oralia Kallberg','1822');
INSERT INTO `publisher_book`(`publisher`, `entryid`) VALUES ('Aikens Inc.','1822');
INSERT INTO `entry`(`entryid`,`type`) VALUES('1823','b');
INSERT INTO `book`(`title`,`entryid`,`isbn`) VALUES('Jasmine with fluttery Candle','1823','9225473810199');
INSERT INTO `genre_book`(`genre`, `entryid`) VALUES ('Horror','1823');
INSERT INTO `author`(`name`,`birthyear`,`deathyear`) VALUES('Raymond Perrota','1906','1928');
INSERT INTO `author_book`(`author`, `entryid`) VALUES ('Raymond Perrota','1823');
INSERT INTO `publisher_book`(`publisher`, `entryid`) VALUES ('Rodregues Publishers.','1823');
INSERT INTO `entry`(`entryid`,`type`) VALUES('1824','b');
INSERT INTO `book`(`title`,`entryid`,`isbn`) VALUES('Multimedia of overjoyed Pleasure','1824','9382611207591');
INSERT INTO `genre_book`(`genre`, `entryid`) VALUES ('Romance','1824');
INSERT INTO `author_book`(`author`, `entryid`) VALUES ('Terina Buchaman','1824');
INSERT INTO `publisher_book`(`publisher`, `entryid`) VALUES ('Rocconi Cooperations.','1824');
INSERT INTO `entry`(`entryid`,`type`) VALUES('1825','b');
INSERT INTO `book`(`title`,`entryid`,`isbn`) VALUES('Town in peaceable Israel','1825','0601835103327');
INSERT INTO `genre_book`(`genre`, `entryid`) VALUES ('Science','1825');
INSERT INTO `author_book`(`author`, `entryid`) VALUES ('Neva Rapuano','1825');
INSERT INTO `publisher_book`(`publisher`, `entryid`) VALUES ('Virrey Publishers.','1825');
INSERT INTO `entry`(`entryid`,`type`) VALUES('1826','b');
INSERT INTO `book`(`title`,`entryid`,`isbn`) VALUES('Hospital by the Resolution','1826','9506671985722');
INSERT INTO `genre_book`(`genre`, `entryid`) VALUES ('Romance','1826');
INSERT INTO `author_book`(`author`, `entryid`) VALUES ('Velvet Fencil','1826');
INSERT INTO `publisher_book`(`publisher`, `entryid`) VALUES ('Prestwood Publishers.','1826');
INSERT INTO `entry`(`entryid`,`type`) VALUES('1827','b');
INSERT INTO `book`(`title`,`entryid`,`isbn`) VALUES('Millennium to drifting Porch','1827','0225601933681');
INSERT INTO `genre_book`(`genre`, `entryid`) VALUES ('Thriller','1827');
INSERT INTO `author_book`(`author`, `entryid`) VALUES ('Precious Lanter','1827');
INSERT INTO `publisher_book`(`publisher`, `entryid`) VALUES ('Pili Cooperations.','1827');
INSERT INTO `entry`(`entryid`,`type`) VALUES('1828','b');
INSERT INTO `book`(`title`,`entryid`,`isbn`) VALUES('Statistic of the Trinacrian Baritone','1828','9252106696149');
INSERT INTO `genre_book`(`genre`, `entryid`) VALUES ('Adventure','1828');
INSERT INTO `author_book`(`author`, `entryid`) VALUES ('Thresa Gobler','1828');
INSERT INTO `publisher_book`(`publisher`, `entryid`) VALUES ('Bartolomei Cooperations.','1828');
INSERT INTO `entry`(`entryid`,`type`) VALUES('1829','b');
INSERT INTO `book`(`title`,`entryid`,`isbn`) VALUES('Stocking for the well-spent Hub','1829','9643750633933');
INSERT INTO `genre_book`(`genre`, `entryid`) VALUES ('Sci-Fi','1829');
INSERT INTO `author_book`(`author`, `entryid`) VALUES ('Larhonda Hylinski','1829');
INSERT INTO `publisher_book`(`publisher`, `entryid`) VALUES ('Yi Cooperations.','1829');
INSERT INTO `entry`(`entryid`,`type`) VALUES('1830','b');
INSERT INTO `book`(`title`,`entryid`,`isbn`) VALUES('Colombia against the pathognomonic Witness','1830','0493085170734');
INSERT INTO `genre_book`(`genre`, `entryid`) VALUES ('Horror','1830');
INSERT INTO `author_book`(`author`, `entryid`) VALUES ('Euna Mathewes','1830');
INSERT INTO `publisher_book`(`publisher`, `entryid`) VALUES ('Teisberg Publishers.','1830');
INSERT INTO `entry`(`entryid`,`type`) VALUES('1831','b');
INSERT INTO `book`(`title`,`entryid`,`isbn`) VALUES('Beam of the syllogistic Vacuum','1831','0906311711684');
INSERT INTO `genre_book`(`genre`, `entryid`) VALUES ('Adventure','1831');
INSERT INTO `author_book`(`author`, `entryid`) VALUES ('Alan Flickner','1831');
INSERT INTO `publisher_book`(`publisher`, `entryid`) VALUES ('Rodregues Publishers.','1831');
INSERT INTO `entry`(`entryid`,`type`) VALUES('1832','b');
INSERT INTO `book`(`title`,`entryid`,`isbn`) VALUES('Pediatrician with the unworn Tub','1832','0966551738222');
INSERT INTO `genre_book`(`genre`, `entryid`) VALUES ('Romance','1832');
INSERT INTO `author_book`(`author`, `entryid`) VALUES ('Lilla Appenzeller','1832');
INSERT INTO `publisher_book`(`publisher`, `entryid`) VALUES ('Edin Publishers.','1832');
INSERT INTO `entry`(`entryid`,`type`) VALUES('1833','b');
INSERT INTO `book`(`title`,`entryid`,`isbn`) VALUES('Aardvark of bedfast Bankbook','1833','9016153524722');
INSERT INTO `genre_book`(`genre`, `entryid`) VALUES ('Romance','1833');
INSERT INTO `author`(`name`,`birthyear`,`deathyear`) VALUES('Carlton Hoy','1921','1996');
INSERT INTO `author_book`(`author`, `entryid`) VALUES ('Carlton Hoy','1833');
INSERT INTO `publisher_book`(`publisher`, `entryid`) VALUES ('Franpton Cooperations.','1833');
INSERT INTO `entry`(`entryid`,`type`) VALUES('1834','b');
INSERT INTO `book`(`title`,`entryid`,`isbn`) VALUES('Architecture for the Banjo','1834','9785754253635');
INSERT INTO `genre_book`(`genre`, `entryid`) VALUES ('Adventure','1834');
INSERT INTO `author_book`(`author`, `entryid`) VALUES ('Keva Timmreck','1834');
INSERT INTO `publisher_book`(`publisher`, `entryid`) VALUES ('Ostling Cooperations.','1834');
INSERT INTO `entry`(`entryid`,`type`) VALUES('1835','b');
INSERT INTO `book`(`title`,`entryid`,`isbn`) VALUES('Appeal in the sublingual Pruner','1835','0361851328980');
INSERT INTO `genre_book`(`genre`, `entryid`) VALUES ('Horror','1835');
INSERT INTO `author_book`(`author`, `entryid`) VALUES ('Gloria Barrick','1835');
INSERT INTO `publisher_book`(`publisher`, `entryid`) VALUES ('Schorsch Cooperations.','1835');
INSERT INTO `entry`(`entryid`,`type`) VALUES('1836','b');
INSERT INTO `book`(`title`,`entryid`,`isbn`) VALUES('Garlic and puckered Kendo','1836','9269395093341');
INSERT INTO `genre_book`(`genre`, `entryid`) VALUES ('Science','1836');
INSERT INTO `author_book`(`author`, `entryid`) VALUES ('Ana Krushansky','1836');
INSERT INTO `publisher_book`(`publisher`, `entryid`) VALUES ('Teisberg Publishers.','1836');
INSERT INTO `entry`(`entryid`,`type`) VALUES('1837','b');
INSERT INTO `book`(`title`,`entryid`,`isbn`) VALUES('Swordfish and slushier Alligator','1837','9753031192586');
INSERT INTO `genre_book`(`genre`, `entryid`) VALUES ('Romance','1837');
INSERT INTO `author_book`(`author`, `entryid`) VALUES ('Danelle Trimboli','1837');
INSERT INTO `publisher_book`(`publisher`, `entryid`) VALUES ('Iwata Inc.','1837');
INSERT INTO `entry`(`entryid`,`type`) VALUES('1838','b');
INSERT INTO `book`(`title`,`entryid`,`isbn`) VALUES('Ethernet against the Unit','1838','0727149909892');
INSERT INTO `genre_book`(`genre`, `entryid`) VALUES ('Education','1838');
INSERT INTO `author_book`(`author`, `entryid`) VALUES ('Latricia Gornikiewicz','1838');
INSERT INTO `publisher_book`(`publisher`, `entryid`) VALUES ('Steedman Cooperations.','1838');
INSERT INTO `entry`(`entryid`,`type`) VALUES('1839','b');
INSERT INTO `book`(`title`,`entryid`,`isbn`) VALUES('Chard to the Married','1839','0287718434158');
INSERT INTO `genre_book`(`genre`, `entryid`) VALUES ('Adventure','1839');
INSERT INTO `author_book`(`author`, `entryid`) VALUES ('Delisa Wallenstein','1839');
INSERT INTO `publisher_book`(`publisher`, `entryid`) VALUES ('Cristo Inc.','1839');
INSERT INTO `entry`(`entryid`,`type`) VALUES('1840','b');
INSERT INTO `book`(`title`,`entryid`,`isbn`) VALUES('Trigonometry and twinkly Greek','1840','0322134354938');
INSERT INTO `genre_book`(`genre`, `entryid`) VALUES ('Romance','1840');
INSERT INTO `author_book`(`author`, `entryid`) VALUES ('Sherron Scruggs','1840');
INSERT INTO `publisher_book`(`publisher`, `entryid`) VALUES ('Weisholz Publishers.','1840');
INSERT INTO `entry`(`entryid`,`type`) VALUES('1841','b');
INSERT INTO `book`(`title`,`entryid`,`isbn`) VALUES('Tiger for saintly Valley','1841','0092080910655');
INSERT INTO `genre_book`(`genre`, `entryid`) VALUES ('Thriller','1841');
INSERT INTO `author_book`(`author`, `entryid`) VALUES ('Gilbert Pamer','1841');
INSERT INTO `publisher_book`(`publisher`, `entryid`) VALUES ('Kresha Inc.','1841');
INSERT INTO `entry`(`entryid`,`type`) VALUES('1842','b');
INSERT INTO `book`(`title`,`entryid`,`isbn`) VALUES('Date for the beveled April','1842','9453035700597');
INSERT INTO `genre_book`(`genre`, `entryid`) VALUES ('Science','1842');
INSERT INTO `author_book`(`author`, `entryid`) VALUES ('Nevada Hebenstreit','1842');
INSERT INTO `publisher_book`(`publisher`, `entryid`) VALUES ('Giangregorio Cooperations.','1842');
INSERT INTO `entry`(`entryid`,`type`) VALUES('1843','b');
INSERT INTO `book`(`title`,`entryid`,`isbn`) VALUES('Cuban and Bibliography','1843','0093718507243');
INSERT INTO `genre_book`(`genre`, `entryid`) VALUES ('Horror','1843');
INSERT INTO `author_book`(`author`, `entryid`) VALUES ('Kennith Kreutzer','1843');
INSERT INTO `publisher_book`(`publisher`, `entryid`) VALUES ('Brillon Publishers.','1843');
INSERT INTO `entry`(`entryid`,`type`) VALUES('1844','b');
INSERT INTO `book`(`title`,`entryid`,`isbn`) VALUES('Triangle with the adjectival Calculus','1844','9107853542971');
INSERT INTO `genre_book`(`genre`, `entryid`) VALUES ('Science','1844');
INSERT INTO `author_book`(`author`, `entryid`) VALUES ('Bonita Cola','1844');
INSERT INTO `publisher_book`(`publisher`, `entryid`) VALUES ('Merckling Inc.','1844');
INSERT INTO `entry`(`entryid`,`type`) VALUES('1845','b');
INSERT INTO `book`(`title`,`entryid`,`isbn`) VALUES('Chance for the Pancake','1845','0571476553631');
INSERT INTO `genre_book`(`genre`, `entryid`) VALUES ('Horror','1845');
INSERT INTO `author_book`(`author`, `entryid`) VALUES ('Daysi Baskette','1845');
INSERT INTO `publisher_book`(`publisher`, `entryid`) VALUES ('Ostling Cooperations.','1845');
INSERT INTO `entry`(`entryid`,`type`) VALUES('1846','b');
INSERT INTO `book`(`title`,`entryid`,`isbn`) VALUES('Knee with Mile','1846','0287162154721');
INSERT INTO `genre_book`(`genre`, `entryid`) VALUES ('Education','1846');
INSERT INTO `author_book`(`author`, `entryid`) VALUES ('Kraig Pingrey','1846');
INSERT INTO `publisher_book`(`publisher`, `entryid`) VALUES ('Hamers Inc.','1846');
INSERT INTO `entry`(`entryid`,`type`) VALUES('1847','b');
INSERT INTO `book`(`title`,`entryid`,`isbn`) VALUES('Twine by talkative Flavor','1847','9923095584067');
INSERT INTO `genre_book`(`genre`, `entryid`) VALUES ('Science','1847');
INSERT INTO `author_book`(`author`, `entryid`) VALUES ('Marry Bontemps','1847');
INSERT INTO `publisher_book`(`publisher`, `entryid`) VALUES ('Mclaurin Inc.','1847');
INSERT INTO `entry`(`entryid`,`type`) VALUES('1848','b');
INSERT INTO `book`(`title`,`entryid`,`isbn`) VALUES('Meat for the Air','1848','9132671964480');
INSERT INTO `genre_book`(`genre`, `entryid`) VALUES ('Adventure','1848');
INSERT INTO `author`(`name`,`birthyear`,`deathyear`) VALUES('Noelia Ardery','1972','2003');
INSERT INTO `author_book`(`author`, `entryid`) VALUES ('Noelia Ardery','1848');
INSERT INTO `publisher_book`(`publisher`, `entryid`) VALUES ('Trucchio Cooperations.','1848');
INSERT INTO `entry`(`entryid`,`type`) VALUES('1849','b');
INSERT INTO `book`(`title`,`entryid`,`isbn`) VALUES('Bath to quick-fire Cave','1849','0168322554356');
INSERT INTO `genre_book`(`genre`, `entryid`) VALUES ('Science','1849');
INSERT INTO `author_book`(`author`, `entryid`) VALUES ('Nevada Hebenstreit','1849');
INSERT INTO `publisher_book`(`publisher`, `entryid`) VALUES ('Moncada Inc.','1849');
INSERT INTO `entry`(`entryid`,`type`) VALUES('1850','b');
INSERT INTO `book`(`title`,`entryid`,`isbn`) VALUES('Size vs. lustreless Digger','1850','0739871330182');
INSERT INTO `genre_book`(`genre`, `entryid`) VALUES ('Horror','1850');
INSERT INTO `author_book`(`author`, `entryid`) VALUES ('Talitha Pilbin','1850');
INSERT INTO `publisher_book`(`publisher`, `entryid`) VALUES ('Peal Cooperations.','1850');
INSERT INTO `entry`(`entryid`,`type`) VALUES('1851','b');
INSERT INTO `book`(`title`,`entryid`,`isbn`) VALUES('Australia by the Chest','1851','9683588600061');
INSERT INTO `genre_book`(`genre`, `entryid`) VALUES ('Science','1851');
INSERT INTO `author_book`(`author`, `entryid`) VALUES ('Jimmy Pikkarainen','1851');
INSERT INTO `publisher_book`(`publisher`, `entryid`) VALUES ('Tinin Cooperations.','1851');
INSERT INTO `entry`(`entryid`,`type`) VALUES('1852','b');
INSERT INTO `book`(`title`,`entryid`,`isbn`) VALUES('Interviewer to hollow-eyed Age','1852','9685463912349');
INSERT INTO `genre_book`(`genre`, `entryid`) VALUES ('Education','1852');
INSERT INTO `author_book`(`author`, `entryid`) VALUES ('Pearlene Seuell','1852');
INSERT INTO `publisher_book`(`publisher`, `entryid`) VALUES ('Albrittain Publishers.','1852');
INSERT INTO `entry`(`entryid`,`type`) VALUES('1853','b');
INSERT INTO `book`(`title`,`entryid`,`isbn`) VALUES('Geography against gimlet Nigeria','1853','0128162020873');
INSERT INTO `genre_book`(`genre`, `entryid`) VALUES ('Horror','1853');
INSERT INTO `author`(`name`,`birthyear`,`deathyear`) VALUES('Tamara Carbonella','1901','1967');
INSERT INTO `author_book`(`author`, `entryid`) VALUES ('Tamara Carbonella','1853');
INSERT INTO `publisher_book`(`publisher`, `entryid`) VALUES ('Chrisco Publishers.','1853');
INSERT INTO `entry`(`entryid`,`type`) VALUES('1854','b');
INSERT INTO `book`(`title`,`entryid`,`isbn`) VALUES('Scooter and Cymric Eagle','1854','0583464331850');
INSERT INTO `genre_book`(`genre`, `entryid`) VALUES ('Horror','1854');
INSERT INTO `author_book`(`author`, `entryid`) VALUES ('Jim Vazguez','1854');
INSERT INTO `publisher_book`(`publisher`, `entryid`) VALUES ('Olcus Publishers.','1854');
INSERT INTO `entry`(`entryid`,`type`) VALUES('1855','b');
INSERT INTO `book`(`title`,`entryid`,`isbn`) VALUES('Australian to riverine Brake','1855','9629293219471');
INSERT INTO `genre_book`(`genre`, `entryid`) VALUES ('Adventure','1855');
INSERT INTO `author_book`(`author`, `entryid`) VALUES ('Ila Carosiello','1855');
INSERT INTO `publisher_book`(`publisher`, `entryid`) VALUES ('Stukes Publishers.','1855');
INSERT INTO `entry`(`entryid`,`type`) VALUES('1856','b');
INSERT INTO `book`(`title`,`entryid`,`isbn`) VALUES('Approval with contributory Example','1856','0521689055113');
INSERT INTO `genre_book`(`genre`, `entryid`) VALUES ('Sci-Fi','1856');
INSERT INTO `author_book`(`author`, `entryid`) VALUES ('Jalisa Castellari','1856');
INSERT INTO `publisher_book`(`publisher`, `entryid`) VALUES ('Vanderheiden Inc.','1856');
INSERT INTO `entry`(`entryid`,`type`) VALUES('1857','b');
INSERT INTO `book`(`title`,`entryid`,`isbn`) VALUES('Property against the bronzed Cereal','1857','9479086305832');
INSERT INTO `genre_book`(`genre`, `entryid`) VALUES ('Education','1857');
INSERT INTO `author_book`(`author`, `entryid`) VALUES ('Iesha Ledoux','1857');
INSERT INTO `publisher_book`(`publisher`, `entryid`) VALUES ('Zalesky Publishers.','1857');
INSERT INTO `entry`(`entryid`,`type`) VALUES('1858','b');
INSERT INTO `book`(`title`,`entryid`,`isbn`) VALUES('Pamphlet against the Boy','1858','0893149730476');
INSERT INTO `genre_book`(`genre`, `entryid`) VALUES ('Sci-Fi','1858');
INSERT INTO `author_book`(`author`, `entryid`) VALUES ('Jean Gulsvig','1858');
INSERT INTO `publisher_book`(`publisher`, `entryid`) VALUES ('Giangregorio Cooperations.','1858');
INSERT INTO `entry`(`entryid`,`type`) VALUES('1859','b');
INSERT INTO `book`(`title`,`entryid`,`isbn`) VALUES('Help by thick-skinned Harbor','1859','9455195552146');
INSERT INTO `genre_book`(`genre`, `entryid`) VALUES ('Sci-Fi','1859');
INSERT INTO `author_book`(`author`, `entryid`) VALUES ('Christiana Broomhead','1859');
INSERT INTO `publisher_book`(`publisher`, `entryid`) VALUES ('Shulenberger Cooperations.','1859');
INSERT INTO `entry`(`entryid`,`type`) VALUES('1860','b');
INSERT INTO `book`(`title`,`entryid`,`isbn`) VALUES('Mole and Tuesday','1860','9850224258634');
INSERT INTO `genre_book`(`genre`, `entryid`) VALUES ('Romance','1860');
INSERT INTO `author_book`(`author`, `entryid`) VALUES ('Sonja Osterberg','1860');
INSERT INTO `publisher_book`(`publisher`, `entryid`) VALUES ('Sandling Publishers.','1860');
INSERT INTO `entry`(`entryid`,`type`) VALUES('1861','b');
INSERT INTO `book`(`title`,`entryid`,`isbn`) VALUES('Daughter vs. enviable Playroom','1861','9447612767238');
INSERT INTO `genre_book`(`genre`, `entryid`) VALUES ('Romance','1861');
INSERT INTO `author_book`(`author`, `entryid`) VALUES ('Calista Haberman','1861');
INSERT INTO `publisher_book`(`publisher`, `entryid`) VALUES ('Toles Cooperations.','1861');
INSERT INTO `entry`(`entryid`,`type`) VALUES('1862','b');
INSERT INTO `book`(`title`,`entryid`,`isbn`) VALUES('Team and the unequable Insulation','1862','0341565525923');
INSERT INTO `genre_book`(`genre`, `entryid`) VALUES ('Sci-Fi','1862');
INSERT INTO `author_book`(`author`, `entryid`) VALUES ('Brittni Hendershot','1862');
INSERT INTO `publisher_book`(`publisher`, `entryid`) VALUES ('Bookter Cooperations.','1862');
INSERT INTO `entry`(`entryid`,`type`) VALUES('1863','b');
INSERT INTO `book`(`title`,`entryid`,`isbn`) VALUES('Airmail because of dextrorse Scale','1863','0398740630975');
INSERT INTO `genre_book`(`genre`, `entryid`) VALUES ('Adventure','1863');
INSERT INTO `author_book`(`author`, `entryid`) VALUES ('Nichelle Seanez','1863');
INSERT INTO `publisher_book`(`publisher`, `entryid`) VALUES ('Mclaurin Inc.','1863');
INSERT INTO `entry`(`entryid`,`type`) VALUES('1864','b');
INSERT INTO `book`(`title`,`entryid`,`isbn`) VALUES('Dresser to the Ketchup','1864','0909591194514');
INSERT INTO `genre_book`(`genre`, `entryid`) VALUES ('Education','1864');
INSERT INTO `author_book`(`author`, `entryid`) VALUES ('Eveline Tognetti','1864');
INSERT INTO `publisher_book`(`publisher`, `entryid`) VALUES ('Bookter Cooperations.','1864');
INSERT INTO `entry`(`entryid`,`type`) VALUES('1865','b');
INSERT INTO `book`(`title`,`entryid`,`isbn`) VALUES('Output with the Quality','1865','9086461165940');
INSERT INTO `genre_book`(`genre`, `entryid`) VALUES ('Education','1865');
INSERT INTO `author_book`(`author`, `entryid`) VALUES ('Emilie Boza','1865');
INSERT INTO `publisher_book`(`publisher`, `entryid`) VALUES ('Southerland Inc.','1865');
INSERT INTO `entry`(`entryid`,`type`) VALUES('1866','b');
INSERT INTO `book`(`title`,`entryid`,`isbn`) VALUES('Knight by Interviewer','1866','0472133614614');
INSERT INTO `genre_book`(`genre`, `entryid`) VALUES ('Sci-Fi','1866');
INSERT INTO `author`(`name`,`birthyear`,`deathyear`) VALUES('Cara Doing','1902','1954');
INSERT INTO `author_book`(`author`, `entryid`) VALUES ('Cara Doing','1866');
INSERT INTO `publisher_book`(`publisher`, `entryid`) VALUES ('Hochmuth Cooperations.','1866');
INSERT INTO `entry`(`entryid`,`type`) VALUES('1867','b');
INSERT INTO `book`(`title`,`entryid`,`isbn`) VALUES('Stock against the bloomier Cushion','1867','0967250211136');
INSERT INTO `genre_book`(`genre`, `entryid`) VALUES ('Science','1867');
INSERT INTO `author_book`(`author`, `entryid`) VALUES ('Maryland Wettlaufer','1867');
INSERT INTO `publisher_book`(`publisher`, `entryid`) VALUES ('Ostwinkle Inc.','1867');
INSERT INTO `entry`(`entryid`,`type`) VALUES('1868','b');
INSERT INTO `book`(`title`,`entryid`,`isbn`) VALUES('Lake because of Leaf','1868','9124924224702');
INSERT INTO `genre_book`(`genre`, `entryid`) VALUES ('Romance','1868');
INSERT INTO `author_book`(`author`, `entryid`) VALUES ('Nichelle Seanez','1868');
INSERT INTO `publisher_book`(`publisher`, `entryid`) VALUES ('Schoo Cooperations.','1868');
INSERT INTO `entry`(`entryid`,`type`) VALUES('1869','b');
INSERT INTO `book`(`title`,`entryid`,`isbn`) VALUES('Equinox with Hose','1869','0302974409907');
INSERT INTO `genre_book`(`genre`, `entryid`) VALUES ('Adventure','1869');
INSERT INTO `author_book`(`author`, `entryid`) VALUES ('Marine Mantle','1869');
INSERT INTO `publisher_book`(`publisher`, `entryid`) VALUES ('Deprez Publishers.','1869');
INSERT INTO `entry`(`entryid`,`type`) VALUES('1870','b');
INSERT INTO `book`(`title`,`entryid`,`isbn`) VALUES('Education for Mother','1870','0441344272712');
INSERT INTO `genre_book`(`genre`, `entryid`) VALUES ('Romance','1870');
INSERT INTO `author_book`(`author`, `entryid`) VALUES ('Faith Barabas','1870');
INSERT INTO `publisher_book`(`publisher`, `entryid`) VALUES ('Dewaratanawan Inc.','1870');
INSERT INTO `entry`(`entryid`,`type`) VALUES('1871','b');
INSERT INTO `book`(`title`,`entryid`,`isbn`) VALUES('Latex for Spruce','1871','0330101629266');
INSERT INTO `genre_book`(`genre`, `entryid`) VALUES ('Sci-Fi','1871');
INSERT INTO `author_book`(`author`, `entryid`) VALUES ('Rosario Cauthron','1871');
INSERT INTO `publisher_book`(`publisher`, `entryid`) VALUES ('Laffer Publishers.','1871');
INSERT INTO `entry`(`entryid`,`type`) VALUES('1872','b');
INSERT INTO `book`(`title`,`entryid`,`isbn`) VALUES('Bit vs. new-model Patricia','1872','0141689088444');
INSERT INTO `genre_book`(`genre`, `entryid`) VALUES ('Science','1872');
INSERT INTO `author_book`(`author`, `entryid`) VALUES ('Hermila Schlabaugh','1872');
INSERT INTO `publisher_book`(`publisher`, `entryid`) VALUES ('Cutri Publishers.','1872');
INSERT INTO `entry`(`entryid`,`type`) VALUES('1873','b');
INSERT INTO `book`(`title`,`entryid`,`isbn`) VALUES('Delivery because of Store','1873','9655241561924');
INSERT INTO `genre_book`(`genre`, `entryid`) VALUES ('Science','1873');
INSERT INTO `author_book`(`author`, `entryid`) VALUES ('Velvet Fencil','1873');
INSERT INTO `publisher_book`(`publisher`, `entryid`) VALUES ('Tinin Cooperations.','1873');
INSERT INTO `entry`(`entryid`,`type`) VALUES('1874','b');
INSERT INTO `book`(`title`,`entryid`,`isbn`) VALUES('Thistle of neophytic Pigeon','1874','9457781697022');
INSERT INTO `genre_book`(`genre`, `entryid`) VALUES ('Sci-Fi','1874');
INSERT INTO `author_book`(`author`, `entryid`) VALUES ('Marietta Roen','1874');
INSERT INTO `publisher_book`(`publisher`, `entryid`) VALUES ('Koury Inc.','1874');
INSERT INTO `entry`(`entryid`,`type`) VALUES('1875','b');
INSERT INTO `book`(`title`,`entryid`,`isbn`) VALUES('James and Kamikaze','1875','9567742109030');
INSERT INTO `genre_book`(`genre`, `entryid`) VALUES ('Thriller','1875');
INSERT INTO `author_book`(`author`, `entryid`) VALUES ('Joe Generalao','1875');
INSERT INTO `publisher_book`(`publisher`, `entryid`) VALUES ('Crowner Cooperations.','1875');
INSERT INTO `entry`(`entryid`,`type`) VALUES('1876','b');
INSERT INTO `book`(`title`,`entryid`,`isbn`) VALUES('Bill of flip Popcorn','1876','9280968433737');
INSERT INTO `genre_book`(`genre`, `entryid`) VALUES ('Horror','1876');
INSERT INTO `author_book`(`author`, `entryid`) VALUES ('Ana Krushansky','1876');
INSERT INTO `publisher_book`(`publisher`, `entryid`) VALUES ('Flenaugh Publishers.','1876');
INSERT INTO `entry`(`entryid`,`type`) VALUES('1877','b');
INSERT INTO `book`(`title`,`entryid`,`isbn`) VALUES('Pan against multivalent Doctor','1877','9207181013953');
INSERT INTO `genre_book`(`genre`, `entryid`) VALUES ('Education','1877');
INSERT INTO `author_book`(`author`, `entryid`) VALUES ('Chasidy Hildebrandt','1877');
INSERT INTO `publisher_book`(`publisher`, `entryid`) VALUES ('Moncada Inc.','1877');
INSERT INTO `entry`(`entryid`,`type`) VALUES('1878','b');
INSERT INTO `book`(`title`,`entryid`,`isbn`) VALUES('Goat in the Plough','1878','9167968924160');
INSERT INTO `genre_book`(`genre`, `entryid`) VALUES ('Thriller','1878');
INSERT INTO `author_book`(`author`, `entryid`) VALUES ('Brittni Hendershot','1878');
INSERT INTO `publisher_book`(`publisher`, `entryid`) VALUES ('Franpton Cooperations.','1878');
INSERT INTO `entry`(`entryid`,`type`) VALUES('1879','b');
INSERT INTO `book`(`title`,`entryid`,`isbn`) VALUES('Judge in State','1879','0954932309422');
INSERT INTO `genre_book`(`genre`, `entryid`) VALUES ('Horror','1879');
INSERT INTO `author_book`(`author`, `entryid`) VALUES ('Corrina Sarsour','1879');
INSERT INTO `publisher_book`(`publisher`, `entryid`) VALUES ('Rodregues Publishers.','1879');
INSERT INTO `entry`(`entryid`,`type`) VALUES('1880','b');
INSERT INTO `book`(`title`,`entryid`,`isbn`) VALUES('Desk by Saxophone','1880','9599258466678');
INSERT INTO `genre_book`(`genre`, `entryid`) VALUES ('Education','1880');
INSERT INTO `author_book`(`author`, `entryid`) VALUES ('Velma Philson','1880');
INSERT INTO `publisher_book`(`publisher`, `entryid`) VALUES ('Losee Publishers.','1880');
INSERT INTO `entry`(`entryid`,`type`) VALUES('1881','b');
INSERT INTO `book`(`title`,`entryid`,`isbn`) VALUES('Command in self-seeking Actress','1881','0889638937956');
INSERT INTO `genre_book`(`genre`, `entryid`) VALUES ('Sci-Fi','1881');
INSERT INTO `author_book`(`author`, `entryid`) VALUES ('Kennith Kreutzer','1881');
INSERT INTO `publisher_book`(`publisher`, `entryid`) VALUES ('Stulce Publishers.','1881');
INSERT INTO `entry`(`entryid`,`type`) VALUES('1882','b');
INSERT INTO `book`(`title`,`entryid`,`isbn`) VALUES('Brother to Print','1882','9950781477192');
INSERT INTO `genre_book`(`genre`, `entryid`) VALUES ('Adventure','1882');
INSERT INTO `author_book`(`author`, `entryid`) VALUES ('Nichelle Seanez','1882');
INSERT INTO `publisher_book`(`publisher`, `entryid`) VALUES ('Kresha Inc.','1882');
INSERT INTO `entry`(`entryid`,`type`) VALUES('1883','b');
INSERT INTO `book`(`title`,`entryid`,`isbn`) VALUES('South africa by the Colony','1883','9495731594502');
INSERT INTO `genre_book`(`genre`, `entryid`) VALUES ('Science','1883');
INSERT INTO `author_book`(`author`, `entryid`) VALUES ('Meri Laragy','1883');
INSERT INTO `publisher_book`(`publisher`, `entryid`) VALUES ('Weisholz Publishers.','1883');
INSERT INTO `entry`(`entryid`,`type`) VALUES('1884','b');
INSERT INTO `book`(`title`,`entryid`,`isbn`) VALUES('Orange vs. quiescent Day','1884','9089315816521');
INSERT INTO `genre_book`(`genre`, `entryid`) VALUES ('Horror','1884');
INSERT INTO `author`(`name`,`birthyear`,`deathyear`) VALUES('Wen Monsma','1952','2006');
INSERT INTO `author_book`(`author`, `entryid`) VALUES ('Wen Monsma','1884');
INSERT INTO `publisher_book`(`publisher`, `entryid`) VALUES ('Gregas Cooperations.','1884');
INSERT INTO `entry`(`entryid`,`type`) VALUES('1885','b');
INSERT INTO `book`(`title`,`entryid`,`isbn`) VALUES('Meteorology by the Minute','1885','0168292069119');
INSERT INTO `genre_book`(`genre`, `entryid`) VALUES ('Science','1885');
INSERT INTO `author_book`(`author`, `entryid`) VALUES ('Rufina Chesick','1885');
INSERT INTO `publisher_book`(`publisher`, `entryid`) VALUES ('Dayhuff Inc.','1885');
INSERT INTO `entry`(`entryid`,`type`) VALUES('1886','b');
INSERT INTO `book`(`title`,`entryid`,`isbn`) VALUES('Sort and the River','1886','0060267633683');
INSERT INTO `genre_book`(`genre`, `entryid`) VALUES ('Horror','1886');
INSERT INTO `author_book`(`author`, `entryid`) VALUES ('Tereasa New','1886');
INSERT INTO `publisher_book`(`publisher`, `entryid`) VALUES ('Zalesky Publishers.','1886');
INSERT INTO `entry`(`entryid`,`type`) VALUES('1887','b');
INSERT INTO `book`(`title`,`entryid`,`isbn`) VALUES('Whip for Kimberly','1887','0982746060694');
INSERT INTO `genre_book`(`genre`, `entryid`) VALUES ('Romance','1887');
INSERT INTO `author_book`(`author`, `entryid`) VALUES ('Valerie Difiore','1887');
INSERT INTO `publisher_book`(`publisher`, `entryid`) VALUES ('Sin Inc.','1887');
INSERT INTO `entry`(`entryid`,`type`) VALUES('1888','b');
INSERT INTO `book`(`title`,`entryid`,`isbn`) VALUES('Burn of Music','1888','0936317946634');
INSERT INTO `genre_book`(`genre`, `entryid`) VALUES ('Sci-Fi','1888');
INSERT INTO `author_book`(`author`, `entryid`) VALUES ('Barry Capri','1888');
INSERT INTO `publisher_book`(`publisher`, `entryid`) VALUES ('Shore Cooperations.','1888');
INSERT INTO `entry`(`entryid`,`type`) VALUES('1889','b');
INSERT INTO `book`(`title`,`entryid`,`isbn`) VALUES('Taiwan with the alburnous Bicycle','1889','9812690792364');
INSERT INTO `genre_book`(`genre`, `entryid`) VALUES ('Thriller','1889');
INSERT INTO `author_book`(`author`, `entryid`) VALUES ('Corrina Sarsour','1889');
INSERT INTO `publisher_book`(`publisher`, `entryid`) VALUES ('Glazier Inc.','1889');
INSERT INTO `entry`(`entryid`,`type`) VALUES('1890','b');
INSERT INTO `book`(`title`,`entryid`,`isbn`) VALUES('Mustard of the Insurance','1890','0328123899399');
INSERT INTO `genre_book`(`genre`, `entryid`) VALUES ('Thriller','1890');
INSERT INTO `author_book`(`author`, `entryid`) VALUES ('Rosario Rotstein','1890');
INSERT INTO `publisher_book`(`publisher`, `entryid`) VALUES ('Pili Cooperations.','1890');
INSERT INTO `entry`(`entryid`,`type`) VALUES('1891','b');
INSERT INTO `book`(`title`,`entryid`,`isbn`) VALUES('Antarctica for Cricket','1891','9771322457378');
INSERT INTO `genre_book`(`genre`, `entryid`) VALUES ('Romance','1891');
INSERT INTO `author_book`(`author`, `entryid`) VALUES ('Rob Cimmino','1891');
INSERT INTO `publisher_book`(`publisher`, `entryid`) VALUES ('Manz Publishers.','1891');
INSERT INTO `entry`(`entryid`,`type`) VALUES('1892','b');
INSERT INTO `book`(`title`,`entryid`,`isbn`) VALUES('Fired of Skirt','1892','0572755842737');
INSERT INTO `genre_book`(`genre`, `entryid`) VALUES ('Education','1892');
INSERT INTO `author_book`(`author`, `entryid`) VALUES ('Tim Tirrell','1892');
INSERT INTO `publisher_book`(`publisher`, `entryid`) VALUES ('Ockmond Cooperations.','1892');
INSERT INTO `entry`(`entryid`,`type`) VALUES('1893','b');
INSERT INTO `book`(`title`,`entryid`,`isbn`) VALUES('Meeting of the subclavian Quarter','1893','9733935599712');
INSERT INTO `genre_book`(`genre`, `entryid`) VALUES ('Science','1893');
INSERT INTO `author_book`(`author`, `entryid`) VALUES ('Susannah Mcglockton','1893');
INSERT INTO `publisher_book`(`publisher`, `entryid`) VALUES ('Maronge Inc.','1893');
INSERT INTO `entry`(`entryid`,`type`) VALUES('1894','b');
INSERT INTO `book`(`title`,`entryid`,`isbn`) VALUES('Garage of deranged Elizabeth','1894','9572183844466');
INSERT INTO `genre_book`(`genre`, `entryid`) VALUES ('Romance','1894');
INSERT INTO `author_book`(`author`, `entryid`) VALUES ('Walter Balk','1894');
INSERT INTO `publisher_book`(`publisher`, `entryid`) VALUES ('Citrone Inc.','1894');
INSERT INTO `entry`(`entryid`,`type`) VALUES('1895','b');
INSERT INTO `book`(`title`,`entryid`,`isbn`) VALUES('Cocoa for Dorothy','1895','9121152481768');
INSERT INTO `genre_book`(`genre`, `entryid`) VALUES ('Education','1895');
INSERT INTO `author_book`(`author`, `entryid`) VALUES ('Elmira Maudlin','1895');
INSERT INTO `publisher_book`(`publisher`, `entryid`) VALUES ('Olcus Publishers.','1895');
INSERT INTO `entry`(`entryid`,`type`) VALUES('1896','b');
INSERT INTO `book`(`title`,`entryid`,`isbn`) VALUES('Revolver vs. puppyish Jury','1896','0302844948387');
INSERT INTO `genre_book`(`genre`, `entryid`) VALUES ('Sci-Fi','1896');
INSERT INTO `author_book`(`author`, `entryid`) VALUES ('Rudolph Vansteenhuyse','1896');
INSERT INTO `publisher_book`(`publisher`, `entryid`) VALUES ('Zalesky Publishers.','1896');
INSERT INTO `entry`(`entryid`,`type`) VALUES('1897','b');
INSERT INTO `book`(`title`,`entryid`,`isbn`) VALUES('Brochure by air-mail Veterinarian','1897','9705497136287');
INSERT INTO `genre_book`(`genre`, `entryid`) VALUES ('Adventure','1897');
INSERT INTO `author_book`(`author`, `entryid`) VALUES ('Pearlie Borra','1897');
INSERT INTO `publisher_book`(`publisher`, `entryid`) VALUES ('Virrey Publishers.','1897');
INSERT INTO `entry`(`entryid`,`type`) VALUES('1898','b');
INSERT INTO `book`(`title`,`entryid`,`isbn`) VALUES('Continent against Rose','1898','9598949484053');
INSERT INTO `genre_book`(`genre`, `entryid`) VALUES ('Sci-Fi','1898');
INSERT INTO `author_book`(`author`, `entryid`) VALUES ('Julene Tappe','1898');
INSERT INTO `publisher_book`(`publisher`, `entryid`) VALUES ('Shulenberger Cooperations.','1898');
INSERT INTO `entry`(`entryid`,`type`) VALUES('1899','b');
INSERT INTO `book`(`title`,`entryid`,`isbn`) VALUES('Dressing for Transport','1899','9114047230710');
INSERT INTO `genre_book`(`genre`, `entryid`) VALUES ('Science','1899');
INSERT INTO `author_book`(`author`, `entryid`) VALUES ('Lindsay Delong','1899');
INSERT INTO `publisher_book`(`publisher`, `entryid`) VALUES ('Tewa Publishers.','1899');
INSERT INTO `entry`(`entryid`,`type`) VALUES('1900','b');
INSERT INTO `book`(`title`,`entryid`,`isbn`) VALUES('Soda with Airship','1900','9954360340945');
INSERT INTO `genre_book`(`genre`, `entryid`) VALUES ('Adventure','1900');
INSERT INTO `author_book`(`author`, `entryid`) VALUES ('Waltraud Ealand','1900');
INSERT INTO `publisher_book`(`publisher`, `entryid`) VALUES ('Peal Cooperations.','1900');
INSERT INTO `entry`(`entryid`,`type`) VALUES('1901','b');
INSERT INTO `book`(`title`,`entryid`,`isbn`) VALUES('Retailer with to-and-fro Karate','1901','0361352144452');
INSERT INTO `genre_book`(`genre`, `entryid`) VALUES ('Thriller','1901');
INSERT INTO `author_book`(`author`, `entryid`) VALUES ('Laureen Bartoli','1901');
INSERT INTO `publisher_book`(`publisher`, `entryid`) VALUES ('Mikhail Cooperations.','1901');
INSERT INTO `entry`(`entryid`,`type`) VALUES('1902','b');
INSERT INTO `book`(`title`,`entryid`,`isbn`) VALUES('Chocolate to the naevoid Notebook','1902','9449125219242');
INSERT INTO `genre_book`(`genre`, `entryid`) VALUES ('Thriller','1902');
INSERT INTO `author_book`(`author`, `entryid`) VALUES ('Julia Fadeley','1902');
INSERT INTO `publisher_book`(`publisher`, `entryid`) VALUES ('Lindemuth Cooperations.','1902');
INSERT INTO `entry`(`entryid`,`type`) VALUES('1903','b');
INSERT INTO `book`(`title`,`entryid`,`isbn`) VALUES('Skate in Conga','1903','9909863521136');
INSERT INTO `genre_book`(`genre`, `entryid`) VALUES ('Adventure','1903');
INSERT INTO `author_book`(`author`, `entryid`) VALUES ('Alesia Mcvenes','1903');
INSERT INTO `publisher_book`(`publisher`, `entryid`) VALUES ('Aikens Inc.','1903');
INSERT INTO `entry`(`entryid`,`type`) VALUES('1904','b');
INSERT INTO `book`(`title`,`entryid`,`isbn`) VALUES('Dimple in Cheque','1904','9535254327366');
INSERT INTO `genre_book`(`genre`, `entryid`) VALUES ('Sci-Fi','1904');
INSERT INTO `author_book`(`author`, `entryid`) VALUES ('Otelia Mcabier','1904');
INSERT INTO `publisher_book`(`publisher`, `entryid`) VALUES ('Laffer Publishers.','1904');
INSERT INTO `entry`(`entryid`,`type`) VALUES('1905','b');
INSERT INTO `book`(`title`,`entryid`,`isbn`) VALUES('Example in the Shield','1905','9256829249966');
INSERT INTO `genre_book`(`genre`, `entryid`) VALUES ('Education','1905');
INSERT INTO `author_book`(`author`, `entryid`) VALUES ('Virgil Cantave','1905');
INSERT INTO `publisher_book`(`publisher`, `entryid`) VALUES ('Lessley Inc.','1905');
INSERT INTO `entry`(`entryid`,`type`) VALUES('1906','b');
INSERT INTO `book`(`title`,`entryid`,`isbn`) VALUES('War against thorniest Volcano','1906','0355455038960');
INSERT INTO `genre_book`(`genre`, `entryid`) VALUES ('Romance','1906');
INSERT INTO `author_book`(`author`, `entryid`) VALUES ('Darcel Illescas','1906');
INSERT INTO `publisher_book`(`publisher`, `entryid`) VALUES ('Stukes Publishers.','1906');
INSERT INTO `entry`(`entryid`,`type`) VALUES('1907','b');
INSERT INTO `book`(`title`,`entryid`,`isbn`) VALUES('Wrench of the scaleless Tea','1907','9050390613161');
INSERT INTO `genre_book`(`genre`, `entryid`) VALUES ('Adventure','1907');
INSERT INTO `author_book`(`author`, `entryid`) VALUES ('Janita Baldridge','1907');
INSERT INTO `publisher_book`(`publisher`, `entryid`) VALUES ('Lessley Inc.','1907');
INSERT INTO `entry`(`entryid`,`type`) VALUES('1908','b');
INSERT INTO `book`(`title`,`entryid`,`isbn`) VALUES('Panties to the Party','1908','9634327044640');
INSERT INTO `genre_book`(`genre`, `entryid`) VALUES ('Sci-Fi','1908');
INSERT INTO `author_book`(`author`, `entryid`) VALUES ('Alleen Sayaphon','1908');
INSERT INTO `publisher_book`(`publisher`, `entryid`) VALUES ('Toles Cooperations.','1908');
INSERT INTO `entry`(`entryid`,`type`) VALUES('1909','b');
INSERT INTO `book`(`title`,`entryid`,`isbn`) VALUES('Mass to semifluid Decision','1909','0974148615401');
INSERT INTO `genre_book`(`genre`, `entryid`) VALUES ('Horror','1909');
INSERT INTO `author_book`(`author`, `entryid`) VALUES ('Rudolph Vansteenhuyse','1909');
INSERT INTO `publisher_book`(`publisher`, `entryid`) VALUES ('Marples Cooperations.','1909');
INSERT INTO `entry`(`entryid`,`type`) VALUES('1910','b');
INSERT INTO `book`(`title`,`entryid`,`isbn`) VALUES('North for the nuggety Family','1910','0704922417332');
INSERT INTO `genre_book`(`genre`, `entryid`) VALUES ('Thriller','1910');
INSERT INTO `author_book`(`author`, `entryid`) VALUES ('Jamey Sivia','1910');
INSERT INTO `publisher_book`(`publisher`, `entryid`) VALUES ('Mccoil Cooperations.','1910');
INSERT INTO `entry`(`entryid`,`type`) VALUES('1911','b');
INSERT INTO `book`(`title`,`entryid`,`isbn`) VALUES('Ghana for scrawly Cylinder','1911','9223299077792');
INSERT INTO `genre_book`(`genre`, `entryid`) VALUES ('Sci-Fi','1911');
INSERT INTO `author_book`(`author`, `entryid`) VALUES ('Oneida Kulesa','1911');
INSERT INTO `publisher_book`(`publisher`, `entryid`) VALUES ('Mccoil Cooperations.','1911');
INSERT INTO `entry`(`entryid`,`type`) VALUES('1912','b');
INSERT INTO `book`(`title`,`entryid`,`isbn`) VALUES('Certification against unserviceable Peanut','1912','0206331562866');
INSERT INTO `genre_book`(`genre`, `entryid`) VALUES ('Romance','1912');
INSERT INTO `author_book`(`author`, `entryid`) VALUES ('Shakia Trescott','1912');
INSERT INTO `publisher_book`(`publisher`, `entryid`) VALUES ('Yi Cooperations.','1912');
INSERT INTO `entry`(`entryid`,`type`) VALUES('1913','b');
INSERT INTO `book`(`title`,`entryid`,`isbn`) VALUES('Texture for Thursday','1913','0417155559995');
INSERT INTO `genre_book`(`genre`, `entryid`) VALUES ('Horror','1913');
INSERT INTO `author_book`(`author`, `entryid`) VALUES ('Merlyn Locascio','1913');
INSERT INTO `publisher_book`(`publisher`, `entryid`) VALUES ('Padgett Cooperations.','1913');
INSERT INTO `entry`(`entryid`,`type`) VALUES('1914','b');
INSERT INTO `book`(`title`,`entryid`,`isbn`) VALUES('Statistic in the Window','1914','0985525719645');
INSERT INTO `genre_book`(`genre`, `entryid`) VALUES ('Adventure','1914');
INSERT INTO `author_book`(`author`, `entryid`) VALUES ('Larita Smolnicky','1914');
INSERT INTO `publisher_book`(`publisher`, `entryid`) VALUES ('Hamers Inc.','1914');
INSERT INTO `entry`(`entryid`,`type`) VALUES('1915','b');
INSERT INTO `book`(`title`,`entryid`,`isbn`) VALUES('Japanese with unstockinged Carriage','1915','9912876946475');
INSERT INTO `genre_book`(`genre`, `entryid`) VALUES ('Thriller','1915');
INSERT INTO `author_book`(`author`, `entryid`) VALUES ('Kiyoko Corradini','1915');
INSERT INTO `publisher_book`(`publisher`, `entryid`) VALUES ('Teisberg Publishers.','1915');
INSERT INTO `entry`(`entryid`,`type`) VALUES('1916','b');
INSERT INTO `book`(`title`,`entryid`,`isbn`) VALUES('City with the Patio','1916','0437597318596');
INSERT INTO `genre_book`(`genre`, `entryid`) VALUES ('Adventure','1916');
INSERT INTO `author_book`(`author`, `entryid`) VALUES ('Grace Dagdag','1916');
INSERT INTO `publisher_book`(`publisher`, `entryid`) VALUES ('Toles Cooperations.','1916');
INSERT INTO `entry`(`entryid`,`type`) VALUES('1917','b');
INSERT INTO `book`(`title`,`entryid`,`isbn`) VALUES('Purpose by snotty Egypt','1917','9572872777319');
INSERT INTO `genre_book`(`genre`, `entryid`) VALUES ('Education','1917');
INSERT INTO `author_book`(`author`, `entryid`) VALUES ('Julian Hespe','1917');
INSERT INTO `publisher_book`(`publisher`, `entryid`) VALUES ('Demore Inc.','1917');
INSERT INTO `entry`(`entryid`,`type`) VALUES('1918','b');
INSERT INTO `book`(`title`,`entryid`,`isbn`) VALUES('Larch to the Dada Exhaust','1918','0631280389232');
INSERT INTO `genre_book`(`genre`, `entryid`) VALUES ('Adventure','1918');
INSERT INTO `author_book`(`author`, `entryid`) VALUES ('Rob Cimmino','1918');
INSERT INTO `publisher_book`(`publisher`, `entryid`) VALUES ('Merckling Inc.','1918');
INSERT INTO `entry`(`entryid`,`type`) VALUES('1919','b');
INSERT INTO `book`(`title`,`entryid`,`isbn`) VALUES('Linen in Buddhism Trousers','1919','9899385643220');
INSERT INTO `genre_book`(`genre`, `entryid`) VALUES ('Education','1919');
INSERT INTO `author_book`(`author`, `entryid`) VALUES ('Arnulfo Bunnell','1919');
INSERT INTO `publisher_book`(`publisher`, `entryid`) VALUES ('Hochmuth Cooperations.','1919');
INSERT INTO `entry`(`entryid`,`type`) VALUES('1920','b');
INSERT INTO `book`(`title`,`entryid`,`isbn`) VALUES('Study vs. enlivening Rainstorm','1920','9284131593125');
INSERT INTO `genre_book`(`genre`, `entryid`) VALUES ('Education','1920');
INSERT INTO `author_book`(`author`, `entryid`) VALUES ('Marry Bontemps','1920');
INSERT INTO `publisher_book`(`publisher`, `entryid`) VALUES ('Giangregorio Cooperations.','1920');
INSERT INTO `entry`(`entryid`,`type`) VALUES('1921','b');
INSERT INTO `book`(`title`,`entryid`,`isbn`) VALUES('Sparrow and the incorrigible Tulip','1921','9642286642947');
INSERT INTO `genre_book`(`genre`, `entryid`) VALUES ('Sci-Fi','1921');
INSERT INTO `author_book`(`author`, `entryid`) VALUES ('Theresa Jorda','1921');
INSERT INTO `publisher_book`(`publisher`, `entryid`) VALUES ('Bowersmith Cooperations.','1921');
INSERT INTO `entry`(`entryid`,`type`) VALUES('1922','b');
INSERT INTO `book`(`title`,`entryid`,`isbn`) VALUES('Sailboat of dysgenic Octave','1922','0675144408281');
INSERT INTO `genre_book`(`genre`, `entryid`) VALUES ('Horror','1922');
INSERT INTO `author_book`(`author`, `entryid`) VALUES ('Laure Acorda','1922');
INSERT INTO `publisher_book`(`publisher`, `entryid`) VALUES ('Edin Publishers.','1922');
INSERT INTO `entry`(`entryid`,`type`) VALUES('1923','b');
INSERT INTO `book`(`title`,`entryid`,`isbn`) VALUES('Digestion with the Parsnip','1923','9389136364080');
INSERT INTO `genre_book`(`genre`, `entryid`) VALUES ('Sci-Fi','1923');
INSERT INTO `author_book`(`author`, `entryid`) VALUES ('Jayne Winkles','1923');
INSERT INTO `publisher_book`(`publisher`, `entryid`) VALUES ('Brumbaugh Cooperations.','1923');
INSERT INTO `entry`(`entryid`,`type`) VALUES('1924','b');
INSERT INTO `book`(`title`,`entryid`,`isbn`) VALUES('Shampoo and the Vise','1924','0731922046249');
INSERT INTO `genre_book`(`genre`, `entryid`) VALUES ('Adventure','1924');
INSERT INTO `author_book`(`author`, `entryid`) VALUES ('Eveline Tognetti','1924');
INSERT INTO `publisher_book`(`publisher`, `entryid`) VALUES ('Cantlow Inc.','1924');
INSERT INTO `entry`(`entryid`,`type`) VALUES('1925','b');
INSERT INTO `book`(`title`,`entryid`,`isbn`) VALUES('South africa because of Latex','1925','0647877224537');
INSERT INTO `genre_book`(`genre`, `entryid`) VALUES ('Romance','1925');
INSERT INTO `author_book`(`author`, `entryid`) VALUES ('Sina Frederic','1925');
INSERT INTO `publisher_book`(`publisher`, `entryid`) VALUES ('Hanberry Inc.','1925');
INSERT INTO `entry`(`entryid`,`type`) VALUES('1926','b');
INSERT INTO `book`(`title`,`entryid`,`isbn`) VALUES('Aunt of Digestion','1926','0058829122826');
INSERT INTO `genre_book`(`genre`, `entryid`) VALUES ('Thriller','1926');
INSERT INTO `author_book`(`author`, `entryid`) VALUES ('Chu Mccra','1926');
INSERT INTO `publisher_book`(`publisher`, `entryid`) VALUES ('Hanberry Inc.','1926');
INSERT INTO `entry`(`entryid`,`type`) VALUES('1927','b');
INSERT INTO `book`(`title`,`entryid`,`isbn`) VALUES('Betty because of sarraceniaceous Command','1927','9212304205842');
INSERT INTO `genre_book`(`genre`, `entryid`) VALUES ('Education','1927');
INSERT INTO `author_book`(`author`, `entryid`) VALUES ('Jennette Cinkan','1927');
INSERT INTO `publisher_book`(`publisher`, `entryid`) VALUES ('Bartolomei Cooperations.','1927');
INSERT INTO `entry`(`entryid`,`type`) VALUES('1928','b');
INSERT INTO `book`(`title`,`entryid`,`isbn`) VALUES('Toilet because of Comfort','1928','9522110154499');
INSERT INTO `genre_book`(`genre`, `entryid`) VALUES ('Thriller','1928');
INSERT INTO `author_book`(`author`, `entryid`) VALUES ('Jonah Morgandi','1928');
INSERT INTO `publisher_book`(`publisher`, `entryid`) VALUES ('Dallis Cooperations.','1928');
INSERT INTO `entry`(`entryid`,`type`) VALUES('1929','b');
INSERT INTO `book`(`title`,`entryid`,`isbn`) VALUES('Panther to the Caravan','1929','9171218446569');
INSERT INTO `genre_book`(`genre`, `entryid`) VALUES ('Science','1929');
INSERT INTO `author_book`(`author`, `entryid`) VALUES ('Otis Kisiel','1929');
INSERT INTO `publisher_book`(`publisher`, `entryid`) VALUES ('Niforos Publishers.','1929');
INSERT INTO `entry`(`entryid`,`type`) VALUES('1930','b');
INSERT INTO `book`(`title`,`entryid`,`isbn`) VALUES('Carrot with Tortellini','1930','0213217558598');
INSERT INTO `genre_book`(`genre`, `entryid`) VALUES ('Education','1930');
INSERT INTO `author_book`(`author`, `entryid`) VALUES ('Gayla Yockey','1930');
INSERT INTO `publisher_book`(`publisher`, `entryid`) VALUES ('Schoo Cooperations.','1930');
INSERT INTO `entry`(`entryid`,`type`) VALUES('1931','b');
INSERT INTO `book`(`title`,`entryid`,`isbn`) VALUES('Biplane for heroical Delete','1931','9505305854082');
INSERT INTO `genre_book`(`genre`, `entryid`) VALUES ('Science','1931');
INSERT INTO `author`(`name`,`birthyear`,`deathyear`) VALUES('Katelyn Sierra','1980','2027');
INSERT INTO `author_book`(`author`, `entryid`) VALUES ('Katelyn Sierra','1931');
INSERT INTO `publisher_book`(`publisher`, `entryid`) VALUES ('Ostwinkle Inc.','1931');
INSERT INTO `entry`(`entryid`,`type`) VALUES('1932','b');
INSERT INTO `book`(`title`,`entryid`,`isbn`) VALUES('Alligator vs. Worm','1932','0753954151896');
INSERT INTO `genre_book`(`genre`, `entryid`) VALUES ('Education','1932');
INSERT INTO `author_book`(`author`, `entryid`) VALUES ('Madeleine Holm','1932');
INSERT INTO `publisher_book`(`publisher`, `entryid`) VALUES ('Hamers Inc.','1932');
INSERT INTO `entry`(`entryid`,`type`) VALUES('1933','b');
INSERT INTO `book`(`title`,`entryid`,`isbn`) VALUES('Bubble by the anthelminthic Baker','1933','0419645723354');
INSERT INTO `genre_book`(`genre`, `entryid`) VALUES ('Adventure','1933');
INSERT INTO `author_book`(`author`, `entryid`) VALUES ('Lili Vanderlip','1933');
INSERT INTO `publisher_book`(`publisher`, `entryid`) VALUES ('Cantlow Inc.','1933');
INSERT INTO `entry`(`entryid`,`type`) VALUES('1934','b');
INSERT INTO `book`(`title`,`entryid`,`isbn`) VALUES('Pastor vs. Humidity','1934','9936097601915');
INSERT INTO `genre_book`(`genre`, `entryid`) VALUES ('Adventure','1934');
INSERT INTO `author_book`(`author`, `entryid`) VALUES ('Drucilla Allstott','1934');
INSERT INTO `publisher_book`(`publisher`, `entryid`) VALUES ('Citrone Inc.','1934');
INSERT INTO `entry`(`entryid`,`type`) VALUES('1935','b');
INSERT INTO `book`(`title`,`entryid`,`isbn`) VALUES('Desert for the Avenue','1935','0779437063830');
INSERT INTO `genre_book`(`genre`, `entryid`) VALUES ('Thriller','1935');
INSERT INTO `author_book`(`author`, `entryid`) VALUES ('Noelia Ardery','1935');
INSERT INTO `publisher_book`(`publisher`, `entryid`) VALUES ('Demore Inc.','1935');
INSERT INTO `entry`(`entryid`,`type`) VALUES('1936','b');
INSERT INTO `book`(`title`,`entryid`,`isbn`) VALUES('Leather of out-and-out Sideboard','1936','0741678429784');
INSERT INTO `genre_book`(`genre`, `entryid`) VALUES ('Adventure','1936');
INSERT INTO `author_book`(`author`, `entryid`) VALUES ('Jayne Winkles','1936');
INSERT INTO `publisher_book`(`publisher`, `entryid`) VALUES ('Stukes Publishers.','1936');
INSERT INTO `entry`(`entryid`,`type`) VALUES('1937','b');
INSERT INTO `book`(`title`,`entryid`,`isbn`) VALUES('Scraper and the Mirror','1937','9667185200210');
INSERT INTO `genre_book`(`genre`, `entryid`) VALUES ('Education','1937');
INSERT INTO `author_book`(`author`, `entryid`) VALUES ('Joselyn Pennigton','1937');
INSERT INTO `publisher_book`(`publisher`, `entryid`) VALUES ('Declercq Publishers.','1937');
INSERT INTO `entry`(`entryid`,`type`) VALUES('1938','b');
INSERT INTO `book`(`title`,`entryid`,`isbn`) VALUES('Dedication vs. bumpkinish Writer','1938','0334855051413');
INSERT INTO `genre_book`(`genre`, `entryid`) VALUES ('Romance','1938');
INSERT INTO `author_book`(`author`, `entryid`) VALUES ('Dalia Danza','1938');
INSERT INTO `publisher_book`(`publisher`, `entryid`) VALUES ('Padgett Cooperations.','1938');
INSERT INTO `entry`(`entryid`,`type`) VALUES('1939','b');
INSERT INTO `book`(`title`,`entryid`,`isbn`) VALUES('Goose to the adamantine Onion','1939','0746070294061');
INSERT INTO `genre_book`(`genre`, `entryid`) VALUES ('Adventure','1939');
INSERT INTO `author_book`(`author`, `entryid`) VALUES ('Colene Mcmanamy','1939');
INSERT INTO `publisher_book`(`publisher`, `entryid`) VALUES ('Dewaratanawan Inc.','1939');
INSERT INTO `entry`(`entryid`,`type`) VALUES('1940','b');
INSERT INTO `book`(`title`,`entryid`,`isbn`) VALUES('Turtle in the uppish Minister','1940','9412768065783');
INSERT INTO `genre_book`(`genre`, `entryid`) VALUES ('Sci-Fi','1940');
INSERT INTO `author_book`(`author`, `entryid`) VALUES ('Beula Lajeunesse','1940');
INSERT INTO `publisher_book`(`publisher`, `entryid`) VALUES ('Dayhuff Inc.','1940');
INSERT INTO `entry`(`entryid`,`type`) VALUES('1941','b');
INSERT INTO `book`(`title`,`entryid`,`isbn`) VALUES('Finger in the samariform Boy','1941','0300772889136');
INSERT INTO `genre_book`(`genre`, `entryid`) VALUES ('Sci-Fi','1941');
INSERT INTO `author_book`(`author`, `entryid`) VALUES ('Yolando Harward','1941');
INSERT INTO `publisher_book`(`publisher`, `entryid`) VALUES ('Cristo Inc.','1941');
INSERT INTO `entry`(`entryid`,`type`) VALUES('1942','b');
INSERT INTO `book`(`title`,`entryid`,`isbn`) VALUES('Richard by the Forecast','1942','9045360806669');
INSERT INTO `genre_book`(`genre`, `entryid`) VALUES ('Horror','1942');
INSERT INTO `author_book`(`author`, `entryid`) VALUES ('Arnulfo Bunnell','1942');
INSERT INTO `publisher_book`(`publisher`, `entryid`) VALUES ('Franpton Cooperations.','1942');
INSERT INTO `entry`(`entryid`,`type`) VALUES('1943','b');
INSERT INTO `book`(`title`,`entryid`,`isbn`) VALUES('Tray to the reeky Earthquake','1943','9089003192163');
INSERT INTO `genre_book`(`genre`, `entryid`) VALUES ('Romance','1943');
INSERT INTO `author_book`(`author`, `entryid`) VALUES ('Pearlene Seuell','1943');
INSERT INTO `publisher_book`(`publisher`, `entryid`) VALUES ('Zapata Cooperations.','1943');
INSERT INTO `entry`(`entryid`,`type`) VALUES('1944','b');
INSERT INTO `book`(`title`,`entryid`,`isbn`) VALUES('Amusement against Slave','1944','0032702566649');
INSERT INTO `genre_book`(`genre`, `entryid`) VALUES ('Adventure','1944');
INSERT INTO `author_book`(`author`, `entryid`) VALUES ('Gloria Barrick','1944');
INSERT INTO `publisher_book`(`publisher`, `entryid`) VALUES ('Deprez Publishers.','1944');
INSERT INTO `entry`(`entryid`,`type`) VALUES('1945','b');
INSERT INTO `book`(`title`,`entryid`,`isbn`) VALUES('Greece of Shield','1945','9818325982382');
INSERT INTO `genre_book`(`genre`, `entryid`) VALUES ('Romance','1945');
INSERT INTO `author_book`(`author`, `entryid`) VALUES ('Christiana Broomhead','1945');
INSERT INTO `publisher_book`(`publisher`, `entryid`) VALUES ('Southerland Inc.','1945');
INSERT INTO `entry`(`entryid`,`type`) VALUES('1946','b');
INSERT INTO `book`(`title`,`entryid`,`isbn`) VALUES('Cuban to the cochlear Tomato','1946','9629332145002');
INSERT INTO `genre_book`(`genre`, `entryid`) VALUES ('Adventure','1946');
INSERT INTO `author_book`(`author`, `entryid`) VALUES ('Jamey Sivia','1946');
INSERT INTO `publisher_book`(`publisher`, `entryid`) VALUES ('Naegle Publishers.','1946');
INSERT INTO `entry`(`entryid`,`type`) VALUES('1947','b');
INSERT INTO `book`(`title`,`entryid`,`isbn`) VALUES('Relation for the Belgian','1947','0088921126939');
INSERT INTO `genre_book`(`genre`, `entryid`) VALUES ('Adventure','1947');
INSERT INTO `author_book`(`author`, `entryid`) VALUES ('Darcel Illescas','1947');
INSERT INTO `publisher_book`(`publisher`, `entryid`) VALUES ('Koury Inc.','1947');
INSERT INTO `entry`(`entryid`,`type`) VALUES('1948','b');
INSERT INTO `book`(`title`,`entryid`,`isbn`) VALUES('Sex with the Monegasque Memory','1948','0578407686844');
INSERT INTO `genre_book`(`genre`, `entryid`) VALUES ('Thriller','1948');
INSERT INTO `author_book`(`author`, `entryid`) VALUES ('Glady Thero','1948');
INSERT INTO `publisher_book`(`publisher`, `entryid`) VALUES ('Franpton Cooperations.','1948');
INSERT INTO `entry`(`entryid`,`type`) VALUES('1949','b');
INSERT INTO `book`(`title`,`entryid`,`isbn`) VALUES('Cloakroom and the spheric Wrist','1949','0921342317244');
INSERT INTO `genre_book`(`genre`, `entryid`) VALUES ('Horror','1949');
INSERT INTO `author_book`(`author`, `entryid`) VALUES ('Roxie Lefore','1949');
INSERT INTO `publisher_book`(`publisher`, `entryid`) VALUES ('Manz Publishers.','1949');
INSERT INTO `entry`(`entryid`,`type`) VALUES('1950','b');
INSERT INTO `book`(`title`,`entryid`,`isbn`) VALUES('Handball against the spouting Offence','1950','9274992332806');
INSERT INTO `genre_book`(`genre`, `entryid`) VALUES ('Romance','1950');
INSERT INTO `author_book`(`author`, `entryid`) VALUES ('Lucas Livsey','1950');
INSERT INTO `publisher_book`(`publisher`, `entryid`) VALUES ('Yi Cooperations.','1950');
INSERT INTO `entry`(`entryid`,`type`) VALUES('1951','b');
INSERT INTO `book`(`title`,`entryid`,`isbn`) VALUES('Reduction and Rat','1951','0361304690537');
INSERT INTO `genre_book`(`genre`, `entryid`) VALUES ('Thriller','1951');
INSERT INTO `author_book`(`author`, `entryid`) VALUES ('Chasidy Hildebrandt','1951');
INSERT INTO `publisher_book`(`publisher`, `entryid`) VALUES ('Bookter Cooperations.','1951');
INSERT INTO `entry`(`entryid`,`type`) VALUES('1952','b');
INSERT INTO `book`(`title`,`entryid`,`isbn`) VALUES('Basketball by the Interviewer','1952','0895846630173');
INSERT INTO `genre_book`(`genre`, `entryid`) VALUES ('Education','1952');
INSERT INTO `author_book`(`author`, `entryid`) VALUES ('Danelle Trimboli','1952');
INSERT INTO `publisher_book`(`publisher`, `entryid`) VALUES ('Bowersmith Cooperations.','1952');
INSERT INTO `entry`(`entryid`,`type`) VALUES('1953','b');
INSERT INTO `book`(`title`,`entryid`,`isbn`) VALUES('Aluminium against French','1953','0697646767867');
INSERT INTO `genre_book`(`genre`, `entryid`) VALUES ('Science','1953');
INSERT INTO `author_book`(`author`, `entryid`) VALUES ('Chang Niccoli','1953');
INSERT INTO `publisher_book`(`publisher`, `entryid`) VALUES ('Demore Inc.','1953');
INSERT INTO `entry`(`entryid`,`type`) VALUES('1954','b');
INSERT INTO `book`(`title`,`entryid`,`isbn`) VALUES('Alloy by dissimilar Beam','1954','0571122395824');
INSERT INTO `genre_book`(`genre`, `entryid`) VALUES ('Horror','1954');
INSERT INTO `author_book`(`author`, `entryid`) VALUES ('Cara Doing','1954');
INSERT INTO `publisher_book`(`publisher`, `entryid`) VALUES ('Ostwinkle Inc.','1954');
INSERT INTO `entry`(`entryid`,`type`) VALUES('1955','b');
INSERT INTO `book`(`title`,`entryid`,`isbn`) VALUES('Scorpion to the Computer','1955','9014475085881');
INSERT INTO `genre_book`(`genre`, `entryid`) VALUES ('Education','1955');
INSERT INTO `author`(`name`,`birthyear`,`deathyear`) VALUES('Francoise Chars','1902','1939');
INSERT INTO `author_book`(`author`, `entryid`) VALUES ('Francoise Chars','1955');
INSERT INTO `publisher_book`(`publisher`, `entryid`) VALUES ('Hamers Inc.','1955');
INSERT INTO `entry`(`entryid`,`type`) VALUES('1956','b');
INSERT INTO `book`(`title`,`entryid`,`isbn`) VALUES('Inventory with Siberian','1956','0740086226182');
INSERT INTO `genre_book`(`genre`, `entryid`) VALUES ('Horror','1956');
INSERT INTO `author_book`(`author`, `entryid`) VALUES ('Clotilde Beauvais','1956');
INSERT INTO `publisher_book`(`publisher`, `entryid`) VALUES ('Ameduri Publishers.','1956');
INSERT INTO `entry`(`entryid`,`type`) VALUES('1957','b');
INSERT INTO `book`(`title`,`entryid`,`isbn`) VALUES('Mail with Baby','1957','0411704296833');
INSERT INTO `genre_book`(`genre`, `entryid`) VALUES ('Sci-Fi','1957');
INSERT INTO `author_book`(`author`, `entryid`) VALUES ('Glady Thero','1957');
INSERT INTO `publisher_book`(`publisher`, `entryid`) VALUES ('Moncada Inc.','1957');
INSERT INTO `entry`(`entryid`,`type`) VALUES('1958','b');
INSERT INTO `book`(`title`,`entryid`,`isbn`) VALUES('Aftershave against the coziest Reading','1958','9629126507661');
INSERT INTO `genre_book`(`genre`, `entryid`) VALUES ('Horror','1958');
INSERT INTO `author_book`(`author`, `entryid`) VALUES ('Teodora Wilmont','1958');
INSERT INTO `publisher_book`(`publisher`, `entryid`) VALUES ('Marples Cooperations.','1958');
INSERT INTO `entry`(`entryid`,`type`) VALUES('1959','b');
INSERT INTO `book`(`title`,`entryid`,`isbn`) VALUES('Samurai to the turgid Grill','1959','9052465699725');
INSERT INTO `genre_book`(`genre`, `entryid`) VALUES ('Thriller','1959');
INSERT INTO `author_book`(`author`, `entryid`) VALUES ('Keva Timmreck','1959');
INSERT INTO `publisher_book`(`publisher`, `entryid`) VALUES ('Bartolomei Cooperations.','1959');
INSERT INTO `entry`(`entryid`,`type`) VALUES('1960','b');
INSERT INTO `book`(`title`,`entryid`,`isbn`) VALUES('Throat of the Panty','1960','9850849917851');
INSERT INTO `genre_book`(`genre`, `entryid`) VALUES ('Adventure','1960');
INSERT INTO `author_book`(`author`, `entryid`) VALUES ('Raymond Savic','1960');
INSERT INTO `publisher_book`(`publisher`, `entryid`) VALUES ('Zalesky Publishers.','1960');
INSERT INTO `entry`(`entryid`,`type`) VALUES('1961','b');
INSERT INTO `book`(`title`,`entryid`,`isbn`) VALUES('Death for the Governor','1961','9635990128942');
INSERT INTO `genre_book`(`genre`, `entryid`) VALUES ('Romance','1961');
INSERT INTO `author_book`(`author`, `entryid`) VALUES ('Valerie Difiore','1961');
INSERT INTO `publisher_book`(`publisher`, `entryid`) VALUES ('Steedman Cooperations.','1961');
INSERT INTO `entry`(`entryid`,`type`) VALUES('1962','b');
INSERT INTO `book`(`title`,`entryid`,`isbn`) VALUES('David and the Cousin','1962','0505584853466');
INSERT INTO `genre_book`(`genre`, `entryid`) VALUES ('Romance','1962');
INSERT INTO `author_book`(`author`, `entryid`) VALUES ('Coreen Griffth','1962');
INSERT INTO `publisher_book`(`publisher`, `entryid`) VALUES ('Nocito Publishers.','1962');
INSERT INTO `entry`(`entryid`,`type`) VALUES('1963','b');
INSERT INTO `book`(`title`,`entryid`,`isbn`) VALUES('Pedestrian to the United kingdom','1963','0696305254675');
INSERT INTO `genre_book`(`genre`, `entryid`) VALUES ('Romance','1963');
INSERT INTO `author_book`(`author`, `entryid`) VALUES ('Coreen Griffth','1963');
INSERT INTO `publisher_book`(`publisher`, `entryid`) VALUES ('Tinin Cooperations.','1963');
INSERT INTO `entry`(`entryid`,`type`) VALUES('1964','b');
INSERT INTO `book`(`title`,`entryid`,`isbn`) VALUES('Blow because of eleventh Command','1964','9521465255599');
INSERT INTO `genre_book`(`genre`, `entryid`) VALUES ('Education','1964');
INSERT INTO `author_book`(`author`, `entryid`) VALUES ('Nevada Hebenstreit','1964');
INSERT INTO `publisher_book`(`publisher`, `entryid`) VALUES ('Laffer Publishers.','1964');
INSERT INTO `entry`(`entryid`,`type`) VALUES('1965','b');
INSERT INTO `book`(`title`,`entryid`,`isbn`) VALUES('Politician in unhunted Grip','1965','9328110966115');
INSERT INTO `genre_book`(`genre`, `entryid`) VALUES ('Horror','1965');
INSERT INTO `author_book`(`author`, `entryid`) VALUES ('Lucinda Sillman','1965');
INSERT INTO `publisher_book`(`publisher`, `entryid`) VALUES ('Dallis Cooperations.','1965');
INSERT INTO `entry`(`entryid`,`type`) VALUES('1966','b');
INSERT INTO `book`(`title`,`entryid`,`isbn`) VALUES('Wire in the Dredger','1966','9682591257606');
INSERT INTO `genre_book`(`genre`, `entryid`) VALUES ('Science','1966');
INSERT INTO `author_book`(`author`, `entryid`) VALUES ('Vina Hakes','1966');
INSERT INTO `publisher_book`(`publisher`, `entryid`) VALUES ('Teisberg Publishers.','1966');
INSERT INTO `entry`(`entryid`,`type`) VALUES('1967','b');
INSERT INTO `book`(`title`,`entryid`,`isbn`) VALUES('Carrot against airtight Children','1967','0619678649277');
INSERT INTO `genre_book`(`genre`, `entryid`) VALUES ('Adventure','1967');
INSERT INTO `author_book`(`author`, `entryid`) VALUES ('Magdalena Kearbey','1967');
INSERT INTO `publisher_book`(`publisher`, `entryid`) VALUES ('Ostling Cooperations.','1967');
INSERT INTO `entry`(`entryid`,`type`) VALUES('1968','b');
INSERT INTO `book`(`title`,`entryid`,`isbn`) VALUES('Tile against Edward','1968','0101577288023');
INSERT INTO `genre_book`(`genre`, `entryid`) VALUES ('Adventure','1968');
INSERT INTO `author_book`(`author`, `entryid`) VALUES ('Odelia Pettersen','1968');
INSERT INTO `publisher_book`(`publisher`, `entryid`) VALUES ('Gregas Cooperations.','1968');
INSERT INTO `entry`(`entryid`,`type`) VALUES('1969','b');
INSERT INTO `book`(`title`,`entryid`,`isbn`) VALUES('Break to Joseph','1969','0218004355241');
INSERT INTO `genre_book`(`genre`, `entryid`) VALUES ('Thriller','1969');
INSERT INTO `author`(`name`,`birthyear`,`deathyear`) VALUES('Hien Kreidel','1955','2010');
INSERT INTO `author_book`(`author`, `entryid`) VALUES ('Hien Kreidel','1969');
INSERT INTO `publisher_book`(`publisher`, `entryid`) VALUES ('Maronge Inc.','1969');
INSERT INTO `entry`(`entryid`,`type`) VALUES('1970','b');
INSERT INTO `book`(`title`,`entryid`,`isbn`) VALUES('Basin in the Algonkian Basement','1970','0832517632749');
INSERT INTO `genre_book`(`genre`, `entryid`) VALUES ('Science','1970');
INSERT INTO `author_book`(`author`, `entryid`) VALUES ('Suanne Nasworthy','1970');
INSERT INTO `publisher_book`(`publisher`, `entryid`) VALUES ('Turnbull Inc.','1970');
INSERT INTO `entry`(`entryid`,`type`) VALUES('1971','b');
INSERT INTO `book`(`title`,`entryid`,`isbn`) VALUES('Cabinet with the solidary Relative','1971','0368073345356');
INSERT INTO `genre_book`(`genre`, `entryid`) VALUES ('Education','1971');
INSERT INTO `author_book`(`author`, `entryid`) VALUES ('Oren Chason','1971');
INSERT INTO `publisher_book`(`publisher`, `entryid`) VALUES ('Turnbull Inc.','1971');
INSERT INTO `entry`(`entryid`,`type`) VALUES('1972','b');
INSERT INTO `book`(`title`,`entryid`,`isbn`) VALUES('Beach to the Store','1972','0202891409669');
INSERT INTO `genre_book`(`genre`, `entryid`) VALUES ('Education','1972');
INSERT INTO `author_book`(`author`, `entryid`) VALUES ('Rosaline Coffelt','1972');
INSERT INTO `publisher_book`(`publisher`, `entryid`) VALUES ('Tinin Cooperations.','1972');
INSERT INTO `entry`(`entryid`,`type`) VALUES('1973','b');
INSERT INTO `book`(`title`,`entryid`,`isbn`) VALUES('Breath in the blest Sea','1973','0955794751857');
INSERT INTO `genre_book`(`genre`, `entryid`) VALUES ('Sci-Fi','1973');
INSERT INTO `author_book`(`author`, `entryid`) VALUES ('Lajuana Lamattina','1973');
INSERT INTO `publisher_book`(`publisher`, `entryid`) VALUES ('Kowalik Cooperations.','1973');
INSERT INTO `entry`(`entryid`,`type`) VALUES('1974','b');
INSERT INTO `book`(`title`,`entryid`,`isbn`) VALUES('Toenail in pieridine Forecast','1974','9764705390024');
INSERT INTO `genre_book`(`genre`, `entryid`) VALUES ('Sci-Fi','1974');
INSERT INTO `author_book`(`author`, `entryid`) VALUES ('Francoise Chars','1974');
INSERT INTO `publisher_book`(`publisher`, `entryid`) VALUES ('Pili Cooperations.','1974');
INSERT INTO `entry`(`entryid`,`type`) VALUES('1975','b');
INSERT INTO `book`(`title`,`entryid`,`isbn`) VALUES('Vacuum to the Ox','1975','9555981561454');
INSERT INTO `genre_book`(`genre`, `entryid`) VALUES ('Horror','1975');
INSERT INTO `author_book`(`author`, `entryid`) VALUES ('Tamara Carbonella','1975');
INSERT INTO `publisher_book`(`publisher`, `entryid`) VALUES ('Surprenant Publishers.','1975');
INSERT INTO `entry`(`entryid`,`type`) VALUES('1976','b');
INSERT INTO `book`(`title`,`entryid`,`isbn`) VALUES('Part with the Cement','1976','9438595143157');
INSERT INTO `genre_book`(`genre`, `entryid`) VALUES ('Adventure','1976');
INSERT INTO `author_book`(`author`, `entryid`) VALUES ('Dann Andreula','1976');
INSERT INTO `publisher_book`(`publisher`, `entryid`) VALUES ('Manz Publishers.','1976');
INSERT INTO `entry`(`entryid`,`type`) VALUES('1977','b');
INSERT INTO `book`(`title`,`entryid`,`isbn`) VALUES('Hemp in befitting Kite','1977','0802104885675');
INSERT INTO `genre_book`(`genre`, `entryid`) VALUES ('Horror','1977');
INSERT INTO `author_book`(`author`, `entryid`) VALUES ('Jamey Sivia','1977');
INSERT INTO `publisher_book`(`publisher`, `entryid`) VALUES ('Ostling Cooperations.','1977');
INSERT INTO `entry`(`entryid`,`type`) VALUES('1978','b');
INSERT INTO `book`(`title`,`entryid`,`isbn`) VALUES('Robin vs. terrific Skiing','1978','0472892984215');
INSERT INTO `genre_book`(`genre`, `entryid`) VALUES ('Horror','1978');
INSERT INTO `author_book`(`author`, `entryid`) VALUES ('Charity Formaggioni','1978');
INSERT INTO `publisher_book`(`publisher`, `entryid`) VALUES ('Cutri Publishers.','1978');
INSERT INTO `entry`(`entryid`,`type`) VALUES('1979','b');
INSERT INTO `book`(`title`,`entryid`,`isbn`) VALUES('Toe in calendered Breakfast','1979','0493071357729');
INSERT INTO `genre_book`(`genre`, `entryid`) VALUES ('Sci-Fi','1979');
INSERT INTO `author_book`(`author`, `entryid`) VALUES ('Glady Thero','1979');
INSERT INTO `publisher_book`(`publisher`, `entryid`) VALUES ('Maronge Inc.','1979');
INSERT INTO `entry`(`entryid`,`type`) VALUES('1980','b');
INSERT INTO `book`(`title`,`entryid`,`isbn`) VALUES('Valley to the Sarah','1980','9462404615159');
INSERT INTO `genre_book`(`genre`, `entryid`) VALUES ('Adventure','1980');
INSERT INTO `author_book`(`author`, `entryid`) VALUES ('Kraig Pingrey','1980');
INSERT INTO `publisher_book`(`publisher`, `entryid`) VALUES ('Virrey Publishers.','1980');
INSERT INTO `entry`(`entryid`,`type`) VALUES('1981','b');
INSERT INTO `book`(`title`,`entryid`,`isbn`) VALUES('Viscose for relativistic Discussion','1981','9919374327386');
INSERT INTO `genre_book`(`genre`, `entryid`) VALUES ('Sci-Fi','1981');
INSERT INTO `author_book`(`author`, `entryid`) VALUES ('Alesia Mcvenes','1981');
INSERT INTO `publisher_book`(`publisher`, `entryid`) VALUES ('Glazier Inc.','1981');
INSERT INTO `entry`(`entryid`,`type`) VALUES('1982','b');
INSERT INTO `book`(`title`,`entryid`,`isbn`) VALUES('Pasta against the pedagogical Legal','1982','0822543603972');
INSERT INTO `genre_book`(`genre`, `entryid`) VALUES ('Thriller','1982');
INSERT INTO `author_book`(`author`, `entryid`) VALUES ('Colby Charette','1982');
INSERT INTO `publisher_book`(`publisher`, `entryid`) VALUES ('Ostling Cooperations.','1982');
INSERT INTO `entry`(`entryid`,`type`) VALUES('1983','b');
INSERT INTO `book`(`title`,`entryid`,`isbn`) VALUES('Supermarket by Thought','1983','0931273704152');
INSERT INTO `genre_book`(`genre`, `entryid`) VALUES ('Science','1983');
INSERT INTO `author_book`(`author`, `entryid`) VALUES ('Gayla Yockey','1983');
INSERT INTO `publisher_book`(`publisher`, `entryid`) VALUES ('Toles Cooperations.','1983');
INSERT INTO `entry`(`entryid`,`type`) VALUES('1984','b');
INSERT INTO `book`(`title`,`entryid`,`isbn`) VALUES('Week with the Fibre','1984','9692758293276');
INSERT INTO `genre_book`(`genre`, `entryid`) VALUES ('Adventure','1984');
INSERT INTO `author`(`name`,`birthyear`,`deathyear`) VALUES('Jaimie Olejniczak','1883','1946');
INSERT INTO `author_book`(`author`, `entryid`) VALUES ('Jaimie Olejniczak','1984');
INSERT INTO `publisher_book`(`publisher`, `entryid`) VALUES ('Cutri Publishers.','1984');
INSERT INTO `entry`(`entryid`,`type`) VALUES('1985','b');
INSERT INTO `book`(`title`,`entryid`,`isbn`) VALUES('Playground against John','1985','0736266905705');
INSERT INTO `genre_book`(`genre`, `entryid`) VALUES ('Horror','1985');
INSERT INTO `author_book`(`author`, `entryid`) VALUES ('Arnulfo Bunnell','1985');
INSERT INTO `publisher_book`(`publisher`, `entryid`) VALUES ('Bookter Cooperations.','1985');
INSERT INTO `entry`(`entryid`,`type`) VALUES('1986','b');
INSERT INTO `book`(`title`,`entryid`,`isbn`) VALUES('Repair by Slipper','1986','0818400746424');
INSERT INTO `genre_book`(`genre`, `entryid`) VALUES ('Education','1986');
INSERT INTO `author_book`(`author`, `entryid`) VALUES ('Robbie Rei','1986');
INSERT INTO `publisher_book`(`publisher`, `entryid`) VALUES ('Stulce Publishers.','1986');
INSERT INTO `entry`(`entryid`,`type`) VALUES('1987','b');
INSERT INTO `book`(`title`,`entryid`,`isbn`) VALUES('Shame for Opera','1987','9665323455985');
INSERT INTO `genre_book`(`genre`, `entryid`) VALUES ('Sci-Fi','1987');
INSERT INTO `author_book`(`author`, `entryid`) VALUES ('Coreen Griffth','1987');
INSERT INTO `publisher_book`(`publisher`, `entryid`) VALUES ('Schorsch Cooperations.','1987');
INSERT INTO `entry`(`entryid`,`type`) VALUES('1988','b');
INSERT INTO `book`(`title`,`entryid`,`isbn`) VALUES('Blue of Army','1988','0841438225920');
INSERT INTO `genre_book`(`genre`, `entryid`) VALUES ('Education','1988');
INSERT INTO `author_book`(`author`, `entryid`) VALUES ('Katelyn Sierra','1988');
INSERT INTO `publisher_book`(`publisher`, `entryid`) VALUES ('Merckling Inc.','1988');
INSERT INTO `entry`(`entryid`,`type`) VALUES('1989','b');
INSERT INTO `book`(`title`,`entryid`,`isbn`) VALUES('Dime to Tadpole','1989','0985924310463');
INSERT INTO `genre_book`(`genre`, `entryid`) VALUES ('Science','1989');
INSERT INTO `author_book`(`author`, `entryid`) VALUES ('Lajuana Lamattina','1989');
INSERT INTO `publisher_book`(`publisher`, `entryid`) VALUES ('Iwata Inc.','1989');
INSERT INTO `entry`(`entryid`,`type`) VALUES('1990','b');
INSERT INTO `book`(`title`,`entryid`,`isbn`) VALUES('Trout of the Freon','1990','0101431754651');
INSERT INTO `genre_book`(`genre`, `entryid`) VALUES ('Sci-Fi','1990');
INSERT INTO `author_book`(`author`, `entryid`) VALUES ('Jaunita Donilon','1990');
INSERT INTO `publisher_book`(`publisher`, `entryid`) VALUES ('Toles Cooperations.','1990');
INSERT INTO `entry`(`entryid`,`type`) VALUES('1991','b');
INSERT INTO `book`(`title`,`entryid`,`isbn`) VALUES('Boy and the gabbroic Kamikaze','1991','9486987380076');
INSERT INTO `genre_book`(`genre`, `entryid`) VALUES ('Education','1991');
INSERT INTO `author_book`(`author`, `entryid`) VALUES ('Virgil Cantave','1991');
INSERT INTO `publisher_book`(`publisher`, `entryid`) VALUES ('Trucchio Cooperations.','1991');
INSERT INTO `entry`(`entryid`,`type`) VALUES('1992','b');
INSERT INTO `book`(`title`,`entryid`,`isbn`) VALUES('Opera for lanate Laura','1992','0218853945514');
INSERT INTO `genre_book`(`genre`, `entryid`) VALUES ('Thriller','1992');
INSERT INTO `author_book`(`author`, `entryid`) VALUES ('Corinne Beliz','1992');
INSERT INTO `publisher_book`(`publisher`, `entryid`) VALUES ('Moncada Inc.','1992');
INSERT INTO `entry`(`entryid`,`type`) VALUES('1993','b');
INSERT INTO `book`(`title`,`entryid`,`isbn`) VALUES('Coil vs. slangiest Polyester','1993','9193107908267');
INSERT INTO `genre_book`(`genre`, `entryid`) VALUES ('Adventure','1993');
INSERT INTO `author_book`(`author`, `entryid`) VALUES ('Darcel Illescas','1993');
INSERT INTO `publisher_book`(`publisher`, `entryid`) VALUES ('Nocito Publishers.','1993');
INSERT INTO `entry`(`entryid`,`type`) VALUES('1994','b');
INSERT INTO `book`(`title`,`entryid`,`isbn`) VALUES('Supply vs. crabbiest Cork','1994','0277242485277');
INSERT INTO `genre_book`(`genre`, `entryid`) VALUES ('Horror','1994');
INSERT INTO `author_book`(`author`, `entryid`) VALUES ('Talitha Pilbin','1994');
INSERT INTO `publisher_book`(`publisher`, `entryid`) VALUES ('Viernes Cooperations.','1994');
INSERT INTO `entry`(`entryid`,`type`) VALUES('1995','b');
INSERT INTO `book`(`title`,`entryid`,`isbn`) VALUES('Engineer for Polyester','1995','0572469222117');
INSERT INTO `genre_book`(`genre`, `entryid`) VALUES ('Education','1995');
INSERT INTO `author_book`(`author`, `entryid`) VALUES ('Jonah Brisby','1995');
INSERT INTO `publisher_book`(`publisher`, `entryid`) VALUES ('Prestwood Publishers.','1995');
INSERT INTO `entry`(`entryid`,`type`) VALUES('1996','b');
INSERT INTO `book`(`title`,`entryid`,`isbn`) VALUES('Precipitation against the evincive Wire','1996','0544979944015');
INSERT INTO `genre_book`(`genre`, `entryid`) VALUES ('Horror','1996');
INSERT INTO `author_book`(`author`, `entryid`) VALUES ('Christi Hillan','1996');
INSERT INTO `publisher_book`(`publisher`, `entryid`) VALUES ('Yi Cooperations.','1996');
INSERT INTO `entry`(`entryid`,`type`) VALUES('1997','b');
INSERT INTO `book`(`title`,`entryid`,`isbn`) VALUES('Feast by documental Month','1997','0769295445923');
INSERT INTO `genre_book`(`genre`, `entryid`) VALUES ('Adventure','1997');
INSERT INTO `author_book`(`author`, `entryid`) VALUES ('Arlean Wallenbrock','1997');
INSERT INTO `publisher_book`(`publisher`, `entryid`) VALUES ('Dewaratanawan Inc.','1997');
INSERT INTO `entry`(`entryid`,`type`) VALUES('1998','b');
INSERT INTO `book`(`title`,`entryid`,`isbn`) VALUES('Caption by the Fifth','1998','9759730375303');
INSERT INTO `genre_book`(`genre`, `entryid`) VALUES ('Sci-Fi','1998');
INSERT INTO `author_book`(`author`, `entryid`) VALUES ('Annemarie Grandin','1998');
INSERT INTO `publisher_book`(`publisher`, `entryid`) VALUES ('Gregas Cooperations.','1998');
