INSERT INTO `entry`(`entryid`,`type`) VALUES('2009','b');
INSERT INTO `book`(`title`,`entryid`,`isbn`,`type`) VALUES('Vein to Poppy','2009','0066850418385','j');
INSERT INTO `genre_book`(`genre`, `entryid`) VALUES ('Horror','2009');
INSERT INTO `author`(`name`,`birthyear`,`deathyear`) VALUES('Martha Rucinski','1880','1906');
INSERT INTO `author_book`(`author`, `entryid`) VALUES ('Martha Rucinski','2009');
INSERT INTO `publisher`(`name`) VALUES ('Samas Publishers.');
INSERT INTO `publisher_book`(`publisher`, `entryid`) VALUES ('Samas Publishers.','2009');
INSERT INTO `entry`(`entryid`,`type`) VALUES('2010','b');
INSERT INTO `book`(`title`,`entryid`,`isbn`,`type`) VALUES('Study vs. frequentative Grain','2010','9274491258827','b');
INSERT INTO `genre_book`(`genre`, `entryid`) VALUES ('Education','2010');
INSERT INTO `author`(`name`,`birthyear`,`deathyear`) VALUES('Arnulfo Michand','1882','1922');
INSERT INTO `author_book`(`author`, `entryid`) VALUES ('Arnulfo Michand','2010');
INSERT INTO `publisher`(`name`) VALUES ('Moyet Inc.');
INSERT INTO `publisher_book`(`publisher`, `entryid`) VALUES ('Moyet Inc.','2010');
INSERT INTO `entry`(`entryid`,`type`) VALUES('2011','b');
INSERT INTO `book`(`title`,`entryid`,`isbn`,`type`) VALUES('Reminder for the Heaven','2011','0074825376247','e');
INSERT INTO `genre_book`(`genre`, `entryid`) VALUES ('Sci-Fi','2011');
INSERT INTO `author`(`name`,`birthyear`,`deathyear`) VALUES('Corey Ynocencio','1942','2020');
INSERT INTO `author_book`(`author`, `entryid`) VALUES ('Corey Ynocencio','2011');
INSERT INTO `publisher`(`name`) VALUES ('Didyk Inc.');
INSERT INTO `publisher_book`(`publisher`, `entryid`) VALUES ('Didyk Inc.','2011');
INSERT INTO `entry`(`entryid`,`type`) VALUES('2012','b');
INSERT INTO `book`(`title`,`entryid`,`isbn`,`type`) VALUES('Sled in Laura','2012','9785462358603','j');
INSERT INTO `genre_book`(`genre`, `entryid`) VALUES ('Science','2012');
INSERT INTO `author`(`name`,`birthyear`,`deathyear`) VALUES('Julieann Barnaby','1943','1971');
INSERT INTO `author_book`(`author`, `entryid`) VALUES ('Julieann Barnaby','2012');
INSERT INTO `publisher`(`name`) VALUES ('Holleran Cooperations.');
INSERT INTO `publisher_book`(`publisher`, `entryid`) VALUES ('Holleran Cooperations.','2012');
INSERT INTO `entry`(`entryid`,`type`) VALUES('2013','b');
INSERT INTO `book`(`title`,`entryid`,`isbn`,`type`) VALUES('Border for the quinquefoliate Clave','2013','0070923689492','b');
INSERT INTO `genre_book`(`genre`, `entryid`) VALUES ('Sci-Fi','2013');
INSERT INTO `author`(`name`,`birthyear`,`deathyear`) VALUES('Taren Melendres','1914','1952');
INSERT INTO `author_book`(`author`, `entryid`) VALUES ('Taren Melendres','2013');
INSERT INTO `publisher`(`name`) VALUES ('Lelli Publishers.');
INSERT INTO `publisher_book`(`publisher`, `entryid`) VALUES ('Lelli Publishers.','2013');
INSERT INTO `entry`(`entryid`,`type`) VALUES('2014','b');
INSERT INTO `book`(`title`,`entryid`,`isbn`,`type`) VALUES('Rake against gular Aluminum','2014','0756275099958','e');
INSERT INTO `genre_book`(`genre`, `entryid`) VALUES ('Sci-Fi','2014');
INSERT INTO `author`(`name`,`birthyear`,`deathyear`) VALUES('Huey Guiberteau','1979','2005');
INSERT INTO `author_book`(`author`, `entryid`) VALUES ('Huey Guiberteau','2014');
INSERT INTO `publisher`(`name`) VALUES ('Lobosco Cooperations.');
INSERT INTO `publisher_book`(`publisher`, `entryid`) VALUES ('Lobosco Cooperations.','2014');
INSERT INTO `entry`(`entryid`,`type`) VALUES('2015','b');
INSERT INTO `book`(`title`,`entryid`,`isbn`,`type`) VALUES('Girl to the Coat','2015','9306503195222','b');
INSERT INTO `genre_book`(`genre`, `entryid`) VALUES ('Education','2015');
INSERT INTO `author`(`name`,`birthyear`,`deathyear`) VALUES('Deane Heap','1964','2005');
INSERT INTO `author_book`(`author`, `entryid`) VALUES ('Deane Heap','2015');
INSERT INTO `publisher`(`name`) VALUES ('Cotner Cooperations.');
INSERT INTO `publisher_book`(`publisher`, `entryid`) VALUES ('Cotner Cooperations.','2015');
INSERT INTO `entry`(`entryid`,`type`) VALUES('2016','b');
INSERT INTO `book`(`title`,`entryid`,`isbn`,`type`) VALUES('Malaysia and paleolithic Antelope','2016','0236391904391','j');
INSERT INTO `genre_book`(`genre`, `entryid`) VALUES ('Thriller','2016');
INSERT INTO `author`(`name`,`birthyear`,`deathyear`) VALUES('Nana Koinzan','1941','2038');
INSERT INTO `author_book`(`author`, `entryid`) VALUES ('Nana Koinzan','2016');
INSERT INTO `publisher`(`name`) VALUES ('Trish Inc.');
INSERT INTO `publisher_book`(`publisher`, `entryid`) VALUES ('Trish Inc.','2016');
INSERT INTO `entry`(`entryid`,`type`) VALUES('2017','b');
INSERT INTO `book`(`title`,`entryid`,`isbn`,`type`) VALUES('Cent and inured Spring','2017','0496315614703','j');
INSERT INTO `genre_book`(`genre`, `entryid`) VALUES ('Horror','2017');
INSERT INTO `author`(`name`,`birthyear`,`deathyear`) VALUES('Kathy Sopata','1938','1983');
INSERT INTO `author_book`(`author`, `entryid`) VALUES ('Kathy Sopata','2017');
INSERT INTO `publisher`(`name`) VALUES ('Mizee Inc.');
INSERT INTO `publisher_book`(`publisher`, `entryid`) VALUES ('Mizee Inc.','2017');
INSERT INTO `entry`(`entryid`,`type`) VALUES('2018','b');
INSERT INTO `book`(`title`,`entryid`,`isbn`,`type`) VALUES('Ship vs. Hope','2018','0698096615286','j');
INSERT INTO `genre_book`(`genre`, `entryid`) VALUES ('Adventure','2018');
INSERT INTO `author_book`(`author`, `entryid`) VALUES ('Nana Koinzan','2018');
INSERT INTO `publisher`(`name`) VALUES ('Gorney Publishers.');
INSERT INTO `publisher_book`(`publisher`, `entryid`) VALUES ('Gorney Publishers.','2018');
INSERT INTO `entry`(`entryid`,`type`) VALUES('2019','b');
INSERT INTO `book`(`title`,`entryid`,`isbn`,`type`) VALUES('Atm against Move','2019','0922297356075','e');
INSERT INTO `genre_book`(`genre`, `entryid`) VALUES ('Science','2019');
INSERT INTO `author`(`name`,`birthyear`,`deathyear`) VALUES('Porter Finkel','1899','1993');
INSERT INTO `author_book`(`author`, `entryid`) VALUES ('Porter Finkel','2019');
INSERT INTO `publisher`(`name`) VALUES ('Peel Inc.');
INSERT INTO `publisher_book`(`publisher`, `entryid`) VALUES ('Peel Inc.','2019');
INSERT INTO `entry`(`entryid`,`type`) VALUES('2020','b');
INSERT INTO `book`(`title`,`entryid`,`isbn`,`type`) VALUES('Request vs. Chill','2020','9591022285432','j');
INSERT INTO `genre_book`(`genre`, `entryid`) VALUES ('Romance','2020');
INSERT INTO `author`(`name`,`birthyear`,`deathyear`) VALUES('Tien Henerson','1924','2007');
INSERT INTO `author_book`(`author`, `entryid`) VALUES ('Tien Henerson','2020');
INSERT INTO `publisher`(`name`) VALUES ('Haken Inc.');
INSERT INTO `publisher_book`(`publisher`, `entryid`) VALUES ('Haken Inc.','2020');
INSERT INTO `entry`(`entryid`,`type`) VALUES('2021','b');
INSERT INTO `book`(`title`,`entryid`,`isbn`,`type`) VALUES('Band with Freezer','2021','9062114917491','e');
INSERT INTO `genre_book`(`genre`, `entryid`) VALUES ('Horror','2021');
INSERT INTO `author`(`name`,`birthyear`,`deathyear`) VALUES('Juliette Thorburn','1946','2002');
INSERT INTO `author_book`(`author`, `entryid`) VALUES ('Juliette Thorburn','2021');
INSERT INTO `publisher`(`name`) VALUES ('Dobrinin Inc.');
INSERT INTO `publisher_book`(`publisher`, `entryid`) VALUES ('Dobrinin Inc.','2021');
INSERT INTO `entry`(`entryid`,`type`) VALUES('2022','b');
INSERT INTO `book`(`title`,`entryid`,`isbn`,`type`) VALUES('North for the Bolt','2022','0428450638426','j');
INSERT INTO `genre_book`(`genre`, `entryid`) VALUES ('Thriller','2022');
INSERT INTO `author`(`name`,`birthyear`,`deathyear`) VALUES('Neomi Sherrod','1947','2013');
INSERT INTO `author_book`(`author`, `entryid`) VALUES ('Neomi Sherrod','2022');
INSERT INTO `publisher`(`name`) VALUES ('Murtagh Inc.');
INSERT INTO `publisher_book`(`publisher`, `entryid`) VALUES ('Murtagh Inc.','2022');
INSERT INTO `entry`(`entryid`,`type`) VALUES('2023','b');
INSERT INTO `book`(`title`,`entryid`,`isbn`,`type`) VALUES('Swamp of the Ex-wife','2023','0600285714933','b');
INSERT INTO `genre_book`(`genre`, `entryid`) VALUES ('Sci-Fi','2023');
INSERT INTO `author`(`name`,`birthyear`,`deathyear`) VALUES('Etha Kobis','1958','2013');
INSERT INTO `author_book`(`author`, `entryid`) VALUES ('Etha Kobis','2023');
INSERT INTO `publisher`(`name`) VALUES ('Tutoky Cooperations.');
INSERT INTO `publisher_book`(`publisher`, `entryid`) VALUES ('Tutoky Cooperations.','2023');
INSERT INTO `entry`(`entryid`,`type`) VALUES('2024','b');
INSERT INTO `book`(`title`,`entryid`,`isbn`,`type`) VALUES('Sausage by alpine Pheasant','2024','9573259884767','e');
INSERT INTO `genre_book`(`genre`, `entryid`) VALUES ('Science','2024');
INSERT INTO `author`(`name`,`birthyear`,`deathyear`) VALUES('Josue Redfear','1947','2000');
INSERT INTO `author_book`(`author`, `entryid`) VALUES ('Josue Redfear','2024');
INSERT INTO `publisher`(`name`) VALUES ('Ockman Inc.');
INSERT INTO `publisher_book`(`publisher`, `entryid`) VALUES ('Ockman Inc.','2024');
INSERT INTO `entry`(`entryid`,`type`) VALUES('2025','b');
INSERT INTO `book`(`title`,`entryid`,`isbn`,`type`) VALUES('Trapezoid for the multinational Loss','2025','0648747271667','b');
INSERT INTO `genre_book`(`genre`, `entryid`) VALUES ('Adventure','2025');
INSERT INTO `author`(`name`,`birthyear`,`deathyear`) VALUES('Lissette Wickwire','1928','1991');
INSERT INTO `author_book`(`author`, `entryid`) VALUES ('Lissette Wickwire','2025');
INSERT INTO `publisher`(`name`) VALUES ('Vote Publishers.');
INSERT INTO `publisher_book`(`publisher`, `entryid`) VALUES ('Vote Publishers.','2025');
INSERT INTO `entry`(`entryid`,`type`) VALUES('2026','b');
INSERT INTO `book`(`title`,`entryid`,`isbn`,`type`) VALUES('Robin by Babies','2026','9171837785770','j');
INSERT INTO `genre_book`(`genre`, `entryid`) VALUES ('Romance','2026');
INSERT INTO `author`(`name`,`birthyear`,`deathyear`) VALUES('Moriah Covington','1964','2028');
INSERT INTO `author_book`(`author`, `entryid`) VALUES ('Moriah Covington','2026');
INSERT INTO `publisher`(`name`) VALUES ('Shamily Inc.');
INSERT INTO `publisher_book`(`publisher`, `entryid`) VALUES ('Shamily Inc.','2026');
INSERT INTO `entry`(`entryid`,`type`) VALUES('2027','b');
INSERT INTO `book`(`title`,`entryid`,`isbn`,`type`) VALUES('Spandex of the Nose','2027','9939768212419','j');
INSERT INTO `genre_book`(`genre`, `entryid`) VALUES ('Horror','2027');
INSERT INTO `author`(`name`,`birthyear`,`deathyear`) VALUES('Neville Baltzley','1922','2012');
INSERT INTO `author_book`(`author`, `entryid`) VALUES ('Neville Baltzley','2027');
INSERT INTO `publisher`(`name`) VALUES ('Todaro Cooperations.');
INSERT INTO `publisher_book`(`publisher`, `entryid`) VALUES ('Todaro Cooperations.','2027');
INSERT INTO `entry`(`entryid`,`type`) VALUES('2028','b');
INSERT INTO `book`(`title`,`entryid`,`isbn`,`type`) VALUES('Timer vs. Permission','2028','9528232036642','e');
INSERT INTO `genre_book`(`genre`, `entryid`) VALUES ('Education','2028');
INSERT INTO `author`(`name`,`birthyear`,`deathyear`) VALUES('Leighann Metott','1920','1978');
INSERT INTO `author_book`(`author`, `entryid`) VALUES ('Leighann Metott','2028');
INSERT INTO `publisher_book`(`publisher`, `entryid`) VALUES ('Cotner Cooperations.','2028');
INSERT INTO `entry`(`entryid`,`type`) VALUES('2029','b');
INSERT INTO `book`(`title`,`entryid`,`isbn`,`type`) VALUES('Bull by the palaeoecological Street','2029','9714624242282','b');
INSERT INTO `genre_book`(`genre`, `entryid`) VALUES ('Science','2029');
INSERT INTO `author`(`name`,`birthyear`,`deathyear`) VALUES('Dennis Harryman','1975','2010');
INSERT INTO `author_book`(`author`, `entryid`) VALUES ('Dennis Harryman','2029');
INSERT INTO `publisher`(`name`) VALUES ('Dietlin Cooperations.');
INSERT INTO `publisher_book`(`publisher`, `entryid`) VALUES ('Dietlin Cooperations.','2029');
INSERT INTO `entry`(`entryid`,`type`) VALUES('2030','b');
INSERT INTO `book`(`title`,`entryid`,`isbn`,`type`) VALUES('Dock in Stamp','2030','0572446695942','e');
INSERT INTO `genre_book`(`genre`, `entryid`) VALUES ('Thriller','2030');
INSERT INTO `author`(`name`,`birthyear`,`deathyear`) VALUES('Ayako Lebeda','1893','1941');
INSERT INTO `author_book`(`author`, `entryid`) VALUES ('Ayako Lebeda','2030');
INSERT INTO `publisher`(`name`) VALUES ('Davalos Inc.');
INSERT INTO `publisher_book`(`publisher`, `entryid`) VALUES ('Davalos Inc.','2030');
INSERT INTO `entry`(`entryid`,`type`) VALUES('2031','b');
INSERT INTO `book`(`title`,`entryid`,`isbn`,`type`) VALUES('Baker against offhand Point','2031','9491194453520','j');
INSERT INTO `genre_book`(`genre`, `entryid`) VALUES ('Thriller','2031');
INSERT INTO `author`(`name`,`birthyear`,`deathyear`) VALUES('Javier Pieper','1897','1945');
INSERT INTO `author_book`(`author`, `entryid`) VALUES ('Javier Pieper','2031');
INSERT INTO `publisher`(`name`) VALUES ('Mcbee Cooperations.');
INSERT INTO `publisher_book`(`publisher`, `entryid`) VALUES ('Mcbee Cooperations.','2031');
INSERT INTO `entry`(`entryid`,`type`) VALUES('2032','b');
INSERT INTO `book`(`title`,`entryid`,`isbn`,`type`) VALUES('Pastor in the absorbed Sky','2032','9894707729004','j');
INSERT INTO `genre_book`(`genre`, `entryid`) VALUES ('Romance','2032');
INSERT INTO `author`(`name`,`birthyear`,`deathyear`) VALUES('Philomena Pooschke','1944','1978');
INSERT INTO `author_book`(`author`, `entryid`) VALUES ('Philomena Pooschke','2032');
INSERT INTO `publisher`(`name`) VALUES ('Ruggero Cooperations.');
INSERT INTO `publisher_book`(`publisher`, `entryid`) VALUES ('Ruggero Cooperations.','2032');
INSERT INTO `entry`(`entryid`,`type`) VALUES('2033','b');
INSERT INTO `book`(`title`,`entryid`,`isbn`,`type`) VALUES('Ketchup and aware Television','2033','9265061472634','e');
INSERT INTO `genre_book`(`genre`, `entryid`) VALUES ('Romance','2033');
INSERT INTO `author`(`name`,`birthyear`,`deathyear`) VALUES('Xenia Ahrenholtz','1889','1922');
INSERT INTO `author_book`(`author`, `entryid`) VALUES ('Xenia Ahrenholtz','2033');
INSERT INTO `publisher`(`name`) VALUES ('Beachman Cooperations.');
INSERT INTO `publisher_book`(`publisher`, `entryid`) VALUES ('Beachman Cooperations.','2033');
INSERT INTO `entry`(`entryid`,`type`) VALUES('2034','b');
INSERT INTO `book`(`title`,`entryid`,`isbn`,`type`) VALUES('Shoemaker vs. Quotation','2034','9881768003426','e');
INSERT INTO `genre_book`(`genre`, `entryid`) VALUES ('Romance','2034');
INSERT INTO `author`(`name`,`birthyear`,`deathyear`) VALUES('Wilbert Tear','1892','1937');
INSERT INTO `author_book`(`author`, `entryid`) VALUES ('Wilbert Tear','2034');
INSERT INTO `publisher`(`name`) VALUES ('Opteyndt Inc.');
INSERT INTO `publisher_book`(`publisher`, `entryid`) VALUES ('Opteyndt Inc.','2034');
INSERT INTO `entry`(`entryid`,`type`) VALUES('2035','b');
INSERT INTO `book`(`title`,`entryid`,`isbn`,`type`) VALUES('Software by the Interactive','2035','0788146861318','j');
INSERT INTO `genre_book`(`genre`, `entryid`) VALUES ('Adventure','2035');
INSERT INTO `author`(`name`,`birthyear`,`deathyear`) VALUES('Whitney Soni','1906','1966');
INSERT INTO `author_book`(`author`, `entryid`) VALUES ('Whitney Soni','2035');
INSERT INTO `publisher`(`name`) VALUES ('Franty Cooperations.');
INSERT INTO `publisher_book`(`publisher`, `entryid`) VALUES ('Franty Cooperations.','2035');
INSERT INTO `entry`(`entryid`,`type`) VALUES('2036','b');
INSERT INTO `book`(`title`,`entryid`,`isbn`,`type`) VALUES('Hovercraft against the Pants','2036','9137418873598','b');
INSERT INTO `genre_book`(`genre`, `entryid`) VALUES ('Horror','2036');
INSERT INTO `author`(`name`,`birthyear`,`deathyear`) VALUES('Alia Eilers','1951','1991');
INSERT INTO `author_book`(`author`, `entryid`) VALUES ('Alia Eilers','2036');
INSERT INTO `publisher`(`name`) VALUES ('Koterba Publishers.');
INSERT INTO `publisher_book`(`publisher`, `entryid`) VALUES ('Koterba Publishers.','2036');
INSERT INTO `entry`(`entryid`,`type`) VALUES('2037','b');
INSERT INTO `book`(`title`,`entryid`,`isbn`,`type`) VALUES('Temple vs. atmospheric Knight','2037','9813091661500','e');
INSERT INTO `genre_book`(`genre`, `entryid`) VALUES ('Horror','2037');
INSERT INTO `author`(`name`,`birthyear`,`deathyear`) VALUES('Johana Maag','1946','1981');
INSERT INTO `author_book`(`author`, `entryid`) VALUES ('Johana Maag','2037');
INSERT INTO `publisher`(`name`) VALUES ('Bogan Cooperations.');
INSERT INTO `publisher_book`(`publisher`, `entryid`) VALUES ('Bogan Cooperations.','2037');
INSERT INTO `entry`(`entryid`,`type`) VALUES('2038','b');
INSERT INTO `book`(`title`,`entryid`,`isbn`,`type`) VALUES('Australia of Secure','2038','9996420840779','b');
INSERT INTO `genre_book`(`genre`, `entryid`) VALUES ('Horror','2038');
INSERT INTO `author_book`(`author`, `entryid`) VALUES ('Xenia Ahrenholtz','2038');
INSERT INTO `publisher`(`name`) VALUES ('Balin Publishers.');
INSERT INTO `publisher_book`(`publisher`, `entryid`) VALUES ('Balin Publishers.','2038');
INSERT INTO `entry`(`entryid`,`type`) VALUES('2039','b');
INSERT INTO `book`(`title`,`entryid`,`isbn`,`type`) VALUES('Hardhat in the Postbox','2039','9861839440226','j');
INSERT INTO `genre_book`(`genre`, `entryid`) VALUES ('Education','2039');
INSERT INTO `author`(`name`,`birthyear`,`deathyear`) VALUES('Dorthy Mccurine','1979','2043');
INSERT INTO `author_book`(`author`, `entryid`) VALUES ('Dorthy Mccurine','2039');
INSERT INTO `publisher_book`(`publisher`, `entryid`) VALUES ('Dobrinin Inc.','2039');
INSERT INTO `entry`(`entryid`,`type`) VALUES('2040','b');
INSERT INTO `book`(`title`,`entryid`,`isbn`,`type`) VALUES('Dipstick vs. dottier Secure','2040','0359438080538','j');
INSERT INTO `genre_book`(`genre`, `entryid`) VALUES ('Horror','2040');
INSERT INTO `author`(`name`,`birthyear`,`deathyear`) VALUES('Neda Harbough','1942','1972');
INSERT INTO `author_book`(`author`, `entryid`) VALUES ('Neda Harbough','2040');
INSERT INTO `publisher`(`name`) VALUES ('Garrington Cooperations.');
INSERT INTO `publisher_book`(`publisher`, `entryid`) VALUES ('Garrington Cooperations.','2040');
INSERT INTO `entry`(`entryid`,`type`) VALUES('2041','b');
INSERT INTO `book`(`title`,`entryid`,`isbn`,`type`) VALUES('Trip with the unstreamed Lightning','2041','9079728091629','b');
INSERT INTO `genre_book`(`genre`, `entryid`) VALUES ('Horror','2041');
INSERT INTO `author`(`name`,`birthyear`,`deathyear`) VALUES('Sebrina Clarkson','1943','1969');
INSERT INTO `author_book`(`author`, `entryid`) VALUES ('Sebrina Clarkson','2041');
INSERT INTO `publisher`(`name`) VALUES ('Malarkey Cooperations.');
INSERT INTO `publisher_book`(`publisher`, `entryid`) VALUES ('Malarkey Cooperations.','2041');
INSERT INTO `entry`(`entryid`,`type`) VALUES('2042','b');
INSERT INTO `book`(`title`,`entryid`,`isbn`,`type`) VALUES('Crown to craniate Apparel','2042','0441504464349','e');
INSERT INTO `genre_book`(`genre`, `entryid`) VALUES ('Horror','2042');
INSERT INTO `author`(`name`,`birthyear`,`deathyear`) VALUES('Jessi Ny','1882','1905');
INSERT INTO `author_book`(`author`, `entryid`) VALUES ('Jessi Ny','2042');
INSERT INTO `publisher`(`name`) VALUES ('Grinner Inc.');
INSERT INTO `publisher_book`(`publisher`, `entryid`) VALUES ('Grinner Inc.','2042');
INSERT INTO `entry`(`entryid`,`type`) VALUES('2043','b');
INSERT INTO `book`(`title`,`entryid`,`isbn`,`type`) VALUES('Gallon in Tuba','2043','9134211138141','j');
INSERT INTO `genre_book`(`genre`, `entryid`) VALUES ('Romance','2043');
INSERT INTO `author`(`name`,`birthyear`,`deathyear`) VALUES('Hayley Eure','1970','2000');
INSERT INTO `author_book`(`author`, `entryid`) VALUES ('Hayley Eure','2043');
INSERT INTO `publisher`(`name`) VALUES ('Reents Publishers.');
INSERT INTO `publisher_book`(`publisher`, `entryid`) VALUES ('Reents Publishers.','2043');
INSERT INTO `entry`(`entryid`,`type`) VALUES('2044','b');
INSERT INTO `book`(`title`,`entryid`,`isbn`,`type`) VALUES('Rotate and probabilistic Man','2044','0981572596448','e');
INSERT INTO `genre_book`(`genre`, `entryid`) VALUES ('Horror','2044');
INSERT INTO `author`(`name`,`birthyear`,`deathyear`) VALUES('Gracie Monzon','1936','1971');
INSERT INTO `author_book`(`author`, `entryid`) VALUES ('Gracie Monzon','2044');
INSERT INTO `publisher`(`name`) VALUES ('Casaceli Inc.');
INSERT INTO `publisher_book`(`publisher`, `entryid`) VALUES ('Casaceli Inc.','2044');
INSERT INTO `entry`(`entryid`,`type`) VALUES('2045','b');
INSERT INTO `book`(`title`,`entryid`,`isbn`,`type`) VALUES('Latency by the severer Freezer','2045','9476467965917','b');
INSERT INTO `genre_book`(`genre`, `entryid`) VALUES ('Horror','2045');
INSERT INTO `author_book`(`author`, `entryid`) VALUES ('Moriah Covington','2045');
INSERT INTO `publisher`(`name`) VALUES ('Kopf Cooperations.');
INSERT INTO `publisher_book`(`publisher`, `entryid`) VALUES ('Kopf Cooperations.','2045');
INSERT INTO `entry`(`entryid`,`type`) VALUES('2046','b');
INSERT INTO `book`(`title`,`entryid`,`isbn`,`type`) VALUES('Fly and the Washer','2046','9965412547097','e');
INSERT INTO `genre_book`(`genre`, `entryid`) VALUES ('Science','2046');
INSERT INTO `author`(`name`,`birthyear`,`deathyear`) VALUES('Luba Whisenant','1890','1988');
INSERT INTO `author_book`(`author`, `entryid`) VALUES ('Luba Whisenant','2046');
INSERT INTO `publisher_book`(`publisher`, `entryid`) VALUES ('Gorney Publishers.','2046');
INSERT INTO `entry`(`entryid`,`type`) VALUES('2047','b');
INSERT INTO `book`(`title`,`entryid`,`isbn`,`type`) VALUES('Cauliflower in swift-footed Cellar','2047','9679378808992','b');
INSERT INTO `genre_book`(`genre`, `entryid`) VALUES ('Thriller','2047');
INSERT INTO `author`(`name`,`birthyear`,`deathyear`) VALUES('Malena Malinsky','1975','2057');
INSERT INTO `author_book`(`author`, `entryid`) VALUES ('Malena Malinsky','2047');
INSERT INTO `publisher`(`name`) VALUES ('Marentez Inc.');
INSERT INTO `publisher_book`(`publisher`, `entryid`) VALUES ('Marentez Inc.','2047');
INSERT INTO `entry`(`entryid`,`type`) VALUES('2048','b');
INSERT INTO `book`(`title`,`entryid`,`isbn`,`type`) VALUES('Sweater by the Fork','2048','0941642463012','e');
INSERT INTO `genre_book`(`genre`, `entryid`) VALUES ('Adventure','2048');
INSERT INTO `author`(`name`,`birthyear`,`deathyear`) VALUES('Claribel Norrington','1884','1951');
INSERT INTO `author_book`(`author`, `entryid`) VALUES ('Claribel Norrington','2048');
INSERT INTO `publisher`(`name`) VALUES ('Marcelino Inc.');
INSERT INTO `publisher_book`(`publisher`, `entryid`) VALUES ('Marcelino Inc.','2048');
INSERT INTO `entry`(`entryid`,`type`) VALUES('2049','b');
INSERT INTO `book`(`title`,`entryid`,`isbn`,`type`) VALUES('Sand of the Building','2049','9344379388733','j');
INSERT INTO `genre_book`(`genre`, `entryid`) VALUES ('Science','2049');
INSERT INTO `author`(`name`,`birthyear`,`deathyear`) VALUES('Jaimee Harber','1916','1977');
INSERT INTO `author_book`(`author`, `entryid`) VALUES ('Jaimee Harber','2049');
INSERT INTO `publisher_book`(`publisher`, `entryid`) VALUES ('Todaro Cooperations.','2049');
INSERT INTO `entry`(`entryid`,`type`) VALUES('2050','b');
INSERT INTO `book`(`title`,`entryid`,`isbn`,`type`) VALUES('Daniel with the inconsonant Debtor','2050','0486601763399','e');
INSERT INTO `genre_book`(`genre`, `entryid`) VALUES ('Thriller','2050');
INSERT INTO `author`(`name`,`birthyear`,`deathyear`) VALUES('Basilia Schoenhals','1942','2023');
INSERT INTO `author_book`(`author`, `entryid`) VALUES ('Basilia Schoenhals','2050');
INSERT INTO `publisher`(`name`) VALUES ('Filyan Inc.');
INSERT INTO `publisher_book`(`publisher`, `entryid`) VALUES ('Filyan Inc.','2050');
INSERT INTO `entry`(`entryid`,`type`) VALUES('2051','b');
INSERT INTO `book`(`title`,`entryid`,`isbn`,`type`) VALUES('Fired because of Dictionary','2051','9804437322961','b');
INSERT INTO `genre_book`(`genre`, `entryid`) VALUES ('Sci-Fi','2051');
INSERT INTO `author`(`name`,`birthyear`,`deathyear`) VALUES('Malka Wokwicz','1940','1985');
INSERT INTO `author_book`(`author`, `entryid`) VALUES ('Malka Wokwicz','2051');
INSERT INTO `publisher`(`name`) VALUES ('Pawell Cooperations.');
INSERT INTO `publisher_book`(`publisher`, `entryid`) VALUES ('Pawell Cooperations.','2051');
INSERT INTO `entry`(`entryid`,`type`) VALUES('2052','b');
INSERT INTO `book`(`title`,`entryid`,`isbn`,`type`) VALUES('Guilty with the ethical Mark','2052','9864611362959','b');
INSERT INTO `genre_book`(`genre`, `entryid`) VALUES ('Education','2052');
INSERT INTO `author`(`name`,`birthyear`,`deathyear`) VALUES('Yon Paladin','1886','1977');
INSERT INTO `author_book`(`author`, `entryid`) VALUES ('Yon Paladin','2052');
INSERT INTO `publisher`(`name`) VALUES ('Maury Publishers.');
INSERT INTO `publisher_book`(`publisher`, `entryid`) VALUES ('Maury Publishers.','2052');
INSERT INTO `entry`(`entryid`,`type`) VALUES('2053','b');
INSERT INTO `book`(`title`,`entryid`,`isbn`,`type`) VALUES('Part against the Punishment','2053','0190245614047','e');
INSERT INTO `genre_book`(`genre`, `entryid`) VALUES ('Romance','2053');
INSERT INTO `author`(`name`,`birthyear`,`deathyear`) VALUES('Orpha Beckmann','1977','2076');
INSERT INTO `author_book`(`author`, `entryid`) VALUES ('Orpha Beckmann','2053');
INSERT INTO `publisher`(`name`) VALUES ('Golladay Publishers.');
INSERT INTO `publisher_book`(`publisher`, `entryid`) VALUES ('Golladay Publishers.','2053');
INSERT INTO `entry`(`entryid`,`type`) VALUES('2054','b');
INSERT INTO `book`(`title`,`entryid`,`isbn`,`type`) VALUES('Owl and the Brass','2054','9774545525320','e');
INSERT INTO `genre_book`(`genre`, `entryid`) VALUES ('Adventure','2054');
INSERT INTO `author`(`name`,`birthyear`,`deathyear`) VALUES('Mable Junge','1912','1974');
INSERT INTO `author_book`(`author`, `entryid`) VALUES ('Mable Junge','2054');
INSERT INTO `publisher`(`name`) VALUES ('Meacham Cooperations.');
INSERT INTO `publisher_book`(`publisher`, `entryid`) VALUES ('Meacham Cooperations.','2054');
INSERT INTO `entry`(`entryid`,`type`) VALUES('2055','b');
INSERT INTO `book`(`title`,`entryid`,`isbn`,`type`) VALUES('Oxygen to the Polish','2055','0595198875595','j');
INSERT INTO `genre_book`(`genre`, `entryid`) VALUES ('Science','2055');
INSERT INTO `author`(`name`,`birthyear`,`deathyear`) VALUES('Mickey Lutts','1912','1938');
INSERT INTO `author_book`(`author`, `entryid`) VALUES ('Mickey Lutts','2055');
INSERT INTO `publisher`(`name`) VALUES ('Mascio Cooperations.');
INSERT INTO `publisher_book`(`publisher`, `entryid`) VALUES ('Mascio Cooperations.','2055');
INSERT INTO `entry`(`entryid`,`type`) VALUES('2056','b');
INSERT INTO `book`(`title`,`entryid`,`isbn`,`type`) VALUES('Baboon of shadowless Lynx','2056','9973692841096','j');
INSERT INTO `genre_book`(`genre`, `entryid`) VALUES ('Sci-Fi','2056');
INSERT INTO `author`(`name`,`birthyear`,`deathyear`) VALUES('Lizbeth Dalziel','1896','1973');
INSERT INTO `author_book`(`author`, `entryid`) VALUES ('Lizbeth Dalziel','2056');
INSERT INTO `publisher`(`name`) VALUES ('Massey Cooperations.');
INSERT INTO `publisher_book`(`publisher`, `entryid`) VALUES ('Massey Cooperations.','2056');
INSERT INTO `entry`(`entryid`,`type`) VALUES('2057','b');
INSERT INTO `book`(`title`,`entryid`,`isbn`,`type`) VALUES('Macaroni in the culicid Calculus','2057','9519481669178','b');
INSERT INTO `genre_book`(`genre`, `entryid`) VALUES ('Adventure','2057');
INSERT INTO `author`(`name`,`birthyear`,`deathyear`) VALUES('Nereida Hornor','1910','1945');
INSERT INTO `author_book`(`author`, `entryid`) VALUES ('Nereida Hornor','2057');
INSERT INTO `publisher`(`name`) VALUES ('Argrave Publishers.');
INSERT INTO `publisher_book`(`publisher`, `entryid`) VALUES ('Argrave Publishers.','2057');
INSERT INTO `entry`(`entryid`,`type`) VALUES('2058','b');
INSERT INTO `book`(`title`,`entryid`,`isbn`,`type`) VALUES('Bead of the bamboo Brass','2058','0250487959070','j');
INSERT INTO `genre_book`(`genre`, `entryid`) VALUES ('Horror','2058');
INSERT INTO `author`(`name`,`birthyear`,`deathyear`) VALUES('Cyrstal Caldera','1944','2001');
INSERT INTO `author_book`(`author`, `entryid`) VALUES ('Cyrstal Caldera','2058');
INSERT INTO `publisher_book`(`publisher`, `entryid`) VALUES ('Peel Inc.','2058');
INSERT INTO `entry`(`entryid`,`type`) VALUES('2059','b');
INSERT INTO `book`(`title`,`entryid`,`isbn`,`type`) VALUES('Vegetable in busying Downtown','2059','0115522466044','e');
INSERT INTO `genre_book`(`genre`, `entryid`) VALUES ('Thriller','2059');
INSERT INTO `author`(`name`,`birthyear`,`deathyear`) VALUES('Carmelina Wasylow','1944','2040');
INSERT INTO `author_book`(`author`, `entryid`) VALUES ('Carmelina Wasylow','2059');
INSERT INTO `publisher`(`name`) VALUES ('Weymouth Inc.');
INSERT INTO `publisher_book`(`publisher`, `entryid`) VALUES ('Weymouth Inc.','2059');
INSERT INTO `entry`(`entryid`,`type`) VALUES('2060','b');
INSERT INTO `book`(`title`,`entryid`,`isbn`,`type`) VALUES('Giant of bimodal Patch','2060','9018568338661','b');
INSERT INTO `genre_book`(`genre`, `entryid`) VALUES ('Education','2060');
INSERT INTO `author`(`name`,`birthyear`,`deathyear`) VALUES('Kerry Pickelsimer','1942','1983');
INSERT INTO `author_book`(`author`, `entryid`) VALUES ('Kerry Pickelsimer','2060');
INSERT INTO `publisher`(`name`) VALUES ('Martinek Cooperations.');
INSERT INTO `publisher_book`(`publisher`, `entryid`) VALUES ('Martinek Cooperations.','2060');
INSERT INTO `entry`(`entryid`,`type`) VALUES('2061','b');
INSERT INTO `book`(`title`,`entryid`,`isbn`,`type`) VALUES('Judge against the ambivalent Seat','2061','0530488423892','j');
INSERT INTO `genre_book`(`genre`, `entryid`) VALUES ('Science','2061');
INSERT INTO `author`(`name`,`birthyear`,`deathyear`) VALUES('Gayle Davies','1974','2041');
INSERT INTO `author_book`(`author`, `entryid`) VALUES ('Gayle Davies','2061');
INSERT INTO `publisher`(`name`) VALUES ('Gardino Publishers.');
INSERT INTO `publisher_book`(`publisher`, `entryid`) VALUES ('Gardino Publishers.','2061');
INSERT INTO `entry`(`entryid`,`type`) VALUES('2062','b');
INSERT INTO `book`(`title`,`entryid`,`isbn`,`type`) VALUES('Authorization against Throne','2062','0907936738230','j');
INSERT INTO `genre_book`(`genre`, `entryid`) VALUES ('Adventure','2062');
INSERT INTO `author`(`name`,`birthyear`,`deathyear`) VALUES('Bud Lorente','1912','1993');
INSERT INTO `author_book`(`author`, `entryid`) VALUES ('Bud Lorente','2062');
INSERT INTO `publisher`(`name`) VALUES ('Danowski Publishers.');
INSERT INTO `publisher_book`(`publisher`, `entryid`) VALUES ('Danowski Publishers.','2062');
INSERT INTO `entry`(`entryid`,`type`) VALUES('2063','b');
INSERT INTO `book`(`title`,`entryid`,`isbn`,`type`) VALUES('Star against frizziest Toilet','2063','9408434007333','b');
INSERT INTO `genre_book`(`genre`, `entryid`) VALUES ('Horror','2063');
INSERT INTO `author`(`name`,`birthyear`,`deathyear`) VALUES('Ilene Hennig','1951','2005');
INSERT INTO `author_book`(`author`, `entryid`) VALUES ('Ilene Hennig','2063');
INSERT INTO `publisher`(`name`) VALUES ('Haggerty Cooperations.');
INSERT INTO `publisher_book`(`publisher`, `entryid`) VALUES ('Haggerty Cooperations.','2063');
INSERT INTO `entry`(`entryid`,`type`) VALUES('2064','b');
INSERT INTO `book`(`title`,`entryid`,`isbn`,`type`) VALUES('Queen for the permanganic Ptarmigan','2064','0345939637910','j');
INSERT INTO `genre_book`(`genre`, `entryid`) VALUES ('Thriller','2064');
INSERT INTO `author`(`name`,`birthyear`,`deathyear`) VALUES('Vickey Hellmann','1959','2021');
INSERT INTO `author_book`(`author`, `entryid`) VALUES ('Vickey Hellmann','2064');
INSERT INTO `publisher`(`name`) VALUES ('Poirer Cooperations.');
INSERT INTO `publisher_book`(`publisher`, `entryid`) VALUES ('Poirer Cooperations.','2064');
INSERT INTO `entry`(`entryid`,`type`) VALUES('2065','b');
INSERT INTO `book`(`title`,`entryid`,`isbn`,`type`) VALUES('Agenda with Fuel','2065','0777413596366','j');
INSERT INTO `genre_book`(`genre`, `entryid`) VALUES ('Science','2065');
INSERT INTO `author`(`name`,`birthyear`,`deathyear`) VALUES('Michal Dubeau','1905','1955');
INSERT INTO `author_book`(`author`, `entryid`) VALUES ('Michal Dubeau','2065');
INSERT INTO `publisher`(`name`) VALUES ('Pudenz Inc.');
INSERT INTO `publisher_book`(`publisher`, `entryid`) VALUES ('Pudenz Inc.','2065');
INSERT INTO `entry`(`entryid`,`type`) VALUES('2066','b');
INSERT INTO `book`(`title`,`entryid`,`isbn`,`type`) VALUES('Sunday to the laminar Submarine','2066','0024807263516','j');
INSERT INTO `genre_book`(`genre`, `entryid`) VALUES ('Adventure','2066');
INSERT INTO `author`(`name`,`birthyear`,`deathyear`) VALUES('Kandy Urbanic','1898','1941');
INSERT INTO `author_book`(`author`, `entryid`) VALUES ('Kandy Urbanic','2066');
INSERT INTO `publisher`(`name`) VALUES ('Ridders Inc.');
INSERT INTO `publisher_book`(`publisher`, `entryid`) VALUES ('Ridders Inc.','2066');
INSERT INTO `entry`(`entryid`,`type`) VALUES('2067','b');
INSERT INTO `book`(`title`,`entryid`,`isbn`,`type`) VALUES('Jasmine of Iraq','2067','9200812478176','b');
INSERT INTO `genre_book`(`genre`, `entryid`) VALUES ('Sci-Fi','2067');
INSERT INTO `author`(`name`,`birthyear`,`deathyear`) VALUES('Kayleigh Haagensen','1881','1930');
INSERT INTO `author_book`(`author`, `entryid`) VALUES ('Kayleigh Haagensen','2067');
INSERT INTO `publisher`(`name`) VALUES ('Cundy Inc.');
INSERT INTO `publisher_book`(`publisher`, `entryid`) VALUES ('Cundy Inc.','2067');
INSERT INTO `entry`(`entryid`,`type`) VALUES('2068','b');
INSERT INTO `book`(`title`,`entryid`,`isbn`,`type`) VALUES('Orchestra in Clave','2068','9756160707331','b');
INSERT INTO `genre_book`(`genre`, `entryid`) VALUES ('Adventure','2068');
INSERT INTO `author`(`name`,`birthyear`,`deathyear`) VALUES('Jeanett Hefflinger','1957','2035');
INSERT INTO `author_book`(`author`, `entryid`) VALUES ('Jeanett Hefflinger','2068');
INSERT INTO `publisher_book`(`publisher`, `entryid`) VALUES ('Mizee Inc.','2068');
INSERT INTO `entry`(`entryid`,`type`) VALUES('2069','b');
INSERT INTO `book`(`title`,`entryid`,`isbn`,`type`) VALUES('Passbook with the xylic Stopsign','2069','0646891127462','b');
INSERT INTO `genre_book`(`genre`, `entryid`) VALUES ('Science','2069');
INSERT INTO `author`(`name`,`birthyear`,`deathyear`) VALUES('Dirk Pherigo','1956','2005');
INSERT INTO `author_book`(`author`, `entryid`) VALUES ('Dirk Pherigo','2069');
INSERT INTO `publisher`(`name`) VALUES ('Ukich Cooperations.');
INSERT INTO `publisher_book`(`publisher`, `entryid`) VALUES ('Ukich Cooperations.','2069');
INSERT INTO `entry`(`entryid`,`type`) VALUES('2070','b');
INSERT INTO `book`(`title`,`entryid`,`isbn`,`type`) VALUES('Fog for the Shirt','2070','9639925963605','j');
INSERT INTO `genre_book`(`genre`, `entryid`) VALUES ('Adventure','2070');
INSERT INTO `author_book`(`author`, `entryid`) VALUES ('Bud Lorente','2070');
INSERT INTO `publisher`(`name`) VALUES ('Sumaran Cooperations.');
INSERT INTO `publisher_book`(`publisher`, `entryid`) VALUES ('Sumaran Cooperations.','2070');
INSERT INTO `entry`(`entryid`,`type`) VALUES('2071','b');
INSERT INTO `book`(`title`,`entryid`,`isbn`,`type`) VALUES('Ptarmigan by travelled Palm','2071','0151381814385','b');
INSERT INTO `genre_book`(`genre`, `entryid`) VALUES ('Adventure','2071');
INSERT INTO `author`(`name`,`birthyear`,`deathyear`) VALUES('Ara Droy','1897','1972');
INSERT INTO `author_book`(`author`, `entryid`) VALUES ('Ara Droy','2071');
INSERT INTO `publisher`(`name`) VALUES ('Deckelman Cooperations.');
INSERT INTO `publisher_book`(`publisher`, `entryid`) VALUES ('Deckelman Cooperations.','2071');
INSERT INTO `entry`(`entryid`,`type`) VALUES('2072','b');
INSERT INTO `book`(`title`,`entryid`,`isbn`,`type`) VALUES('Night against Sale','2072','9485161803735','b');
INSERT INTO `genre_book`(`genre`, `entryid`) VALUES ('Sci-Fi','2072');
INSERT INTO `author`(`name`,`birthyear`,`deathyear`) VALUES('Ryan Hangartner','1904','1935');
INSERT INTO `author_book`(`author`, `entryid`) VALUES ('Ryan Hangartner','2072');
INSERT INTO `publisher`(`name`) VALUES ('Glackin Inc.');
INSERT INTO `publisher_book`(`publisher`, `entryid`) VALUES ('Glackin Inc.','2072');
INSERT INTO `entry`(`entryid`,`type`) VALUES('2073','b');
INSERT INTO `book`(`title`,`entryid`,`isbn`,`type`) VALUES('Thread to Italian','2073','9417444686420','e');
INSERT INTO `genre_book`(`genre`, `entryid`) VALUES ('Sci-Fi','2073');
INSERT INTO `author`(`name`,`birthyear`,`deathyear`) VALUES('Allena Unser','1960','1981');
INSERT INTO `author_book`(`author`, `entryid`) VALUES ('Allena Unser','2073');
INSERT INTO `publisher`(`name`) VALUES ('Grabo Cooperations.');
INSERT INTO `publisher_book`(`publisher`, `entryid`) VALUES ('Grabo Cooperations.','2073');
INSERT INTO `entry`(`entryid`,`type`) VALUES('2074','b');
INSERT INTO `book`(`title`,`entryid`,`isbn`,`type`) VALUES('Earthquake to unsunny Thursday','2074','9818878402863','j');
INSERT INTO `genre_book`(`genre`, `entryid`) VALUES ('Sci-Fi','2074');
INSERT INTO `author`(`name`,`birthyear`,`deathyear`) VALUES('Randee Pesses','1886','1944');
INSERT INTO `author_book`(`author`, `entryid`) VALUES ('Randee Pesses','2074');
INSERT INTO `publisher`(`name`) VALUES ('Kedley Cooperations.');
INSERT INTO `publisher_book`(`publisher`, `entryid`) VALUES ('Kedley Cooperations.','2074');
INSERT INTO `entry`(`entryid`,`type`) VALUES('2075','b');
INSERT INTO `book`(`title`,`entryid`,`isbn`,`type`) VALUES('Snow against the Purple','2075','9704723236564','j');
INSERT INTO `genre_book`(`genre`, `entryid`) VALUES ('Science','2075');
INSERT INTO `author`(`name`,`birthyear`,`deathyear`) VALUES('Murray Gaiters','1893','1949');
INSERT INTO `author_book`(`author`, `entryid`) VALUES ('Murray Gaiters','2075');
INSERT INTO `publisher`(`name`) VALUES ('Oieda Inc.');
INSERT INTO `publisher_book`(`publisher`, `entryid`) VALUES ('Oieda Inc.','2075');
INSERT INTO `entry`(`entryid`,`type`) VALUES('2076','b');
INSERT INTO `book`(`title`,`entryid`,`isbn`,`type`) VALUES('Gladiolus with the Mousterian Beer','2076','0418242336299','j');
INSERT INTO `genre_book`(`genre`, `entryid`) VALUES ('Horror','2076');
INSERT INTO `author`(`name`,`birthyear`,`deathyear`) VALUES('Pinkie Corcino','1909','1983');
INSERT INTO `author_book`(`author`, `entryid`) VALUES ('Pinkie Corcino','2076');
INSERT INTO `publisher`(`name`) VALUES ('Giampaolo Cooperations.');
INSERT INTO `publisher_book`(`publisher`, `entryid`) VALUES ('Giampaolo Cooperations.','2076');
INSERT INTO `entry`(`entryid`,`type`) VALUES('2077','b');
INSERT INTO `book`(`title`,`entryid`,`isbn`,`type`) VALUES('Volleyball of Paint','2077','9171172035650','j');
INSERT INTO `genre_book`(`genre`, `entryid`) VALUES ('Horror','2077');
INSERT INTO `author`(`name`,`birthyear`,`deathyear`) VALUES('Buck Richel','1900','1966');
INSERT INTO `author_book`(`author`, `entryid`) VALUES ('Buck Richel','2077');
INSERT INTO `publisher`(`name`) VALUES ('Ellett Publishers.');
INSERT INTO `publisher_book`(`publisher`, `entryid`) VALUES ('Ellett Publishers.','2077');
INSERT INTO `entry`(`entryid`,`type`) VALUES('2078','b');
INSERT INTO `book`(`title`,`entryid`,`isbn`,`type`) VALUES('Continent by the molested Judge','2078','9346600162458','e');
INSERT INTO `genre_book`(`genre`, `entryid`) VALUES ('Science','2078');
INSERT INTO `author`(`name`,`birthyear`,`deathyear`) VALUES('Adrianne Cargill','1945','1988');
INSERT INTO `author_book`(`author`, `entryid`) VALUES ('Adrianne Cargill','2078');
INSERT INTO `publisher_book`(`publisher`, `entryid`) VALUES ('Lelli Publishers.','2078');
INSERT INTO `entry`(`entryid`,`type`) VALUES('2079','b');
INSERT INTO `book`(`title`,`entryid`,`isbn`,`type`) VALUES('Broccoli for the gassier Beaver','2079','9902170843388','j');
INSERT INTO `genre_book`(`genre`, `entryid`) VALUES ('Adventure','2079');
INSERT INTO `author`(`name`,`birthyear`,`deathyear`) VALUES('Allen Gottke','1938','1958');
INSERT INTO `author_book`(`author`, `entryid`) VALUES ('Allen Gottke','2079');
INSERT INTO `publisher`(`name`) VALUES ('Pyros Inc.');
INSERT INTO `publisher_book`(`publisher`, `entryid`) VALUES ('Pyros Inc.','2079');
INSERT INTO `entry`(`entryid`,`type`) VALUES('2080','b');
INSERT INTO `book`(`title`,`entryid`,`isbn`,`type`) VALUES('Network of the Blue','2080','0841263577621','b');
INSERT INTO `genre_book`(`genre`, `entryid`) VALUES ('Thriller','2080');
INSERT INTO `author`(`name`,`birthyear`,`deathyear`) VALUES('Annabel Wedderburn','1936','2003');
INSERT INTO `author_book`(`author`, `entryid`) VALUES ('Annabel Wedderburn','2080');
INSERT INTO `publisher_book`(`publisher`, `entryid`) VALUES ('Didyk Inc.','2080');
INSERT INTO `entry`(`entryid`,`type`) VALUES('2081','b');
INSERT INTO `book`(`title`,`entryid`,`isbn`,`type`) VALUES('Stinger for leachier Plow','2081','9524383005207','e');
INSERT INTO `genre_book`(`genre`, `entryid`) VALUES ('Sci-Fi','2081');
INSERT INTO `author`(`name`,`birthyear`,`deathyear`) VALUES('Shanell Yago','1903','1923');
INSERT INTO `author_book`(`author`, `entryid`) VALUES ('Shanell Yago','2081');
INSERT INTO `publisher`(`name`) VALUES ('Graffney Inc.');
INSERT INTO `publisher_book`(`publisher`, `entryid`) VALUES ('Graffney Inc.','2081');
INSERT INTO `entry`(`entryid`,`type`) VALUES('2082','b');
INSERT INTO `book`(`title`,`entryid`,`isbn`,`type`) VALUES('Double in Cent','2082','9411297452623','e');
INSERT INTO `genre_book`(`genre`, `entryid`) VALUES ('Thriller','2082');
INSERT INTO `author`(`name`,`birthyear`,`deathyear`) VALUES('Bree Greaux','1948','2030');
INSERT INTO `author_book`(`author`, `entryid`) VALUES ('Bree Greaux','2082');
INSERT INTO `publisher`(`name`) VALUES ('Antrikin Inc.');
INSERT INTO `publisher_book`(`publisher`, `entryid`) VALUES ('Antrikin Inc.','2082');
INSERT INTO `entry`(`entryid`,`type`) VALUES('2083','b');
INSERT INTO `book`(`title`,`entryid`,`isbn`,`type`) VALUES('Freckle against the discernible Bush','2083','9828046429982','b');
INSERT INTO `genre_book`(`genre`, `entryid`) VALUES ('Sci-Fi','2083');
INSERT INTO `author`(`name`,`birthyear`,`deathyear`) VALUES('Valrie Buckhannon','1950','2022');
INSERT INTO `author_book`(`author`, `entryid`) VALUES ('Valrie Buckhannon','2083');
INSERT INTO `publisher`(`name`) VALUES ('Takemoto Inc.');
INSERT INTO `publisher_book`(`publisher`, `entryid`) VALUES ('Takemoto Inc.','2083');
INSERT INTO `entry`(`entryid`,`type`) VALUES('2084','b');
INSERT INTO `book`(`title`,`entryid`,`isbn`,`type`) VALUES('Back because of icier Pansy','2084','0521507906930','b');
INSERT INTO `genre_book`(`genre`, `entryid`) VALUES ('Adventure','2084');
INSERT INTO `author`(`name`,`birthyear`,`deathyear`) VALUES('Adelaida Berardo','1907','1953');
INSERT INTO `author_book`(`author`, `entryid`) VALUES ('Adelaida Berardo','2084');
INSERT INTO `publisher_book`(`publisher`, `entryid`) VALUES ('Ukich Cooperations.','2084');
INSERT INTO `entry`(`entryid`,`type`) VALUES('2085','b');
INSERT INTO `book`(`title`,`entryid`,`isbn`,`type`) VALUES('Ankle of Locrian Piano','2085','9164278477601','e');
INSERT INTO `genre_book`(`genre`, `entryid`) VALUES ('Thriller','2085');
INSERT INTO `author`(`name`,`birthyear`,`deathyear`) VALUES('Valeria Promer','1943','2041');
INSERT INTO `author_book`(`author`, `entryid`) VALUES ('Valeria Promer','2085');
INSERT INTO `publisher_book`(`publisher`, `entryid`) VALUES ('Argrave Publishers.','2085');
INSERT INTO `entry`(`entryid`,`type`) VALUES('2086','b');
INSERT INTO `book`(`title`,`entryid`,`isbn`,`type`) VALUES('Field and the Value','2086','9668453199340','e');
INSERT INTO `genre_book`(`genre`, `entryid`) VALUES ('Education','2086');
INSERT INTO `author`(`name`,`birthyear`,`deathyear`) VALUES('Kathe Hernon','1918','1968');
INSERT INTO `author_book`(`author`, `entryid`) VALUES ('Kathe Hernon','2086');
INSERT INTO `publisher`(`name`) VALUES ('Wehbe Cooperations.');
INSERT INTO `publisher_book`(`publisher`, `entryid`) VALUES ('Wehbe Cooperations.','2086');
INSERT INTO `entry`(`entryid`,`type`) VALUES('2087','b');
INSERT INTO `book`(`title`,`entryid`,`isbn`,`type`) VALUES('Prison and the primitivism Grass','2087','0806244117449','e');
INSERT INTO `genre_book`(`genre`, `entryid`) VALUES ('Romance','2087');
INSERT INTO `author`(`name`,`birthyear`,`deathyear`) VALUES('Petrina Amrich','1927','1973');
INSERT INTO `author_book`(`author`, `entryid`) VALUES ('Petrina Amrich','2087');
INSERT INTO `publisher`(`name`) VALUES ('Hendershott Publishers.');
INSERT INTO `publisher_book`(`publisher`, `entryid`) VALUES ('Hendershott Publishers.','2087');
INSERT INTO `entry`(`entryid`,`type`) VALUES('2088','b');
INSERT INTO `book`(`title`,`entryid`,`isbn`,`type`) VALUES('Fridge by traplike Buzzard','2088','0989616093316','b');
INSERT INTO `genre_book`(`genre`, `entryid`) VALUES ('Thriller','2088');
INSERT INTO `author`(`name`,`birthyear`,`deathyear`) VALUES('Adrianne Masini','1941','2015');
INSERT INTO `author_book`(`author`, `entryid`) VALUES ('Adrianne Masini','2088');
INSERT INTO `publisher`(`name`) VALUES ('Sunder Publishers.');
INSERT INTO `publisher_book`(`publisher`, `entryid`) VALUES ('Sunder Publishers.','2088');
INSERT INTO `entry`(`entryid`,`type`) VALUES('2089','b');
INSERT INTO `book`(`title`,`entryid`,`isbn`,`type`) VALUES('Gear with the Crocus','2089','9418107566356','e');
INSERT INTO `genre_book`(`genre`, `entryid`) VALUES ('Adventure','2089');
INSERT INTO `author`(`name`,`birthyear`,`deathyear`) VALUES('Dennis Massy','1926','1971');
INSERT INTO `author_book`(`author`, `entryid`) VALUES ('Dennis Massy','2089');
INSERT INTO `publisher`(`name`) VALUES ('Egley Cooperations.');
INSERT INTO `publisher_book`(`publisher`, `entryid`) VALUES ('Egley Cooperations.','2089');
INSERT INTO `entry`(`entryid`,`type`) VALUES('2090','b');
INSERT INTO `book`(`title`,`entryid`,`isbn`,`type`) VALUES('Water to crescive Thunderstorm','2090','0782839191064','e');
INSERT INTO `genre_book`(`genre`, `entryid`) VALUES ('Thriller','2090');
INSERT INTO `author`(`name`,`birthyear`,`deathyear`) VALUES('Norris Cogen','1890','1915');
INSERT INTO `author_book`(`author`, `entryid`) VALUES ('Norris Cogen','2090');
INSERT INTO `publisher`(`name`) VALUES ('Duchesney Publishers.');
INSERT INTO `publisher_book`(`publisher`, `entryid`) VALUES ('Duchesney Publishers.','2090');
INSERT INTO `entry`(`entryid`,`type`) VALUES('2091','b');
INSERT INTO `book`(`title`,`entryid`,`isbn`,`type`) VALUES('Zone of the acanthous Thrill','2091','0401567542287','j');
INSERT INTO `genre_book`(`genre`, `entryid`) VALUES ('Education','2091');
INSERT INTO `author`(`name`,`birthyear`,`deathyear`) VALUES('Ching Persechino','1974','2014');
INSERT INTO `author_book`(`author`, `entryid`) VALUES ('Ching Persechino','2091');
INSERT INTO `publisher`(`name`) VALUES ('Smathers Inc.');
INSERT INTO `publisher_book`(`publisher`, `entryid`) VALUES ('Smathers Inc.','2091');
INSERT INTO `entry`(`entryid`,`type`) VALUES('2092','b');
INSERT INTO `book`(`title`,`entryid`,`isbn`,`type`) VALUES('Vacuum for penitentiary Oven','2092','0123244144109','e');
INSERT INTO `genre_book`(`genre`, `entryid`) VALUES ('Romance','2092');
INSERT INTO `author`(`name`,`birthyear`,`deathyear`) VALUES('Martine Rood','1946','2032');
INSERT INTO `author_book`(`author`, `entryid`) VALUES ('Martine Rood','2092');
INSERT INTO `publisher`(`name`) VALUES ('Zorns Inc.');
INSERT INTO `publisher_book`(`publisher`, `entryid`) VALUES ('Zorns Inc.','2092');
INSERT INTO `entry`(`entryid`,`type`) VALUES('2093','b');
INSERT INTO `book`(`title`,`entryid`,`isbn`,`type`) VALUES('Motorcycle by the Father-in-law','2093','0684524463984','b');
INSERT INTO `genre_book`(`genre`, `entryid`) VALUES ('Education','2093');
INSERT INTO `author_book`(`author`, `entryid`) VALUES ('Adrianne Cargill','2093');
INSERT INTO `publisher`(`name`) VALUES ('Leppert Inc.');
INSERT INTO `publisher_book`(`publisher`, `entryid`) VALUES ('Leppert Inc.','2093');
INSERT INTO `entry`(`entryid`,`type`) VALUES('2094','b');
INSERT INTO `book`(`title`,`entryid`,`isbn`,`type`) VALUES('Anatomy against the occluded Vulture','2094','0820463390079','j');
INSERT INTO `genre_book`(`genre`, `entryid`) VALUES ('Romance','2094');
INSERT INTO `author`(`name`,`birthyear`,`deathyear`) VALUES('Latesha Didriksen','1893','1992');
INSERT INTO `author_book`(`author`, `entryid`) VALUES ('Latesha Didriksen','2094');
INSERT INTO `publisher`(`name`) VALUES ('Turnbow Cooperations.');
INSERT INTO `publisher_book`(`publisher`, `entryid`) VALUES ('Turnbow Cooperations.','2094');
INSERT INTO `entry`(`entryid`,`type`) VALUES('2095','b');
INSERT INTO `book`(`title`,`entryid`,`isbn`,`type`) VALUES('Sheet with Umbrella','2095','0267291747816','b');
INSERT INTO `genre_book`(`genre`, `entryid`) VALUES ('Horror','2095');
INSERT INTO `author`(`name`,`birthyear`,`deathyear`) VALUES('Elana Hittman','1927','1993');
INSERT INTO `author_book`(`author`, `entryid`) VALUES ('Elana Hittman','2095');
INSERT INTO `publisher`(`name`) VALUES ('Coltman Inc.');
INSERT INTO `publisher_book`(`publisher`, `entryid`) VALUES ('Coltman Inc.','2095');
INSERT INTO `entry`(`entryid`,`type`) VALUES('2096','b');
INSERT INTO `book`(`title`,`entryid`,`isbn`,`type`) VALUES('Snowman by the lengthiest Refrigerator','2096','0812464609569','b');
INSERT INTO `genre_book`(`genre`, `entryid`) VALUES ('Science','2096');
INSERT INTO `author_book`(`author`, `entryid`) VALUES ('Claribel Norrington','2096');
INSERT INTO `publisher`(`name`) VALUES ('Yasurek Cooperations.');
INSERT INTO `publisher_book`(`publisher`, `entryid`) VALUES ('Yasurek Cooperations.','2096');
INSERT INTO `entry`(`entryid`,`type`) VALUES('2097','b');
INSERT INTO `book`(`title`,`entryid`,`isbn`,`type`) VALUES('Birthday of the David','2097','9816334316718','j');
INSERT INTO `genre_book`(`genre`, `entryid`) VALUES ('Science','2097');
INSERT INTO `author`(`name`,`birthyear`,`deathyear`) VALUES('Jamey Keams','1951','2003');
INSERT INTO `author_book`(`author`, `entryid`) VALUES ('Jamey Keams','2097');
INSERT INTO `publisher`(`name`) VALUES ('Hollner Publishers.');
INSERT INTO `publisher_book`(`publisher`, `entryid`) VALUES ('Hollner Publishers.','2097');
INSERT INTO `entry`(`entryid`,`type`) VALUES('2098','b');
INSERT INTO `book`(`title`,`entryid`,`isbn`,`type`) VALUES('Dorothy against tributary Vacuum','2098','9790698073454','j');
INSERT INTO `genre_book`(`genre`, `entryid`) VALUES ('Horror','2098');
INSERT INTO `author`(`name`,`birthyear`,`deathyear`) VALUES('Felice Malloy','1977','2017');
INSERT INTO `author_book`(`author`, `entryid`) VALUES ('Felice Malloy','2098');
INSERT INTO `publisher`(`name`) VALUES ('Sala Cooperations.');
INSERT INTO `publisher_book`(`publisher`, `entryid`) VALUES ('Sala Cooperations.','2098');
INSERT INTO `entry`(`entryid`,`type`) VALUES('2099','b');
INSERT INTO `book`(`title`,`entryid`,`isbn`,`type`) VALUES('Distribution in the zenithal Stomach','2099','0311576596250','e');
INSERT INTO `genre_book`(`genre`, `entryid`) VALUES ('Horror','2099');
INSERT INTO `author`(`name`,`birthyear`,`deathyear`) VALUES('Kisha Sordia','1919','1984');
INSERT INTO `author_book`(`author`, `entryid`) VALUES ('Kisha Sordia','2099');
INSERT INTO `publisher_book`(`publisher`, `entryid`) VALUES ('Dobrinin Inc.','2099');
INSERT INTO `entry`(`entryid`,`type`) VALUES('2100','b');
INSERT INTO `book`(`title`,`entryid`,`isbn`,`type`) VALUES('Chance with the Monday','2100','0533708399455','b');
INSERT INTO `genre_book`(`genre`, `entryid`) VALUES ('Thriller','2100');
INSERT INTO `author`(`name`,`birthyear`,`deathyear`) VALUES('Jocelyn Daguio','1934','2026');
INSERT INTO `author_book`(`author`, `entryid`) VALUES ('Jocelyn Daguio','2100');
INSERT INTO `publisher`(`name`) VALUES ('Wedin Cooperations.');
INSERT INTO `publisher_book`(`publisher`, `entryid`) VALUES ('Wedin Cooperations.','2100');
INSERT INTO `entry`(`entryid`,`type`) VALUES('2101','b');
INSERT INTO `book`(`title`,`entryid`,`isbn`,`type`) VALUES('Rainstorm in the Quill','2101','9551914328819','b');
INSERT INTO `genre_book`(`genre`, `entryid`) VALUES ('Science','2101');
INSERT INTO `author`(`name`,`birthyear`,`deathyear`) VALUES('Saul Traugott','1946','1967');
INSERT INTO `author_book`(`author`, `entryid`) VALUES ('Saul Traugott','2101');
INSERT INTO `publisher_book`(`publisher`, `entryid`) VALUES ('Hollner Publishers.','2101');
INSERT INTO `entry`(`entryid`,`type`) VALUES('2102','b');
INSERT INTO `book`(`title`,`entryid`,`isbn`,`type`) VALUES('Pear and the Tortoise','2102','9983719933014','j');
INSERT INTO `genre_book`(`genre`, `entryid`) VALUES ('Horror','2102');
INSERT INTO `author`(`name`,`birthyear`,`deathyear`) VALUES('Bryant Rodwell','1889','1983');
INSERT INTO `author_book`(`author`, `entryid`) VALUES ('Bryant Rodwell','2102');
INSERT INTO `publisher`(`name`) VALUES ('Henscheid Cooperations.');
INSERT INTO `publisher_book`(`publisher`, `entryid`) VALUES ('Henscheid Cooperations.','2102');
INSERT INTO `entry`(`entryid`,`type`) VALUES('2103','b');
INSERT INTO `book`(`title`,`entryid`,`isbn`,`type`) VALUES('Journey and the developable Temperature','2103','0535062217586','b');
INSERT INTO `genre_book`(`genre`, `entryid`) VALUES ('Education','2103');
INSERT INTO `author`(`name`,`birthyear`,`deathyear`) VALUES('Bev Buckless','1923','2019');
INSERT INTO `author_book`(`author`, `entryid`) VALUES ('Bev Buckless','2103');
INSERT INTO `publisher`(`name`) VALUES ('Shuffstall Cooperations.');
INSERT INTO `publisher_book`(`publisher`, `entryid`) VALUES ('Shuffstall Cooperations.','2103');
INSERT INTO `entry`(`entryid`,`type`) VALUES('2104','b');
INSERT INTO `book`(`title`,`entryid`,`isbn`,`type`) VALUES('Neck in Tachometer','2104','0536441505863','j');
INSERT INTO `genre_book`(`genre`, `entryid`) VALUES ('Science','2104');
INSERT INTO `author`(`name`,`birthyear`,`deathyear`) VALUES('Felipe Kobie','1898','1963');
INSERT INTO `author_book`(`author`, `entryid`) VALUES ('Felipe Kobie','2104');
INSERT INTO `publisher`(`name`) VALUES ('Silevinac Inc.');
INSERT INTO `publisher_book`(`publisher`, `entryid`) VALUES ('Silevinac Inc.','2104');
INSERT INTO `entry`(`entryid`,`type`) VALUES('2105','b');
INSERT INTO `book`(`title`,`entryid`,`isbn`,`type`) VALUES('Mice for the mossier Balance','2105','0730971192170','j');
INSERT INTO `genre_book`(`genre`, `entryid`) VALUES ('Sci-Fi','2105');
INSERT INTO `author`(`name`,`birthyear`,`deathyear`) VALUES('Napoleon Vergin','1960','2045');
INSERT INTO `author_book`(`author`, `entryid`) VALUES ('Napoleon Vergin','2105');
INSERT INTO `publisher`(`name`) VALUES ('Happe Publishers.');
INSERT INTO `publisher_book`(`publisher`, `entryid`) VALUES ('Happe Publishers.','2105');
INSERT INTO `entry`(`entryid`,`type`) VALUES('2106','b');
INSERT INTO `book`(`title`,`entryid`,`isbn`,`type`) VALUES('Hovercraft in sluttish Trousers','2106','9570040570745','j');
INSERT INTO `genre_book`(`genre`, `entryid`) VALUES ('Thriller','2106');
INSERT INTO `author`(`name`,`birthyear`,`deathyear`) VALUES('Cassie Dicampli','1980','2056');
INSERT INTO `author_book`(`author`, `entryid`) VALUES ('Cassie Dicampli','2106');
INSERT INTO `publisher_book`(`publisher`, `entryid`) VALUES ('Garrington Cooperations.','2106');
INSERT INTO `entry`(`entryid`,`type`) VALUES('2107','b');
INSERT INTO `book`(`title`,`entryid`,`isbn`,`type`) VALUES('Swedish against the Bee','2107','9649210642143','e');
INSERT INTO `genre_book`(`genre`, `entryid`) VALUES ('Science','2107');
INSERT INTO `author`(`name`,`birthyear`,`deathyear`) VALUES('Aron Buendia','1970','2053');
INSERT INTO `author_book`(`author`, `entryid`) VALUES ('Aron Buendia','2107');
INSERT INTO `publisher`(`name`) VALUES ('Ramiro Inc.');
INSERT INTO `publisher_book`(`publisher`, `entryid`) VALUES ('Ramiro Inc.','2107');
INSERT INTO `entry`(`entryid`,`type`) VALUES('2108','b');
INSERT INTO `book`(`title`,`entryid`,`isbn`,`type`) VALUES('Call of Badge','2108','0311016977032','j');
INSERT INTO `genre_book`(`genre`, `entryid`) VALUES ('Adventure','2108');
INSERT INTO `author`(`name`,`birthyear`,`deathyear`) VALUES('Freida Zabawa','1947','1993');
INSERT INTO `author_book`(`author`, `entryid`) VALUES ('Freida Zabawa','2108');
INSERT INTO `publisher`(`name`) VALUES ('Czapiewski Inc.');
INSERT INTO `publisher_book`(`publisher`, `entryid`) VALUES ('Czapiewski Inc.','2108');
INSERT INTO `entry`(`entryid`,`type`) VALUES('2109','b');
INSERT INTO `book`(`title`,`entryid`,`isbn`,`type`) VALUES('Tulip by the Booklet','2109','0396913680542','b');
INSERT INTO `genre_book`(`genre`, `entryid`) VALUES ('Romance','2109');
INSERT INTO `author`(`name`,`birthyear`,`deathyear`) VALUES('Alease Marash','1909','1931');
INSERT INTO `author_book`(`author`, `entryid`) VALUES ('Alease Marash','2109');
INSERT INTO `publisher`(`name`) VALUES ('Pagoda Publishers.');
INSERT INTO `publisher_book`(`publisher`, `entryid`) VALUES ('Pagoda Publishers.','2109');
INSERT INTO `entry`(`entryid`,`type`) VALUES('2110','b');
INSERT INTO `book`(`title`,`entryid`,`isbn`,`type`) VALUES('June by the Software','2110','0404596364704','b');
INSERT INTO `genre_book`(`genre`, `entryid`) VALUES ('Sci-Fi','2110');
INSERT INTO `author`(`name`,`birthyear`,`deathyear`) VALUES('Claris Malito','1968','2064');
INSERT INTO `author_book`(`author`, `entryid`) VALUES ('Claris Malito','2110');
INSERT INTO `publisher`(`name`) VALUES ('Delashaw Publishers.');
INSERT INTO `publisher_book`(`publisher`, `entryid`) VALUES ('Delashaw Publishers.','2110');
INSERT INTO `entry`(`entryid`,`type`) VALUES('2111','b');
INSERT INTO `book`(`title`,`entryid`,`isbn`,`type`) VALUES('Crack by russet Tanker','2111','9802425630766','e');
INSERT INTO `genre_book`(`genre`, `entryid`) VALUES ('Education','2111');
INSERT INTO `author`(`name`,`birthyear`,`deathyear`) VALUES('Veola Rachar','1936','2001');
INSERT INTO `author_book`(`author`, `entryid`) VALUES ('Veola Rachar','2111');
INSERT INTO `publisher`(`name`) VALUES ('Trinkl Inc.');
INSERT INTO `publisher_book`(`publisher`, `entryid`) VALUES ('Trinkl Inc.','2111');
INSERT INTO `entry`(`entryid`,`type`) VALUES('2112','b');
INSERT INTO `book`(`title`,`entryid`,`isbn`,`type`) VALUES('Watch because of Clipper','2112','9859692272751','j');
INSERT INTO `genre_book`(`genre`, `entryid`) VALUES ('Adventure','2112');
INSERT INTO `author`(`name`,`birthyear`,`deathyear`) VALUES('Audrey Remington','1972','2025');
INSERT INTO `author_book`(`author`, `entryid`) VALUES ('Audrey Remington','2112');
INSERT INTO `publisher`(`name`) VALUES ('Kanda Publishers.');
INSERT INTO `publisher_book`(`publisher`, `entryid`) VALUES ('Kanda Publishers.','2112');
INSERT INTO `entry`(`entryid`,`type`) VALUES('2113','b');
INSERT INTO `book`(`title`,`entryid`,`isbn`,`type`) VALUES('Wasp for the Desert','2113','9583382453962','e');
INSERT INTO `genre_book`(`genre`, `entryid`) VALUES ('Education','2113');
INSERT INTO `author`(`name`,`birthyear`,`deathyear`) VALUES('Celestine Bellott','1919','2007');
INSERT INTO `author_book`(`author`, `entryid`) VALUES ('Celestine Bellott','2113');
INSERT INTO `publisher_book`(`publisher`, `entryid`) VALUES ('Massey Cooperations.','2113');
INSERT INTO `entry`(`entryid`,`type`) VALUES('2114','b');
INSERT INTO `book`(`title`,`entryid`,`isbn`,`type`) VALUES('Panty of the Flax','2114','0094093806427','b');
INSERT INTO `genre_book`(`genre`, `entryid`) VALUES ('Romance','2114');
INSERT INTO `author`(`name`,`birthyear`,`deathyear`) VALUES('Henry Mccann','1889','1969');
INSERT INTO `author_book`(`author`, `entryid`) VALUES ('Henry Mccann','2114');
INSERT INTO `publisher`(`name`) VALUES ('Massar Inc.');
INSERT INTO `publisher_book`(`publisher`, `entryid`) VALUES ('Massar Inc.','2114');
INSERT INTO `entry`(`entryid`,`type`) VALUES('2115','b');
INSERT INTO `book`(`title`,`entryid`,`isbn`,`type`) VALUES('Library to the Lier','2115','9525431329835','b');
INSERT INTO `genre_book`(`genre`, `entryid`) VALUES ('Sci-Fi','2115');
INSERT INTO `author`(`name`,`birthyear`,`deathyear`) VALUES('Mavis Sodomka','1952','2052');
INSERT INTO `author_book`(`author`, `entryid`) VALUES ('Mavis Sodomka','2115');
INSERT INTO `publisher`(`name`) VALUES ('Lampson Inc.');
INSERT INTO `publisher_book`(`publisher`, `entryid`) VALUES ('Lampson Inc.','2115');
INSERT INTO `entry`(`entryid`,`type`) VALUES('2116','b');
INSERT INTO `book`(`title`,`entryid`,`isbn`,`type`) VALUES('Promotion by the Sampan','2116','0549983290538','j');
INSERT INTO `genre_book`(`genre`, `entryid`) VALUES ('Horror','2116');
INSERT INTO `author`(`name`,`birthyear`,`deathyear`) VALUES('Jerold Taing','1962','2047');
INSERT INTO `author_book`(`author`, `entryid`) VALUES ('Jerold Taing','2116');
INSERT INTO `publisher`(`name`) VALUES ('Fendt Publishers.');
INSERT INTO `publisher_book`(`publisher`, `entryid`) VALUES ('Fendt Publishers.','2116');
INSERT INTO `entry`(`entryid`,`type`) VALUES('2117','b');
INSERT INTO `book`(`title`,`entryid`,`isbn`,`type`) VALUES('Pressure to the interspecific Lunch','2117','0078384657597','b');
INSERT INTO `genre_book`(`genre`, `entryid`) VALUES ('Education','2117');
INSERT INTO `author`(`name`,`birthyear`,`deathyear`) VALUES('Gene Decarvalho','1904','1938');
INSERT INTO `author_book`(`author`, `entryid`) VALUES ('Gene Decarvalho','2117');
INSERT INTO `publisher`(`name`) VALUES ('Matise Cooperations.');
INSERT INTO `publisher_book`(`publisher`, `entryid`) VALUES ('Matise Cooperations.','2117');
INSERT INTO `entry`(`entryid`,`type`) VALUES('2118','b');
INSERT INTO `book`(`title`,`entryid`,`isbn`,`type`) VALUES('Apartment with unabated Shadow','2118','0002281929926','j');
INSERT INTO `genre_book`(`genre`, `entryid`) VALUES ('Sci-Fi','2118');
INSERT INTO `author`(`name`,`birthyear`,`deathyear`) VALUES('Ollie Labbadia','1963','2010');
INSERT INTO `author_book`(`author`, `entryid`) VALUES ('Ollie Labbadia','2118');
INSERT INTO `publisher`(`name`) VALUES ('Slinker Cooperations.');
INSERT INTO `publisher_book`(`publisher`, `entryid`) VALUES ('Slinker Cooperations.','2118');
INSERT INTO `entry`(`entryid`,`type`) VALUES('2119','b');
INSERT INTO `book`(`title`,`entryid`,`isbn`,`type`) VALUES('Drawer for the Pint','2119','9224753813078','e');
INSERT INTO `genre_book`(`genre`, `entryid`) VALUES ('Adventure','2119');
INSERT INTO `author`(`name`,`birthyear`,`deathyear`) VALUES('Angelika Passantino','1894','1937');
INSERT INTO `author_book`(`author`, `entryid`) VALUES ('Angelika Passantino','2119');
INSERT INTO `publisher_book`(`publisher`, `entryid`) VALUES ('Wedin Cooperations.','2119');
INSERT INTO `entry`(`entryid`,`type`) VALUES('2120','b');
INSERT INTO `book`(`title`,`entryid`,`isbn`,`type`) VALUES('Mascara with the Paint','2120','9887680614008','b');
INSERT INTO `genre_book`(`genre`, `entryid`) VALUES ('Adventure','2120');
INSERT INTO `author`(`name`,`birthyear`,`deathyear`) VALUES('Exie Magwood','1948','2018');
INSERT INTO `author_book`(`author`, `entryid`) VALUES ('Exie Magwood','2120');
INSERT INTO `publisher`(`name`) VALUES ('Dubuisson Inc.');
INSERT INTO `publisher_book`(`publisher`, `entryid`) VALUES ('Dubuisson Inc.','2120');
INSERT INTO `entry`(`entryid`,`type`) VALUES('2121','b');
INSERT INTO `book`(`title`,`entryid`,`isbn`,`type`) VALUES('Tennis to Forecast','2121','0813145181181','b');
INSERT INTO `genre_book`(`genre`, `entryid`) VALUES ('Thriller','2121');
INSERT INTO `author`(`name`,`birthyear`,`deathyear`) VALUES('Vanessa Bannett','1903','1926');
INSERT INTO `author_book`(`author`, `entryid`) VALUES ('Vanessa Bannett','2121');
INSERT INTO `publisher`(`name`) VALUES ('Withfield Inc.');
INSERT INTO `publisher_book`(`publisher`, `entryid`) VALUES ('Withfield Inc.','2121');
INSERT INTO `entry`(`entryid`,`type`) VALUES('2122','b');
INSERT INTO `book`(`title`,`entryid`,`isbn`,`type`) VALUES('Cyclone and Witness','2122','0174956858524','j');
INSERT INTO `genre_book`(`genre`, `entryid`) VALUES ('Horror','2122');
INSERT INTO `author`(`name`,`birthyear`,`deathyear`) VALUES('Halley Gainor','1977','2023');
INSERT INTO `author_book`(`author`, `entryid`) VALUES ('Halley Gainor','2122');
INSERT INTO `publisher`(`name`) VALUES ('Neuman Cooperations.');
INSERT INTO `publisher_book`(`publisher`, `entryid`) VALUES ('Neuman Cooperations.','2122');
INSERT INTO `entry`(`entryid`,`type`) VALUES('2123','b');
INSERT INTO `book`(`title`,`entryid`,`isbn`,`type`) VALUES('Washer and the pouched Raven','2123','9640591439814','b');
INSERT INTO `genre_book`(`genre`, `entryid`) VALUES ('Adventure','2123');
INSERT INTO `author`(`name`,`birthyear`,`deathyear`) VALUES('Alonso Legendre','1913','2007');
INSERT INTO `author_book`(`author`, `entryid`) VALUES ('Alonso Legendre','2123');
INSERT INTO `publisher_book`(`publisher`, `entryid`) VALUES ('Kanda Publishers.','2123');
INSERT INTO `entry`(`entryid`,`type`) VALUES('2124','b');
INSERT INTO `book`(`title`,`entryid`,`isbn`,`type`) VALUES('Clock for Exhaust','2124','0346274008913','e');
INSERT INTO `genre_book`(`genre`, `entryid`) VALUES ('Education','2124');
INSERT INTO `author`(`name`,`birthyear`,`deathyear`) VALUES('Maryjane Barrera','1880','1957');
INSERT INTO `author_book`(`author`, `entryid`) VALUES ('Maryjane Barrera','2124');
INSERT INTO `publisher`(`name`) VALUES ('Brassard Inc.');
INSERT INTO `publisher_book`(`publisher`, `entryid`) VALUES ('Brassard Inc.','2124');
INSERT INTO `entry`(`entryid`,`type`) VALUES('2125','b');
INSERT INTO `book`(`title`,`entryid`,`isbn`,`type`) VALUES('Cocoa with the stoneware Chicory','2125','9766865328085','b');
INSERT INTO `genre_book`(`genre`, `entryid`) VALUES ('Education','2125');
INSERT INTO `author`(`name`,`birthyear`,`deathyear`) VALUES('Mariella Mancino','1976','2055');
INSERT INTO `author_book`(`author`, `entryid`) VALUES ('Mariella Mancino','2125');
INSERT INTO `publisher`(`name`) VALUES ('Mesecar Publishers.');
INSERT INTO `publisher_book`(`publisher`, `entryid`) VALUES ('Mesecar Publishers.','2125');
INSERT INTO `entry`(`entryid`,`type`) VALUES('2126','b');
INSERT INTO `book`(`title`,`entryid`,`isbn`,`type`) VALUES('Carbon vs. transposable Trouble','2126','0528721525501','b');
INSERT INTO `genre_book`(`genre`, `entryid`) VALUES ('Thriller','2126');
INSERT INTO `author`(`name`,`birthyear`,`deathyear`) VALUES('Larraine Tatsch','1905','1928');
INSERT INTO `author_book`(`author`, `entryid`) VALUES ('Larraine Tatsch','2126');
INSERT INTO `publisher`(`name`) VALUES ('Sistek Cooperations.');
INSERT INTO `publisher_book`(`publisher`, `entryid`) VALUES ('Sistek Cooperations.','2126');
INSERT INTO `entry`(`entryid`,`type`) VALUES('2127','b');
INSERT INTO `book`(`title`,`entryid`,`isbn`,`type`) VALUES('Cost in Parthia Word','2127','0890471754302','e');
INSERT INTO `genre_book`(`genre`, `entryid`) VALUES ('Romance','2127');
INSERT INTO `author`(`name`,`birthyear`,`deathyear`) VALUES('Edith Svedine','1908','1978');
INSERT INTO `author_book`(`author`, `entryid`) VALUES ('Edith Svedine','2127');
INSERT INTO `publisher`(`name`) VALUES ('Devon Inc.');
INSERT INTO `publisher_book`(`publisher`, `entryid`) VALUES ('Devon Inc.','2127');
INSERT INTO `entry`(`entryid`,`type`) VALUES('2128','b');
INSERT INTO `book`(`title`,`entryid`,`isbn`,`type`) VALUES('Stopwatch and Appendix','2128','9804797414769','b');
INSERT INTO `genre_book`(`genre`, `entryid`) VALUES ('Thriller','2128');
INSERT INTO `author`(`name`,`birthyear`,`deathyear`) VALUES('Chelsey Dollins','1953','2050');
INSERT INTO `author_book`(`author`, `entryid`) VALUES ('Chelsey Dollins','2128');
INSERT INTO `publisher`(`name`) VALUES ('Gerondale Inc.');
INSERT INTO `publisher_book`(`publisher`, `entryid`) VALUES ('Gerondale Inc.','2128');
INSERT INTO `entry`(`entryid`,`type`) VALUES('2129','b');
INSERT INTO `book`(`title`,`entryid`,`isbn`,`type`) VALUES('Airship to the corrigible Periodical','2129','0183797070736','e');
INSERT INTO `genre_book`(`genre`, `entryid`) VALUES ('Sci-Fi','2129');
INSERT INTO `author_book`(`author`, `entryid`) VALUES ('Luba Whisenant','2129');
INSERT INTO `publisher`(`name`) VALUES ('Victoria Cooperations.');
INSERT INTO `publisher_book`(`publisher`, `entryid`) VALUES ('Victoria Cooperations.','2129');
INSERT INTO `entry`(`entryid`,`type`) VALUES('2130','b');
INSERT INTO `book`(`title`,`entryid`,`isbn`,`type`) VALUES('Venezuelan to the triclinic Fifth','2130','9074071575890','b');
INSERT INTO `genre_book`(`genre`, `entryid`) VALUES ('Thriller','2130');
INSERT INTO `author`(`name`,`birthyear`,`deathyear`) VALUES('Delsie Pisano','1956','2033');
INSERT INTO `author_book`(`author`, `entryid`) VALUES ('Delsie Pisano','2130');
INSERT INTO `publisher_book`(`publisher`, `entryid`) VALUES ('Egley Cooperations.','2130');
INSERT INTO `entry`(`entryid`,`type`) VALUES('2131','b');
INSERT INTO `book`(`title`,`entryid`,`isbn`,`type`) VALUES('Dresser because of gonococcoid Kettledrum','2131','0576734436218','b');
INSERT INTO `genre_book`(`genre`, `entryid`) VALUES ('Adventure','2131');
INSERT INTO `author`(`name`,`birthyear`,`deathyear`) VALUES('Ivana Enick','1911','1979');
INSERT INTO `author_book`(`author`, `entryid`) VALUES ('Ivana Enick','2131');
INSERT INTO `publisher`(`name`) VALUES ('Want Inc.');
INSERT INTO `publisher_book`(`publisher`, `entryid`) VALUES ('Want Inc.','2131');
INSERT INTO `entry`(`entryid`,`type`) VALUES('2132','b');
INSERT INTO `book`(`title`,`entryid`,`isbn`,`type`) VALUES('Lace to Rabbit','2132','0359080099901','e');
INSERT INTO `genre_book`(`genre`, `entryid`) VALUES ('Education','2132');
INSERT INTO `author`(`name`,`birthyear`,`deathyear`) VALUES('Emmy Samuell','1905','1996');
INSERT INTO `author_book`(`author`, `entryid`) VALUES ('Emmy Samuell','2132');
INSERT INTO `publisher_book`(`publisher`, `entryid`) VALUES ('Casaceli Inc.','2132');
INSERT INTO `entry`(`entryid`,`type`) VALUES('2133','b');
INSERT INTO `book`(`title`,`entryid`,`isbn`,`type`) VALUES('Kenneth because of unrefracted Force','2133','0045945085725','b');
INSERT INTO `genre_book`(`genre`, `entryid`) VALUES ('Education','2133');
INSERT INTO `author`(`name`,`birthyear`,`deathyear`) VALUES('Lera Zwilling','1913','1945');
INSERT INTO `author_book`(`author`, `entryid`) VALUES ('Lera Zwilling','2133');
INSERT INTO `publisher`(`name`) VALUES ('Dismukes Cooperations.');
INSERT INTO `publisher_book`(`publisher`, `entryid`) VALUES ('Dismukes Cooperations.','2133');
INSERT INTO `entry`(`entryid`,`type`) VALUES('2134','b');
INSERT INTO `book`(`title`,`entryid`,`isbn`,`type`) VALUES('Swallow for the Saudi arabia','2134','9998295203945','j');
INSERT INTO `genre_book`(`genre`, `entryid`) VALUES ('Education','2134');
INSERT INTO `author`(`name`,`birthyear`,`deathyear`) VALUES('Shaneka Calk','1930','1978');
INSERT INTO `author_book`(`author`, `entryid`) VALUES ('Shaneka Calk','2134');
INSERT INTO `publisher_book`(`publisher`, `entryid`) VALUES ('Didyk Inc.','2134');
INSERT INTO `entry`(`entryid`,`type`) VALUES('2135','b');
INSERT INTO `book`(`title`,`entryid`,`isbn`,`type`) VALUES('Great-grandfather by unperturbed Beard','2135','9745669564439','e');
INSERT INTO `genre_book`(`genre`, `entryid`) VALUES ('Education','2135');
INSERT INTO `author`(`name`,`birthyear`,`deathyear`) VALUES('Tameka Defries','1942','1973');
INSERT INTO `author_book`(`author`, `entryid`) VALUES ('Tameka Defries','2135');
INSERT INTO `publisher`(`name`) VALUES ('Simcox Publishers.');
INSERT INTO `publisher_book`(`publisher`, `entryid`) VALUES ('Simcox Publishers.','2135');
INSERT INTO `entry`(`entryid`,`type`) VALUES('2136','b');
INSERT INTO `book`(`title`,`entryid`,`isbn`,`type`) VALUES('Regret to the high-proof Scarf','2136','0550784164666','j');
INSERT INTO `genre_book`(`genre`, `entryid`) VALUES ('Thriller','2136');
INSERT INTO `author`(`name`,`birthyear`,`deathyear`) VALUES('Renee Kiker','1917','1966');
INSERT INTO `author_book`(`author`, `entryid`) VALUES ('Renee Kiker','2136');
INSERT INTO `publisher`(`name`) VALUES ('Briley Publishers.');
INSERT INTO `publisher_book`(`publisher`, `entryid`) VALUES ('Briley Publishers.','2136');
INSERT INTO `entry`(`entryid`,`type`) VALUES('2137','b');
INSERT INTO `book`(`title`,`entryid`,`isbn`,`type`) VALUES('Chicken vs. Quail','2137','9379801341911','b');
INSERT INTO `genre_book`(`genre`, `entryid`) VALUES ('Sci-Fi','2137');
INSERT INTO `author_book`(`author`, `entryid`) VALUES ('Malka Wokwicz','2137');
INSERT INTO `publisher_book`(`publisher`, `entryid`) VALUES ('Brassard Inc.','2137');
INSERT INTO `entry`(`entryid`,`type`) VALUES('2138','b');
INSERT INTO `book`(`title`,`entryid`,`isbn`,`type`) VALUES('Dimple against falsest Sofa','2138','9688718410891','b');
INSERT INTO `genre_book`(`genre`, `entryid`) VALUES ('Sci-Fi','2138');
INSERT INTO `author`(`name`,`birthyear`,`deathyear`) VALUES('Darcel Echaure','1922','1960');
INSERT INTO `author_book`(`author`, `entryid`) VALUES ('Darcel Echaure','2138');
INSERT INTO `publisher`(`name`) VALUES ('Tippy Publishers.');
INSERT INTO `publisher_book`(`publisher`, `entryid`) VALUES ('Tippy Publishers.','2138');
INSERT INTO `entry`(`entryid`,`type`) VALUES('2139','b');
INSERT INTO `book`(`title`,`entryid`,`isbn`,`type`) VALUES('Barometer for the Art','2139','0799828485679','j');
INSERT INTO `genre_book`(`genre`, `entryid`) VALUES ('Science','2139');
INSERT INTO `author`(`name`,`birthyear`,`deathyear`) VALUES('Carmel Nol','1978','2007');
INSERT INTO `author_book`(`author`, `entryid`) VALUES ('Carmel Nol','2139');
INSERT INTO `publisher`(`name`) VALUES ('Jestes Inc.');
INSERT INTO `publisher_book`(`publisher`, `entryid`) VALUES ('Jestes Inc.','2139');
INSERT INTO `entry`(`entryid`,`type`) VALUES('2140','b');
INSERT INTO `book`(`title`,`entryid`,`isbn`,`type`) VALUES('Ramie for the Squash','2140','0755027756234','j');
INSERT INTO `genre_book`(`genre`, `entryid`) VALUES ('Science','2140');
INSERT INTO `author`(`name`,`birthyear`,`deathyear`) VALUES('Mack Salone','1895','1966');
INSERT INTO `author_book`(`author`, `entryid`) VALUES ('Mack Salone','2140');
INSERT INTO `publisher`(`name`) VALUES ('Toste Publishers.');
INSERT INTO `publisher_book`(`publisher`, `entryid`) VALUES ('Toste Publishers.','2140');
INSERT INTO `entry`(`entryid`,`type`) VALUES('2141','b');
INSERT INTO `book`(`title`,`entryid`,`isbn`,`type`) VALUES('Nic against T-shirt','2141','0123923026383','j');
INSERT INTO `genre_book`(`genre`, `entryid`) VALUES ('Education','2141');
INSERT INTO `author`(`name`,`birthyear`,`deathyear`) VALUES('Jerrell Nicoll','1975','2018');
INSERT INTO `author_book`(`author`, `entryid`) VALUES ('Jerrell Nicoll','2141');
INSERT INTO `publisher`(`name`) VALUES ('Brisbon Publishers.');
INSERT INTO `publisher_book`(`publisher`, `entryid`) VALUES ('Brisbon Publishers.','2141');
INSERT INTO `entry`(`entryid`,`type`) VALUES('2142','b');
INSERT INTO `book`(`title`,`entryid`,`isbn`,`type`) VALUES('Conga for magisterial Dahlia','2142','0126863431764','e');
INSERT INTO `genre_book`(`genre`, `entryid`) VALUES ('Education','2142');
INSERT INTO `author`(`name`,`birthyear`,`deathyear`) VALUES('Mendy Divelbiss','1906','1926');
INSERT INTO `author_book`(`author`, `entryid`) VALUES ('Mendy Divelbiss','2142');
INSERT INTO `publisher`(`name`) VALUES ('Reinders Inc.');
INSERT INTO `publisher_book`(`publisher`, `entryid`) VALUES ('Reinders Inc.','2142');
INSERT INTO `entry`(`entryid`,`type`) VALUES('2143','b');
INSERT INTO `book`(`title`,`entryid`,`isbn`,`type`) VALUES('Mechanic against the pea-green Japan','2143','0498475402173','j');
INSERT INTO `genre_book`(`genre`, `entryid`) VALUES ('Sci-Fi','2143');
INSERT INTO `author`(`name`,`birthyear`,`deathyear`) VALUES('Tilda Barickman','1969','2040');
INSERT INTO `author_book`(`author`, `entryid`) VALUES ('Tilda Barickman','2143');
INSERT INTO `publisher`(`name`) VALUES ('Bernadette Cooperations.');
INSERT INTO `publisher_book`(`publisher`, `entryid`) VALUES ('Bernadette Cooperations.','2143');
INSERT INTO `entry`(`entryid`,`type`) VALUES('2144','b');
INSERT INTO `book`(`title`,`entryid`,`isbn`,`type`) VALUES('Color for paradoxical Betty','2144','0009503287912','j');
INSERT INTO `genre_book`(`genre`, `entryid`) VALUES ('Adventure','2144');
INSERT INTO `author`(`name`,`birthyear`,`deathyear`) VALUES('Glendora Teabo','1899','1953');
INSERT INTO `author_book`(`author`, `entryid`) VALUES ('Glendora Teabo','2144');
INSERT INTO `publisher`(`name`) VALUES ('Scriuner Publishers.');
INSERT INTO `publisher_book`(`publisher`, `entryid`) VALUES ('Scriuner Publishers.','2144');
INSERT INTO `entry`(`entryid`,`type`) VALUES('2145','b');
INSERT INTO `book`(`title`,`entryid`,`isbn`,`type`) VALUES('Day of Appeal','2145','9051014488006','b');
INSERT INTO `genre_book`(`genre`, `entryid`) VALUES ('Sci-Fi','2145');
INSERT INTO `author`(`name`,`birthyear`,`deathyear`) VALUES('Indira Graeser','1909','1979');
INSERT INTO `author_book`(`author`, `entryid`) VALUES ('Indira Graeser','2145');
INSERT INTO `publisher`(`name`) VALUES ('Klumph Inc.');
INSERT INTO `publisher_book`(`publisher`, `entryid`) VALUES ('Klumph Inc.','2145');
INSERT INTO `entry`(`entryid`,`type`) VALUES('2146','b');
INSERT INTO `book`(`title`,`entryid`,`isbn`,`type`) VALUES('China against the Peak','2146','9699306323385','b');
INSERT INTO `genre_book`(`genre`, `entryid`) VALUES ('Romance','2146');
INSERT INTO `author`(`name`,`birthyear`,`deathyear`) VALUES('Vena Mercury','1905','1957');
INSERT INTO `author_book`(`author`, `entryid`) VALUES ('Vena Mercury','2146');
INSERT INTO `publisher`(`name`) VALUES ('Draffin Publishers.');
INSERT INTO `publisher_book`(`publisher`, `entryid`) VALUES ('Draffin Publishers.','2146');
INSERT INTO `entry`(`entryid`,`type`) VALUES('2147','b');
INSERT INTO `book`(`title`,`entryid`,`isbn`,`type`) VALUES('Carpenter to the Entrance','2147','9180216784016','e');
INSERT INTO `genre_book`(`genre`, `entryid`) VALUES ('Romance','2147');
INSERT INTO `author`(`name`,`birthyear`,`deathyear`) VALUES('Glenn Forno','1952','2030');
INSERT INTO `author_book`(`author`, `entryid`) VALUES ('Glenn Forno','2147');
INSERT INTO `publisher`(`name`) VALUES ('Dubrey Cooperations.');
INSERT INTO `publisher_book`(`publisher`, `entryid`) VALUES ('Dubrey Cooperations.','2147');
INSERT INTO `entry`(`entryid`,`type`) VALUES('2148','b');
INSERT INTO `book`(`title`,`entryid`,`isbn`,`type`) VALUES('License against sickening Yoke','2148','0153048908552','j');
INSERT INTO `genre_book`(`genre`, `entryid`) VALUES ('Adventure','2148');
INSERT INTO `author`(`name`,`birthyear`,`deathyear`) VALUES('Deandrea Nosworthy','1902','1951');
INSERT INTO `author_book`(`author`, `entryid`) VALUES ('Deandrea Nosworthy','2148');
INSERT INTO `publisher`(`name`) VALUES ('Rudolph Cooperations.');
INSERT INTO `publisher_book`(`publisher`, `entryid`) VALUES ('Rudolph Cooperations.','2148');
INSERT INTO `entry`(`entryid`,`type`) VALUES('2149','b');
INSERT INTO `book`(`title`,`entryid`,`isbn`,`type`) VALUES('Carbon against the Parsnip','2149','0361715399103','b');
INSERT INTO `genre_book`(`genre`, `entryid`) VALUES ('Science','2149');
INSERT INTO `author`(`name`,`birthyear`,`deathyear`) VALUES('Corrine Soler','1910','1964');
INSERT INTO `author_book`(`author`, `entryid`) VALUES ('Corrine Soler','2149');
INSERT INTO `publisher`(`name`) VALUES ('Diliberti Inc.');
INSERT INTO `publisher_book`(`publisher`, `entryid`) VALUES ('Diliberti Inc.','2149');
INSERT INTO `entry`(`entryid`,`type`) VALUES('2150','b');
INSERT INTO `book`(`title`,`entryid`,`isbn`,`type`) VALUES('Himalayan because of Disease','2150','9487500247825','b');
INSERT INTO `genre_book`(`genre`, `entryid`) VALUES ('Horror','2150');
INSERT INTO `author`(`name`,`birthyear`,`deathyear`) VALUES('Tarah Yourshaw','1978','2046');
INSERT INTO `author_book`(`author`, `entryid`) VALUES ('Tarah Yourshaw','2150');
INSERT INTO `publisher`(`name`) VALUES ('Luchenbill Inc.');
INSERT INTO `publisher_book`(`publisher`, `entryid`) VALUES ('Luchenbill Inc.','2150');
INSERT INTO `entry`(`entryid`,`type`) VALUES('2151','b');
INSERT INTO `book`(`title`,`entryid`,`isbn`,`type`) VALUES('Bronze and monarchical Beard','2151','9200974793658','b');
INSERT INTO `genre_book`(`genre`, `entryid`) VALUES ('Adventure','2151');
INSERT INTO `author_book`(`author`, `entryid`) VALUES ('Aron Buendia','2151');
INSERT INTO `publisher_book`(`publisher`, `entryid`) VALUES ('Jestes Inc.','2151');
INSERT INTO `entry`(`entryid`,`type`) VALUES('2152','b');
INSERT INTO `book`(`title`,`entryid`,`isbn`,`type`) VALUES('Apology because of Rifle','2152','0365764967107','e');
INSERT INTO `genre_book`(`genre`, `entryid`) VALUES ('Thriller','2152');
INSERT INTO `author`(`name`,`birthyear`,`deathyear`) VALUES('Joane Ebersole','1948','2030');
INSERT INTO `author_book`(`author`, `entryid`) VALUES ('Joane Ebersole','2152');
INSERT INTO `publisher`(`name`) VALUES ('Aplington Inc.');
INSERT INTO `publisher_book`(`publisher`, `entryid`) VALUES ('Aplington Inc.','2152');
INSERT INTO `entry`(`entryid`,`type`) VALUES('2153','b');
INSERT INTO `book`(`title`,`entryid`,`isbn`,`type`) VALUES('Bengal and steel-grey Step-daughter','2153','0946686726647','b');
INSERT INTO `genre_book`(`genre`, `entryid`) VALUES ('Thriller','2153');
INSERT INTO `author`(`name`,`birthyear`,`deathyear`) VALUES('Andreas Asch','1968','2034');
INSERT INTO `author_book`(`author`, `entryid`) VALUES ('Andreas Asch','2153');
INSERT INTO `publisher`(`name`) VALUES ('Statton Inc.');
INSERT INTO `publisher_book`(`publisher`, `entryid`) VALUES ('Statton Inc.','2153');
INSERT INTO `entry`(`entryid`,`type`) VALUES('2154','b');
INSERT INTO `book`(`title`,`entryid`,`isbn`,`type`) VALUES('Men for Cloakroom','2154','9147828374958','j');
INSERT INTO `genre_book`(`genre`, `entryid`) VALUES ('Sci-Fi','2154');
INSERT INTO `author`(`name`,`birthyear`,`deathyear`) VALUES('An Abt','1980','2031');
INSERT INTO `author_book`(`author`, `entryid`) VALUES ('An Abt','2154');
INSERT INTO `publisher_book`(`publisher`, `entryid`) VALUES ('Ockman Inc.','2154');
INSERT INTO `entry`(`entryid`,`type`) VALUES('2155','b');
INSERT INTO `book`(`title`,`entryid`,`isbn`,`type`) VALUES('Cat and hilly Pin','2155','0569499965440','j');
INSERT INTO `genre_book`(`genre`, `entryid`) VALUES ('Thriller','2155');
INSERT INTO `author_book`(`author`, `entryid`) VALUES ('Leighann Metott','2155');
INSERT INTO `publisher_book`(`publisher`, `entryid`) VALUES ('Devon Inc.','2155');
INSERT INTO `entry`(`entryid`,`type`) VALUES('2156','b');
INSERT INTO `book`(`title`,`entryid`,`isbn`,`type`) VALUES('Bagpipe because of debilitated Crocodile','2156','9603910565025','e');
INSERT INTO `genre_book`(`genre`, `entryid`) VALUES ('Education','2156');
INSERT INTO `author`(`name`,`birthyear`,`deathyear`) VALUES('Melody Vrias','1880','1945');
INSERT INTO `author_book`(`author`, `entryid`) VALUES ('Melody Vrias','2156');
INSERT INTO `publisher_book`(`publisher`, `entryid`) VALUES ('Dietlin Cooperations.','2156');
INSERT INTO `entry`(`entryid`,`type`) VALUES('2157','b');
INSERT INTO `book`(`title`,`entryid`,`isbn`,`type`) VALUES('Ketchup vs. sketchy United kingdom','2157','9693378263616','e');
INSERT INTO `genre_book`(`genre`, `entryid`) VALUES ('Science','2157');
INSERT INTO `author`(`name`,`birthyear`,`deathyear`) VALUES('Ailene Elldrege','1979','2022');
INSERT INTO `author_book`(`author`, `entryid`) VALUES ('Ailene Elldrege','2157');
INSERT INTO `publisher`(`name`) VALUES ('Trapp Inc.');
INSERT INTO `publisher_book`(`publisher`, `entryid`) VALUES ('Trapp Inc.','2157');
INSERT INTO `entry`(`entryid`,`type`) VALUES('2158','b');
INSERT INTO `book`(`title`,`entryid`,`isbn`,`type`) VALUES('Propane by the Heat','2158','0302806125159','e');
INSERT INTO `genre_book`(`genre`, `entryid`) VALUES ('Sci-Fi','2158');
INSERT INTO `author`(`name`,`birthyear`,`deathyear`) VALUES('Corey Laconte','1951','2042');
INSERT INTO `author_book`(`author`, `entryid`) VALUES ('Corey Laconte','2158');
INSERT INTO `publisher`(`name`) VALUES ('Tymon Inc.');
INSERT INTO `publisher_book`(`publisher`, `entryid`) VALUES ('Tymon Inc.','2158');
INSERT INTO `entry`(`entryid`,`type`) VALUES('2159','b');
INSERT INTO `book`(`title`,`entryid`,`isbn`,`type`) VALUES('Bass against thinned Composer','2159','0252119540585','j');
INSERT INTO `genre_book`(`genre`, `entryid`) VALUES ('Science','2159');
INSERT INTO `author`(`name`,`birthyear`,`deathyear`) VALUES('Everett Coronado','1953','2047');
INSERT INTO `author_book`(`author`, `entryid`) VALUES ('Everett Coronado','2159');
INSERT INTO `publisher`(`name`) VALUES ('Deaville Inc.');
INSERT INTO `publisher_book`(`publisher`, `entryid`) VALUES ('Deaville Inc.','2159');
INSERT INTO `entry`(`entryid`,`type`) VALUES('2160','b');
INSERT INTO `book`(`title`,`entryid`,`isbn`,`type`) VALUES('Enquiry in Desk','2160','0836033021573','e');
INSERT INTO `genre_book`(`genre`, `entryid`) VALUES ('Sci-Fi','2160');
INSERT INTO `author`(`name`,`birthyear`,`deathyear`) VALUES('Inge Heggen','1898','1926');
INSERT INTO `author_book`(`author`, `entryid`) VALUES ('Inge Heggen','2160');
INSERT INTO `publisher_book`(`publisher`, `entryid`) VALUES ('Gerondale Inc.','2160');
INSERT INTO `entry`(`entryid`,`type`) VALUES('2161','b');
INSERT INTO `book`(`title`,`entryid`,`isbn`,`type`) VALUES('Dugout against dainties Macaroni','2161','0204880983031','b');
INSERT INTO `genre_book`(`genre`, `entryid`) VALUES ('Thriller','2161');
INSERT INTO `author`(`name`,`birthyear`,`deathyear`) VALUES('Lashawnda Koczera','1883','1933');
INSERT INTO `author_book`(`author`, `entryid`) VALUES ('Lashawnda Koczera','2161');
INSERT INTO `publisher`(`name`) VALUES ('Bolick Inc.');
INSERT INTO `publisher_book`(`publisher`, `entryid`) VALUES ('Bolick Inc.','2161');
INSERT INTO `entry`(`entryid`,`type`) VALUES('2162','b');
INSERT INTO `book`(`title`,`entryid`,`isbn`,`type`) VALUES('Examination against schismatical Move','2162','0172738554508','j');
INSERT INTO `genre_book`(`genre`, `entryid`) VALUES ('Horror','2162');
INSERT INTO `author`(`name`,`birthyear`,`deathyear`) VALUES('Sanjuana Reller','1934','1976');
INSERT INTO `author_book`(`author`, `entryid`) VALUES ('Sanjuana Reller','2162');
INSERT INTO `publisher`(`name`) VALUES ('Trickel Inc.');
INSERT INTO `publisher_book`(`publisher`, `entryid`) VALUES ('Trickel Inc.','2162');
INSERT INTO `entry`(`entryid`,`type`) VALUES('2163','b');
INSERT INTO `book`(`title`,`entryid`,`isbn`,`type`) VALUES('Sand of the Maid','2163','0207605281390','b');
INSERT INTO `genre_book`(`genre`, `entryid`) VALUES ('Adventure','2163');
INSERT INTO `author`(`name`,`birthyear`,`deathyear`) VALUES('Willie Sheltrown','1889','1942');
INSERT INTO `author_book`(`author`, `entryid`) VALUES ('Willie Sheltrown','2163');
INSERT INTO `publisher_book`(`publisher`, `entryid`) VALUES ('Holleran Cooperations.','2163');
INSERT INTO `entry`(`entryid`,`type`) VALUES('2164','b');
INSERT INTO `book`(`title`,`entryid`,`isbn`,`type`) VALUES('Rule in Linda','2164','0623156733171','j');
INSERT INTO `genre_book`(`genre`, `entryid`) VALUES ('Thriller','2164');
INSERT INTO `author`(`name`,`birthyear`,`deathyear`) VALUES('Alexander Pryde','1946','2041');
INSERT INTO `author_book`(`author`, `entryid`) VALUES ('Alexander Pryde','2164');
INSERT INTO `publisher`(`name`) VALUES ('Valree Inc.');
INSERT INTO `publisher_book`(`publisher`, `entryid`) VALUES ('Valree Inc.','2164');
INSERT INTO `entry`(`entryid`,`type`) VALUES('2165','b');
INSERT INTO `book`(`title`,`entryid`,`isbn`,`type`) VALUES('Leg against the Transaction','2165','0868887780217','j');
INSERT INTO `genre_book`(`genre`, `entryid`) VALUES ('Education','2165');
INSERT INTO `author`(`name`,`birthyear`,`deathyear`) VALUES('Mariano Pitchford','1913','2010');
INSERT INTO `author_book`(`author`, `entryid`) VALUES ('Mariano Pitchford','2165');
INSERT INTO `publisher`(`name`) VALUES ('Allocca Cooperations.');
INSERT INTO `publisher_book`(`publisher`, `entryid`) VALUES ('Allocca Cooperations.','2165');
INSERT INTO `entry`(`entryid`,`type`) VALUES('2166','b');
INSERT INTO `book`(`title`,`entryid`,`isbn`,`type`) VALUES('Summer for Icicle','2166','9015944293664','e');
INSERT INTO `genre_book`(`genre`, `entryid`) VALUES ('Education','2166');
INSERT INTO `author`(`name`,`birthyear`,`deathyear`) VALUES('Erlinda Gartin','1918','1944');
INSERT INTO `author_book`(`author`, `entryid`) VALUES ('Erlinda Gartin','2166');
INSERT INTO `publisher_book`(`publisher`, `entryid`) VALUES ('Kedley Cooperations.','2166');
INSERT INTO `entry`(`entryid`,`type`) VALUES('2167','b');
INSERT INTO `book`(`title`,`entryid`,`isbn`,`type`) VALUES('Processing of Creature','2167','9054520789236','e');
INSERT INTO `genre_book`(`genre`, `entryid`) VALUES ('Science','2167');
INSERT INTO `author`(`name`,`birthyear`,`deathyear`) VALUES('Lana Quante','1933','2021');
INSERT INTO `author_book`(`author`, `entryid`) VALUES ('Lana Quante','2167');
INSERT INTO `publisher`(`name`) VALUES ('Gasior Cooperations.');
INSERT INTO `publisher_book`(`publisher`, `entryid`) VALUES ('Gasior Cooperations.','2167');
INSERT INTO `entry`(`entryid`,`type`) VALUES('2168','b');
INSERT INTO `book`(`title`,`entryid`,`isbn`,`type`) VALUES('Male of Tom-tom','2168','9514397821155','e');
INSERT INTO `genre_book`(`genre`, `entryid`) VALUES ('Adventure','2168');
INSERT INTO `author`(`name`,`birthyear`,`deathyear`) VALUES('Paris Samway','1967','2009');
INSERT INTO `author_book`(`author`, `entryid`) VALUES ('Paris Samway','2168');
INSERT INTO `publisher_book`(`publisher`, `entryid`) VALUES ('Marcelino Inc.','2168');
INSERT INTO `entry`(`entryid`,`type`) VALUES('2169','b');
INSERT INTO `book`(`title`,`entryid`,`isbn`,`type`) VALUES('Clerk of the Anthony','2169','9738117590114','j');
INSERT INTO `genre_book`(`genre`, `entryid`) VALUES ('Romance','2169');
INSERT INTO `author`(`name`,`birthyear`,`deathyear`) VALUES('Jewell Clipper','1908','1956');
INSERT INTO `author_book`(`author`, `entryid`) VALUES ('Jewell Clipper','2169');
INSERT INTO `publisher`(`name`) VALUES ('Piccinini Publishers.');
INSERT INTO `publisher_book`(`publisher`, `entryid`) VALUES ('Piccinini Publishers.','2169');
INSERT INTO `entry`(`entryid`,`type`) VALUES('2170','b');
INSERT INTO `book`(`title`,`entryid`,`isbn`,`type`) VALUES('Streetcar for the obovate Butcher','2170','9251327441697','j');
INSERT INTO `genre_book`(`genre`, `entryid`) VALUES ('Horror','2170');
INSERT INTO `author`(`name`,`birthyear`,`deathyear`) VALUES('Ike Wehrheim','1914','1940');
INSERT INTO `author_book`(`author`, `entryid`) VALUES ('Ike Wehrheim','2170');
INSERT INTO `publisher`(`name`) VALUES ('Holshovser Publishers.');
INSERT INTO `publisher_book`(`publisher`, `entryid`) VALUES ('Holshovser Publishers.','2170');
INSERT INTO `entry`(`entryid`,`type`) VALUES('2171','b');
INSERT INTO `book`(`title`,`entryid`,`isbn`,`type`) VALUES('Uncle and Bit','2171','0901069471457','b');
INSERT INTO `genre_book`(`genre`, `entryid`) VALUES ('Education','2171');
INSERT INTO `author`(`name`,`birthyear`,`deathyear`) VALUES('Sharolyn Semaan','1892','1989');
INSERT INTO `author_book`(`author`, `entryid`) VALUES ('Sharolyn Semaan','2171');
INSERT INTO `publisher_book`(`publisher`, `entryid`) VALUES ('Deaville Inc.','2171');
INSERT INTO `entry`(`entryid`,`type`) VALUES('2172','b');
INSERT INTO `book`(`title`,`entryid`,`isbn`,`type`) VALUES('Lunge for Donald','2172','0933872959507','b');
INSERT INTO `genre_book`(`genre`, `entryid`) VALUES ('Sci-Fi','2172');
INSERT INTO `author`(`name`,`birthyear`,`deathyear`) VALUES('Lorenzo Coltrain','1899','1930');
INSERT INTO `author_book`(`author`, `entryid`) VALUES ('Lorenzo Coltrain','2172');
INSERT INTO `publisher`(`name`) VALUES ('Aiava Publishers.');
INSERT INTO `publisher_book`(`publisher`, `entryid`) VALUES ('Aiava Publishers.','2172');
INSERT INTO `entry`(`entryid`,`type`) VALUES('2173','b');
INSERT INTO `book`(`title`,`entryid`,`isbn`,`type`) VALUES('Laugh for the Taurus','2173','0796714105325','j');
INSERT INTO `genre_book`(`genre`, `entryid`) VALUES ('Education','2173');
INSERT INTO `author`(`name`,`birthyear`,`deathyear`) VALUES('Madaline Parrin','1885','1940');
INSERT INTO `author_book`(`author`, `entryid`) VALUES ('Madaline Parrin','2173');
INSERT INTO `publisher`(`name`) VALUES ('Cormican Inc.');
INSERT INTO `publisher_book`(`publisher`, `entryid`) VALUES ('Cormican Inc.','2173');
INSERT INTO `entry`(`entryid`,`type`) VALUES('2174','b');
INSERT INTO `book`(`title`,`entryid`,`isbn`,`type`) VALUES('Snowboarding by the parapeted Offence','2174','0879464647740','j');
INSERT INTO `genre_book`(`genre`, `entryid`) VALUES ('Adventure','2174');
INSERT INTO `author`(`name`,`birthyear`,`deathyear`) VALUES('Madelene Arzu','1964','2046');
INSERT INTO `author_book`(`author`, `entryid`) VALUES ('Madelene Arzu','2174');
INSERT INTO `publisher`(`name`) VALUES ('Wolfer Cooperations.');
INSERT INTO `publisher_book`(`publisher`, `entryid`) VALUES ('Wolfer Cooperations.','2174');
INSERT INTO `entry`(`entryid`,`type`) VALUES('2175','b');
INSERT INTO `book`(`title`,`entryid`,`isbn`,`type`) VALUES('Rifle for the Community','2175','9170098148222','e');
INSERT INTO `genre_book`(`genre`, `entryid`) VALUES ('Science','2175');
INSERT INTO `author`(`name`,`birthyear`,`deathyear`) VALUES('Tana Colavito','1979','2032');
INSERT INTO `author_book`(`author`, `entryid`) VALUES ('Tana Colavito','2175');
INSERT INTO `publisher`(`name`) VALUES ('Kuhse Inc.');
INSERT INTO `publisher_book`(`publisher`, `entryid`) VALUES ('Kuhse Inc.','2175');
INSERT INTO `entry`(`entryid`,`type`) VALUES('2176','b');
INSERT INTO `book`(`title`,`entryid`,`isbn`,`type`) VALUES('Number against the Trade','2176','0058690511766','e');
INSERT INTO `genre_book`(`genre`, `entryid`) VALUES ('Romance','2176');
INSERT INTO `author`(`name`,`birthyear`,`deathyear`) VALUES('Vicenta Noltensmeier','1883','1947');
INSERT INTO `author_book`(`author`, `entryid`) VALUES ('Vicenta Noltensmeier','2176');
INSERT INTO `publisher_book`(`publisher`, `entryid`) VALUES ('Davalos Inc.','2176');
INSERT INTO `entry`(`entryid`,`type`) VALUES('2177','b');
INSERT INTO `book`(`title`,`entryid`,`isbn`,`type`) VALUES('Girl of Year','2177','9324404930806','b');
INSERT INTO `genre_book`(`genre`, `entryid`) VALUES ('Sci-Fi','2177');
INSERT INTO `author`(`name`,`birthyear`,`deathyear`) VALUES('Kennith Runner','1953','2002');
INSERT INTO `author_book`(`author`, `entryid`) VALUES ('Kennith Runner','2177');
INSERT INTO `publisher`(`name`) VALUES ('Good Inc.');
INSERT INTO `publisher_book`(`publisher`, `entryid`) VALUES ('Good Inc.','2177');
INSERT INTO `entry`(`entryid`,`type`) VALUES('2178','b');
INSERT INTO `book`(`title`,`entryid`,`isbn`,`type`) VALUES('Sphere because of serranid Plantation','2178','0170116567769','j');
INSERT INTO `genre_book`(`genre`, `entryid`) VALUES ('Thriller','2178');
INSERT INTO `author`(`name`,`birthyear`,`deathyear`) VALUES('Carlota Dahlhauser','1961','2010');
INSERT INTO `author_book`(`author`, `entryid`) VALUES ('Carlota Dahlhauser','2178');
INSERT INTO `publisher`(`name`) VALUES ('Mccardell Cooperations.');
INSERT INTO `publisher_book`(`publisher`, `entryid`) VALUES ('Mccardell Cooperations.','2178');
INSERT INTO `entry`(`entryid`,`type`) VALUES('2179','b');
INSERT INTO `book`(`title`,`entryid`,`isbn`,`type`) VALUES('Geranium by the cirrate Underclothes','2179','9987683952880','b');
INSERT INTO `genre_book`(`genre`, `entryid`) VALUES ('Thriller','2179');
INSERT INTO `author`(`name`,`birthyear`,`deathyear`) VALUES('Adelle Beyda','1904','1969');
INSERT INTO `author_book`(`author`, `entryid`) VALUES ('Adelle Beyda','2179');
INSERT INTO `publisher`(`name`) VALUES ('Blan Inc.');
INSERT INTO `publisher_book`(`publisher`, `entryid`) VALUES ('Blan Inc.','2179');
INSERT INTO `entry`(`entryid`,`type`) VALUES('2180','b');
INSERT INTO `book`(`title`,`entryid`,`isbn`,`type`) VALUES('Typhoon in the Icon','2180','0422972679466','j');
INSERT INTO `genre_book`(`genre`, `entryid`) VALUES ('Education','2180');
INSERT INTO `author`(`name`,`birthyear`,`deathyear`) VALUES('Nyla Guimaraes','1901','1976');
INSERT INTO `author_book`(`author`, `entryid`) VALUES ('Nyla Guimaraes','2180');
INSERT INTO `publisher`(`name`) VALUES ('Reshard Cooperations.');
INSERT INTO `publisher_book`(`publisher`, `entryid`) VALUES ('Reshard Cooperations.','2180');
INSERT INTO `entry`(`entryid`,`type`) VALUES('2181','b');
INSERT INTO `book`(`title`,`entryid`,`isbn`,`type`) VALUES('Gymnast in Owner','2181','0298008466787','b');
INSERT INTO `genre_book`(`genre`, `entryid`) VALUES ('Romance','2181');
INSERT INTO `author`(`name`,`birthyear`,`deathyear`) VALUES('Wm Ha','1952','1986');
INSERT INTO `author_book`(`author`, `entryid`) VALUES ('Wm Ha','2181');
INSERT INTO `publisher`(`name`) VALUES ('Yanik Publishers.');
INSERT INTO `publisher_book`(`publisher`, `entryid`) VALUES ('Yanik Publishers.','2181');
INSERT INTO `entry`(`entryid`,`type`) VALUES('2182','b');
INSERT INTO `book`(`title`,`entryid`,`isbn`,`type`) VALUES('Egg by the unspent Step-brother','2182','9679402097359','e');
INSERT INTO `genre_book`(`genre`, `entryid`) VALUES ('Adventure','2182');
INSERT INTO `author`(`name`,`birthyear`,`deathyear`) VALUES('Clifford Zamparini','1901','1942');
INSERT INTO `author_book`(`author`, `entryid`) VALUES ('Clifford Zamparini','2182');
INSERT INTO `publisher`(`name`) VALUES ('Fixico Inc.');
INSERT INTO `publisher_book`(`publisher`, `entryid`) VALUES ('Fixico Inc.','2182');
INSERT INTO `entry`(`entryid`,`type`) VALUES('2183','b');
INSERT INTO `book`(`title`,`entryid`,`isbn`,`type`) VALUES('Magician vs. Plow','2183','0498143407718','j');
INSERT INTO `genre_book`(`genre`, `entryid`) VALUES ('Horror','2183');
INSERT INTO `author`(`name`,`birthyear`,`deathyear`) VALUES('Victorina Shannonhouse','1946','2020');
INSERT INTO `author_book`(`author`, `entryid`) VALUES ('Victorina Shannonhouse','2183');
INSERT INTO `publisher_book`(`publisher`, `entryid`) VALUES ('Gorney Publishers.','2183');
INSERT INTO `entry`(`entryid`,`type`) VALUES('2184','b');
INSERT INTO `book`(`title`,`entryid`,`isbn`,`type`) VALUES('Thermometer vs. shocking Stop','2184','0689553736581','e');
INSERT INTO `genre_book`(`genre`, `entryid`) VALUES ('Science','2184');
INSERT INTO `author`(`name`,`birthyear`,`deathyear`) VALUES('Charlie Arab','1889','1974');
INSERT INTO `author_book`(`author`, `entryid`) VALUES ('Charlie Arab','2184');
INSERT INTO `publisher`(`name`) VALUES ('Springfield Inc.');
INSERT INTO `publisher_book`(`publisher`, `entryid`) VALUES ('Springfield Inc.','2184');
INSERT INTO `entry`(`entryid`,`type`) VALUES('2185','b');
INSERT INTO `book`(`title`,`entryid`,`isbn`,`type`) VALUES('River in the River','2185','9082032643437','j');
INSERT INTO `genre_book`(`genre`, `entryid`) VALUES ('Adventure','2185');
INSERT INTO `author`(`name`,`birthyear`,`deathyear`) VALUES('Ronda Housen','1888','1922');
INSERT INTO `author_book`(`author`, `entryid`) VALUES ('Ronda Housen','2185');
INSERT INTO `publisher`(`name`) VALUES ('Papaleo Publishers.');
INSERT INTO `publisher_book`(`publisher`, `entryid`) VALUES ('Papaleo Publishers.','2185');
INSERT INTO `entry`(`entryid`,`type`) VALUES('2186','b');
INSERT INTO `book`(`title`,`entryid`,`isbn`,`type`) VALUES('Chime against the Hospital','2186','0822017440756','e');
INSERT INTO `genre_book`(`genre`, `entryid`) VALUES ('Sci-Fi','2186');
INSERT INTO `author`(`name`,`birthyear`,`deathyear`) VALUES('Mariana Congleton','1911','1968');
INSERT INTO `author_book`(`author`, `entryid`) VALUES ('Mariana Congleton','2186');
INSERT INTO `publisher`(`name`) VALUES ('Luangamath Inc.');
INSERT INTO `publisher_book`(`publisher`, `entryid`) VALUES ('Luangamath Inc.','2186');
INSERT INTO `entry`(`entryid`,`type`) VALUES('2187','b');
INSERT INTO `book`(`title`,`entryid`,`isbn`,`type`) VALUES('Octave to laith Cross','2187','9475219432760','j');
INSERT INTO `genre_book`(`genre`, `entryid`) VALUES ('Horror','2187');
INSERT INTO `author_book`(`author`, `entryid`) VALUES ('Tarah Yourshaw','2187');
INSERT INTO `publisher`(`name`) VALUES ('Viejo Publishers.');
INSERT INTO `publisher_book`(`publisher`, `entryid`) VALUES ('Viejo Publishers.','2187');
INSERT INTO `entry`(`entryid`,`type`) VALUES('2188','b');
INSERT INTO `book`(`title`,`entryid`,`isbn`,`type`) VALUES('Voyage to the sugarless Cloth','2188','9356488892654','b');
INSERT INTO `genre_book`(`genre`, `entryid`) VALUES ('Horror','2188');
INSERT INTO `author_book`(`author`, `entryid`) VALUES ('Claribel Norrington','2188');
INSERT INTO `publisher_book`(`publisher`, `entryid`) VALUES ('Jestes Inc.','2188');
INSERT INTO `entry`(`entryid`,`type`) VALUES('2189','b');
INSERT INTO `book`(`title`,`entryid`,`isbn`,`type`) VALUES('Michael by the Pine','2189','9715250606347','e');
INSERT INTO `genre_book`(`genre`, `entryid`) VALUES ('Science','2189');
INSERT INTO `author`(`name`,`birthyear`,`deathyear`) VALUES('Maricruz Astafan','1920','2019');
INSERT INTO `author_book`(`author`, `entryid`) VALUES ('Maricruz Astafan','2189');
INSERT INTO `publisher`(`name`) VALUES ('Loveall Cooperations.');
INSERT INTO `publisher_book`(`publisher`, `entryid`) VALUES ('Loveall Cooperations.','2189');
INSERT INTO `entry`(`entryid`,`type`) VALUES('2190','b');
INSERT INTO `book`(`title`,`entryid`,`isbn`,`type`) VALUES('Map with the legion Mailman','2190','9914704915763','j');
INSERT INTO `genre_book`(`genre`, `entryid`) VALUES ('Horror','2190');
INSERT INTO `author`(`name`,`birthyear`,`deathyear`) VALUES('Meaghan Crace','1922','1976');
INSERT INTO `author_book`(`author`, `entryid`) VALUES ('Meaghan Crace','2190');
INSERT INTO `publisher`(`name`) VALUES ('Derizzio Inc.');
INSERT INTO `publisher_book`(`publisher`, `entryid`) VALUES ('Derizzio Inc.','2190');
INSERT INTO `entry`(`entryid`,`type`) VALUES('2191','b');
INSERT INTO `book`(`title`,`entryid`,`isbn`,`type`) VALUES('Thermometer in Elephant','2191','0540826484240','e');
INSERT INTO `genre_book`(`genre`, `entryid`) VALUES ('Sci-Fi','2191');
INSERT INTO `author`(`name`,`birthyear`,`deathyear`) VALUES('Latarsha Tatu','1901','1986');
INSERT INTO `author_book`(`author`, `entryid`) VALUES ('Latarsha Tatu','2191');
INSERT INTO `publisher`(`name`) VALUES ('Raetz Publishers.');
INSERT INTO `publisher_book`(`publisher`, `entryid`) VALUES ('Raetz Publishers.','2191');
INSERT INTO `entry`(`entryid`,`type`) VALUES('2192','b');
INSERT INTO `book`(`title`,`entryid`,`isbn`,`type`) VALUES('Piccolo and stichomythic Plane','2192','0483897874726','j');
INSERT INTO `genre_book`(`genre`, `entryid`) VALUES ('Thriller','2192');
INSERT INTO `author`(`name`,`birthyear`,`deathyear`) VALUES('Pura Krage','1905','1949');
INSERT INTO `author_book`(`author`, `entryid`) VALUES ('Pura Krage','2192');
INSERT INTO `publisher`(`name`) VALUES ('Fannin Cooperations.');
INSERT INTO `publisher_book`(`publisher`, `entryid`) VALUES ('Fannin Cooperations.','2192');
INSERT INTO `entry`(`entryid`,`type`) VALUES('2193','b');
INSERT INTO `book`(`title`,`entryid`,`isbn`,`type`) VALUES('Gasoline of toneless Fountain','2193','9875109675863','e');
INSERT INTO `genre_book`(`genre`, `entryid`) VALUES ('Romance','2193');
INSERT INTO `author`(`name`,`birthyear`,`deathyear`) VALUES('Shavonne Boundy','1903','1974');
INSERT INTO `author_book`(`author`, `entryid`) VALUES ('Shavonne Boundy','2193');
INSERT INTO `publisher`(`name`) VALUES ('Wooderson Inc.');
INSERT INTO `publisher_book`(`publisher`, `entryid`) VALUES ('Wooderson Inc.','2193');
INSERT INTO `entry`(`entryid`,`type`) VALUES('2194','b');
INSERT INTO `book`(`title`,`entryid`,`isbn`,`type`) VALUES('Debtor of dormy Hour','2194','9710017244419','e');
INSERT INTO `genre_book`(`genre`, `entryid`) VALUES ('Adventure','2194');
INSERT INTO `author_book`(`author`, `entryid`) VALUES ('Dennis Massy','2194');
INSERT INTO `publisher`(`name`) VALUES ('Rothery Cooperations.');
INSERT INTO `publisher_book`(`publisher`, `entryid`) VALUES ('Rothery Cooperations.','2194');
INSERT INTO `entry`(`entryid`,`type`) VALUES('2195','b');
INSERT INTO `book`(`title`,`entryid`,`isbn`,`type`) VALUES('Nic against efficacious Whip','2195','0365496410343','b');
INSERT INTO `genre_book`(`genre`, `entryid`) VALUES ('Horror','2195');
INSERT INTO `author`(`name`,`birthyear`,`deathyear`) VALUES('Tinisha Mountain','1904','1978');
INSERT INTO `author_book`(`author`, `entryid`) VALUES ('Tinisha Mountain','2195');
INSERT INTO `publisher`(`name`) VALUES ('Salvatori Inc.');
INSERT INTO `publisher_book`(`publisher`, `entryid`) VALUES ('Salvatori Inc.','2195');
INSERT INTO `entry`(`entryid`,`type`) VALUES('2196','b');
INSERT INTO `book`(`title`,`entryid`,`isbn`,`type`) VALUES('December for Dad','2196','9411392187058','e');
INSERT INTO `genre_book`(`genre`, `entryid`) VALUES ('Sci-Fi','2196');
INSERT INTO `author`(`name`,`birthyear`,`deathyear`) VALUES('Karren Carpenter','1938','1960');
INSERT INTO `author_book`(`author`, `entryid`) VALUES ('Karren Carpenter','2196');
INSERT INTO `publisher_book`(`publisher`, `entryid`) VALUES ('Shuffstall Cooperations.','2196');
INSERT INTO `entry`(`entryid`,`type`) VALUES('2197','b');
INSERT INTO `book`(`title`,`entryid`,`isbn`,`type`) VALUES('Snowboarding against neuronal Active','2197','9225261343676','j');
INSERT INTO `genre_book`(`genre`, `entryid`) VALUES ('Horror','2197');
INSERT INTO `author`(`name`,`birthyear`,`deathyear`) VALUES('Audrea Teece','1979','1999');
INSERT INTO `author_book`(`author`, `entryid`) VALUES ('Audrea Teece','2197');
INSERT INTO `publisher_book`(`publisher`, `entryid`) VALUES ('Dismukes Cooperations.','2197');
INSERT INTO `entry`(`entryid`,`type`) VALUES('2198','b');
INSERT INTO `book`(`title`,`entryid`,`isbn`,`type`) VALUES('Ghana by the Knowledge','2198','0085968625407','j');
INSERT INTO `genre_book`(`genre`, `entryid`) VALUES ('Thriller','2198');
INSERT INTO `author`(`name`,`birthyear`,`deathyear`) VALUES('Juan Schieber','1958','2051');
INSERT INTO `author_book`(`author`, `entryid`) VALUES ('Juan Schieber','2198');
INSERT INTO `publisher`(`name`) VALUES ('Rickels Cooperations.');
INSERT INTO `publisher_book`(`publisher`, `entryid`) VALUES ('Rickels Cooperations.','2198');
INSERT INTO `entry`(`entryid`,`type`) VALUES('2199','b');
INSERT INTO `book`(`title`,`entryid`,`isbn`,`type`) VALUES('Development by rollable End','2199','0156208265254','j');
INSERT INTO `genre_book`(`genre`, `entryid`) VALUES ('Horror','2199');
INSERT INTO `author`(`name`,`birthyear`,`deathyear`) VALUES('Lacresha Casillas','1938','2007');
INSERT INTO `author_book`(`author`, `entryid`) VALUES ('Lacresha Casillas','2199');
INSERT INTO `publisher_book`(`publisher`, `entryid`) VALUES ('Ockman Inc.','2199');
INSERT INTO `entry`(`entryid`,`type`) VALUES('2200','b');
INSERT INTO `book`(`title`,`entryid`,`isbn`,`type`) VALUES('Mountain in sunburst Kiss','2200','0507900416782','e');
INSERT INTO `genre_book`(`genre`, `entryid`) VALUES ('Thriller','2200');
INSERT INTO `author`(`name`,`birthyear`,`deathyear`) VALUES('Pei Arbon','1899','1993');
INSERT INTO `author_book`(`author`, `entryid`) VALUES ('Pei Arbon','2200');
INSERT INTO `publisher`(`name`) VALUES ('Inlow Inc.');
INSERT INTO `publisher_book`(`publisher`, `entryid`) VALUES ('Inlow Inc.','2200');
INSERT INTO `entry`(`entryid`,`type`) VALUES('2201','b');
INSERT INTO `book`(`title`,`entryid`,`isbn`,`type`) VALUES('Stocking to Prepared','2201','9806241358914','e');
INSERT INTO `genre_book`(`genre`, `entryid`) VALUES ('Adventure','2201');
INSERT INTO `author`(`name`,`birthyear`,`deathyear`) VALUES('Matha Vaccarella','1905','1986');
INSERT INTO `author_book`(`author`, `entryid`) VALUES ('Matha Vaccarella','2201');
INSERT INTO `publisher_book`(`publisher`, `entryid`) VALUES ('Lampson Inc.','2201');
INSERT INTO `entry`(`entryid`,`type`) VALUES('2202','b');
INSERT INTO `book`(`title`,`entryid`,`isbn`,`type`) VALUES('Bathroom vs. Invoice','2202','0751145683685','b');
INSERT INTO `genre_book`(`genre`, `entryid`) VALUES ('Thriller','2202');
INSERT INTO `author`(`name`,`birthyear`,`deathyear`) VALUES('Barry Enzor','1923','1993');
INSERT INTO `author_book`(`author`, `entryid`) VALUES ('Barry Enzor','2202');
INSERT INTO `publisher_book`(`publisher`, `entryid`) VALUES ('Rothery Cooperations.','2202');
INSERT INTO `entry`(`entryid`,`type`) VALUES('2203','b');
INSERT INTO `book`(`title`,`entryid`,`isbn`,`type`) VALUES('Robert against circumspect Ellipse','2203','0763707258589','e');
INSERT INTO `genre_book`(`genre`, `entryid`) VALUES ('Horror','2203');
INSERT INTO `author`(`name`,`birthyear`,`deathyear`) VALUES('Minerva Branam','1966','2013');
INSERT INTO `author_book`(`author`, `entryid`) VALUES ('Minerva Branam','2203');
INSERT INTO `publisher`(`name`) VALUES ('Warnock Cooperations.');
INSERT INTO `publisher_book`(`publisher`, `entryid`) VALUES ('Warnock Cooperations.','2203');
INSERT INTO `entry`(`entryid`,`type`) VALUES('2204','b');
INSERT INTO `book`(`title`,`entryid`,`isbn`,`type`) VALUES('Bowl against the beastlike Grandmother','2204','0668878839924','b');
INSERT INTO `genre_book`(`genre`, `entryid`) VALUES ('Adventure','2204');
INSERT INTO `author`(`name`,`birthyear`,`deathyear`) VALUES('Vena Rieser','1979','2043');
INSERT INTO `author_book`(`author`, `entryid`) VALUES ('Vena Rieser','2204');
INSERT INTO `publisher`(`name`) VALUES ('Bokanovich Publishers.');
INSERT INTO `publisher_book`(`publisher`, `entryid`) VALUES ('Bokanovich Publishers.','2204');
INSERT INTO `entry`(`entryid`,`type`) VALUES('2205','b');
INSERT INTO `book`(`title`,`entryid`,`isbn`,`type`) VALUES('Harbor in Cooking','2205','0542537959168','e');
INSERT INTO `genre_book`(`genre`, `entryid`) VALUES ('Sci-Fi','2205');
INSERT INTO `author`(`name`,`birthyear`,`deathyear`) VALUES('Loura Savelli','1958','2006');
INSERT INTO `author_book`(`author`, `entryid`) VALUES ('Loura Savelli','2205');
INSERT INTO `publisher`(`name`) VALUES ('Garfield Publishers.');
INSERT INTO `publisher_book`(`publisher`, `entryid`) VALUES ('Garfield Publishers.','2205');
INSERT INTO `entry`(`entryid`,`type`) VALUES('2206','b');
INSERT INTO `book`(`title`,`entryid`,`isbn`,`type`) VALUES('Pumpkin vs. Birthday','2206','9704494763172','j');
INSERT INTO `genre_book`(`genre`, `entryid`) VALUES ('Thriller','2206');
INSERT INTO `author`(`name`,`birthyear`,`deathyear`) VALUES('Mayme Kovach','1923','1976');
INSERT INTO `author_book`(`author`, `entryid`) VALUES ('Mayme Kovach','2206');
INSERT INTO `publisher_book`(`publisher`, `entryid`) VALUES ('Deckelman Cooperations.','2206');
INSERT INTO `entry`(`entryid`,`type`) VALUES('2207','b');
INSERT INTO `book`(`title`,`entryid`,`isbn`,`type`) VALUES('Hacksaw vs. Path','2207','9016703880807','b');
INSERT INTO `genre_book`(`genre`, `entryid`) VALUES ('Sci-Fi','2207');
INSERT INTO `author_book`(`author`, `entryid`) VALUES ('Adelaida Berardo','2207');
INSERT INTO `publisher`(`name`) VALUES ('Seta Inc.');
INSERT INTO `publisher_book`(`publisher`, `entryid`) VALUES ('Seta Inc.','2207');
INSERT INTO `entry`(`entryid`,`type`) VALUES('2208','b');
INSERT INTO `book`(`title`,`entryid`,`isbn`,`type`) VALUES('Footnote and the Japanese','2208','9669126085637','e');
INSERT INTO `genre_book`(`genre`, `entryid`) VALUES ('Thriller','2208');
INSERT INTO `author`(`name`,`birthyear`,`deathyear`) VALUES('Shalon Kilroy','1917','1958');
INSERT INTO `author_book`(`author`, `entryid`) VALUES ('Shalon Kilroy','2208');
INSERT INTO `publisher`(`name`) VALUES ('Carrea Inc.');
INSERT INTO `publisher_book`(`publisher`, `entryid`) VALUES ('Carrea Inc.','2208');
INSERT INTO `entry`(`entryid`,`type`) VALUES('2209','b');
INSERT INTO `book`(`title`,`entryid`,`isbn`,`type`) VALUES('Lumber for the Beach','2209','9418590469147','j');
INSERT INTO `genre_book`(`genre`, `entryid`) VALUES ('Horror','2209');
INSERT INTO `author`(`name`,`birthyear`,`deathyear`) VALUES('Rosamaria Mirsch','1934','2002');
INSERT INTO `author_book`(`author`, `entryid`) VALUES ('Rosamaria Mirsch','2209');
INSERT INTO `publisher_book`(`publisher`, `entryid`) VALUES ('Zorns Inc.','2209');
INSERT INTO `entry`(`entryid`,`type`) VALUES('2210','b');
INSERT INTO `book`(`title`,`entryid`,`isbn`,`type`) VALUES('Pan to the Burma','2210','0837899922996','j');
INSERT INTO `genre_book`(`genre`, `entryid`) VALUES ('Horror','2210');
INSERT INTO `author`(`name`,`birthyear`,`deathyear`) VALUES('Breanna Vogelsang','1951','2015');
INSERT INTO `author_book`(`author`, `entryid`) VALUES ('Breanna Vogelsang','2210');
INSERT INTO `publisher`(`name`) VALUES ('Sowden Publishers.');
INSERT INTO `publisher_book`(`publisher`, `entryid`) VALUES ('Sowden Publishers.','2210');
INSERT INTO `entry`(`entryid`,`type`) VALUES('2211','b');
INSERT INTO `book`(`title`,`entryid`,`isbn`,`type`) VALUES('Duck with viridescent Doll','2211','0396771818638','j');
INSERT INTO `genre_book`(`genre`, `entryid`) VALUES ('Education','2211');
INSERT INTO `author`(`name`,`birthyear`,`deathyear`) VALUES('Sheldon Katechis','1923','1980');
INSERT INTO `author_book`(`author`, `entryid`) VALUES ('Sheldon Katechis','2211');
INSERT INTO `publisher`(`name`) VALUES ('Angry Inc.');
INSERT INTO `publisher_book`(`publisher`, `entryid`) VALUES ('Angry Inc.','2211');
INSERT INTO `entry`(`entryid`,`type`) VALUES('2212','b');
INSERT INTO `book`(`title`,`entryid`,`isbn`,`type`) VALUES('Coke and imidic Process','2212','0804067416869','b');
INSERT INTO `genre_book`(`genre`, `entryid`) VALUES ('Romance','2212');
INSERT INTO `author`(`name`,`birthyear`,`deathyear`) VALUES('Rueben Chiapetto','1955','2011');
INSERT INTO `author_book`(`author`, `entryid`) VALUES ('Rueben Chiapetto','2212');
INSERT INTO `publisher`(`name`) VALUES ('Parmely Publishers.');
INSERT INTO `publisher_book`(`publisher`, `entryid`) VALUES ('Parmely Publishers.','2212');
INSERT INTO `entry`(`entryid`,`type`) VALUES('2213','b');
INSERT INTO `book`(`title`,`entryid`,`isbn`,`type`) VALUES('Jason with approximate Zoo','2213','0686490261614','e');
INSERT INTO `genre_book`(`genre`, `entryid`) VALUES ('Thriller','2213');
INSERT INTO `author`(`name`,`birthyear`,`deathyear`) VALUES('Telma Macknair','1920','1961');
INSERT INTO `author_book`(`author`, `entryid`) VALUES ('Telma Macknair','2213');
INSERT INTO `publisher`(`name`) VALUES ('Hauley Publishers.');
INSERT INTO `publisher_book`(`publisher`, `entryid`) VALUES ('Hauley Publishers.','2213');
INSERT INTO `entry`(`entryid`,`type`) VALUES('2214','b');
INSERT INTO `book`(`title`,`entryid`,`isbn`,`type`) VALUES('Grape and Onion','2214','0607917999359','e');
INSERT INTO `genre_book`(`genre`, `entryid`) VALUES ('Sci-Fi','2214');
INSERT INTO `author_book`(`author`, `entryid`) VALUES ('Jamey Keams','2214');
INSERT INTO `publisher_book`(`publisher`, `entryid`) VALUES ('Diliberti Inc.','2214');
INSERT INTO `entry`(`entryid`,`type`) VALUES('2215','b');
INSERT INTO `book`(`title`,`entryid`,`isbn`,`type`) VALUES('Sailor of the Ton','2215','0251880719471','b');
INSERT INTO `genre_book`(`genre`, `entryid`) VALUES ('Horror','2215');
INSERT INTO `author`(`name`,`birthyear`,`deathyear`) VALUES('Dannie Speyer','1978','2054');
INSERT INTO `author_book`(`author`, `entryid`) VALUES ('Dannie Speyer','2215');
INSERT INTO `publisher_book`(`publisher`, `entryid`) VALUES ('Carrea Inc.','2215');
INSERT INTO `entry`(`entryid`,`type`) VALUES('2216','b');
INSERT INTO `book`(`title`,`entryid`,`isbn`,`type`) VALUES('Brazil because of lienal Chicory','2216','0106522831414','j');
INSERT INTO `genre_book`(`genre`, `entryid`) VALUES ('Science','2216');
INSERT INTO `author`(`name`,`birthyear`,`deathyear`) VALUES('Rhiannon Stonehouse','1908','2008');
INSERT INTO `author_book`(`author`, `entryid`) VALUES ('Rhiannon Stonehouse','2216');
INSERT INTO `publisher_book`(`publisher`, `entryid`) VALUES ('Mesecar Publishers.','2216');
INSERT INTO `entry`(`entryid`,`type`) VALUES('2217','b');
INSERT INTO `book`(`title`,`entryid`,`isbn`,`type`) VALUES('Attention and the Eyelash','2217','0624266294697','j');
INSERT INTO `genre_book`(`genre`, `entryid`) VALUES ('Sci-Fi','2217');
INSERT INTO `author`(`name`,`birthyear`,`deathyear`) VALUES('Roy Belski','1974','2027');
INSERT INTO `author_book`(`author`, `entryid`) VALUES ('Roy Belski','2217');
INSERT INTO `publisher_book`(`publisher`, `entryid`) VALUES ('Cotner Cooperations.','2217');
INSERT INTO `entry`(`entryid`,`type`) VALUES('2218','b');
INSERT INTO `book`(`title`,`entryid`,`isbn`,`type`) VALUES('Band for Animal','2218','9143206256348','b');
INSERT INTO `genre_book`(`genre`, `entryid`) VALUES ('Romance','2218');
INSERT INTO `author`(`name`,`birthyear`,`deathyear`) VALUES('Kenneth Mangual','1935','2029');
INSERT INTO `author_book`(`author`, `entryid`) VALUES ('Kenneth Mangual','2218');
INSERT INTO `publisher_book`(`publisher`, `entryid`) VALUES ('Statton Inc.','2218');
INSERT INTO `entry`(`entryid`,`type`) VALUES('2219','b');
INSERT INTO `book`(`title`,`entryid`,`isbn`,`type`) VALUES('Keyboard against saltigrade Font','2219','9914390528470','b');
INSERT INTO `genre_book`(`genre`, `entryid`) VALUES ('Horror','2219');
INSERT INTO `author`(`name`,`birthyear`,`deathyear`) VALUES('Lessie Mas','1978','2050');
INSERT INTO `author_book`(`author`, `entryid`) VALUES ('Lessie Mas','2219');
INSERT INTO `publisher`(`name`) VALUES ('Storbeck Inc.');
INSERT INTO `publisher_book`(`publisher`, `entryid`) VALUES ('Storbeck Inc.','2219');
INSERT INTO `entry`(`entryid`,`type`) VALUES('2220','b');
INSERT INTO `book`(`title`,`entryid`,`isbn`,`type`) VALUES('Butter to Girdle','2220','0113846655697','j');
INSERT INTO `genre_book`(`genre`, `entryid`) VALUES ('Thriller','2220');
INSERT INTO `author`(`name`,`birthyear`,`deathyear`) VALUES('Margareta Mee','1940','1984');
INSERT INTO `author_book`(`author`, `entryid`) VALUES ('Margareta Mee','2220');
INSERT INTO `publisher_book`(`publisher`, `entryid`) VALUES ('Murtagh Inc.','2220');
INSERT INTO `entry`(`entryid`,`type`) VALUES('2221','b');
INSERT INTO `book`(`title`,`entryid`,`isbn`,`type`) VALUES('Puppy and nominate Vegetable','2221','0178045558717','j');
INSERT INTO `genre_book`(`genre`, `entryid`) VALUES ('Horror','2221');
INSERT INTO `author`(`name`,`birthyear`,`deathyear`) VALUES('Mac Southall','1945','2037');
INSERT INTO `author_book`(`author`, `entryid`) VALUES ('Mac Southall','2221');
INSERT INTO `publisher_book`(`publisher`, `entryid`) VALUES ('Mesecar Publishers.','2221');
INSERT INTO `entry`(`entryid`,`type`) VALUES('2222','b');
INSERT INTO `book`(`title`,`entryid`,`isbn`,`type`) VALUES('Lizard and the Underpants','2222','9136300757535','j');
INSERT INTO `genre_book`(`genre`, `entryid`) VALUES ('Thriller','2222');
INSERT INTO `author`(`name`,`birthyear`,`deathyear`) VALUES('Candice Ridinger','1927','2022');
INSERT INTO `author_book`(`author`, `entryid`) VALUES ('Candice Ridinger','2222');
INSERT INTO `publisher_book`(`publisher`, `entryid`) VALUES ('Aiava Publishers.','2222');
INSERT INTO `entry`(`entryid`,`type`) VALUES('2223','b');
INSERT INTO `book`(`title`,`entryid`,`isbn`,`type`) VALUES('Loss by Virgo','2223','9030029656025','j');
INSERT INTO `genre_book`(`genre`, `entryid`) VALUES ('Thriller','2223');
INSERT INTO `author_book`(`author`, `entryid`) VALUES ('Adrianne Cargill','2223');
INSERT INTO `publisher`(`name`) VALUES ('Kressierer Inc.');
INSERT INTO `publisher_book`(`publisher`, `entryid`) VALUES ('Kressierer Inc.','2223');
INSERT INTO `entry`(`entryid`,`type`) VALUES('2224','b');
INSERT INTO `book`(`title`,`entryid`,`isbn`,`type`) VALUES('Weather in the Care','2224','9448511848352','e');
INSERT INTO `genre_book`(`genre`, `entryid`) VALUES ('Education','2224');
INSERT INTO `author`(`name`,`birthyear`,`deathyear`) VALUES('Vena Jellings','1903','1923');
INSERT INTO `author_book`(`author`, `entryid`) VALUES ('Vena Jellings','2224');
INSERT INTO `publisher`(`name`) VALUES ('Kaplan Inc.');
INSERT INTO `publisher_book`(`publisher`, `entryid`) VALUES ('Kaplan Inc.','2224');
INSERT INTO `entry`(`entryid`,`type`) VALUES('2225','b');
INSERT INTO `book`(`title`,`entryid`,`isbn`,`type`) VALUES('Kitty to the Light','2225','9148222877478','e');
INSERT INTO `genre_book`(`genre`, `entryid`) VALUES ('Romance','2225');
INSERT INTO `author`(`name`,`birthyear`,`deathyear`) VALUES('Patrice Holtzer','1973','2068');
INSERT INTO `author_book`(`author`, `entryid`) VALUES ('Patrice Holtzer','2225');
INSERT INTO `publisher`(`name`) VALUES ('Rodrick Cooperations.');
INSERT INTO `publisher_book`(`publisher`, `entryid`) VALUES ('Rodrick Cooperations.','2225');
INSERT INTO `entry`(`entryid`,`type`) VALUES('2226','b');
INSERT INTO `book`(`title`,`entryid`,`isbn`,`type`) VALUES('Pipe by the true-born Responsibility','2226','9325666431673','b');
INSERT INTO `genre_book`(`genre`, `entryid`) VALUES ('Education','2226');
INSERT INTO `author`(`name`,`birthyear`,`deathyear`) VALUES('Earlie Fortner','1952','2022');
INSERT INTO `author_book`(`author`, `entryid`) VALUES ('Earlie Fortner','2226');
INSERT INTO `publisher_book`(`publisher`, `entryid`) VALUES ('Rickels Cooperations.','2226');
INSERT INTO `entry`(`entryid`,`type`) VALUES('2227','b');
INSERT INTO `book`(`title`,`entryid`,`isbn`,`type`) VALUES('Bit against the Title','2227','9775095612185','j');
INSERT INTO `genre_book`(`genre`, `entryid`) VALUES ('Thriller','2227');
INSERT INTO `author`(`name`,`birthyear`,`deathyear`) VALUES('Justa Zumbo','1949','1978');
INSERT INTO `author_book`(`author`, `entryid`) VALUES ('Justa Zumbo','2227');
INSERT INTO `publisher`(`name`) VALUES ('Franken Publishers.');
INSERT INTO `publisher_book`(`publisher`, `entryid`) VALUES ('Franken Publishers.','2227');
INSERT INTO `entry`(`entryid`,`type`) VALUES('2228','b');
INSERT INTO `book`(`title`,`entryid`,`isbn`,`type`) VALUES('Asparagus and the intercommunal Nut','2228','9977017735926','j');
INSERT INTO `genre_book`(`genre`, `entryid`) VALUES ('Thriller','2228');
INSERT INTO `author`(`name`,`birthyear`,`deathyear`) VALUES('Joaquin Redfox','1924','1961');
INSERT INTO `author_book`(`author`, `entryid`) VALUES ('Joaquin Redfox','2228');
INSERT INTO `publisher`(`name`) VALUES ('Estrem Inc.');
INSERT INTO `publisher_book`(`publisher`, `entryid`) VALUES ('Estrem Inc.','2228');
INSERT INTO `entry`(`entryid`,`type`) VALUES('2229','b');
INSERT INTO `book`(`title`,`entryid`,`isbn`,`type`) VALUES('Joke against unslain Motorboat','2229','0247552518882','e');
INSERT INTO `genre_book`(`genre`, `entryid`) VALUES ('Science','2229');
INSERT INTO `author`(`name`,`birthyear`,`deathyear`) VALUES('Lilliam Ayarza','1976','2027');
INSERT INTO `author_book`(`author`, `entryid`) VALUES ('Lilliam Ayarza','2229');
INSERT INTO `publisher`(`name`) VALUES ('Karvonen Inc.');
INSERT INTO `publisher_book`(`publisher`, `entryid`) VALUES ('Karvonen Inc.','2229');
INSERT INTO `entry`(`entryid`,`type`) VALUES('2230','b');
INSERT INTO `book`(`title`,`entryid`,`isbn`,`type`) VALUES('Hippopotamus by stenotopic Rain','2230','0406074882121','e');
INSERT INTO `genre_book`(`genre`, `entryid`) VALUES ('Romance','2230');
INSERT INTO `author`(`name`,`birthyear`,`deathyear`) VALUES('Taylor Sopko','1951','1993');
INSERT INTO `author_book`(`author`, `entryid`) VALUES ('Taylor Sopko','2230');
INSERT INTO `publisher_book`(`publisher`, `entryid`) VALUES ('Weymouth Inc.','2230');
INSERT INTO `entry`(`entryid`,`type`) VALUES('2231','b');
INSERT INTO `book`(`title`,`entryid`,`isbn`,`type`) VALUES('Cappelletti and the Expansion','2231','9378654646306','j');
INSERT INTO `genre_book`(`genre`, `entryid`) VALUES ('Horror','2231');
INSERT INTO `author`(`name`,`birthyear`,`deathyear`) VALUES('Rossie Macnair','1927','1985');
INSERT INTO `author_book`(`author`, `entryid`) VALUES ('Rossie Macnair','2231');
INSERT INTO `publisher_book`(`publisher`, `entryid`) VALUES ('Happe Publishers.','2231');
INSERT INTO `entry`(`entryid`,`type`) VALUES('2232','b');
INSERT INTO `book`(`title`,`entryid`,`isbn`,`type`) VALUES('Yugoslavian to the feeble-minded Texture','2232','9151803158739','b');
INSERT INTO `genre_book`(`genre`, `entryid`) VALUES ('Education','2232');
INSERT INTO `author`(`name`,`birthyear`,`deathyear`) VALUES('Lourie Mizrahi','1960','2024');
INSERT INTO `author_book`(`author`, `entryid`) VALUES ('Lourie Mizrahi','2232');
INSERT INTO `publisher`(`name`) VALUES ('Feigh Cooperations.');
INSERT INTO `publisher_book`(`publisher`, `entryid`) VALUES ('Feigh Cooperations.','2232');
INSERT INTO `entry`(`entryid`,`type`) VALUES('2233','b');
INSERT INTO `book`(`title`,`entryid`,`isbn`,`type`) VALUES('Transport because of Belt','2233','0337483064990','b');
INSERT INTO `genre_book`(`genre`, `entryid`) VALUES ('Education','2233');
INSERT INTO `author`(`name`,`birthyear`,`deathyear`) VALUES('Dalila Wagon','1936','1968');
INSERT INTO `author_book`(`author`, `entryid`) VALUES ('Dalila Wagon','2233');
INSERT INTO `publisher_book`(`publisher`, `entryid`) VALUES ('Wolfer Cooperations.','2233');
INSERT INTO `entry`(`entryid`,`type`) VALUES('2234','b');
INSERT INTO `book`(`title`,`entryid`,`isbn`,`type`) VALUES('Hovercraft by the up-and-over Address','2234','0040150345856','b');
INSERT INTO `genre_book`(`genre`, `entryid`) VALUES ('Romance','2234');
INSERT INTO `author`(`name`,`birthyear`,`deathyear`) VALUES('Jettie Kreiter','1970','2037');
INSERT INTO `author_book`(`author`, `entryid`) VALUES ('Jettie Kreiter','2234');
INSERT INTO `publisher`(`name`) VALUES ('Woskobojnik Inc.');
INSERT INTO `publisher_book`(`publisher`, `entryid`) VALUES ('Woskobojnik Inc.','2234');
INSERT INTO `entry`(`entryid`,`type`) VALUES('2235','b');
INSERT INTO `book`(`title`,`entryid`,`isbn`,`type`) VALUES('Asphalt of the phoniest Text','2235','0892933587923','b');
INSERT INTO `genre_book`(`genre`, `entryid`) VALUES ('Education','2235');
INSERT INTO `author`(`name`,`birthyear`,`deathyear`) VALUES('Georgette Heroth','1925','1993');
INSERT INTO `author_book`(`author`, `entryid`) VALUES ('Georgette Heroth','2235');
INSERT INTO `publisher`(`name`) VALUES ('Six Publishers.');
INSERT INTO `publisher_book`(`publisher`, `entryid`) VALUES ('Six Publishers.','2235');
INSERT INTO `entry`(`entryid`,`type`) VALUES('2236','b');
INSERT INTO `book`(`title`,`entryid`,`isbn`,`type`) VALUES('Milk for Drizzle','2236','0233121109892','e');
INSERT INTO `genre_book`(`genre`, `entryid`) VALUES ('Science','2236');
INSERT INTO `author`(`name`,`birthyear`,`deathyear`) VALUES('Patricia Gochnour','1936','2031');
INSERT INTO `author_book`(`author`, `entryid`) VALUES ('Patricia Gochnour','2236');
INSERT INTO `publisher`(`name`) VALUES ('Betit Inc.');
INSERT INTO `publisher_book`(`publisher`, `entryid`) VALUES ('Betit Inc.','2236');
INSERT INTO `entry`(`entryid`,`type`) VALUES('2237','b');
INSERT INTO `book`(`title`,`entryid`,`isbn`,`type`) VALUES('Earth vs. Distributor','2237','0182867814856','j');
INSERT INTO `genre_book`(`genre`, `entryid`) VALUES ('Science','2237');
INSERT INTO `author`(`name`,`birthyear`,`deathyear`) VALUES('Alita Sandt','1881','1956');
INSERT INTO `author_book`(`author`, `entryid`) VALUES ('Alita Sandt','2237');
INSERT INTO `publisher_book`(`publisher`, `entryid`) VALUES ('Kedley Cooperations.','2237');
INSERT INTO `entry`(`entryid`,`type`) VALUES('2238','b');
INSERT INTO `book`(`title`,`entryid`,`isbn`,`type`) VALUES('Shampoo with somatologic Oven','2238','0052459583705','e');
INSERT INTO `genre_book`(`genre`, `entryid`) VALUES ('Thriller','2238');
INSERT INTO `author`(`name`,`birthyear`,`deathyear`) VALUES('Carmella Wadden','1900','1963');
INSERT INTO `author_book`(`author`, `entryid`) VALUES ('Carmella Wadden','2238');
INSERT INTO `publisher`(`name`) VALUES ('Cregeen Inc.');
INSERT INTO `publisher_book`(`publisher`, `entryid`) VALUES ('Cregeen Inc.','2238');
INSERT INTO `entry`(`entryid`,`type`) VALUES('2239','b');
INSERT INTO `book`(`title`,`entryid`,`isbn`,`type`) VALUES('Stocking by the tarry Coast','2239','0400718658781','e');
INSERT INTO `genre_book`(`genre`, `entryid`) VALUES ('Horror','2239');
INSERT INTO `author`(`name`,`birthyear`,`deathyear`) VALUES('Keena Wieto','1943','2024');
INSERT INTO `author_book`(`author`, `entryid`) VALUES ('Keena Wieto','2239');
INSERT INTO `publisher_book`(`publisher`, `entryid`) VALUES ('Grinner Inc.','2239');
INSERT INTO `entry`(`entryid`,`type`) VALUES('2240','b');
INSERT INTO `book`(`title`,`entryid`,`isbn`,`type`) VALUES('Banker to Cobweb','2240','0658172800304','j');
INSERT INTO `genre_book`(`genre`, `entryid`) VALUES ('Thriller','2240');
INSERT INTO `author`(`name`,`birthyear`,`deathyear`) VALUES('Sina Larimore','1961','2011');
INSERT INTO `author_book`(`author`, `entryid`) VALUES ('Sina Larimore','2240');
INSERT INTO `publisher`(`name`) VALUES ('Schap Publishers.');
INSERT INTO `publisher_book`(`publisher`, `entryid`) VALUES ('Schap Publishers.','2240');
INSERT INTO `entry`(`entryid`,`type`) VALUES('2241','b');
INSERT INTO `book`(`title`,`entryid`,`isbn`,`type`) VALUES('Bomber in the refreshing Geology','2241','9036379609804','j');
INSERT INTO `genre_book`(`genre`, `entryid`) VALUES ('Education','2241');
INSERT INTO `author`(`name`,`birthyear`,`deathyear`) VALUES('Romelia Leithiser','1979','2013');
INSERT INTO `author_book`(`author`, `entryid`) VALUES ('Romelia Leithiser','2241');
INSERT INTO `publisher`(`name`) VALUES ('Norse Inc.');
INSERT INTO `publisher_book`(`publisher`, `entryid`) VALUES ('Norse Inc.','2241');
INSERT INTO `entry`(`entryid`,`type`) VALUES('2242','b');
INSERT INTO `book`(`title`,`entryid`,`isbn`,`type`) VALUES('Olive by lown Cut','2242','0759226514456','j');
INSERT INTO `genre_book`(`genre`, `entryid`) VALUES ('Horror','2242');
INSERT INTO `author`(`name`,`birthyear`,`deathyear`) VALUES('Lu Voeks','1897','1953');
INSERT INTO `author_book`(`author`, `entryid`) VALUES ('Lu Voeks','2242');
INSERT INTO `publisher_book`(`publisher`, `entryid`) VALUES ('Schap Publishers.','2242');
INSERT INTO `entry`(`entryid`,`type`) VALUES('2243','b');
INSERT INTO `book`(`title`,`entryid`,`isbn`,`type`) VALUES('Flesh against Venezuela','2243','9843053344122','e');
INSERT INTO `genre_book`(`genre`, `entryid`) VALUES ('Sci-Fi','2243');
INSERT INTO `author`(`name`,`birthyear`,`deathyear`) VALUES('Migdalia Sberna','1956','2020');
INSERT INTO `author_book`(`author`, `entryid`) VALUES ('Migdalia Sberna','2243');
INSERT INTO `publisher_book`(`publisher`, `entryid`) VALUES ('Giampaolo Cooperations.','2243');
INSERT INTO `entry`(`entryid`,`type`) VALUES('2244','b');
INSERT INTO `book`(`title`,`entryid`,`isbn`,`type`) VALUES('Tuna by the Ping','2244','0477970893199','b');
INSERT INTO `genre_book`(`genre`, `entryid`) VALUES ('Romance','2244');
INSERT INTO `author`(`name`,`birthyear`,`deathyear`) VALUES('Stephany Saffel','1967','2055');
INSERT INTO `author_book`(`author`, `entryid`) VALUES ('Stephany Saffel','2244');
INSERT INTO `publisher`(`name`) VALUES ('Rohanna Publishers.');
INSERT INTO `publisher_book`(`publisher`, `entryid`) VALUES ('Rohanna Publishers.','2244');
INSERT INTO `entry`(`entryid`,`type`) VALUES('2245','b');
INSERT INTO `book`(`title`,`entryid`,`isbn`,`type`) VALUES('Wilderness of Instrument','2245','0501359259818','e');
INSERT INTO `genre_book`(`genre`, `entryid`) VALUES ('Adventure','2245');
INSERT INTO `author`(`name`,`birthyear`,`deathyear`) VALUES('Edda Cobham','1948','1992');
INSERT INTO `author_book`(`author`, `entryid`) VALUES ('Edda Cobham','2245');
INSERT INTO `publisher`(`name`) VALUES ('Urive Publishers.');
INSERT INTO `publisher_book`(`publisher`, `entryid`) VALUES ('Urive Publishers.','2245');
INSERT INTO `entry`(`entryid`,`type`) VALUES('2246','b');
INSERT INTO `book`(`title`,`entryid`,`isbn`,`type`) VALUES('Plot by the Example','2246','9916187518492','b');
INSERT INTO `genre_book`(`genre`, `entryid`) VALUES ('Horror','2246');
INSERT INTO `author`(`name`,`birthyear`,`deathyear`) VALUES('Angelita Kailey','1914','1990');
INSERT INTO `author_book`(`author`, `entryid`) VALUES ('Angelita Kailey','2246');
INSERT INTO `publisher`(`name`) VALUES ('Archibeque Publishers.');
INSERT INTO `publisher_book`(`publisher`, `entryid`) VALUES ('Archibeque Publishers.','2246');
INSERT INTO `entry`(`entryid`,`type`) VALUES('2247','b');
INSERT INTO `book`(`title`,`entryid`,`isbn`,`type`) VALUES('Parcel and the Hockey','2247','0341973626279','e');
INSERT INTO `genre_book`(`genre`, `entryid`) VALUES ('Romance','2247');
INSERT INTO `author`(`name`,`birthyear`,`deathyear`) VALUES('Chelsie Soose','1956','2024');
INSERT INTO `author_book`(`author`, `entryid`) VALUES ('Chelsie Soose','2247');
INSERT INTO `publisher_book`(`publisher`, `entryid`) VALUES ('Good Inc.','2247');
INSERT INTO `entry`(`entryid`,`type`) VALUES('2248','b');
INSERT INTO `book`(`title`,`entryid`,`isbn`,`type`) VALUES('Beach in the Gladiolus','2248','0493447898101','j');
INSERT INTO `genre_book`(`genre`, `entryid`) VALUES ('Adventure','2248');
INSERT INTO `author`(`name`,`birthyear`,`deathyear`) VALUES('Misty Sax','1892','1929');
INSERT INTO `author_book`(`author`, `entryid`) VALUES ('Misty Sax','2248');
INSERT INTO `publisher`(`name`) VALUES ('Murdaugh Cooperations.');
INSERT INTO `publisher_book`(`publisher`, `entryid`) VALUES ('Murdaugh Cooperations.','2248');
INSERT INTO `entry`(`entryid`,`type`) VALUES('2249','b');
INSERT INTO `book`(`title`,`entryid`,`isbn`,`type`) VALUES('Community in Tornado','2249','9333187206644','b');
INSERT INTO `genre_book`(`genre`, `entryid`) VALUES ('Thriller','2249');
INSERT INTO `author`(`name`,`birthyear`,`deathyear`) VALUES('Edith Surwillo','1911','1969');
INSERT INTO `author_book`(`author`, `entryid`) VALUES ('Edith Surwillo','2249');
INSERT INTO `publisher`(`name`) VALUES ('Welty Inc.');
INSERT INTO `publisher_book`(`publisher`, `entryid`) VALUES ('Welty Inc.','2249');
INSERT INTO `entry`(`entryid`,`type`) VALUES('2250','b');
INSERT INTO `book`(`title`,`entryid`,`isbn`,`type`) VALUES('Shade by Quince','2250','9638919443267','j');
INSERT INTO `genre_book`(`genre`, `entryid`) VALUES ('Adventure','2250');
INSERT INTO `author`(`name`,`birthyear`,`deathyear`) VALUES('Daisy Wasson','1963','2063');
INSERT INTO `author_book`(`author`, `entryid`) VALUES ('Daisy Wasson','2250');
INSERT INTO `publisher_book`(`publisher`, `entryid`) VALUES ('Gorney Publishers.','2250');
INSERT INTO `entry`(`entryid`,`type`) VALUES('2251','b');
INSERT INTO `book`(`title`,`entryid`,`isbn`,`type`) VALUES('Ravioli of Ladybug','2251','0049101403678','e');
INSERT INTO `genre_book`(`genre`, `entryid`) VALUES ('Adventure','2251');
INSERT INTO `author`(`name`,`birthyear`,`deathyear`) VALUES('Sharlene Golde','1925','1971');
INSERT INTO `author_book`(`author`, `entryid`) VALUES ('Sharlene Golde','2251');
INSERT INTO `publisher_book`(`publisher`, `entryid`) VALUES ('Ridders Inc.','2251');
INSERT INTO `entry`(`entryid`,`type`) VALUES('2252','b');
INSERT INTO `book`(`title`,`entryid`,`isbn`,`type`) VALUES('Mexican with the Show','2252','0765558251379','j');
INSERT INTO `genre_book`(`genre`, `entryid`) VALUES ('Thriller','2252');
INSERT INTO `author`(`name`,`birthyear`,`deathyear`) VALUES('Doreen Bonsall','1912','1995');
INSERT INTO `author_book`(`author`, `entryid`) VALUES ('Doreen Bonsall','2252');
INSERT INTO `publisher`(`name`) VALUES ('Ezelle Publishers.');
INSERT INTO `publisher_book`(`publisher`, `entryid`) VALUES ('Ezelle Publishers.','2252');
INSERT INTO `entry`(`entryid`,`type`) VALUES('2253','b');
INSERT INTO `book`(`title`,`entryid`,`isbn`,`type`) VALUES('Cracker vs. beguiling Plate','2253','9176149279906','e');
INSERT INTO `genre_book`(`genre`, `entryid`) VALUES ('Education','2253');
INSERT INTO `author`(`name`,`birthyear`,`deathyear`) VALUES('Zoraida Cobane','1907','1951');
INSERT INTO `author_book`(`author`, `entryid`) VALUES ('Zoraida Cobane','2253');
INSERT INTO `publisher_book`(`publisher`, `entryid`) VALUES ('Inlow Inc.','2253');
INSERT INTO `entry`(`entryid`,`type`) VALUES('2254','b');
INSERT INTO `book`(`title`,`entryid`,`isbn`,`type`) VALUES('Meat and the fluctuant Target','2254','9736812403707','b');
INSERT INTO `genre_book`(`genre`, `entryid`) VALUES ('Sci-Fi','2254');
INSERT INTO `author`(`name`,`birthyear`,`deathyear`) VALUES('Normand Avis','1909','1989');
INSERT INTO `author_book`(`author`, `entryid`) VALUES ('Normand Avis','2254');
INSERT INTO `publisher`(`name`) VALUES ('Hults Cooperations.');
INSERT INTO `publisher_book`(`publisher`, `entryid`) VALUES ('Hults Cooperations.','2254');
INSERT INTO `entry`(`entryid`,`type`) VALUES('2255','b');
INSERT INTO `book`(`title`,`entryid`,`isbn`,`type`) VALUES('Comic of the unspiritualizing Shark','2255','0988766554910','j');
INSERT INTO `genre_book`(`genre`, `entryid`) VALUES ('Romance','2255');
INSERT INTO `author`(`name`,`birthyear`,`deathyear`) VALUES('Zada Masilko','1974','2056');
INSERT INTO `author_book`(`author`, `entryid`) VALUES ('Zada Masilko','2255');
INSERT INTO `publisher`(`name`) VALUES ('Birr Publishers.');
INSERT INTO `publisher_book`(`publisher`, `entryid`) VALUES ('Birr Publishers.','2255');
INSERT INTO `entry`(`entryid`,`type`) VALUES('2256','b');
INSERT INTO `book`(`title`,`entryid`,`isbn`,`type`) VALUES('Decimal with Cub','2256','9833105297686','e');
INSERT INTO `genre_book`(`genre`, `entryid`) VALUES ('Thriller','2256');
INSERT INTO `author_book`(`author`, `entryid`) VALUES ('Kathe Hernon','2256');
INSERT INTO `publisher`(`name`) VALUES ('Durousseau Inc.');
INSERT INTO `publisher_book`(`publisher`, `entryid`) VALUES ('Durousseau Inc.','2256');
INSERT INTO `entry`(`entryid`,`type`) VALUES('2257','b');
INSERT INTO `book`(`title`,`entryid`,`isbn`,`type`) VALUES('Slope by the Submarine','2257','9284061930543','j');
INSERT INTO `genre_book`(`genre`, `entryid`) VALUES ('Science','2257');
INSERT INTO `author`(`name`,`birthyear`,`deathyear`) VALUES('Kraig Rosul','1892','1925');
INSERT INTO `author_book`(`author`, `entryid`) VALUES ('Kraig Rosul','2257');
INSERT INTO `publisher`(`name`) VALUES ('Tegarden Publishers.');
INSERT INTO `publisher_book`(`publisher`, `entryid`) VALUES ('Tegarden Publishers.','2257');
INSERT INTO `entry`(`entryid`,`type`) VALUES('2258','b');
INSERT INTO `book`(`title`,`entryid`,`isbn`,`type`) VALUES('Power to the cold-short Triangle','2258','9669273782076','j');
INSERT INTO `genre_book`(`genre`, `entryid`) VALUES ('Thriller','2258');
INSERT INTO `author`(`name`,`birthyear`,`deathyear`) VALUES('Janelle Mada','1914','1950');
INSERT INTO `author_book`(`author`, `entryid`) VALUES ('Janelle Mada','2258');
INSERT INTO `publisher_book`(`publisher`, `entryid`) VALUES ('Seta Inc.','2258');
INSERT INTO `entry`(`entryid`,`type`) VALUES('2259','b');
INSERT INTO `book`(`title`,`entryid`,`isbn`,`type`) VALUES('Iris to the unwarped Border','2259','0389156297247','j');
INSERT INTO `genre_book`(`genre`, `entryid`) VALUES ('Education','2259');
INSERT INTO `author`(`name`,`birthyear`,`deathyear`) VALUES('Gwenn Bernal','1888','1932');
INSERT INTO `author_book`(`author`, `entryid`) VALUES ('Gwenn Bernal','2259');
INSERT INTO `publisher`(`name`) VALUES ('Arone Inc.');
INSERT INTO `publisher_book`(`publisher`, `entryid`) VALUES ('Arone Inc.','2259');
INSERT INTO `entry`(`entryid`,`type`) VALUES('2260','b');
INSERT INTO `book`(`title`,`entryid`,`isbn`,`type`) VALUES('Gemini to Nigeria','2260','9197410679808','e');
INSERT INTO `genre_book`(`genre`, `entryid`) VALUES ('Science','2260');
INSERT INTO `author`(`name`,`birthyear`,`deathyear`) VALUES('Fredrick Zoelle','1954','2009');
INSERT INTO `author_book`(`author`, `entryid`) VALUES ('Fredrick Zoelle','2260');
INSERT INTO `publisher_book`(`publisher`, `entryid`) VALUES ('Zorns Inc.','2260');
INSERT INTO `entry`(`entryid`,`type`) VALUES('2261','b');
INSERT INTO `book`(`title`,`entryid`,`isbn`,`type`) VALUES('Screwdriver for the Design','2261','9606288637805','e');
INSERT INTO `genre_book`(`genre`, `entryid`) VALUES ('Romance','2261');
INSERT INTO `author`(`name`,`birthyear`,`deathyear`) VALUES('Charlott Boos','1941','2001');
INSERT INTO `author_book`(`author`, `entryid`) VALUES ('Charlott Boos','2261');
INSERT INTO `publisher_book`(`publisher`, `entryid`) VALUES ('Arone Inc.','2261');
INSERT INTO `entry`(`entryid`,`type`) VALUES('2262','b');
INSERT INTO `book`(`title`,`entryid`,`isbn`,`type`) VALUES('Scraper for the Donald','2262','9009645727376','e');
INSERT INTO `genre_book`(`genre`, `entryid`) VALUES ('Science','2262');
INSERT INTO `author`(`name`,`birthyear`,`deathyear`) VALUES('Keshia Amargo','1898','1968');
INSERT INTO `author_book`(`author`, `entryid`) VALUES ('Keshia Amargo','2262');
INSERT INTO `publisher_book`(`publisher`, `entryid`) VALUES ('Tutoky Cooperations.','2262');
INSERT INTO `entry`(`entryid`,`type`) VALUES('2263','b');
INSERT INTO `book`(`title`,`entryid`,`isbn`,`type`) VALUES('Glass and unimagined Wealth','2263','0345845659292','b');
INSERT INTO `genre_book`(`genre`, `entryid`) VALUES ('Romance','2263');
INSERT INTO `author`(`name`,`birthyear`,`deathyear`) VALUES('Selma Stilgenbauer','1923','1980');
INSERT INTO `author_book`(`author`, `entryid`) VALUES ('Selma Stilgenbauer','2263');
INSERT INTO `publisher`(`name`) VALUES ('Waldbauer Publishers.');
INSERT INTO `publisher_book`(`publisher`, `entryid`) VALUES ('Waldbauer Publishers.','2263');
INSERT INTO `entry`(`entryid`,`type`) VALUES('2264','b');
INSERT INTO `book`(`title`,`entryid`,`isbn`,`type`) VALUES('Centimeter by the Hourglass','2264','0461019726710','b');
INSERT INTO `genre_book`(`genre`, `entryid`) VALUES ('Horror','2264');
INSERT INTO `author`(`name`,`birthyear`,`deathyear`) VALUES('Mickey Payant','1947','1973');
INSERT INTO `author_book`(`author`, `entryid`) VALUES ('Mickey Payant','2264');
INSERT INTO `publisher_book`(`publisher`, `entryid`) VALUES ('Antrikin Inc.','2264');
INSERT INTO `entry`(`entryid`,`type`) VALUES('2265','b');
INSERT INTO `book`(`title`,`entryid`,`isbn`,`type`) VALUES('Beard with Hebrides Precipitation','2265','9471175070123','j');
INSERT INTO `genre_book`(`genre`, `entryid`) VALUES ('Thriller','2265');
INSERT INTO `author`(`name`,`birthyear`,`deathyear`) VALUES('Susie Daoust','1979','2009');
INSERT INTO `author_book`(`author`, `entryid`) VALUES ('Susie Daoust','2265');
INSERT INTO `publisher_book`(`publisher`, `entryid`) VALUES ('Zorns Inc.','2265');
INSERT INTO `entry`(`entryid`,`type`) VALUES('2266','b');
INSERT INTO `book`(`title`,`entryid`,`isbn`,`type`) VALUES('Swallow in the Ex-wife','2266','0013738994909','j');
INSERT INTO `genre_book`(`genre`, `entryid`) VALUES ('Education','2266');
INSERT INTO `author`(`name`,`birthyear`,`deathyear`) VALUES('Jenifer Sehl','1961','2061');
INSERT INTO `author_book`(`author`, `entryid`) VALUES ('Jenifer Sehl','2266');
INSERT INTO `publisher`(`name`) VALUES ('Arroyd Inc.');
INSERT INTO `publisher_book`(`publisher`, `entryid`) VALUES ('Arroyd Inc.','2266');
INSERT INTO `entry`(`entryid`,`type`) VALUES('2267','b');
INSERT INTO `book`(`title`,`entryid`,`isbn`,`type`) VALUES('Temperature with the fuzzy Crocus','2267','0416553465476','e');
INSERT INTO `genre_book`(`genre`, `entryid`) VALUES ('Education','2267');
INSERT INTO `author`(`name`,`birthyear`,`deathyear`) VALUES('Idella Chinni','1900','1932');
INSERT INTO `author_book`(`author`, `entryid`) VALUES ('Idella Chinni','2267');
INSERT INTO `publisher_book`(`publisher`, `entryid`) VALUES ('Tippy Publishers.','2267');
INSERT INTO `entry`(`entryid`,`type`) VALUES('2268','b');
INSERT INTO `book`(`title`,`entryid`,`isbn`,`type`) VALUES('Saturday in intelligential Shield','2268','0294271973086','j');
INSERT INTO `genre_book`(`genre`, `entryid`) VALUES ('Sci-Fi','2268');
INSERT INTO `author`(`name`,`birthyear`,`deathyear`) VALUES('India Sordahl','1881','1913');
INSERT INTO `author_book`(`author`, `entryid`) VALUES ('India Sordahl','2268');
INSERT INTO `publisher`(`name`) VALUES ('Cervone Cooperations.');
INSERT INTO `publisher_book`(`publisher`, `entryid`) VALUES ('Cervone Cooperations.','2268');
INSERT INTO `entry`(`entryid`,`type`) VALUES('2269','b');
INSERT INTO `book`(`title`,`entryid`,`isbn`,`type`) VALUES('Pea in the disarrayed Transport','2269','0769017625905','b');
INSERT INTO `genre_book`(`genre`, `entryid`) VALUES ('Science','2269');
INSERT INTO `author_book`(`author`, `entryid`) VALUES ('Deane Heap','2269');
INSERT INTO `publisher_book`(`publisher`, `entryid`) VALUES ('Hendershott Publishers.','2269');
INSERT INTO `entry`(`entryid`,`type`) VALUES('2270','b');
INSERT INTO `book`(`title`,`entryid`,`isbn`,`type`) VALUES('Plaster with paperback Helicopter','2270','0548957082769','j');
INSERT INTO `genre_book`(`genre`, `entryid`) VALUES ('Education','2270');
INSERT INTO `author`(`name`,`birthyear`,`deathyear`) VALUES('Kylee Wabasha','1954','2004');
INSERT INTO `author_book`(`author`, `entryid`) VALUES ('Kylee Wabasha','2270');
INSERT INTO `publisher`(`name`) VALUES ('Whalen Inc.');
INSERT INTO `publisher_book`(`publisher`, `entryid`) VALUES ('Whalen Inc.','2270');
INSERT INTO `entry`(`entryid`,`type`) VALUES('2271','b');
INSERT INTO `book`(`title`,`entryid`,`isbn`,`type`) VALUES('Wolf of the trigonous Vision','2271','0629984576924','j');
INSERT INTO `genre_book`(`genre`, `entryid`) VALUES ('Science','2271');
INSERT INTO `author_book`(`author`, `entryid`) VALUES ('Sina Larimore','2271');
INSERT INTO `publisher`(`name`) VALUES ('Roux Publishers.');
INSERT INTO `publisher_book`(`publisher`, `entryid`) VALUES ('Roux Publishers.','2271');
INSERT INTO `entry`(`entryid`,`type`) VALUES('2272','b');
INSERT INTO `book`(`title`,`entryid`,`isbn`,`type`) VALUES('Circulation against Wall','2272','9656301147833','e');
INSERT INTO `genre_book`(`genre`, `entryid`) VALUES ('Science','2272');
INSERT INTO `author`(`name`,`birthyear`,`deathyear`) VALUES('Gabriel Caliendo','1950','2007');
INSERT INTO `author_book`(`author`, `entryid`) VALUES ('Gabriel Caliendo','2272');
INSERT INTO `publisher_book`(`publisher`, `entryid`) VALUES ('Lampson Inc.','2272');
INSERT INTO `entry`(`entryid`,`type`) VALUES('2273','b');
INSERT INTO `book`(`title`,`entryid`,`isbn`,`type`) VALUES('Rectangle and lordotic Point','2273','0263765487517','e');
INSERT INTO `genre_book`(`genre`, `entryid`) VALUES ('Sci-Fi','2273');
INSERT INTO `author`(`name`,`birthyear`,`deathyear`) VALUES('Rocky Biedermann','1897','1988');
INSERT INTO `author_book`(`author`, `entryid`) VALUES ('Rocky Biedermann','2273');
INSERT INTO `publisher_book`(`publisher`, `entryid`) VALUES ('Peel Inc.','2273');
INSERT INTO `entry`(`entryid`,`type`) VALUES('2274','b');
INSERT INTO `book`(`title`,`entryid`,`isbn`,`type`) VALUES('Motion and autosomal Rabbi','2274','0306030621943','b');
INSERT INTO `genre_book`(`genre`, `entryid`) VALUES ('Adventure','2274');
INSERT INTO `author`(`name`,`birthyear`,`deathyear`) VALUES('Maybell Sholler','1904','1973');
INSERT INTO `author_book`(`author`, `entryid`) VALUES ('Maybell Sholler','2274');
INSERT INTO `publisher_book`(`publisher`, `entryid`) VALUES ('Grinner Inc.','2274');
INSERT INTO `entry`(`entryid`,`type`) VALUES('2275','b');
INSERT INTO `book`(`title`,`entryid`,`isbn`,`type`) VALUES('Uzbekistan of the Salmon','2275','0750852351537','b');
INSERT INTO `genre_book`(`genre`, `entryid`) VALUES ('Education','2275');
INSERT INTO `author`(`name`,`birthyear`,`deathyear`) VALUES('Jan Mintos','1957','2030');
INSERT INTO `author_book`(`author`, `entryid`) VALUES ('Jan Mintos','2275');
INSERT INTO `publisher`(`name`) VALUES ('Gallegos Publishers.');
INSERT INTO `publisher_book`(`publisher`, `entryid`) VALUES ('Gallegos Publishers.','2275');
INSERT INTO `entry`(`entryid`,`type`) VALUES('2276','b');
INSERT INTO `book`(`title`,`entryid`,`isbn`,`type`) VALUES('Battery with the Decade','2276','0807636153874','j');
INSERT INTO `genre_book`(`genre`, `entryid`) VALUES ('Adventure','2276');
INSERT INTO `author`(`name`,`birthyear`,`deathyear`) VALUES('Shantelle Schoo','1912','1932');
INSERT INTO `author_book`(`author`, `entryid`) VALUES ('Shantelle Schoo','2276');
INSERT INTO `publisher`(`name`) VALUES ('Lanphere Cooperations.');
INSERT INTO `publisher_book`(`publisher`, `entryid`) VALUES ('Lanphere Cooperations.','2276');
INSERT INTO `entry`(`entryid`,`type`) VALUES('2277','b');
INSERT INTO `book`(`title`,`entryid`,`isbn`,`type`) VALUES('Religion and the Farmer','2277','0186842713615','e');
INSERT INTO `genre_book`(`genre`, `entryid`) VALUES ('Horror','2277');
INSERT INTO `author`(`name`,`birthyear`,`deathyear`) VALUES('Bryon Pasha','1890','1931');
INSERT INTO `author_book`(`author`, `entryid`) VALUES ('Bryon Pasha','2277');
INSERT INTO `publisher_book`(`publisher`, `entryid`) VALUES ('Hollner Publishers.','2277');
INSERT INTO `entry`(`entryid`,`type`) VALUES('2278','b');
INSERT INTO `book`(`title`,`entryid`,`isbn`,`type`) VALUES('Biology and the accepting Football','2278','9572180668146','j');
INSERT INTO `genre_book`(`genre`, `entryid`) VALUES ('Horror','2278');
INSERT INTO `author`(`name`,`birthyear`,`deathyear`) VALUES('Eleanore Heaslet','1913','1964');
INSERT INTO `author_book`(`author`, `entryid`) VALUES ('Eleanore Heaslet','2278');
INSERT INTO `publisher`(`name`) VALUES ('Herreras Cooperations.');
INSERT INTO `publisher_book`(`publisher`, `entryid`) VALUES ('Herreras Cooperations.','2278');
INSERT INTO `entry`(`entryid`,`type`) VALUES('2279','b');
INSERT INTO `book`(`title`,`entryid`,`isbn`,`type`) VALUES('Processing with the Duckling','2279','0971211750879','e');
INSERT INTO `genre_book`(`genre`, `entryid`) VALUES ('Romance','2279');
INSERT INTO `author`(`name`,`birthyear`,`deathyear`) VALUES('Deangelo Anzideo','1955','2027');
INSERT INTO `author_book`(`author`, `entryid`) VALUES ('Deangelo Anzideo','2279');
INSERT INTO `publisher_book`(`publisher`, `entryid`) VALUES ('Franken Publishers.','2279');
INSERT INTO `entry`(`entryid`,`type`) VALUES('2280','b');
INSERT INTO `book`(`title`,`entryid`,`isbn`,`type`) VALUES('Cup against Ash','2280','0390146395252','b');
INSERT INTO `genre_book`(`genre`, `entryid`) VALUES ('Science','2280');
INSERT INTO `author`(`name`,`birthyear`,`deathyear`) VALUES('Vida Covil','1939','2017');
INSERT INTO `author_book`(`author`, `entryid`) VALUES ('Vida Covil','2280');
INSERT INTO `publisher`(`name`) VALUES ('Marth Cooperations.');
INSERT INTO `publisher_book`(`publisher`, `entryid`) VALUES ('Marth Cooperations.','2280');
INSERT INTO `entry`(`entryid`,`type`) VALUES('2281','b');
INSERT INTO `book`(`title`,`entryid`,`isbn`,`type`) VALUES('Element and sacred State','2281','9933698762290','b');
INSERT INTO `genre_book`(`genre`, `entryid`) VALUES ('Science','2281');
INSERT INTO `author`(`name`,`birthyear`,`deathyear`) VALUES('Fe Chavies','1917','1960');
INSERT INTO `author_book`(`author`, `entryid`) VALUES ('Fe Chavies','2281');
INSERT INTO `publisher`(`name`) VALUES ('Gasser Publishers.');
INSERT INTO `publisher_book`(`publisher`, `entryid`) VALUES ('Gasser Publishers.','2281');
INSERT INTO `entry`(`entryid`,`type`) VALUES('2282','b');
INSERT INTO `book`(`title`,`entryid`,`isbn`,`type`) VALUES('Silk because of Bracket','2282','0144942406211','j');
INSERT INTO `genre_book`(`genre`, `entryid`) VALUES ('Sci-Fi','2282');
INSERT INTO `author`(`name`,`birthyear`,`deathyear`) VALUES('Virgie Kunin','1962','1986');
INSERT INTO `author_book`(`author`, `entryid`) VALUES ('Virgie Kunin','2282');
INSERT INTO `publisher`(`name`) VALUES ('Horman Inc.');
INSERT INTO `publisher_book`(`publisher`, `entryid`) VALUES ('Horman Inc.','2282');
INSERT INTO `entry`(`entryid`,`type`) VALUES('2283','b');
INSERT INTO `book`(`title`,`entryid`,`isbn`,`type`) VALUES('Mall in the Radar','2283','9540946391532','j');
INSERT INTO `genre_book`(`genre`, `entryid`) VALUES ('Adventure','2283');
INSERT INTO `author`(`name`,`birthyear`,`deathyear`) VALUES('Enid Jarett','1916','1980');
INSERT INTO `author_book`(`author`, `entryid`) VALUES ('Enid Jarett','2283');
INSERT INTO `publisher`(`name`) VALUES ('Medford Inc.');
INSERT INTO `publisher_book`(`publisher`, `entryid`) VALUES ('Medford Inc.','2283');
INSERT INTO `entry`(`entryid`,`type`) VALUES('2284','b');
INSERT INTO `book`(`title`,`entryid`,`isbn`,`type`) VALUES('July with ingenuous Rose','2284','0718655251313','e');
INSERT INTO `genre_book`(`genre`, `entryid`) VALUES ('Romance','2284');
INSERT INTO `author_book`(`author`, `entryid`) VALUES ('Minerva Branam','2284');
INSERT INTO `publisher_book`(`publisher`, `entryid`) VALUES ('Vote Publishers.','2284');
INSERT INTO `entry`(`entryid`,`type`) VALUES('2285','b');
INSERT INTO `book`(`title`,`entryid`,`isbn`,`type`) VALUES('Limit vs. Crawdad','2285','0019393307729','b');
INSERT INTO `genre_book`(`genre`, `entryid`) VALUES ('Adventure','2285');
INSERT INTO `author`(`name`,`birthyear`,`deathyear`) VALUES('Hailey Flem','1903','1993');
INSERT INTO `author_book`(`author`, `entryid`) VALUES ('Hailey Flem','2285');
INSERT INTO `publisher_book`(`publisher`, `entryid`) VALUES ('Kanda Publishers.','2285');
INSERT INTO `entry`(`entryid`,`type`) VALUES('2286','b');
INSERT INTO `book`(`title`,`entryid`,`isbn`,`type`) VALUES('Catamaran of stipular Sushi','2286','9565996359352','j');
INSERT INTO `genre_book`(`genre`, `entryid`) VALUES ('Adventure','2286');
INSERT INTO `author`(`name`,`birthyear`,`deathyear`) VALUES('Bart Khalaf','1888','1979');
INSERT INTO `author_book`(`author`, `entryid`) VALUES ('Bart Khalaf','2286');
INSERT INTO `publisher`(`name`) VALUES ('Cobden Publishers.');
INSERT INTO `publisher_book`(`publisher`, `entryid`) VALUES ('Cobden Publishers.','2286');
INSERT INTO `entry`(`entryid`,`type`) VALUES('2287','b');
INSERT INTO `book`(`title`,`entryid`,`isbn`,`type`) VALUES('Asparagus for unpaid Ankle','2287','9267706438304','j');
INSERT INTO `genre_book`(`genre`, `entryid`) VALUES ('Sci-Fi','2287');
INSERT INTO `author_book`(`author`, `entryid`) VALUES ('Martha Rucinski','2287');
INSERT INTO `publisher`(`name`) VALUES ('Nack Publishers.');
INSERT INTO `publisher_book`(`publisher`, `entryid`) VALUES ('Nack Publishers.','2287');
INSERT INTO `entry`(`entryid`,`type`) VALUES('2288','b');
INSERT INTO `book`(`title`,`entryid`,`isbn`,`type`) VALUES('Active to Grade','2288','9482520537799','e');
INSERT INTO `genre_book`(`genre`, `entryid`) VALUES ('Sci-Fi','2288');
INSERT INTO `author_book`(`author`, `entryid`) VALUES ('Gwenn Bernal','2288');
INSERT INTO `publisher_book`(`publisher`, `entryid`) VALUES ('Hults Cooperations.','2288');
INSERT INTO `entry`(`entryid`,`type`) VALUES('2289','b');
INSERT INTO `book`(`title`,`entryid`,`isbn`,`type`) VALUES('Time vs. Front','2289','9508744206957','b');
INSERT INTO `genre_book`(`genre`, `entryid`) VALUES ('Adventure','2289');
INSERT INTO `author`(`name`,`birthyear`,`deathyear`) VALUES('Broderick Leduke','1902','1930');
INSERT INTO `author_book`(`author`, `entryid`) VALUES ('Broderick Leduke','2289');
INSERT INTO `publisher`(`name`) VALUES ('Edington Cooperations.');
INSERT INTO `publisher_book`(`publisher`, `entryid`) VALUES ('Edington Cooperations.','2289');
INSERT INTO `entry`(`entryid`,`type`) VALUES('2290','b');
INSERT INTO `book`(`title`,`entryid`,`isbn`,`type`) VALUES('Weeder in the Curtain','2290','9970256641708','b');
INSERT INTO `genre_book`(`genre`, `entryid`) VALUES ('Thriller','2290');
INSERT INTO `author`(`name`,`birthyear`,`deathyear`) VALUES('Shaniqua Agosta','1974','2070');
INSERT INTO `author_book`(`author`, `entryid`) VALUES ('Shaniqua Agosta','2290');
INSERT INTO `publisher`(`name`) VALUES ('Woodward Publishers.');
INSERT INTO `publisher_book`(`publisher`, `entryid`) VALUES ('Woodward Publishers.','2290');
INSERT INTO `entry`(`entryid`,`type`) VALUES('2291','b');
INSERT INTO `book`(`title`,`entryid`,`isbn`,`type`) VALUES('Gear by the mangey Distribution','2291','9496589530877','e');
INSERT INTO `genre_book`(`genre`, `entryid`) VALUES ('Adventure','2291');
INSERT INTO `author`(`name`,`birthyear`,`deathyear`) VALUES('Remedios Harriett','1963','1984');
INSERT INTO `author_book`(`author`, `entryid`) VALUES ('Remedios Harriett','2291');
INSERT INTO `publisher_book`(`publisher`, `entryid`) VALUES ('Leppert Inc.','2291');
INSERT INTO `entry`(`entryid`,`type`) VALUES('2292','b');
INSERT INTO `book`(`title`,`entryid`,`isbn`,`type`) VALUES('Tights to Melody','2292','9548955125808','b');
INSERT INTO `genre_book`(`genre`, `entryid`) VALUES ('Romance','2292');
INSERT INTO `author`(`name`,`birthyear`,`deathyear`) VALUES('Kiera Haley','1955','2000');
INSERT INTO `author_book`(`author`, `entryid`) VALUES ('Kiera Haley','2292');
INSERT INTO `publisher`(`name`) VALUES ('Wojtowich Publishers.');
INSERT INTO `publisher_book`(`publisher`, `entryid`) VALUES ('Wojtowich Publishers.','2292');
INSERT INTO `entry`(`entryid`,`type`) VALUES('2293','b');
INSERT INTO `book`(`title`,`entryid`,`isbn`,`type`) VALUES('Spandex by pressurized Dog','2293','9483840193150','j');
INSERT INTO `genre_book`(`genre`, `entryid`) VALUES ('Science','2293');
INSERT INTO `author`(`name`,`birthyear`,`deathyear`) VALUES('Luella Thierman','1901','1981');
INSERT INTO `author_book`(`author`, `entryid`) VALUES ('Luella Thierman','2293');
INSERT INTO `publisher`(`name`) VALUES ('Dingson Publishers.');
INSERT INTO `publisher_book`(`publisher`, `entryid`) VALUES ('Dingson Publishers.','2293');
INSERT INTO `entry`(`entryid`,`type`) VALUES('2294','b');
INSERT INTO `book`(`title`,`entryid`,`isbn`,`type`) VALUES('Gorilla to the pantomimic Believe','2294','9341873542883','j');
INSERT INTO `genre_book`(`genre`, `entryid`) VALUES ('Science','2294');
INSERT INTO `author_book`(`author`, `entryid`) VALUES ('Selma Stilgenbauer','2294');
INSERT INTO `publisher`(`name`) VALUES ('Excell Inc.');
INSERT INTO `publisher_book`(`publisher`, `entryid`) VALUES ('Excell Inc.','2294');
INSERT INTO `entry`(`entryid`,`type`) VALUES('2295','b');
INSERT INTO `book`(`title`,`entryid`,`isbn`,`type`) VALUES('Health with protected Freeze','2295','0774396396488','j');
INSERT INTO `genre_book`(`genre`, `entryid`) VALUES ('Romance','2295');
INSERT INTO `author`(`name`,`birthyear`,`deathyear`) VALUES('Aurelio Barbarino','1903','1958');
INSERT INTO `author_book`(`author`, `entryid`) VALUES ('Aurelio Barbarino','2295');
INSERT INTO `publisher`(`name`) VALUES ('Bumby Inc.');
INSERT INTO `publisher_book`(`publisher`, `entryid`) VALUES ('Bumby Inc.','2295');
INSERT INTO `entry`(`entryid`,`type`) VALUES('2296','b');
INSERT INTO `book`(`title`,`entryid`,`isbn`,`type`) VALUES('Factory vs. transnational Joke','2296','9936139210815','j');
INSERT INTO `genre_book`(`genre`, `entryid`) VALUES ('Romance','2296');
INSERT INTO `author`(`name`,`birthyear`,`deathyear`) VALUES('Shirly Lampsas','1929','1989');
INSERT INTO `author_book`(`author`, `entryid`) VALUES ('Shirly Lampsas','2296');
INSERT INTO `publisher_book`(`publisher`, `entryid`) VALUES ('Carrea Inc.','2296');
INSERT INTO `entry`(`entryid`,`type`) VALUES('2297','b');
INSERT INTO `book`(`title`,`entryid`,`isbn`,`type`) VALUES('Mattock in Ship','2297','0609778471372','b');
INSERT INTO `genre_book`(`genre`, `entryid`) VALUES ('Science','2297');
INSERT INTO `author`(`name`,`birthyear`,`deathyear`) VALUES('Moses Tarrant','1970','2003');
INSERT INTO `author_book`(`author`, `entryid`) VALUES ('Moses Tarrant','2297');
INSERT INTO `publisher`(`name`) VALUES ('Rohr Cooperations.');
INSERT INTO `publisher_book`(`publisher`, `entryid`) VALUES ('Rohr Cooperations.','2297');
INSERT INTO `entry`(`entryid`,`type`) VALUES('2298','b');
INSERT INTO `book`(`title`,`entryid`,`isbn`,`type`) VALUES('Scarecrow by dynastical Potato','2298','0358406582129','j');
INSERT INTO `genre_book`(`genre`, `entryid`) VALUES ('Thriller','2298');
INSERT INTO `author`(`name`,`birthyear`,`deathyear`) VALUES('Clifton Bari','1965','1998');
INSERT INTO `author_book`(`author`, `entryid`) VALUES ('Clifton Bari','2298');
INSERT INTO `publisher`(`name`) VALUES ('Chavez Publishers.');
INSERT INTO `publisher_book`(`publisher`, `entryid`) VALUES ('Chavez Publishers.','2298');
INSERT INTO `entry`(`entryid`,`type`) VALUES('2299','b');
INSERT INTO `book`(`title`,`entryid`,`isbn`,`type`) VALUES('Revolver with Handle','2299','9665125159792','b');
INSERT INTO `genre_book`(`genre`, `entryid`) VALUES ('Science','2299');
INSERT INTO `author`(`name`,`birthyear`,`deathyear`) VALUES('Imogene Kesinger','1927','1978');
INSERT INTO `author_book`(`author`, `entryid`) VALUES ('Imogene Kesinger','2299');
INSERT INTO `publisher`(`name`) VALUES ('Culpepper Cooperations.');
INSERT INTO `publisher_book`(`publisher`, `entryid`) VALUES ('Culpepper Cooperations.','2299');
INSERT INTO `entry`(`entryid`,`type`) VALUES('2300','b');
INSERT INTO `book`(`title`,`entryid`,`isbn`,`type`) VALUES('Mattock and Turtle','2300','9026350447902','b');
INSERT INTO `genre_book`(`genre`, `entryid`) VALUES ('Education','2300');
INSERT INTO `author`(`name`,`birthyear`,`deathyear`) VALUES('Dena Schweiss','1934','2008');
INSERT INTO `author_book`(`author`, `entryid`) VALUES ('Dena Schweiss','2300');
INSERT INTO `publisher_book`(`publisher`, `entryid`) VALUES ('Grabo Cooperations.','2300');
INSERT INTO `entry`(`entryid`,`type`) VALUES('2301','b');
INSERT INTO `book`(`title`,`entryid`,`isbn`,`type`) VALUES('Moat for the pugnacious Disease','2301','0121124024779','j');
INSERT INTO `genre_book`(`genre`, `entryid`) VALUES ('Romance','2301');
INSERT INTO `author`(`name`,`birthyear`,`deathyear`) VALUES('Deb Maciolek','1967','2010');
INSERT INTO `author_book`(`author`, `entryid`) VALUES ('Deb Maciolek','2301');
INSERT INTO `publisher`(`name`) VALUES ('Bedson Inc.');
INSERT INTO `publisher_book`(`publisher`, `entryid`) VALUES ('Bedson Inc.','2301');
INSERT INTO `entry`(`entryid`,`type`) VALUES('2302','b');
INSERT INTO `book`(`title`,`entryid`,`isbn`,`type`) VALUES('Guilty and Violin','2302','9592795141906','b');
INSERT INTO `genre_book`(`genre`, `entryid`) VALUES ('Horror','2302');
INSERT INTO `author`(`name`,`birthyear`,`deathyear`) VALUES('Ross Freehling','1889','1931');
INSERT INTO `author_book`(`author`, `entryid`) VALUES ('Ross Freehling','2302');
INSERT INTO `publisher_book`(`publisher`, `entryid`) VALUES ('Statton Inc.','2302');
INSERT INTO `entry`(`entryid`,`type`) VALUES('2303','b');
INSERT INTO `book`(`title`,`entryid`,`isbn`,`type`) VALUES('Ravioli by the profaned Price','2303','0144477548023','e');
INSERT INTO `genre_book`(`genre`, `entryid`) VALUES ('Thriller','2303');
INSERT INTO `author`(`name`,`birthyear`,`deathyear`) VALUES('Brenton Ambuehl','1935','1995');
INSERT INTO `author_book`(`author`, `entryid`) VALUES ('Brenton Ambuehl','2303');
INSERT INTO `publisher`(`name`) VALUES ('Weagraff Cooperations.');
INSERT INTO `publisher_book`(`publisher`, `entryid`) VALUES ('Weagraff Cooperations.','2303');
INSERT INTO `entry`(`entryid`,`type`) VALUES('2304','b');
INSERT INTO `book`(`title`,`entryid`,`isbn`,`type`) VALUES('Tramp against omophagic Feedback','2304','9744860584139','b');
INSERT INTO `genre_book`(`genre`, `entryid`) VALUES ('Adventure','2304');
INSERT INTO `author`(`name`,`birthyear`,`deathyear`) VALUES('Carlos Brasseur','1934','1970');
INSERT INTO `author_book`(`author`, `entryid`) VALUES ('Carlos Brasseur','2304');
INSERT INTO `publisher_book`(`publisher`, `entryid`) VALUES ('Estrem Inc.','2304');
INSERT INTO `entry`(`entryid`,`type`) VALUES('2305','b');
INSERT INTO `book`(`title`,`entryid`,`isbn`,`type`) VALUES('Guarantee and the Friction','2305','0629531774735','e');
INSERT INTO `genre_book`(`genre`, `entryid`) VALUES ('Science','2305');
INSERT INTO `author`(`name`,`birthyear`,`deathyear`) VALUES('Terry Cannington','1928','1978');
INSERT INTO `author_book`(`author`, `entryid`) VALUES ('Terry Cannington','2305');
INSERT INTO `publisher`(`name`) VALUES ('Lund Inc.');
INSERT INTO `publisher_book`(`publisher`, `entryid`) VALUES ('Lund Inc.','2305');
INSERT INTO `entry`(`entryid`,`type`) VALUES('2306','b');
INSERT INTO `book`(`title`,`entryid`,`isbn`,`type`) VALUES('Wolf by Appliance','2306','0138285272133','b');
INSERT INTO `genre_book`(`genre`, `entryid`) VALUES ('Sci-Fi','2306');
INSERT INTO `author_book`(`author`, `entryid`) VALUES ('Dena Schweiss','2306');
INSERT INTO `publisher_book`(`publisher`, `entryid`) VALUES ('Raetz Publishers.','2306');
INSERT INTO `entry`(`entryid`,`type`) VALUES('2307','b');
INSERT INTO `book`(`title`,`entryid`,`isbn`,`type`) VALUES('Feast of the Chime','2307','9753423126814','e');
INSERT INTO `genre_book`(`genre`, `entryid`) VALUES ('Horror','2307');
INSERT INTO `author`(`name`,`birthyear`,`deathyear`) VALUES('Demetria Poetter','1940','2014');
INSERT INTO `author_book`(`author`, `entryid`) VALUES ('Demetria Poetter','2307');
INSERT INTO `publisher_book`(`publisher`, `entryid`) VALUES ('Graffney Inc.','2307');
INSERT INTO `entry`(`entryid`,`type`) VALUES('2308','b');
INSERT INTO `book`(`title`,`entryid`,`isbn`,`type`) VALUES('Smile to Jasmine','2308','0891934488004','j');
INSERT INTO `genre_book`(`genre`, `entryid`) VALUES ('Thriller','2308');
INSERT INTO `author_book`(`author`, `entryid`) VALUES ('Juan Schieber','2308');
INSERT INTO `publisher`(`name`) VALUES ('Mominee Inc.');
INSERT INTO `publisher_book`(`publisher`, `entryid`) VALUES ('Mominee Inc.','2308');
INSERT INTO `entry`(`entryid`,`type`) VALUES('2309','b');
INSERT INTO `book`(`title`,`entryid`,`isbn`,`type`) VALUES('Semicircle by dorsal Fighter','2309','9750694829381','j');
INSERT INTO `genre_book`(`genre`, `entryid`) VALUES ('Thriller','2309');
INSERT INTO `author`(`name`,`birthyear`,`deathyear`) VALUES('Roseline Bucciarelli','1896','1959');
INSERT INTO `author_book`(`author`, `entryid`) VALUES ('Roseline Bucciarelli','2309');
INSERT INTO `publisher`(`name`) VALUES ('Correra Cooperations.');
INSERT INTO `publisher_book`(`publisher`, `entryid`) VALUES ('Correra Cooperations.','2309');
INSERT INTO `entry`(`entryid`,`type`) VALUES('2310','b');
INSERT INTO `book`(`title`,`entryid`,`isbn`,`type`) VALUES('Railway with Shrimp','2310','0427199007685','e');
INSERT INTO `genre_book`(`genre`, `entryid`) VALUES ('Science','2310');
INSERT INTO `author`(`name`,`birthyear`,`deathyear`) VALUES('Tony Scarpa','1928','1986');
INSERT INTO `author_book`(`author`, `entryid`) VALUES ('Tony Scarpa','2310');
INSERT INTO `publisher_book`(`publisher`, `entryid`) VALUES ('Casaceli Inc.','2310');
INSERT INTO `entry`(`entryid`,`type`) VALUES('2311','b');
INSERT INTO `book`(`title`,`entryid`,`isbn`,`type`) VALUES('Hole with unworldly Art','2311','0650678814705','e');
INSERT INTO `genre_book`(`genre`, `entryid`) VALUES ('Adventure','2311');
INSERT INTO `author`(`name`,`birthyear`,`deathyear`) VALUES('Arlyne Pizzella','1962','1999');
INSERT INTO `author_book`(`author`, `entryid`) VALUES ('Arlyne Pizzella','2311');
INSERT INTO `publisher`(`name`) VALUES ('Malovich Inc.');
INSERT INTO `publisher_book`(`publisher`, `entryid`) VALUES ('Malovich Inc.','2311');
INSERT INTO `entry`(`entryid`,`type`) VALUES('2312','b');
INSERT INTO `book`(`title`,`entryid`,`isbn`,`type`) VALUES('Plate with thespian Ophthalmologist','2312','0965465838940','e');
INSERT INTO `genre_book`(`genre`, `entryid`) VALUES ('Science','2312');
INSERT INTO `author`(`name`,`birthyear`,`deathyear`) VALUES('Rossie Anneler','1971','2008');
INSERT INTO `author_book`(`author`, `entryid`) VALUES ('Rossie Anneler','2312');
INSERT INTO `publisher`(`name`) VALUES ('Heritage Publishers.');
INSERT INTO `publisher_book`(`publisher`, `entryid`) VALUES ('Heritage Publishers.','2312');
INSERT INTO `entry`(`entryid`,`type`) VALUES('2313','b');
INSERT INTO `book`(`title`,`entryid`,`isbn`,`type`) VALUES('Retailer in venerable Smoke','2313','0372038789000','j');
INSERT INTO `genre_book`(`genre`, `entryid`) VALUES ('Romance','2313');
INSERT INTO `author`(`name`,`birthyear`,`deathyear`) VALUES('Joe Zuziak','1919','1961');
INSERT INTO `author_book`(`author`, `entryid`) VALUES ('Joe Zuziak','2313');
INSERT INTO `publisher`(`name`) VALUES ('Callam Inc.');
INSERT INTO `publisher_book`(`publisher`, `entryid`) VALUES ('Callam Inc.','2313');
INSERT INTO `entry`(`entryid`,`type`) VALUES('2314','b');
INSERT INTO `book`(`title`,`entryid`,`isbn`,`type`) VALUES('Egg by alcyonarian Zoo','2314','0472468973890','e');
INSERT INTO `genre_book`(`genre`, `entryid`) VALUES ('Romance','2314');
INSERT INTO `author`(`name`,`birthyear`,`deathyear`) VALUES('Golda Szopinski','1951','1978');
INSERT INTO `author_book`(`author`, `entryid`) VALUES ('Golda Szopinski','2314');
INSERT INTO `publisher`(`name`) VALUES ('Haith Inc.');
INSERT INTO `publisher_book`(`publisher`, `entryid`) VALUES ('Haith Inc.','2314');
INSERT INTO `entry`(`entryid`,`type`) VALUES('2315','b');
INSERT INTO `book`(`title`,`entryid`,`isbn`,`type`) VALUES('Nerve with Kilogram','2315','9008468625579','e');
INSERT INTO `genre_book`(`genre`, `entryid`) VALUES ('Education','2315');
INSERT INTO `author`(`name`,`birthyear`,`deathyear`) VALUES('Oliver Lamunyon','1908','1971');
INSERT INTO `author_book`(`author`, `entryid`) VALUES ('Oliver Lamunyon','2315');
INSERT INTO `publisher`(`name`) VALUES ('Diruzzo Publishers.');
INSERT INTO `publisher_book`(`publisher`, `entryid`) VALUES ('Diruzzo Publishers.','2315');
INSERT INTO `entry`(`entryid`,`type`) VALUES('2316','b');
INSERT INTO `book`(`title`,`entryid`,`isbn`,`type`) VALUES('Sidecar for Mechanic','2316','9000794610123','e');
INSERT INTO `genre_book`(`genre`, `entryid`) VALUES ('Horror','2316');
INSERT INTO `author`(`name`,`birthyear`,`deathyear`) VALUES('Eduardo Wagenheim','1937','1998');
INSERT INTO `author_book`(`author`, `entryid`) VALUES ('Eduardo Wagenheim','2316');
INSERT INTO `publisher_book`(`publisher`, `entryid`) VALUES ('Maury Publishers.','2316');
INSERT INTO `entry`(`entryid`,`type`) VALUES('2317','b');
INSERT INTO `book`(`title`,`entryid`,`isbn`,`type`) VALUES('Idea for Zipper','2317','0112460973824','e');
INSERT INTO `genre_book`(`genre`, `entryid`) VALUES ('Education','2317');
INSERT INTO `author_book`(`author`, `entryid`) VALUES ('Nyla Guimaraes','2317');
INSERT INTO `publisher`(`name`) VALUES ('Caspi Inc.');
INSERT INTO `publisher_book`(`publisher`, `entryid`) VALUES ('Caspi Inc.','2317');
INSERT INTO `entry`(`entryid`,`type`) VALUES('2318','b');
INSERT INTO `book`(`title`,`entryid`,`isbn`,`type`) VALUES('Goal and Growth','2318','0509843440764','j');
INSERT INTO `genre_book`(`genre`, `entryid`) VALUES ('Sci-Fi','2318');
INSERT INTO `author_book`(`author`, `entryid`) VALUES ('Freida Zabawa','2318');
INSERT INTO `publisher`(`name`) VALUES ('Pollinger Inc.');
INSERT INTO `publisher_book`(`publisher`, `entryid`) VALUES ('Pollinger Inc.','2318');
INSERT INTO `entry`(`entryid`,`type`) VALUES('2319','b');
INSERT INTO `book`(`title`,`entryid`,`isbn`,`type`) VALUES('Tax to unshunned Aluminium','2319','0586452134716','j');
INSERT INTO `genre_book`(`genre`, `entryid`) VALUES ('Thriller','2319');
INSERT INTO `author`(`name`,`birthyear`,`deathyear`) VALUES('Kim Monsma','1908','1968');
INSERT INTO `author_book`(`author`, `entryid`) VALUES ('Kim Monsma','2319');
INSERT INTO `publisher`(`name`) VALUES ('Degaetano Publishers.');
INSERT INTO `publisher_book`(`publisher`, `entryid`) VALUES ('Degaetano Publishers.','2319');
INSERT INTO `entry`(`entryid`,`type`) VALUES('2320','b');
INSERT INTO `book`(`title`,`entryid`,`isbn`,`type`) VALUES('Book to the verbose Egypt','2320','9185827835466','e');
INSERT INTO `genre_book`(`genre`, `entryid`) VALUES ('Horror','2320');
INSERT INTO `author_book`(`author`, `entryid`) VALUES ('Annabel Wedderburn','2320');
INSERT INTO `publisher_book`(`publisher`, `entryid`) VALUES ('Luangamath Inc.','2320');
INSERT INTO `entry`(`entryid`,`type`) VALUES('2321','b');
INSERT INTO `book`(`title`,`entryid`,`isbn`,`type`) VALUES('Wallaby because of double-dyed Comic','2321','0619934841845','j');
INSERT INTO `genre_book`(`genre`, `entryid`) VALUES ('Adventure','2321');
INSERT INTO `author`(`name`,`birthyear`,`deathyear`) VALUES('Morgan Lichota','1938','1984');
INSERT INTO `author_book`(`author`, `entryid`) VALUES ('Morgan Lichota','2321');
INSERT INTO `publisher_book`(`publisher`, `entryid`) VALUES ('Davalos Inc.','2321');
INSERT INTO `entry`(`entryid`,`type`) VALUES('2322','b');
INSERT INTO `book`(`title`,`entryid`,`isbn`,`type`) VALUES('Snowman against the isodynamic Blade','2322','9880079994738','j');
INSERT INTO `genre_book`(`genre`, `entryid`) VALUES ('Education','2322');
INSERT INTO `author`(`name`,`birthyear`,`deathyear`) VALUES('Marilu Ayars','1912','2000');
INSERT INTO `author_book`(`author`, `entryid`) VALUES ('Marilu Ayars','2322');
INSERT INTO `publisher`(`name`) VALUES ('Ebrahimi Cooperations.');
INSERT INTO `publisher_book`(`publisher`, `entryid`) VALUES ('Ebrahimi Cooperations.','2322');
INSERT INTO `entry`(`entryid`,`type`) VALUES('2323','b');
INSERT INTO `book`(`title`,`entryid`,`isbn`,`type`) VALUES('Timbale vs. Pantyhose','2323','9252989392468','b');
INSERT INTO `genre_book`(`genre`, `entryid`) VALUES ('Romance','2323');
INSERT INTO `author`(`name`,`birthyear`,`deathyear`) VALUES('Petra Pageau','1924','1995');
INSERT INTO `author_book`(`author`, `entryid`) VALUES ('Petra Pageau','2323');
INSERT INTO `publisher_book`(`publisher`, `entryid`) VALUES ('Neuman Cooperations.','2323');
INSERT INTO `entry`(`entryid`,`type`) VALUES('2324','b');
INSERT INTO `book`(`title`,`entryid`,`isbn`,`type`) VALUES('Sofa by Peru','2324','9261343294788','e');
INSERT INTO `genre_book`(`genre`, `entryid`) VALUES ('Romance','2324');
INSERT INTO `author`(`name`,`birthyear`,`deathyear`) VALUES('Emely Aldape','1914','2011');
INSERT INTO `author_book`(`author`, `entryid`) VALUES ('Emely Aldape','2324');
INSERT INTO `publisher_book`(`publisher`, `entryid`) VALUES ('Coltman Inc.','2324');
INSERT INTO `entry`(`entryid`,`type`) VALUES('2325','b');
INSERT INTO `book`(`title`,`entryid`,`isbn`,`type`) VALUES('Kiss of the cryptic Control','2325','0183686000456','j');
INSERT INTO `genre_book`(`genre`, `entryid`) VALUES ('Science','2325');
INSERT INTO `author`(`name`,`birthyear`,`deathyear`) VALUES('Thora Walbert','1909','1935');
INSERT INTO `author_book`(`author`, `entryid`) VALUES ('Thora Walbert','2325');
INSERT INTO `publisher_book`(`publisher`, `entryid`) VALUES ('Raetz Publishers.','2325');
INSERT INTO `entry`(`entryid`,`type`) VALUES('2326','b');
INSERT INTO `book`(`title`,`entryid`,`isbn`,`type`) VALUES('Chicory with Step-aunt','2326','0444141091216','b');
INSERT INTO `genre_book`(`genre`, `entryid`) VALUES ('Education','2326');
INSERT INTO `author_book`(`author`, `entryid`) VALUES ('Mac Southall','2326');
INSERT INTO `publisher_book`(`publisher`, `entryid`) VALUES ('Birr Publishers.','2326');
INSERT INTO `entry`(`entryid`,`type`) VALUES('2327','b');
INSERT INTO `book`(`title`,`entryid`,`isbn`,`type`) VALUES('Love and Bankbook','2327','9221637004440','e');
INSERT INTO `genre_book`(`genre`, `entryid`) VALUES ('Romance','2327');
INSERT INTO `author`(`name`,`birthyear`,`deathyear`) VALUES('Jacqueline Donel','1921','1942');
INSERT INTO `author_book`(`author`, `entryid`) VALUES ('Jacqueline Donel','2327');
INSERT INTO `publisher`(`name`) VALUES ('Hrdlicka Inc.');
INSERT INTO `publisher_book`(`publisher`, `entryid`) VALUES ('Hrdlicka Inc.','2327');
INSERT INTO `entry`(`entryid`,`type`) VALUES('2328','b');
INSERT INTO `book`(`title`,`entryid`,`isbn`,`type`) VALUES('Authorisation to the tearier Share','2328','9400823662049','j');
INSERT INTO `genre_book`(`genre`, `entryid`) VALUES ('Romance','2328');
INSERT INTO `author`(`name`,`birthyear`,`deathyear`) VALUES('Izola Tramonte','1939','1963');
INSERT INTO `author_book`(`author`, `entryid`) VALUES ('Izola Tramonte','2328');
INSERT INTO `publisher_book`(`publisher`, `entryid`) VALUES ('Weymouth Inc.','2328');
INSERT INTO `entry`(`entryid`,`type`) VALUES('2329','b');
INSERT INTO `book`(`title`,`entryid`,`isbn`,`type`) VALUES('Tin for computative Kangaroo','2329','0391188180216','j');
INSERT INTO `genre_book`(`genre`, `entryid`) VALUES ('Sci-Fi','2329');
INSERT INTO `author`(`name`,`birthyear`,`deathyear`) VALUES('Wes Mckennzie','1894','1969');
INSERT INTO `author_book`(`author`, `entryid`) VALUES ('Wes Mckennzie','2329');
INSERT INTO `publisher`(`name`) VALUES ('Orlosky Inc.');
INSERT INTO `publisher_book`(`publisher`, `entryid`) VALUES ('Orlosky Inc.','2329');
INSERT INTO `entry`(`entryid`,`type`) VALUES('2330','b');
INSERT INTO `book`(`title`,`entryid`,`isbn`,`type`) VALUES('River in rational Litter','2330','0582361214642','b');
INSERT INTO `genre_book`(`genre`, `entryid`) VALUES ('Adventure','2330');
INSERT INTO `author`(`name`,`birthyear`,`deathyear`) VALUES('Yuri Mercado','1972','2041');
INSERT INTO `author_book`(`author`, `entryid`) VALUES ('Yuri Mercado','2330');
INSERT INTO `publisher`(`name`) VALUES ('Laraby Publishers.');
INSERT INTO `publisher_book`(`publisher`, `entryid`) VALUES ('Laraby Publishers.','2330');
INSERT INTO `entry`(`entryid`,`type`) VALUES('2331','b');
INSERT INTO `book`(`title`,`entryid`,`isbn`,`type`) VALUES('Rod against the unmechanical Feedback','2331','0454839317340','e');
INSERT INTO `genre_book`(`genre`, `entryid`) VALUES ('Sci-Fi','2331');
INSERT INTO `author`(`name`,`birthyear`,`deathyear`) VALUES('Nila Wunderly','1978','2001');
INSERT INTO `author_book`(`author`, `entryid`) VALUES ('Nila Wunderly','2331');
INSERT INTO `publisher`(`name`) VALUES ('Plover Cooperations.');
INSERT INTO `publisher_book`(`publisher`, `entryid`) VALUES ('Plover Cooperations.','2331');
INSERT INTO `entry`(`entryid`,`type`) VALUES('2332','b');
INSERT INTO `book`(`title`,`entryid`,`isbn`,`type`) VALUES('Yarn in the creeping Hose','2332','9824162692114','j');
INSERT INTO `genre_book`(`genre`, `entryid`) VALUES ('Adventure','2332');
INSERT INTO `author`(`name`,`birthyear`,`deathyear`) VALUES('Christine Pedroza','1969','2024');
INSERT INTO `author_book`(`author`, `entryid`) VALUES ('Christine Pedroza','2332');
INSERT INTO `publisher_book`(`publisher`, `entryid`) VALUES ('Piccinini Publishers.','2332');
INSERT INTO `entry`(`entryid`,`type`) VALUES('2333','b');
INSERT INTO `book`(`title`,`entryid`,`isbn`,`type`) VALUES('Owl by synchronized Green','2333','0918484591217','j');
INSERT INTO `genre_book`(`genre`, `entryid`) VALUES ('Sci-Fi','2333');
INSERT INTO `author`(`name`,`birthyear`,`deathyear`) VALUES('Wilhelmina Dirusso','1908','1963');
INSERT INTO `author_book`(`author`, `entryid`) VALUES ('Wilhelmina Dirusso','2333');
INSERT INTO `publisher_book`(`publisher`, `entryid`) VALUES ('Brassard Inc.','2333');
INSERT INTO `entry`(`entryid`,`type`) VALUES('2334','b');
INSERT INTO `book`(`title`,`entryid`,`isbn`,`type`) VALUES('Stomach in the Kilogram','2334','0102743555688','j');
INSERT INTO `genre_book`(`genre`, `entryid`) VALUES ('Adventure','2334');
INSERT INTO `author`(`name`,`birthyear`,`deathyear`) VALUES('Kathe Millard','1898','1996');
INSERT INTO `author_book`(`author`, `entryid`) VALUES ('Kathe Millard','2334');
INSERT INTO `publisher`(`name`) VALUES ('Lundblad Inc.');
INSERT INTO `publisher_book`(`publisher`, `entryid`) VALUES ('Lundblad Inc.','2334');
INSERT INTO `entry`(`entryid`,`type`) VALUES('2335','b');
INSERT INTO `book`(`title`,`entryid`,`isbn`,`type`) VALUES('Ceramic against talky Patio','2335','9000852150203','j');
INSERT INTO `genre_book`(`genre`, `entryid`) VALUES ('Education','2335');
INSERT INTO `author`(`name`,`birthyear`,`deathyear`) VALUES('Lorelei Basbas','1978','2069');
INSERT INTO `author_book`(`author`, `entryid`) VALUES ('Lorelei Basbas','2335');
INSERT INTO `publisher_book`(`publisher`, `entryid`) VALUES ('Golladay Publishers.','2335');
INSERT INTO `entry`(`entryid`,`type`) VALUES('2336','b');
INSERT INTO `book`(`title`,`entryid`,`isbn`,`type`) VALUES('America with Millennium','2336','0300777077203','j');
INSERT INTO `genre_book`(`genre`, `entryid`) VALUES ('Sci-Fi','2336');
INSERT INTO `author`(`name`,`birthyear`,`deathyear`) VALUES('Jolynn Schroot','1973','2073');
INSERT INTO `author_book`(`author`, `entryid`) VALUES ('Jolynn Schroot','2336');
INSERT INTO `publisher`(`name`) VALUES ('Hoaglund Cooperations.');
INSERT INTO `publisher_book`(`publisher`, `entryid`) VALUES ('Hoaglund Cooperations.','2336');
INSERT INTO `entry`(`entryid`,`type`) VALUES('2337','b');
INSERT INTO `book`(`title`,`entryid`,`isbn`,`type`) VALUES('Silver of the Milkshake','2337','0787789249039','b');
INSERT INTO `genre_book`(`genre`, `entryid`) VALUES ('Adventure','2337');
INSERT INTO `author`(`name`,`birthyear`,`deathyear`) VALUES('Raguel Darmody','1887','1963');
INSERT INTO `author_book`(`author`, `entryid`) VALUES ('Raguel Darmody','2337');
INSERT INTO `publisher_book`(`publisher`, `entryid`) VALUES ('Durousseau Inc.','2337');
INSERT INTO `entry`(`entryid`,`type`) VALUES('2338','b');
INSERT INTO `book`(`title`,`entryid`,`isbn`,`type`) VALUES('Saturday against the ninefold Design','2338','0523525606910','j');
INSERT INTO `genre_book`(`genre`, `entryid`) VALUES ('Romance','2338');
INSERT INTO `author`(`name`,`birthyear`,`deathyear`) VALUES('Jodee Kluender','1927','1996');
INSERT INTO `author_book`(`author`, `entryid`) VALUES ('Jodee Kluender','2338');
INSERT INTO `publisher_book`(`publisher`, `entryid`) VALUES ('Laraby Publishers.','2338');
INSERT INTO `entry`(`entryid`,`type`) VALUES('2339','b');
INSERT INTO `book`(`title`,`entryid`,`isbn`,`type`) VALUES('Bus and the monogamic Pastry','2339','0302022428265','b');
INSERT INTO `genre_book`(`genre`, `entryid`) VALUES ('Sci-Fi','2339');
INSERT INTO `author`(`name`,`birthyear`,`deathyear`) VALUES('Madeline Furby','1941','2023');
INSERT INTO `author_book`(`author`, `entryid`) VALUES ('Madeline Furby','2339');
INSERT INTO `publisher`(`name`) VALUES ('Dewolff Cooperations.');
INSERT INTO `publisher_book`(`publisher`, `entryid`) VALUES ('Dewolff Cooperations.','2339');
INSERT INTO `entry`(`entryid`,`type`) VALUES('2340','b');
INSERT INTO `book`(`title`,`entryid`,`isbn`,`type`) VALUES('Driver with Smell','2340','9246848374743','j');
INSERT INTO `genre_book`(`genre`, `entryid`) VALUES ('Horror','2340');
INSERT INTO `author_book`(`author`, `entryid`) VALUES ('Jessi Ny','2340');
INSERT INTO `publisher_book`(`publisher`, `entryid`) VALUES ('Gerondale Inc.','2340');
INSERT INTO `entry`(`entryid`,`type`) VALUES('2341','b');
INSERT INTO `book`(`title`,`entryid`,`isbn`,`type`) VALUES('Chance of Porcupine','2341','9717313047687','e');
INSERT INTO `genre_book`(`genre`, `entryid`) VALUES ('Romance','2341');
INSERT INTO `author`(`name`,`birthyear`,`deathyear`) VALUES('Angel Ashkettle','1930','1994');
INSERT INTO `author_book`(`author`, `entryid`) VALUES ('Angel Ashkettle','2341');
INSERT INTO `publisher_book`(`publisher`, `entryid`) VALUES ('Coltman Inc.','2341');
INSERT INTO `entry`(`entryid`,`type`) VALUES('2342','b');
INSERT INTO `book`(`title`,`entryid`,`isbn`,`type`) VALUES('Corn by the elderly Physician','2342','0949942831109','b');
INSERT INTO `genre_book`(`genre`, `entryid`) VALUES ('Adventure','2342');
INSERT INTO `author`(`name`,`birthyear`,`deathyear`) VALUES('Alton Lewand','1900','1933');
INSERT INTO `author_book`(`author`, `entryid`) VALUES ('Alton Lewand','2342');
INSERT INTO `publisher`(`name`) VALUES ('Aleman Inc.');
INSERT INTO `publisher_book`(`publisher`, `entryid`) VALUES ('Aleman Inc.','2342');
INSERT INTO `entry`(`entryid`,`type`) VALUES('2343','b');
INSERT INTO `book`(`title`,`entryid`,`isbn`,`type`) VALUES('Punishment of the Daisy','2343','9084910132349','e');
INSERT INTO `genre_book`(`genre`, `entryid`) VALUES ('Education','2343');
INSERT INTO `author_book`(`author`, `entryid`) VALUES ('Johana Maag','2343');
INSERT INTO `publisher_book`(`publisher`, `entryid`) VALUES ('Mcbee Cooperations.','2343');
INSERT INTO `entry`(`entryid`,`type`) VALUES('2344','b');
INSERT INTO `book`(`title`,`entryid`,`isbn`,`type`) VALUES('Jeff with Warm','2344','0236485477508','b');
INSERT INTO `genre_book`(`genre`, `entryid`) VALUES ('Horror','2344');
INSERT INTO `author`(`name`,`birthyear`,`deathyear`) VALUES('Vance Muran','1946','2006');
INSERT INTO `author_book`(`author`, `entryid`) VALUES ('Vance Muran','2344');
INSERT INTO `publisher`(`name`) VALUES ('Lanagan Inc.');
INSERT INTO `publisher_book`(`publisher`, `entryid`) VALUES ('Lanagan Inc.','2344');
INSERT INTO `entry`(`entryid`,`type`) VALUES('2345','b');
INSERT INTO `book`(`title`,`entryid`,`isbn`,`type`) VALUES('Precipitation in Prison','2345','9605015637742','b');
INSERT INTO `genre_book`(`genre`, `entryid`) VALUES ('Sci-Fi','2345');
INSERT INTO `author_book`(`author`, `entryid`) VALUES ('Mickey Lutts','2345');
INSERT INTO `publisher`(`name`) VALUES ('Wood Inc.');
INSERT INTO `publisher_book`(`publisher`, `entryid`) VALUES ('Wood Inc.','2345');
INSERT INTO `entry`(`entryid`,`type`) VALUES('2346','b');
INSERT INTO `book`(`title`,`entryid`,`isbn`,`type`) VALUES('Afterthought by the typical Promotion','2346','9111650118568','b');
INSERT INTO `genre_book`(`genre`, `entryid`) VALUES ('Horror','2346');
INSERT INTO `author`(`name`,`birthyear`,`deathyear`) VALUES('Alla Pregeant','1915','1942');
INSERT INTO `author_book`(`author`, `entryid`) VALUES ('Alla Pregeant','2346');
INSERT INTO `publisher_book`(`publisher`, `entryid`) VALUES ('Cotner Cooperations.','2346');
INSERT INTO `entry`(`entryid`,`type`) VALUES('2347','b');
INSERT INTO `book`(`title`,`entryid`,`isbn`,`type`) VALUES('Stove of the jocund Island','2347','9744328552971','j');
INSERT INTO `genre_book`(`genre`, `entryid`) VALUES ('Education','2347');
INSERT INTO `author`(`name`,`birthyear`,`deathyear`) VALUES('Colby Telega','1899','1938');
INSERT INTO `author_book`(`author`, `entryid`) VALUES ('Colby Telega','2347');
INSERT INTO `publisher`(`name`) VALUES ('Yasso Cooperations.');
INSERT INTO `publisher_book`(`publisher`, `entryid`) VALUES ('Yasso Cooperations.','2347');
INSERT INTO `entry`(`entryid`,`type`) VALUES('2348','b');
INSERT INTO `book`(`title`,`entryid`,`isbn`,`type`) VALUES('Flesh of the Table','2348','9551865355932','e');
INSERT INTO `genre_book`(`genre`, `entryid`) VALUES ('Education','2348');
INSERT INTO `author_book`(`author`, `entryid`) VALUES ('Loura Savelli','2348');
INSERT INTO `publisher`(`name`) VALUES ('Moraitis Inc.');
INSERT INTO `publisher_book`(`publisher`, `entryid`) VALUES ('Moraitis Inc.','2348');
INSERT INTO `entry`(`entryid`,`type`) VALUES('2349','b');
INSERT INTO `book`(`title`,`entryid`,`isbn`,`type`) VALUES('Degree against the Apparatus','2349','9124647184153','e');
INSERT INTO `genre_book`(`genre`, `entryid`) VALUES ('Horror','2349');
INSERT INTO `author`(`name`,`birthyear`,`deathyear`) VALUES('Karoline Hersh','1911','1956');
INSERT INTO `author_book`(`author`, `entryid`) VALUES ('Karoline Hersh','2349');
INSERT INTO `publisher`(`name`) VALUES ('Kotlar Publishers.');
INSERT INTO `publisher_book`(`publisher`, `entryid`) VALUES ('Kotlar Publishers.','2349');
INSERT INTO `entry`(`entryid`,`type`) VALUES('2350','b');
INSERT INTO `book`(`title`,`entryid`,`isbn`,`type`) VALUES('Eyeliner for the waxy Event','2350','9410108442210','j');
INSERT INTO `genre_book`(`genre`, `entryid`) VALUES ('Science','2350');
INSERT INTO `author`(`name`,`birthyear`,`deathyear`) VALUES('Tawny Dunavant','1959','2056');
INSERT INTO `author_book`(`author`, `entryid`) VALUES ('Tawny Dunavant','2350');
INSERT INTO `publisher`(`name`) VALUES ('Mainolfi Cooperations.');
INSERT INTO `publisher_book`(`publisher`, `entryid`) VALUES ('Mainolfi Cooperations.','2350');
INSERT INTO `entry`(`entryid`,`type`) VALUES('2351','b');
INSERT INTO `book`(`title`,`entryid`,`isbn`,`type`) VALUES('Fiber against cucullate Jute','2351','9558975103497','j');
INSERT INTO `genre_book`(`genre`, `entryid`) VALUES ('Adventure','2351');
INSERT INTO `author_book`(`author`, `entryid`) VALUES ('Wilbert Tear','2351');
INSERT INTO `publisher_book`(`publisher`, `entryid`) VALUES ('Sala Cooperations.','2351');
INSERT INTO `entry`(`entryid`,`type`) VALUES('2352','b');
INSERT INTO `book`(`title`,`entryid`,`isbn`,`type`) VALUES('Swallow because of loved Pleasure','2352','0997355873537','b');
INSERT INTO `genre_book`(`genre`, `entryid`) VALUES ('Horror','2352');
INSERT INTO `author_book`(`author`, `entryid`) VALUES ('Valrie Buckhannon','2352');
INSERT INTO `publisher_book`(`publisher`, `entryid`) VALUES ('Trickel Inc.','2352');
INSERT INTO `entry`(`entryid`,`type`) VALUES('2353','b');
INSERT INTO `book`(`title`,`entryid`,`isbn`,`type`) VALUES('Biplane for the Scraper','2353','0552717278322','e');
INSERT INTO `genre_book`(`genre`, `entryid`) VALUES ('Adventure','2353');
INSERT INTO `author`(`name`,`birthyear`,`deathyear`) VALUES('Vernita Jensrud','1914','1980');
INSERT INTO `author_book`(`author`, `entryid`) VALUES ('Vernita Jensrud','2353');
INSERT INTO `publisher`(`name`) VALUES ('Hodgeman Inc.');
INSERT INTO `publisher_book`(`publisher`, `entryid`) VALUES ('Hodgeman Inc.','2353');
INSERT INTO `entry`(`entryid`,`type`) VALUES('2354','b');
INSERT INTO `book`(`title`,`entryid`,`isbn`,`type`) VALUES('November for the Paste','2354','9360319222387','e');
INSERT INTO `genre_book`(`genre`, `entryid`) VALUES ('Science','2354');
INSERT INTO `author`(`name`,`birthyear`,`deathyear`) VALUES('Gertie Fritzman','1894','1919');
INSERT INTO `author_book`(`author`, `entryid`) VALUES ('Gertie Fritzman','2354');
INSERT INTO `publisher_book`(`publisher`, `entryid`) VALUES ('Haith Inc.','2354');
INSERT INTO `entry`(`entryid`,`type`) VALUES('2355','b');
INSERT INTO `book`(`title`,`entryid`,`isbn`,`type`) VALUES('Processing because of Stopwatch','2355','0938770244332','j');
INSERT INTO `genre_book`(`genre`, `entryid`) VALUES ('Sci-Fi','2355');
INSERT INTO `author_book`(`author`, `entryid`) VALUES ('Keshia Amargo','2355');
INSERT INTO `publisher_book`(`publisher`, `entryid`) VALUES ('Draffin Publishers.','2355');
INSERT INTO `entry`(`entryid`,`type`) VALUES('2356','b');
INSERT INTO `book`(`title`,`entryid`,`isbn`,`type`) VALUES('Moon with the duskier North america','2356','0104954773114','j');
INSERT INTO `genre_book`(`genre`, `entryid`) VALUES ('Education','2356');
INSERT INTO `author`(`name`,`birthyear`,`deathyear`) VALUES('Margarita Bloem','1897','1927');
INSERT INTO `author_book`(`author`, `entryid`) VALUES ('Margarita Bloem','2356');
INSERT INTO `publisher_book`(`publisher`, `entryid`) VALUES ('Welty Inc.','2356');
INSERT INTO `entry`(`entryid`,`type`) VALUES('2357','b');
INSERT INTO `book`(`title`,`entryid`,`isbn`,`type`) VALUES('Brown by the circumflex Raft','2357','9099830488015','e');
INSERT INTO `genre_book`(`genre`, `entryid`) VALUES ('Science','2357');
INSERT INTO `author`(`name`,`birthyear`,`deathyear`) VALUES('Raleigh Skogstad','1938','2022');
INSERT INTO `author_book`(`author`, `entryid`) VALUES ('Raleigh Skogstad','2357');
INSERT INTO `publisher`(`name`) VALUES ('Rochford Cooperations.');
INSERT INTO `publisher_book`(`publisher`, `entryid`) VALUES ('Rochford Cooperations.','2357');
INSERT INTO `entry`(`entryid`,`type`) VALUES('2358','b');
INSERT INTO `book`(`title`,`entryid`,`isbn`,`type`) VALUES('Beach with Ophthalmologist','2358','0322406104835','j');
INSERT INTO `genre_book`(`genre`, `entryid`) VALUES ('Horror','2358');
INSERT INTO `author`(`name`,`birthyear`,`deathyear`) VALUES('Lovie Belschner','1905','1953');
INSERT INTO `author_book`(`author`, `entryid`) VALUES ('Lovie Belschner','2358');
INSERT INTO `publisher_book`(`publisher`, `entryid`) VALUES ('Kressierer Inc.','2358');
INSERT INTO `entry`(`entryid`,`type`) VALUES('2359','b');
INSERT INTO `book`(`title`,`entryid`,`isbn`,`type`) VALUES('South korea in the naval Pedestrian','2359','0310060472597','b');
INSERT INTO `genre_book`(`genre`, `entryid`) VALUES ('Sci-Fi','2359');
INSERT INTO `author`(`name`,`birthyear`,`deathyear`) VALUES('Ines Bodle','1978','2050');
INSERT INTO `author_book`(`author`, `entryid`) VALUES ('Ines Bodle','2359');
INSERT INTO `publisher_book`(`publisher`, `entryid`) VALUES ('Slinker Cooperations.','2359');
INSERT INTO `entry`(`entryid`,`type`) VALUES('2360','b');
INSERT INTO `book`(`title`,`entryid`,`isbn`,`type`) VALUES('Rock of the Clam','2360','9786808966839','b');
INSERT INTO `genre_book`(`genre`, `entryid`) VALUES ('Romance','2360');
INSERT INTO `author`(`name`,`birthyear`,`deathyear`) VALUES('Isreal Syversen','1904','1928');
INSERT INTO `author_book`(`author`, `entryid`) VALUES ('Isreal Syversen','2360');
INSERT INTO `publisher_book`(`publisher`, `entryid`) VALUES ('Lampson Inc.','2360');
INSERT INTO `entry`(`entryid`,`type`) VALUES('2361','b');
INSERT INTO `book`(`title`,`entryid`,`isbn`,`type`) VALUES('Statistic in orphaned Food','2361','0956922242040','e');
INSERT INTO `genre_book`(`genre`, `entryid`) VALUES ('Education','2361');
INSERT INTO `author`(`name`,`birthyear`,`deathyear`) VALUES('Laurinda Overmann','1946','2008');
INSERT INTO `author_book`(`author`, `entryid`) VALUES ('Laurinda Overmann','2361');
INSERT INTO `publisher`(`name`) VALUES ('Fattig Inc.');
INSERT INTO `publisher_book`(`publisher`, `entryid`) VALUES ('Fattig Inc.','2361');
INSERT INTO `entry`(`entryid`,`type`) VALUES('2362','b');
INSERT INTO `book`(`title`,`entryid`,`isbn`,`type`) VALUES('Stick to Barber','2362','9903178179632','j');
INSERT INTO `genre_book`(`genre`, `entryid`) VALUES ('Sci-Fi','2362');
INSERT INTO `author`(`name`,`birthyear`,`deathyear`) VALUES('Darwin Mcgiveron','1980','2029');
INSERT INTO `author_book`(`author`, `entryid`) VALUES ('Darwin Mcgiveron','2362');
INSERT INTO `publisher_book`(`publisher`, `entryid`) VALUES ('Draffin Publishers.','2362');
INSERT INTO `entry`(`entryid`,`type`) VALUES('2363','b');
INSERT INTO `book`(`title`,`entryid`,`isbn`,`type`) VALUES('America to the undiagnosed South africa','2363','9020496585917','e');
INSERT INTO `genre_book`(`genre`, `entryid`) VALUES ('Science','2363');
INSERT INTO `author`(`name`,`birthyear`,`deathyear`) VALUES('Meda Kuman','1949','1970');
INSERT INTO `author_book`(`author`, `entryid`) VALUES ('Meda Kuman','2363');
INSERT INTO `publisher_book`(`publisher`, `entryid`) VALUES ('Rodrick Cooperations.','2363');
INSERT INTO `entry`(`entryid`,`type`) VALUES('2364','b');
INSERT INTO `book`(`title`,`entryid`,`isbn`,`type`) VALUES('Class with the Teeth','2364','0527491906537','e');
INSERT INTO `genre_book`(`genre`, `entryid`) VALUES ('Education','2364');
INSERT INTO `author`(`name`,`birthyear`,`deathyear`) VALUES('Rhea Hardey','1963','2034');
INSERT INTO `author_book`(`author`, `entryid`) VALUES ('Rhea Hardey','2364');
INSERT INTO `publisher_book`(`publisher`, `entryid`) VALUES ('Moraitis Inc.','2364');
INSERT INTO `entry`(`entryid`,`type`) VALUES('2365','b');
INSERT INTO `book`(`title`,`entryid`,`isbn`,`type`) VALUES('Credit with the conceded Ex-husband','2365','0208642493086','b');
INSERT INTO `genre_book`(`genre`, `entryid`) VALUES ('Adventure','2365');
INSERT INTO `author`(`name`,`birthyear`,`deathyear`) VALUES('Jeannette Giard','1930','1975');
INSERT INTO `author_book`(`author`, `entryid`) VALUES ('Jeannette Giard','2365');
INSERT INTO `publisher_book`(`publisher`, `entryid`) VALUES ('Casaceli Inc.','2365');
INSERT INTO `entry`(`entryid`,`type`) VALUES('2366','b');
INSERT INTO `book`(`title`,`entryid`,`isbn`,`type`) VALUES('Grey of snooty South korea','2366','9985496853219','j');
INSERT INTO `genre_book`(`genre`, `entryid`) VALUES ('Horror','2366');
INSERT INTO `author`(`name`,`birthyear`,`deathyear`) VALUES('Marylou Reisinger','1924','2015');
INSERT INTO `author_book`(`author`, `entryid`) VALUES ('Marylou Reisinger','2366');
INSERT INTO `publisher_book`(`publisher`, `entryid`) VALUES ('Excell Inc.','2366');
INSERT INTO `entry`(`entryid`,`type`) VALUES('2367','b');
INSERT INTO `book`(`title`,`entryid`,`isbn`,`type`) VALUES('Entrance and the Viola','2367','9163838315852','j');
INSERT INTO `genre_book`(`genre`, `entryid`) VALUES ('Adventure','2367');
INSERT INTO `author`(`name`,`birthyear`,`deathyear`) VALUES('Tawana Yearta','1904','1970');
INSERT INTO `author_book`(`author`, `entryid`) VALUES ('Tawana Yearta','2367');
INSERT INTO `publisher_book`(`publisher`, `entryid`) VALUES ('Withfield Inc.','2367');
INSERT INTO `entry`(`entryid`,`type`) VALUES('2368','b');
INSERT INTO `book`(`title`,`entryid`,`isbn`,`type`) VALUES('Way for Canvas','2368','9337773927518','b');
INSERT INTO `genre_book`(`genre`, `entryid`) VALUES ('Romance','2368');
INSERT INTO `author`(`name`,`birthyear`,`deathyear`) VALUES('Petrina Lommel','1891','1938');
INSERT INTO `author_book`(`author`, `entryid`) VALUES ('Petrina Lommel','2368');
INSERT INTO `publisher_book`(`publisher`, `entryid`) VALUES ('Ezelle Publishers.','2368');
INSERT INTO `entry`(`entryid`,`type`) VALUES('2369','b');
INSERT INTO `book`(`title`,`entryid`,`isbn`,`type`) VALUES('Disadvantage of Bathroom','2369','0905758969361','j');
INSERT INTO `genre_book`(`genre`, `entryid`) VALUES ('Adventure','2369');
INSERT INTO `author_book`(`author`, `entryid`) VALUES ('Maryjane Barrera','2369');
INSERT INTO `publisher_book`(`publisher`, `entryid`) VALUES ('Yasso Cooperations.','2369');
INSERT INTO `entry`(`entryid`,`type`) VALUES('2370','b');
INSERT INTO `book`(`title`,`entryid`,`isbn`,`type`) VALUES('Theory for the Sentence','2370','0760229856646','e');
INSERT INTO `genre_book`(`genre`, `entryid`) VALUES ('Romance','2370');
INSERT INTO `author_book`(`author`, `entryid`) VALUES ('Gene Decarvalho','2370');
INSERT INTO `publisher_book`(`publisher`, `entryid`) VALUES ('Murdaugh Cooperations.','2370');
INSERT INTO `entry`(`entryid`,`type`) VALUES('2371','b');
INSERT INTO `book`(`title`,`entryid`,`isbn`,`type`) VALUES('Title vs. Thought','2371','9133406918908','b');
INSERT INTO `genre_book`(`genre`, `entryid`) VALUES ('Sci-Fi','2371');
INSERT INTO `author`(`name`,`birthyear`,`deathyear`) VALUES('Willian Levene','1973','2013');
INSERT INTO `author_book`(`author`, `entryid`) VALUES ('Willian Levene','2371');
INSERT INTO `publisher_book`(`publisher`, `entryid`) VALUES ('Plover Cooperations.','2371');
INSERT INTO `entry`(`entryid`,`type`) VALUES('2372','b');
INSERT INTO `book`(`title`,`entryid`,`isbn`,`type`) VALUES('Wall because of annulated Millimeter','2372','9096263467937','j');
INSERT INTO `genre_book`(`genre`, `entryid`) VALUES ('Education','2372');
INSERT INTO `author`(`name`,`birthyear`,`deathyear`) VALUES('Kalyn Netter','1960','2008');
INSERT INTO `author_book`(`author`, `entryid`) VALUES ('Kalyn Netter','2372');
INSERT INTO `publisher_book`(`publisher`, `entryid`) VALUES ('Chavez Publishers.','2372');
INSERT INTO `entry`(`entryid`,`type`) VALUES('2373','b');
INSERT INTO `book`(`title`,`entryid`,`isbn`,`type`) VALUES('Thunderstorm in concatenate Lamp','2373','9036441914756','j');
INSERT INTO `genre_book`(`genre`, `entryid`) VALUES ('Science','2373');
INSERT INTO `author`(`name`,`birthyear`,`deathyear`) VALUES('Rebekah Cohn','1949','2019');
INSERT INTO `author_book`(`author`, `entryid`) VALUES ('Rebekah Cohn','2373');
INSERT INTO `publisher`(`name`) VALUES ('Kleis Inc.');
INSERT INTO `publisher_book`(`publisher`, `entryid`) VALUES ('Kleis Inc.','2373');
INSERT INTO `entry`(`entryid`,`type`) VALUES('2374','b');
INSERT INTO `book`(`title`,`entryid`,`isbn`,`type`) VALUES('Mom to the dutiable History','2374','0205052546165','j');
INSERT INTO `genre_book`(`genre`, `entryid`) VALUES ('Romance','2374');
INSERT INTO `author`(`name`,`birthyear`,`deathyear`) VALUES('Madelaine Mcgee','1910','2004');
INSERT INTO `author_book`(`author`, `entryid`) VALUES ('Madelaine Mcgee','2374');
INSERT INTO `publisher_book`(`publisher`, `entryid`) VALUES ('Pagoda Publishers.','2374');
INSERT INTO `entry`(`entryid`,`type`) VALUES('2375','b');
INSERT INTO `book`(`title`,`entryid`,`isbn`,`type`) VALUES('Era with Dish','2375','9491859989698','j');
INSERT INTO `genre_book`(`genre`, `entryid`) VALUES ('Sci-Fi','2375');
INSERT INTO `author`(`name`,`birthyear`,`deathyear`) VALUES('Randell Wentworth','1933','1978');
INSERT INTO `author_book`(`author`, `entryid`) VALUES ('Randell Wentworth','2375');
INSERT INTO `publisher_book`(`publisher`, `entryid`) VALUES ('Karvonen Inc.','2375');
INSERT INTO `entry`(`entryid`,`type`) VALUES('2376','b');
INSERT INTO `book`(`title`,`entryid`,`isbn`,`type`) VALUES('Asterisk against the Rabbit','2376','0884817533580','e');
INSERT INTO `genre_book`(`genre`, `entryid`) VALUES ('Sci-Fi','2376');
INSERT INTO `author_book`(`author`, `entryid`) VALUES ('Mickey Lutts','2376');
INSERT INTO `publisher_book`(`publisher`, `entryid`) VALUES ('Franken Publishers.','2376');
INSERT INTO `entry`(`entryid`,`type`) VALUES('2377','b');
INSERT INTO `book`(`title`,`entryid`,`isbn`,`type`) VALUES('Lily because of spinous Week','2377','0069965062848','j');
INSERT INTO `genre_book`(`genre`, `entryid`) VALUES ('Thriller','2377');
INSERT INTO `author`(`name`,`birthyear`,`deathyear`) VALUES('Vernon Furbeck','1958','2047');
INSERT INTO `author_book`(`author`, `entryid`) VALUES ('Vernon Furbeck','2377');
INSERT INTO `publisher`(`name`) VALUES ('Koral Publishers.');
INSERT INTO `publisher_book`(`publisher`, `entryid`) VALUES ('Koral Publishers.','2377');
INSERT INTO `entry`(`entryid`,`type`) VALUES('2378','b');
INSERT INTO `book`(`title`,`entryid`,`isbn`,`type`) VALUES('Female against appressed Purple','2378','9877066577475','b');
INSERT INTO `genre_book`(`genre`, `entryid`) VALUES ('Horror','2378');
INSERT INTO `author_book`(`author`, `entryid`) VALUES ('Victorina Shannonhouse','2378');
INSERT INTO `publisher`(`name`) VALUES ('Leydecker Inc.');
INSERT INTO `publisher_book`(`publisher`, `entryid`) VALUES ('Leydecker Inc.','2378');
INSERT INTO `entry`(`entryid`,`type`) VALUES('2379','b');
INSERT INTO `book`(`title`,`entryid`,`isbn`,`type`) VALUES('Self for the Meeting','2379','9059809209574','j');
INSERT INTO `genre_book`(`genre`, `entryid`) VALUES ('Adventure','2379');
INSERT INTO `author`(`name`,`birthyear`,`deathyear`) VALUES('Lorette Huddleson','1972','2060');
INSERT INTO `author_book`(`author`, `entryid`) VALUES ('Lorette Huddleson','2379');
INSERT INTO `publisher`(`name`) VALUES ('Pery Cooperations.');
INSERT INTO `publisher_book`(`publisher`, `entryid`) VALUES ('Pery Cooperations.','2379');
INSERT INTO `entry`(`entryid`,`type`) VALUES('2380','b');
INSERT INTO `book`(`title`,`entryid`,`isbn`,`type`) VALUES('Route with the Step-brother','2380','9144868506846','j');
INSERT INTO `genre_book`(`genre`, `entryid`) VALUES ('Sci-Fi','2380');
INSERT INTO `author_book`(`author`, `entryid`) VALUES ('Ayako Lebeda','2380');
INSERT INTO `publisher`(`name`) VALUES ('Trnka Inc.');
INSERT INTO `publisher_book`(`publisher`, `entryid`) VALUES ('Trnka Inc.','2380');
INSERT INTO `entry`(`entryid`,`type`) VALUES('2381','b');
INSERT INTO `book`(`title`,`entryid`,`isbn`,`type`) VALUES('Silver vs. parturient Factory','2381','9819055055396','j');
INSERT INTO `genre_book`(`genre`, `entryid`) VALUES ('Science','2381');
INSERT INTO `author`(`name`,`birthyear`,`deathyear`) VALUES('Corrina Bellomy','1914','1980');
INSERT INTO `author_book`(`author`, `entryid`) VALUES ('Corrina Bellomy','2381');
INSERT INTO `publisher`(`name`) VALUES ('Doerflinger Inc.');
INSERT INTO `publisher_book`(`publisher`, `entryid`) VALUES ('Doerflinger Inc.','2381');
INSERT INTO `entry`(`entryid`,`type`) VALUES('2382','b');
INSERT INTO `book`(`title`,`entryid`,`isbn`,`type`) VALUES('Parent because of wiggling Driver','2382','9825754250432','j');
INSERT INTO `genre_book`(`genre`, `entryid`) VALUES ('Science','2382');
INSERT INTO `author_book`(`author`, `entryid`) VALUES ('Rossie Anneler','2382');
INSERT INTO `publisher`(`name`) VALUES ('Harders Cooperations.');
INSERT INTO `publisher_book`(`publisher`, `entryid`) VALUES ('Harders Cooperations.','2382');
INSERT INTO `entry`(`entryid`,`type`) VALUES('2383','b');
INSERT INTO `book`(`title`,`entryid`,`isbn`,`type`) VALUES('Football for the Value','2383','9539517776107','j');
INSERT INTO `genre_book`(`genre`, `entryid`) VALUES ('Adventure','2383');
INSERT INTO `author`(`name`,`birthyear`,`deathyear`) VALUES('Nellie Fredeen','1914','1950');
INSERT INTO `author_book`(`author`, `entryid`) VALUES ('Nellie Fredeen','2383');
INSERT INTO `publisher`(`name`) VALUES ('Difalco Cooperations.');
INSERT INTO `publisher_book`(`publisher`, `entryid`) VALUES ('Difalco Cooperations.','2383');
INSERT INTO `entry`(`entryid`,`type`) VALUES('2384','b');
INSERT INTO `book`(`title`,`entryid`,`isbn`,`type`) VALUES('Range by foiled Dimple','2384','0053150446370','e');
INSERT INTO `genre_book`(`genre`, `entryid`) VALUES ('Thriller','2384');
INSERT INTO `author`(`name`,`birthyear`,`deathyear`) VALUES('Alyssa Shintaku','1953','2030');
INSERT INTO `author_book`(`author`, `entryid`) VALUES ('Alyssa Shintaku','2384');
INSERT INTO `publisher`(`name`) VALUES ('Kuhlo Cooperations.');
INSERT INTO `publisher_book`(`publisher`, `entryid`) VALUES ('Kuhlo Cooperations.','2384');
INSERT INTO `entry`(`entryid`,`type`) VALUES('2385','b');
INSERT INTO `book`(`title`,`entryid`,`isbn`,`type`) VALUES('Computer because of Boot','2385','0384842560524','j');
INSERT INTO `genre_book`(`genre`, `entryid`) VALUES ('Horror','2385');
INSERT INTO `author`(`name`,`birthyear`,`deathyear`) VALUES('Etsuko Hitchings','1920','1958');
INSERT INTO `author_book`(`author`, `entryid`) VALUES ('Etsuko Hitchings','2385');
INSERT INTO `publisher_book`(`publisher`, `entryid`) VALUES ('Norse Inc.','2385');
INSERT INTO `entry`(`entryid`,`type`) VALUES('2386','b');
INSERT INTO `book`(`title`,`entryid`,`isbn`,`type`) VALUES('Study against granitic Laundry','2386','9016705807334','j');
INSERT INTO `genre_book`(`genre`, `entryid`) VALUES ('Horror','2386');
INSERT INTO `author_book`(`author`, `entryid`) VALUES ('Margarita Bloem','2386');
INSERT INTO `publisher`(`name`) VALUES ('Varas Publishers.');
INSERT INTO `publisher_book`(`publisher`, `entryid`) VALUES ('Varas Publishers.','2386');
INSERT INTO `entry`(`entryid`,`type`) VALUES('2387','b');
INSERT INTO `book`(`title`,`entryid`,`isbn`,`type`) VALUES('Suit for Syrup','2387','9774496228311','b');
INSERT INTO `genre_book`(`genre`, `entryid`) VALUES ('Adventure','2387');
INSERT INTO `author`(`name`,`birthyear`,`deathyear`) VALUES('Elliott Drehobl','1896','1976');
INSERT INTO `author_book`(`author`, `entryid`) VALUES ('Elliott Drehobl','2387');
INSERT INTO `publisher_book`(`publisher`, `entryid`) VALUES ('Grinner Inc.','2387');
INSERT INTO `entry`(`entryid`,`type`) VALUES('2388','b');
INSERT INTO `book`(`title`,`entryid`,`isbn`,`type`) VALUES('Produce and Need','2388','9626398759671','j');
INSERT INTO `genre_book`(`genre`, `entryid`) VALUES ('Education','2388');
INSERT INTO `author`(`name`,`birthyear`,`deathyear`) VALUES('Karlyn Wadsworth','1920','2009');
INSERT INTO `author_book`(`author`, `entryid`) VALUES ('Karlyn Wadsworth','2388');
INSERT INTO `publisher`(`name`) VALUES ('Beik Inc.');
INSERT INTO `publisher_book`(`publisher`, `entryid`) VALUES ('Beik Inc.','2388');
INSERT INTO `entry`(`entryid`,`type`) VALUES('2389','b');
INSERT INTO `book`(`title`,`entryid`,`isbn`,`type`) VALUES('Use to susceptible Belt','2389','0903675360979','e');
INSERT INTO `genre_book`(`genre`, `entryid`) VALUES ('Romance','2389');
INSERT INTO `author`(`name`,`birthyear`,`deathyear`) VALUES('Myles Childes','1953','2006');
INSERT INTO `author_book`(`author`, `entryid`) VALUES ('Myles Childes','2389');
INSERT INTO `publisher_book`(`publisher`, `entryid`) VALUES ('Ezelle Publishers.','2389');
INSERT INTO `entry`(`entryid`,`type`) VALUES('2390','b');
INSERT INTO `book`(`title`,`entryid`,`isbn`,`type`) VALUES('Cake because of Need','2390','0609439501617','e');
INSERT INTO `genre_book`(`genre`, `entryid`) VALUES ('Romance','2390');
INSERT INTO `author`(`name`,`birthyear`,`deathyear`) VALUES('Fumiko Acal','1926','1967');
INSERT INTO `author_book`(`author`, `entryid`) VALUES ('Fumiko Acal','2390');
INSERT INTO `publisher_book`(`publisher`, `entryid`) VALUES ('Kedley Cooperations.','2390');
INSERT INTO `entry`(`entryid`,`type`) VALUES('2391','b');
INSERT INTO `book`(`title`,`entryid`,`isbn`,`type`) VALUES('Canvas and ardent Thrill','2391','9308089166019','j');
INSERT INTO `genre_book`(`genre`, `entryid`) VALUES ('Education','2391');
INSERT INTO `author`(`name`,`birthyear`,`deathyear`) VALUES('Sherlene Elofson','1886','1962');
INSERT INTO `author_book`(`author`, `entryid`) VALUES ('Sherlene Elofson','2391');
INSERT INTO `publisher_book`(`publisher`, `entryid`) VALUES ('Valree Inc.','2391');
INSERT INTO `entry`(`entryid`,`type`) VALUES('2392','b');
INSERT INTO `book`(`title`,`entryid`,`isbn`,`type`) VALUES('Nickel in the Knot','2392','0456003634497','j');
INSERT INTO `genre_book`(`genre`, `entryid`) VALUES ('Thriller','2392');
INSERT INTO `author`(`name`,`birthyear`,`deathyear`) VALUES('Rolando Schied','1942','1983');
INSERT INTO `author_book`(`author`, `entryid`) VALUES ('Rolando Schied','2392');
INSERT INTO `publisher`(`name`) VALUES ('Nighswander Publishers.');
INSERT INTO `publisher_book`(`publisher`, `entryid`) VALUES ('Nighswander Publishers.','2392');
INSERT INTO `entry`(`entryid`,`type`) VALUES('2393','b');
INSERT INTO `book`(`title`,`entryid`,`isbn`,`type`) VALUES('Silica of the Print','2393','9536252874566','j');
INSERT INTO `genre_book`(`genre`, `entryid`) VALUES ('Science','2393');
INSERT INTO `author`(`name`,`birthyear`,`deathyear`) VALUES('Ozella Comeau','1934','1981');
INSERT INTO `author_book`(`author`, `entryid`) VALUES ('Ozella Comeau','2393');
INSERT INTO `publisher`(`name`) VALUES ('Reeber Inc.');
INSERT INTO `publisher_book`(`publisher`, `entryid`) VALUES ('Reeber Inc.','2393');
INSERT INTO `entry`(`entryid`,`type`) VALUES('2394','b');
INSERT INTO `book`(`title`,`entryid`,`isbn`,`type`) VALUES('Love because of bedewed Blood','2394','9757025194366','j');
INSERT INTO `genre_book`(`genre`, `entryid`) VALUES ('Thriller','2394');
INSERT INTO `author`(`name`,`birthyear`,`deathyear`) VALUES('Cathrine Drutman','1960','1991');
INSERT INTO `author_book`(`author`, `entryid`) VALUES ('Cathrine Drutman','2394');
INSERT INTO `publisher`(`name`) VALUES ('Seeber Publishers.');
INSERT INTO `publisher_book`(`publisher`, `entryid`) VALUES ('Seeber Publishers.','2394');
INSERT INTO `entry`(`entryid`,`type`) VALUES('2395','b');
INSERT INTO `book`(`title`,`entryid`,`isbn`,`type`) VALUES('Power against Swan','2395','0423166023228','j');
INSERT INTO `genre_book`(`genre`, `entryid`) VALUES ('Education','2395');
INSERT INTO `author_book`(`author`, `entryid`) VALUES ('Taren Melendres','2395');
INSERT INTO `publisher`(`name`) VALUES ('Youmans Cooperations.');
INSERT INTO `publisher_book`(`publisher`, `entryid`) VALUES ('Youmans Cooperations.','2395');
INSERT INTO `entry`(`entryid`,`type`) VALUES('2396','b');
INSERT INTO `book`(`title`,`entryid`,`isbn`,`type`) VALUES('Fork in facinorous Puma','2396','0772531082027','b');
INSERT INTO `genre_book`(`genre`, `entryid`) VALUES ('Sci-Fi','2396');
INSERT INTO `author`(`name`,`birthyear`,`deathyear`) VALUES('Claretta Dunk','1920','1997');
INSERT INTO `author_book`(`author`, `entryid`) VALUES ('Claretta Dunk','2396');
INSERT INTO `publisher_book`(`publisher`, `entryid`) VALUES ('Fendt Publishers.','2396');
INSERT INTO `entry`(`entryid`,`type`) VALUES('2397','b');
INSERT INTO `book`(`title`,`entryid`,`isbn`,`type`) VALUES('Coil of the Siamese','2397','9240518164174','e');
INSERT INTO `genre_book`(`genre`, `entryid`) VALUES ('Sci-Fi','2397');
INSERT INTO `author`(`name`,`birthyear`,`deathyear`) VALUES('Marcelina Leibold','1943','2031');
INSERT INTO `author_book`(`author`, `entryid`) VALUES ('Marcelina Leibold','2397');
INSERT INTO `publisher`(`name`) VALUES ('Fenceroy Publishers.');
INSERT INTO `publisher_book`(`publisher`, `entryid`) VALUES ('Fenceroy Publishers.','2397');
INSERT INTO `entry`(`entryid`,`type`) VALUES('2398','b');
INSERT INTO `book`(`title`,`entryid`,`isbn`,`type`) VALUES('Select with the Lunchroom','2398','9775588917097','b');
INSERT INTO `genre_book`(`genre`, `entryid`) VALUES ('Romance','2398');
INSERT INTO `author_book`(`author`, `entryid`) VALUES ('Valeria Promer','2398');
INSERT INTO `publisher_book`(`publisher`, `entryid`) VALUES ('Hollner Publishers.','2398');
INSERT INTO `entry`(`entryid`,`type`) VALUES('2399','b');
INSERT INTO `book`(`title`,`entryid`,`isbn`,`type`) VALUES('Table because of Domain','2399','0230987709001','j');
INSERT INTO `genre_book`(`genre`, `entryid`) VALUES ('Romance','2399');
INSERT INTO `author`(`name`,`birthyear`,`deathyear`) VALUES('Amiee Clyatt','1908','1992');
INSERT INTO `author_book`(`author`, `entryid`) VALUES ('Amiee Clyatt','2399');
INSERT INTO `publisher`(`name`) VALUES ('Bagnaschi Publishers.');
INSERT INTO `publisher_book`(`publisher`, `entryid`) VALUES ('Bagnaschi Publishers.','2399');
INSERT INTO `entry`(`entryid`,`type`) VALUES('2400','b');
INSERT INTO `book`(`title`,`entryid`,`isbn`,`type`) VALUES('Newsprint and strigose Puppy','2400','0656768748401','b');
INSERT INTO `genre_book`(`genre`, `entryid`) VALUES ('Sci-Fi','2400');
INSERT INTO `author_book`(`author`, `entryid`) VALUES ('Willian Levene','2400');
INSERT INTO `publisher`(`name`) VALUES ('Grumney Publishers.');
INSERT INTO `publisher_book`(`publisher`, `entryid`) VALUES ('Grumney Publishers.','2400');
INSERT INTO `entry`(`entryid`,`type`) VALUES('2401','b');
INSERT INTO `book`(`title`,`entryid`,`isbn`,`type`) VALUES('Claus by Jeff','2401','9127650523688','e');
INSERT INTO `genre_book`(`genre`, `entryid`) VALUES ('Science','2401');
INSERT INTO `author`(`name`,`birthyear`,`deathyear`) VALUES('Mathilda Morino','1881','1906');
INSERT INTO `author_book`(`author`, `entryid`) VALUES ('Mathilda Morino','2401');
INSERT INTO `publisher_book`(`publisher`, `entryid`) VALUES ('Weymouth Inc.','2401');
INSERT INTO `entry`(`entryid`,`type`) VALUES('2402','b');
INSERT INTO `book`(`title`,`entryid`,`isbn`,`type`) VALUES('Novel by reply-paid Jumper','2402','9672898433414','e');
INSERT INTO `genre_book`(`genre`, `entryid`) VALUES ('Thriller','2402');
INSERT INTO `author`(`name`,`birthyear`,`deathyear`) VALUES('Lajuana Frint','1903','1977');
INSERT INTO `author_book`(`author`, `entryid`) VALUES ('Lajuana Frint','2402');
INSERT INTO `publisher_book`(`publisher`, `entryid`) VALUES ('Youmans Cooperations.','2402');
INSERT INTO `entry`(`entryid`,`type`) VALUES('2403','b');
INSERT INTO `book`(`title`,`entryid`,`isbn`,`type`) VALUES('Beer with the troubling Size','2403','9662564053462','b');
INSERT INTO `genre_book`(`genre`, `entryid`) VALUES ('Horror','2403');
INSERT INTO `author_book`(`author`, `entryid`) VALUES ('Raleigh Skogstad','2403');
INSERT INTO `publisher`(`name`) VALUES ('Savic Inc.');
INSERT INTO `publisher_book`(`publisher`, `entryid`) VALUES ('Savic Inc.','2403');
INSERT INTO `entry`(`entryid`,`type`) VALUES('2404','b');
INSERT INTO `book`(`title`,`entryid`,`isbn`,`type`) VALUES('Penalty by Israelitish Nancy','2404','9902490771854','j');
INSERT INTO `genre_book`(`genre`, `entryid`) VALUES ('Education','2404');
INSERT INTO `author`(`name`,`birthyear`,`deathyear`) VALUES('Christin Sharifi','1888','1976');
INSERT INTO `author_book`(`author`, `entryid`) VALUES ('Christin Sharifi','2404');
INSERT INTO `publisher_book`(`publisher`, `entryid`) VALUES ('Want Inc.','2404');
INSERT INTO `entry`(`entryid`,`type`) VALUES('2405','b');
INSERT INTO `book`(`title`,`entryid`,`isbn`,`type`) VALUES('Wrinkle in the makeless Guarantee','2405','0945040251755','e');
INSERT INTO `genre_book`(`genre`, `entryid`) VALUES ('Romance','2405');
INSERT INTO `author`(`name`,`birthyear`,`deathyear`) VALUES('Charity Kauo','1936','1986');
INSERT INTO `author_book`(`author`, `entryid`) VALUES ('Charity Kauo','2405');
INSERT INTO `publisher`(`name`) VALUES ('Farber Publishers.');
INSERT INTO `publisher_book`(`publisher`, `entryid`) VALUES ('Farber Publishers.','2405');
INSERT INTO `entry`(`entryid`,`type`) VALUES('2406','b');
INSERT INTO `book`(`title`,`entryid`,`isbn`,`type`) VALUES('Pump of the dedicated Cut','2406','0584199316587','j');
INSERT INTO `genre_book`(`genre`, `entryid`) VALUES ('Horror','2406');
INSERT INTO `author`(`name`,`birthyear`,`deathyear`) VALUES('Huong Bisignano','1954','2023');
INSERT INTO `author_book`(`author`, `entryid`) VALUES ('Huong Bisignano','2406');
INSERT INTO `publisher`(`name`) VALUES ('Lucious Publishers.');
INSERT INTO `publisher_book`(`publisher`, `entryid`) VALUES ('Lucious Publishers.','2406');
INSERT INTO `entry`(`entryid`,`type`) VALUES('2407','b');
INSERT INTO `book`(`title`,`entryid`,`isbn`,`type`) VALUES('Stranger of the Vegetable','2407','0693631388650','j');
INSERT INTO `genre_book`(`genre`, `entryid`) VALUES ('Science','2407');
INSERT INTO `author`(`name`,`birthyear`,`deathyear`) VALUES('Armandina Bird','1969','2051');
INSERT INTO `author_book`(`author`, `entryid`) VALUES ('Armandina Bird','2407');
INSERT INTO `publisher_book`(`publisher`, `entryid`) VALUES ('Weymouth Inc.','2407');
INSERT INTO `entry`(`entryid`,`type`) VALUES('2408','b');
INSERT INTO `book`(`title`,`entryid`,`isbn`,`type`) VALUES('Enemy and the Suggestion','2408','0906538653119','j');
INSERT INTO `genre_book`(`genre`, `entryid`) VALUES ('Education','2408');
INSERT INTO `author`(`name`,`birthyear`,`deathyear`) VALUES('Daysi Spitler','1888','1985');
INSERT INTO `author_book`(`author`, `entryid`) VALUES ('Daysi Spitler','2408');
INSERT INTO `publisher_book`(`publisher`, `entryid`) VALUES ('Bagnaschi Publishers.','2408');
INSERT INTO `entry`(`entryid`,`type`) VALUES('2409','b');
INSERT INTO `book`(`title`,`entryid`,`isbn`,`type`) VALUES('Consonant with pinioned Relation','2409','0633863792790','j');
INSERT INTO `genre_book`(`genre`, `entryid`) VALUES ('Sci-Fi','2409');
INSERT INTO `author_book`(`author`, `entryid`) VALUES ('Kylee Wabasha','2409');
INSERT INTO `publisher_book`(`publisher`, `entryid`) VALUES ('Lucious Publishers.','2409');
INSERT INTO `entry`(`entryid`,`type`) VALUES('2410','b');
INSERT INTO `book`(`title`,`entryid`,`isbn`,`type`) VALUES('Comfort vs. embraceable Staircase','2410','0527411459722','j');
INSERT INTO `genre_book`(`genre`, `entryid`) VALUES ('Sci-Fi','2410');
INSERT INTO `author`(`name`,`birthyear`,`deathyear`) VALUES('Candelaria Carry','1914','1949');
INSERT INTO `author_book`(`author`, `entryid`) VALUES ('Candelaria Carry','2410');
INSERT INTO `publisher_book`(`publisher`, `entryid`) VALUES ('Brisbon Publishers.','2410');
INSERT INTO `entry`(`entryid`,`type`) VALUES('2411','b');
INSERT INTO `book`(`title`,`entryid`,`isbn`,`type`) VALUES('Lentil because of Doll','2411','9315387418301','j');
INSERT INTO `genre_book`(`genre`, `entryid`) VALUES ('Horror','2411');
INSERT INTO `author`(`name`,`birthyear`,`deathyear`) VALUES('Kimiko Zastawny','1930','2027');
INSERT INTO `author_book`(`author`, `entryid`) VALUES ('Kimiko Zastawny','2411');
INSERT INTO `publisher`(`name`) VALUES ('Hathcoat Publishers.');
INSERT INTO `publisher_book`(`publisher`, `entryid`) VALUES ('Hathcoat Publishers.','2411');
INSERT INTO `entry`(`entryid`,`type`) VALUES('2412','b');
INSERT INTO `book`(`title`,`entryid`,`isbn`,`type`) VALUES('Hood for cross-ply Pair','2412','0180891109853','b');
INSERT INTO `genre_book`(`genre`, `entryid`) VALUES ('Education','2412');
INSERT INTO `author`(`name`,`birthyear`,`deathyear`) VALUES('Melita Darmody','1884','1944');
INSERT INTO `author_book`(`author`, `entryid`) VALUES ('Melita Darmody','2412');
INSERT INTO `publisher_book`(`publisher`, `entryid`) VALUES ('Peel Inc.','2412');
INSERT INTO `entry`(`entryid`,`type`) VALUES('2413','b');
INSERT INTO `book`(`title`,`entryid`,`isbn`,`type`) VALUES('Wish of Niger-Congo Sword','2413','0964291169223','b');
INSERT INTO `genre_book`(`genre`, `entryid`) VALUES ('Education','2413');
INSERT INTO `author`(`name`,`birthyear`,`deathyear`) VALUES('Mari Vandewater','1932','2032');
INSERT INTO `author_book`(`author`, `entryid`) VALUES ('Mari Vandewater','2413');
INSERT INTO `publisher_book`(`publisher`, `entryid`) VALUES ('Kleis Inc.','2413');
INSERT INTO `entry`(`entryid`,`type`) VALUES('2414','b');
INSERT INTO `book`(`title`,`entryid`,`isbn`,`type`) VALUES('Digital with malacological Shake','2414','9855179102739','j');
INSERT INTO `genre_book`(`genre`, `entryid`) VALUES ('Science','2414');
INSERT INTO `author`(`name`,`birthyear`,`deathyear`) VALUES('Nena Redburn','1966','1993');
INSERT INTO `author_book`(`author`, `entryid`) VALUES ('Nena Redburn','2414');
INSERT INTO `publisher_book`(`publisher`, `entryid`) VALUES ('Casaceli Inc.','2414');
INSERT INTO `entry`(`entryid`,`type`) VALUES('2415','b');
INSERT INTO `book`(`title`,`entryid`,`isbn`,`type`) VALUES('Emery of the unrecorded Deer','2415','9286827185616','e');
INSERT INTO `genre_book`(`genre`, `entryid`) VALUES ('Sci-Fi','2415');
INSERT INTO `author`(`name`,`birthyear`,`deathyear`) VALUES('Stuart Imhof','1900','1986');
INSERT INTO `author_book`(`author`, `entryid`) VALUES ('Stuart Imhof','2415');
INSERT INTO `publisher_book`(`publisher`, `entryid`) VALUES ('Edington Cooperations.','2415');
INSERT INTO `entry`(`entryid`,`type`) VALUES('2416','b');
INSERT INTO `book`(`title`,`entryid`,`isbn`,`type`) VALUES('Lemonade with the Restaurant','2416','9148072761281','e');
INSERT INTO `genre_book`(`genre`, `entryid`) VALUES ('Science','2416');
INSERT INTO `author`(`name`,`birthyear`,`deathyear`) VALUES('Leah Dettmann','1976','2057');
INSERT INTO `author_book`(`author`, `entryid`) VALUES ('Leah Dettmann','2416');
INSERT INTO `publisher`(`name`) VALUES ('Sures Publishers.');
INSERT INTO `publisher_book`(`publisher`, `entryid`) VALUES ('Sures Publishers.','2416');
INSERT INTO `entry`(`entryid`,`type`) VALUES('2417','b');
INSERT INTO `book`(`title`,`entryid`,`isbn`,`type`) VALUES('Market and liquefiable Oxygen','2417','0776001160323','e');
INSERT INTO `genre_book`(`genre`, `entryid`) VALUES ('Education','2417');
INSERT INTO `author`(`name`,`birthyear`,`deathyear`) VALUES('Stephanie Brez','1906','1932');
INSERT INTO `author_book`(`author`, `entryid`) VALUES ('Stephanie Brez','2417');
INSERT INTO `publisher`(`name`) VALUES ('Bouvier Cooperations.');
INSERT INTO `publisher_book`(`publisher`, `entryid`) VALUES ('Bouvier Cooperations.','2417');
INSERT INTO `entry`(`entryid`,`type`) VALUES('2418','b');
INSERT INTO `book`(`title`,`entryid`,`isbn`,`type`) VALUES('Cirrus to lethargic Dryer','2418','9889596047099','b');
INSERT INTO `genre_book`(`genre`, `entryid`) VALUES ('Thriller','2418');
INSERT INTO `author_book`(`author`, `entryid`) VALUES ('Sanjuana Reller','2418');
INSERT INTO `publisher_book`(`publisher`, `entryid`) VALUES ('Shamily Inc.','2418');
INSERT INTO `entry`(`entryid`,`type`) VALUES('2419','b');
INSERT INTO `book`(`title`,`entryid`,`isbn`,`type`) VALUES('Thread with Step-aunt','2419','9719341427728','e');
INSERT INTO `genre_book`(`genre`, `entryid`) VALUES ('Romance','2419');
INSERT INTO `author_book`(`author`, `entryid`) VALUES ('Dennis Harryman','2419');
INSERT INTO `publisher`(`name`) VALUES ('Blissett Publishers.');
INSERT INTO `publisher_book`(`publisher`, `entryid`) VALUES ('Blissett Publishers.','2419');
INSERT INTO `entry`(`entryid`,`type`) VALUES('2420','b');
INSERT INTO `book`(`title`,`entryid`,`isbn`,`type`) VALUES('Jury of draftier Fibre','2420','9423853109047','j');
INSERT INTO `genre_book`(`genre`, `entryid`) VALUES ('Adventure','2420');
INSERT INTO `author`(`name`,`birthyear`,`deathyear`) VALUES('Ling Jou','1897','1944');
INSERT INTO `author_book`(`author`, `entryid`) VALUES ('Ling Jou','2420');
INSERT INTO `publisher_book`(`publisher`, `entryid`) VALUES ('Bogan Cooperations.','2420');
INSERT INTO `entry`(`entryid`,`type`) VALUES('2421','b');
INSERT INTO `book`(`title`,`entryid`,`isbn`,`type`) VALUES('Day vs. Cause','2421','9138079732430','b');
INSERT INTO `genre_book`(`genre`, `entryid`) VALUES ('Thriller','2421');
INSERT INTO `author_book`(`author`, `entryid`) VALUES ('Malena Malinsky','2421');
INSERT INTO `publisher_book`(`publisher`, `entryid`) VALUES ('Shuffstall Cooperations.','2421');
INSERT INTO `entry`(`entryid`,`type`) VALUES('2422','b');
INSERT INTO `book`(`title`,`entryid`,`isbn`,`type`) VALUES('Judo and the Graphic','2422','0006660772646','j');
INSERT INTO `genre_book`(`genre`, `entryid`) VALUES ('Adventure','2422');
INSERT INTO `author_book`(`author`, `entryid`) VALUES ('Darwin Mcgiveron','2422');
INSERT INTO `publisher_book`(`publisher`, `entryid`) VALUES ('Malovich Inc.','2422');
INSERT INTO `entry`(`entryid`,`type`) VALUES('2423','b');
INSERT INTO `book`(`title`,`entryid`,`isbn`,`type`) VALUES('Option vs. macrocephalous Punch','2423','0232331772210','b');
INSERT INTO `genre_book`(`genre`, `entryid`) VALUES ('Adventure','2423');
INSERT INTO `author_book`(`author`, `entryid`) VALUES ('Laurinda Overmann','2423');
INSERT INTO `publisher`(`name`) VALUES ('Sollis Inc.');
INSERT INTO `publisher_book`(`publisher`, `entryid`) VALUES ('Sollis Inc.','2423');
INSERT INTO `entry`(`entryid`,`type`) VALUES('2424','b');
INSERT INTO `book`(`title`,`entryid`,`isbn`,`type`) VALUES('Chance to the seraphic Furniture','2424','9466548494787','b');
INSERT INTO `genre_book`(`genre`, `entryid`) VALUES ('Sci-Fi','2424');
INSERT INTO `author`(`name`,`birthyear`,`deathyear`) VALUES('Reina Creighton','1918','2011');
INSERT INTO `author_book`(`author`, `entryid`) VALUES ('Reina Creighton','2424');
INSERT INTO `publisher_book`(`publisher`, `entryid`) VALUES ('Degaetano Publishers.','2424');
INSERT INTO `entry`(`entryid`,`type`) VALUES('2425','b');
INSERT INTO `book`(`title`,`entryid`,`isbn`,`type`) VALUES('Hardcover against touched Industry','2425','9563233388781','j');
INSERT INTO `genre_book`(`genre`, `entryid`) VALUES ('Science','2425');
INSERT INTO `author_book`(`author`, `entryid`) VALUES ('Ivana Enick','2425');
INSERT INTO `publisher_book`(`publisher`, `entryid`) VALUES ('Raetz Publishers.','2425');
INSERT INTO `entry`(`entryid`,`type`) VALUES('2426','b');
INSERT INTO `book`(`title`,`entryid`,`isbn`,`type`) VALUES('Position to Patch','2426','0287934085601','j');
INSERT INTO `genre_book`(`genre`, `entryid`) VALUES ('Thriller','2426');
INSERT INTO `author_book`(`author`, `entryid`) VALUES ('Bryon Pasha','2426');
INSERT INTO `publisher_book`(`publisher`, `entryid`) VALUES ('Trickel Inc.','2426');
INSERT INTO `entry`(`entryid`,`type`) VALUES('2427','b');
INSERT INTO `book`(`title`,`entryid`,`isbn`,`type`) VALUES('Tights of the Plywood','2427','0122620400013','b');
INSERT INTO `genre_book`(`genre`, `entryid`) VALUES ('Adventure','2427');
INSERT INTO `author`(`name`,`birthyear`,`deathyear`) VALUES('Chau Redden','1920','1968');
INSERT INTO `author_book`(`author`, `entryid`) VALUES ('Chau Redden','2427');
INSERT INTO `publisher`(`name`) VALUES ('Moritz Cooperations.');
INSERT INTO `publisher_book`(`publisher`, `entryid`) VALUES ('Moritz Cooperations.','2427');
INSERT INTO `entry`(`entryid`,`type`) VALUES('2428','b');
INSERT INTO `book`(`title`,`entryid`,`isbn`,`type`) VALUES('Currency by the Condor','2428','0553471029924','e');
INSERT INTO `genre_book`(`genre`, `entryid`) VALUES ('Thriller','2428');
INSERT INTO `author`(`name`,`birthyear`,`deathyear`) VALUES('Mathew Idrovo','1885','1931');
INSERT INTO `author_book`(`author`, `entryid`) VALUES ('Mathew Idrovo','2428');
INSERT INTO `publisher_book`(`publisher`, `entryid`) VALUES ('Derizzio Inc.','2428');
INSERT INTO `entry`(`entryid`,`type`) VALUES('2429','b');
INSERT INTO `book`(`title`,`entryid`,`isbn`,`type`) VALUES('Bank with the rental Bicycle','2429','9076841274751','b');
INSERT INTO `genre_book`(`genre`, `entryid`) VALUES ('Science','2429');
INSERT INTO `author`(`name`,`birthyear`,`deathyear`) VALUES('Shelly Merrithew','1956','2012');
INSERT INTO `author_book`(`author`, `entryid`) VALUES ('Shelly Merrithew','2429');
INSERT INTO `publisher_book`(`publisher`, `entryid`) VALUES ('Koral Publishers.','2429');
INSERT INTO `entry`(`entryid`,`type`) VALUES('2430','b');
INSERT INTO `book`(`title`,`entryid`,`isbn`,`type`) VALUES('Wool of Handicap','2430','9630759707443','b');
INSERT INTO `genre_book`(`genre`, `entryid`) VALUES ('Thriller','2430');
INSERT INTO `author`(`name`,`birthyear`,`deathyear`) VALUES('Nydia Duhe','1944','1981');
INSERT INTO `author_book`(`author`, `entryid`) VALUES ('Nydia Duhe','2430');
INSERT INTO `publisher_book`(`publisher`, `entryid`) VALUES ('Pawell Cooperations.','2430');
INSERT INTO `entry`(`entryid`,`type`) VALUES('2431','b');
INSERT INTO `book`(`title`,`entryid`,`isbn`,`type`) VALUES('Orchid in Morocco','2431','9686156013133','e');
INSERT INTO `genre_book`(`genre`, `entryid`) VALUES ('Horror','2431');
INSERT INTO `author`(`name`,`birthyear`,`deathyear`) VALUES('Lacresha Mathena','1934','1955');
INSERT INTO `author_book`(`author`, `entryid`) VALUES ('Lacresha Mathena','2431');
INSERT INTO `publisher`(`name`) VALUES ('Gumphrey Publishers.');
INSERT INTO `publisher_book`(`publisher`, `entryid`) VALUES ('Gumphrey Publishers.','2431');
INSERT INTO `entry`(`entryid`,`type`) VALUES('2432','b');
INSERT INTO `book`(`title`,`entryid`,`isbn`,`type`) VALUES('Second and the Craftsman','2432','9253581148929','j');
INSERT INTO `genre_book`(`genre`, `entryid`) VALUES ('Thriller','2432');
INSERT INTO `author_book`(`author`, `entryid`) VALUES ('Moriah Covington','2432');
INSERT INTO `publisher_book`(`publisher`, `entryid`) VALUES ('Holleran Cooperations.','2432');
INSERT INTO `entry`(`entryid`,`type`) VALUES('2433','b');
INSERT INTO `book`(`title`,`entryid`,`isbn`,`type`) VALUES('Eggnog of the cloudiest Jump','2433','9003168783707','j');
INSERT INTO `genre_book`(`genre`, `entryid`) VALUES ('Adventure','2433');
INSERT INTO `author_book`(`author`, `entryid`) VALUES ('Daisy Wasson','2433');
INSERT INTO `publisher_book`(`publisher`, `entryid`) VALUES ('Kaplan Inc.','2433');
INSERT INTO `entry`(`entryid`,`type`) VALUES('2434','b');
INSERT INTO `book`(`title`,`entryid`,`isbn`,`type`) VALUES('Existence with the inequable Softball','2434','9041452843717','j');
INSERT INTO `genre_book`(`genre`, `entryid`) VALUES ('Science','2434');
INSERT INTO `author`(`name`,`birthyear`,`deathyear`) VALUES('Danny Gilhooly','1932','1968');
INSERT INTO `author_book`(`author`, `entryid`) VALUES ('Danny Gilhooly','2434');
INSERT INTO `publisher_book`(`publisher`, `entryid`) VALUES ('Devon Inc.','2434');
INSERT INTO `entry`(`entryid`,`type`) VALUES('2435','b');
INSERT INTO `book`(`title`,`entryid`,`isbn`,`type`) VALUES('Brush and the topical Wing','2435','0637062699989','e');
INSERT INTO `genre_book`(`genre`, `entryid`) VALUES ('Education','2435');
INSERT INTO `author`(`name`,`birthyear`,`deathyear`) VALUES('Eddie Mothershed','1888','1928');
INSERT INTO `author_book`(`author`, `entryid`) VALUES ('Eddie Mothershed','2435');
INSERT INTO `publisher_book`(`publisher`, `entryid`) VALUES ('Carrea Inc.','2435');
INSERT INTO `entry`(`entryid`,`type`) VALUES('2436','b');
INSERT INTO `book`(`title`,`entryid`,`isbn`,`type`) VALUES('Stretch of Fir','2436','0304983919504','j');
INSERT INTO `genre_book`(`genre`, `entryid`) VALUES ('Horror','2436');
INSERT INTO `author`(`name`,`birthyear`,`deathyear`) VALUES('Bulah Mavai','1909','1986');
INSERT INTO `author_book`(`author`, `entryid`) VALUES ('Bulah Mavai','2436');
INSERT INTO `publisher`(`name`) VALUES ('Goldhaber Publishers.');
INSERT INTO `publisher_book`(`publisher`, `entryid`) VALUES ('Goldhaber Publishers.','2436');
INSERT INTO `entry`(`entryid`,`type`) VALUES('2437','b');
INSERT INTO `book`(`title`,`entryid`,`isbn`,`type`) VALUES('Passbook with Nickel','2437','0900630237616','b');
INSERT INTO `genre_book`(`genre`, `entryid`) VALUES ('Adventure','2437');
INSERT INTO `author`(`name`,`birthyear`,`deathyear`) VALUES('Min Pennington','1936','2006');
INSERT INTO `author_book`(`author`, `entryid`) VALUES ('Min Pennington','2437');
INSERT INTO `publisher_book`(`publisher`, `entryid`) VALUES ('Glackin Inc.','2437');
INSERT INTO `entry`(`entryid`,`type`) VALUES('2438','b');
INSERT INTO `book`(`title`,`entryid`,`isbn`,`type`) VALUES('Pharmacist vs. permeating Multi-hop','2438','9858111706728','j');
INSERT INTO `genre_book`(`genre`, `entryid`) VALUES ('Science','2438');
INSERT INTO `author_book`(`author`, `entryid`) VALUES ('Angelika Passantino','2438');
INSERT INTO `publisher_book`(`publisher`, `entryid`) VALUES ('Wood Inc.','2438');
INSERT INTO `entry`(`entryid`,`type`) VALUES('2439','b');
INSERT INTO `book`(`title`,`entryid`,`isbn`,`type`) VALUES('Timer with Maria','2439','9686086663331','e');
INSERT INTO `genre_book`(`genre`, `entryid`) VALUES ('Sci-Fi','2439');
INSERT INTO `author_book`(`author`, `entryid`) VALUES ('Emely Aldape','2439');
INSERT INTO `publisher_book`(`publisher`, `entryid`) VALUES ('Correra Cooperations.','2439');
INSERT INTO `entry`(`entryid`,`type`) VALUES('2440','b');
INSERT INTO `book`(`title`,`entryid`,`isbn`,`type`) VALUES('Flavor in murmurous Fisherman','2440','9719445108741','j');
INSERT INTO `genre_book`(`genre`, `entryid`) VALUES ('Sci-Fi','2440');
INSERT INTO `author_book`(`author`, `entryid`) VALUES ('Kennith Runner','2440');
INSERT INTO `publisher`(`name`) VALUES ('Yonkers Cooperations.');
INSERT INTO `publisher_book`(`publisher`, `entryid`) VALUES ('Yonkers Cooperations.','2440');
INSERT INTO `entry`(`entryid`,`type`) VALUES('2441','b');
INSERT INTO `book`(`title`,`entryid`,`isbn`,`type`) VALUES('Pruner against the Gauge','2441','9600109054946','b');
INSERT INTO `genre_book`(`genre`, `entryid`) VALUES ('Romance','2441');
INSERT INTO `author`(`name`,`birthyear`,`deathyear`) VALUES('Blossom Pink','1966','2045');
INSERT INTO `author_book`(`author`, `entryid`) VALUES ('Blossom Pink','2441');
INSERT INTO `publisher_book`(`publisher`, `entryid`) VALUES ('Coltman Inc.','2441');
INSERT INTO `entry`(`entryid`,`type`) VALUES('2442','b');
INSERT INTO `book`(`title`,`entryid`,`isbn`,`type`) VALUES('Dead vs. Corn','2442','0575112021665','e');
INSERT INTO `genre_book`(`genre`, `entryid`) VALUES ('Thriller','2442');
INSERT INTO `author`(`name`,`birthyear`,`deathyear`) VALUES('Lucas Whitker','1963','2024');
INSERT INTO `author_book`(`author`, `entryid`) VALUES ('Lucas Whitker','2442');
INSERT INTO `publisher_book`(`publisher`, `entryid`) VALUES ('Reents Publishers.','2442');
INSERT INTO `entry`(`entryid`,`type`) VALUES('2443','b');
INSERT INTO `book`(`title`,`entryid`,`isbn`,`type`) VALUES('Michael in Thailand','2443','9730517177289','j');
INSERT INTO `genre_book`(`genre`, `entryid`) VALUES ('Romance','2443');
INSERT INTO `author`(`name`,`birthyear`,`deathyear`) VALUES('Christoper Reos','1919','1989');
INSERT INTO `author_book`(`author`, `entryid`) VALUES ('Christoper Reos','2443');
INSERT INTO `publisher_book`(`publisher`, `entryid`) VALUES ('Inlow Inc.','2443');
INSERT INTO `entry`(`entryid`,`type`) VALUES('2444','b');
INSERT INTO `book`(`title`,`entryid`,`isbn`,`type`) VALUES('Brow by Mice','2444','9336817563465','e');
INSERT INTO `genre_book`(`genre`, `entryid`) VALUES ('Sci-Fi','2444');
INSERT INTO `author`(`name`,`birthyear`,`deathyear`) VALUES('Olevia Manues','1927','1957');
INSERT INTO `author_book`(`author`, `entryid`) VALUES ('Olevia Manues','2444');
INSERT INTO `publisher`(`name`) VALUES ('Deblanc Publishers.');
INSERT INTO `publisher_book`(`publisher`, `entryid`) VALUES ('Deblanc Publishers.','2444');
INSERT INTO `entry`(`entryid`,`type`) VALUES('2445','b');
INSERT INTO `book`(`title`,`entryid`,`isbn`,`type`) VALUES('Salad of sustentative Sing','2445','0395528509342','j');
INSERT INTO `genre_book`(`genre`, `entryid`) VALUES ('Education','2445');
INSERT INTO `author`(`name`,`birthyear`,`deathyear`) VALUES('Floyd Jandrin','1942','2004');
INSERT INTO `author_book`(`author`, `entryid`) VALUES ('Floyd Jandrin','2445');
INSERT INTO `publisher`(`name`) VALUES ('Footer Inc.');
INSERT INTO `publisher_book`(`publisher`, `entryid`) VALUES ('Footer Inc.','2445');
INSERT INTO `entry`(`entryid`,`type`) VALUES('2446','b');
INSERT INTO `book`(`title`,`entryid`,`isbn`,`type`) VALUES('Twist for the Duckling','2446','0787470472707','j');
INSERT INTO `genre_book`(`genre`, `entryid`) VALUES ('Thriller','2446');
INSERT INTO `author_book`(`author`, `entryid`) VALUES ('Floyd Jandrin','2446');
INSERT INTO `publisher_book`(`publisher`, `entryid`) VALUES ('Inlow Inc.','2446');
INSERT INTO `entry`(`entryid`,`type`) VALUES('2447','b');
INSERT INTO `book`(`title`,`entryid`,`isbn`,`type`) VALUES('Hygienic against the hydrokinetic Patricia','2447','9778676178957','j');
INSERT INTO `genre_book`(`genre`, `entryid`) VALUES ('Education','2447');
INSERT INTO `author`(`name`,`birthyear`,`deathyear`) VALUES('Marceline Pons','1976','2040');
INSERT INTO `author_book`(`author`, `entryid`) VALUES ('Marceline Pons','2447');
INSERT INTO `publisher`(`name`) VALUES ('Duhon Publishers.');
INSERT INTO `publisher_book`(`publisher`, `entryid`) VALUES ('Duhon Publishers.','2447');
INSERT INTO `entry`(`entryid`,`type`) VALUES('2448','b');
INSERT INTO `book`(`title`,`entryid`,`isbn`,`type`) VALUES('Woman vs. sanitized Den','2448','0607313040083','e');
INSERT INTO `genre_book`(`genre`, `entryid`) VALUES ('Sci-Fi','2448');
INSERT INTO `author_book`(`author`, `entryid`) VALUES ('Izola Tramonte','2448');
INSERT INTO `publisher_book`(`publisher`, `entryid`) VALUES ('Mccardell Cooperations.','2448');
INSERT INTO `entry`(`entryid`,`type`) VALUES('2449','b');
INSERT INTO `book`(`title`,`entryid`,`isbn`,`type`) VALUES('Taste with Belorussian Cattle','2449','9483392025456','e');
INSERT INTO `genre_book`(`genre`, `entryid`) VALUES ('Education','2449');
INSERT INTO `author`(`name`,`birthyear`,`deathyear`) VALUES('Shirly Ednilao','1963','2008');
INSERT INTO `author_book`(`author`, `entryid`) VALUES ('Shirly Ednilao','2449');
INSERT INTO `publisher_book`(`publisher`, `entryid`) VALUES ('Antrikin Inc.','2449');
INSERT INTO `entry`(`entryid`,`type`) VALUES('2450','b');
INSERT INTO `book`(`title`,`entryid`,`isbn`,`type`) VALUES('Spider for Citizenship','2450','9609756943904','e');
INSERT INTO `genre_book`(`genre`, `entryid`) VALUES ('Science','2450');
INSERT INTO `author_book`(`author`, `entryid`) VALUES ('Mavis Sodomka','2450');
INSERT INTO `publisher`(`name`) VALUES ('Domino Inc.');
INSERT INTO `publisher_book`(`publisher`, `entryid`) VALUES ('Domino Inc.','2450');
INSERT INTO `entry`(`entryid`,`type`) VALUES('2451','b');
INSERT INTO `book`(`title`,`entryid`,`isbn`,`type`) VALUES('Meeting because of sulfa Microwave','2451','9523526666374','j');
INSERT INTO `genre_book`(`genre`, `entryid`) VALUES ('Romance','2451');
INSERT INTO `author`(`name`,`birthyear`,`deathyear`) VALUES('Jamaal Hazelbush','1955','1982');
INSERT INTO `author_book`(`author`, `entryid`) VALUES ('Jamaal Hazelbush','2451');
INSERT INTO `publisher_book`(`publisher`, `entryid`) VALUES ('Murtagh Inc.','2451');
INSERT INTO `entry`(`entryid`,`type`) VALUES('2452','b');
INSERT INTO `book`(`title`,`entryid`,`isbn`,`type`) VALUES('Check in the pelagic Dedication','2452','9516620385336','e');
INSERT INTO `genre_book`(`genre`, `entryid`) VALUES ('Thriller','2452');
INSERT INTO `author`(`name`,`birthyear`,`deathyear`) VALUES('Alverta Souser','1900','1969');
INSERT INTO `author_book`(`author`, `entryid`) VALUES ('Alverta Souser','2452');
INSERT INTO `publisher`(`name`) VALUES ('Wendorff Inc.');
INSERT INTO `publisher_book`(`publisher`, `entryid`) VALUES ('Wendorff Inc.','2452');
INSERT INTO `entry`(`entryid`,`type`) VALUES('2453','b');
INSERT INTO `book`(`title`,`entryid`,`isbn`,`type`) VALUES('Hydrant in extracorporeal Chill','2453','9449529648290','j');
INSERT INTO `genre_book`(`genre`, `entryid`) VALUES ('Adventure','2453');
INSERT INTO `author`(`name`,`birthyear`,`deathyear`) VALUES('Torie Winesett','1974','2051');
INSERT INTO `author_book`(`author`, `entryid`) VALUES ('Torie Winesett','2453');
INSERT INTO `publisher_book`(`publisher`, `entryid`) VALUES ('Dubuisson Inc.','2453');
INSERT INTO `entry`(`entryid`,`type`) VALUES('2454','b');
INSERT INTO `book`(`title`,`entryid`,`isbn`,`type`) VALUES('Goal because of Copernican Water','2454','0898034489592','j');
INSERT INTO `genre_book`(`genre`, `entryid`) VALUES ('Sci-Fi','2454');
INSERT INTO `author`(`name`,`birthyear`,`deathyear`) VALUES('Elvera Hurt','1898','1969');
INSERT INTO `author_book`(`author`, `entryid`) VALUES ('Elvera Hurt','2454');
INSERT INTO `publisher`(`name`) VALUES ('Boschee Cooperations.');
INSERT INTO `publisher_book`(`publisher`, `entryid`) VALUES ('Boschee Cooperations.','2454');
INSERT INTO `entry`(`entryid`,`type`) VALUES('2455','b');
INSERT INTO `book`(`title`,`entryid`,`isbn`,`type`) VALUES('Street in famed Goat','2455','9164896634786','j');
INSERT INTO `genre_book`(`genre`, `entryid`) VALUES ('Education','2455');
INSERT INTO `author`(`name`,`birthyear`,`deathyear`) VALUES('Andra Bonneville','1949','2017');
INSERT INTO `author_book`(`author`, `entryid`) VALUES ('Andra Bonneville','2455');
INSERT INTO `publisher_book`(`publisher`, `entryid`) VALUES ('Sistek Cooperations.','2455');
INSERT INTO `entry`(`entryid`,`type`) VALUES('2456','b');
INSERT INTO `book`(`title`,`entryid`,`isbn`,`type`) VALUES('History by Destruction','2456','0830651931571','b');
INSERT INTO `genre_book`(`genre`, `entryid`) VALUES ('Thriller','2456');
INSERT INTO `author`(`name`,`birthyear`,`deathyear`) VALUES('Erinn Rousell','1950','2044');
INSERT INTO `author_book`(`author`, `entryid`) VALUES ('Erinn Rousell','2456');
INSERT INTO `publisher_book`(`publisher`, `entryid`) VALUES ('Simcox Publishers.','2456');
INSERT INTO `entry`(`entryid`,`type`) VALUES('2457','b');
INSERT INTO `book`(`title`,`entryid`,`isbn`,`type`) VALUES('Quill by the multicentral Place','2457','0000639094351','e');
INSERT INTO `genre_book`(`genre`, `entryid`) VALUES ('Science','2457');
INSERT INTO `author`(`name`,`birthyear`,`deathyear`) VALUES('Agustina Divenere','1971','2009');
INSERT INTO `author_book`(`author`, `entryid`) VALUES ('Agustina Divenere','2457');
INSERT INTO `publisher`(`name`) VALUES ('Larman Publishers.');
INSERT INTO `publisher_book`(`publisher`, `entryid`) VALUES ('Larman Publishers.','2457');
INSERT INTO `entry`(`entryid`,`type`) VALUES('2458','b');
INSERT INTO `book`(`title`,`entryid`,`isbn`,`type`) VALUES('Firewall to the Seeder','2458','0663058875400','j');
INSERT INTO `genre_book`(`genre`, `entryid`) VALUES ('Adventure','2458');
INSERT INTO `author`(`name`,`birthyear`,`deathyear`) VALUES('Minta Pavlich','1906','1983');
INSERT INTO `author_book`(`author`, `entryid`) VALUES ('Minta Pavlich','2458');
INSERT INTO `publisher`(`name`) VALUES ('Saska Publishers.');
INSERT INTO `publisher_book`(`publisher`, `entryid`) VALUES ('Saska Publishers.','2458');
INSERT INTO `entry`(`entryid`,`type`) VALUES('2459','b');
INSERT INTO `book`(`title`,`entryid`,`isbn`,`type`) VALUES('Squid in the Squid','2459','9702751260847','e');
INSERT INTO `genre_book`(`genre`, `entryid`) VALUES ('Romance','2459');
INSERT INTO `author`(`name`,`birthyear`,`deathyear`) VALUES('Annett Khum','1953','1981');
INSERT INTO `author_book`(`author`, `entryid`) VALUES ('Annett Khum','2459');
INSERT INTO `publisher_book`(`publisher`, `entryid`) VALUES ('Klumph Inc.','2459');
INSERT INTO `entry`(`entryid`,`type`) VALUES('2460','b');
INSERT INTO `book`(`title`,`entryid`,`isbn`,`type`) VALUES('Kenneth for the buddy-buddy Utensil','2460','9089929394988','j');
INSERT INTO `genre_book`(`genre`, `entryid`) VALUES ('Romance','2460');
INSERT INTO `author`(`name`,`birthyear`,`deathyear`) VALUES('Nola Haley','1979','2047');
INSERT INTO `author_book`(`author`, `entryid`) VALUES ('Nola Haley','2460');
INSERT INTO `publisher`(`name`) VALUES ('Kindlimann Inc.');
INSERT INTO `publisher_book`(`publisher`, `entryid`) VALUES ('Kindlimann Inc.','2460');
INSERT INTO `entry`(`entryid`,`type`) VALUES('2461','b');
INSERT INTO `book`(`title`,`entryid`,`isbn`,`type`) VALUES('Sunshine and the Wound','2461','0507793163377','e');
INSERT INTO `genre_book`(`genre`, `entryid`) VALUES ('Romance','2461');
INSERT INTO `author`(`name`,`birthyear`,`deathyear`) VALUES('Slyvia Bonifacio','1896','1919');
INSERT INTO `author_book`(`author`, `entryid`) VALUES ('Slyvia Bonifacio','2461');
INSERT INTO `publisher`(`name`) VALUES ('Coreas Inc.');
INSERT INTO `publisher_book`(`publisher`, `entryid`) VALUES ('Coreas Inc.','2461');
INSERT INTO `entry`(`entryid`,`type`) VALUES('2462','b');
INSERT INTO `book`(`title`,`entryid`,`isbn`,`type`) VALUES('Impulse with the aqueous Hubcap','2462','0452664660660','b');
INSERT INTO `genre_book`(`genre`, `entryid`) VALUES ('Romance','2462');
INSERT INTO `author_book`(`author`, `entryid`) VALUES ('Ara Droy','2462');
INSERT INTO `publisher_book`(`publisher`, `entryid`) VALUES ('Kanda Publishers.','2462');
INSERT INTO `entry`(`entryid`,`type`) VALUES('2463','b');
INSERT INTO `book`(`title`,`entryid`,`isbn`,`type`) VALUES('Beam against Bra','2463','0264028714024','b');
INSERT INTO `genre_book`(`genre`, `entryid`) VALUES ('Sci-Fi','2463');
INSERT INTO `author`(`name`,`birthyear`,`deathyear`) VALUES('Shanon Frishman','1945','1977');
INSERT INTO `author_book`(`author`, `entryid`) VALUES ('Shanon Frishman','2463');
INSERT INTO `publisher_book`(`publisher`, `entryid`) VALUES ('Kuhlo Cooperations.','2463');
INSERT INTO `entry`(`entryid`,`type`) VALUES('2464','b');
INSERT INTO `book`(`title`,`entryid`,`isbn`,`type`) VALUES('Vein by the impatient Print','2464','9856531750809','b');
INSERT INTO `genre_book`(`genre`, `entryid`) VALUES ('Horror','2464');
INSERT INTO `author_book`(`author`, `entryid`) VALUES ('Vicenta Noltensmeier','2464');
INSERT INTO `publisher`(`name`) VALUES ('Albini Cooperations.');
INSERT INTO `publisher_book`(`publisher`, `entryid`) VALUES ('Albini Cooperations.','2464');
INSERT INTO `entry`(`entryid`,`type`) VALUES('2465','b');
INSERT INTO `book`(`title`,`entryid`,`isbn`,`type`) VALUES('Drum against Bonsai','2465','0674051493764','e');
INSERT INTO `genre_book`(`genre`, `entryid`) VALUES ('Adventure','2465');
INSERT INTO `author`(`name`,`birthyear`,`deathyear`) VALUES('Michel Albang','1936','1978');
INSERT INTO `author_book`(`author`, `entryid`) VALUES ('Michel Albang','2465');
INSERT INTO `publisher`(`name`) VALUES ('Chamorro Publishers.');
INSERT INTO `publisher_book`(`publisher`, `entryid`) VALUES ('Chamorro Publishers.','2465');
INSERT INTO `entry`(`entryid`,`type`) VALUES('2466','b');
INSERT INTO `book`(`title`,`entryid`,`isbn`,`type`) VALUES('Grain with the Wrist','2466','9080697860321','j');
INSERT INTO `genre_book`(`genre`, `entryid`) VALUES ('Sci-Fi','2466');
INSERT INTO `author_book`(`author`, `entryid`) VALUES ('Mayme Kovach','2466');
INSERT INTO `publisher_book`(`publisher`, `entryid`) VALUES ('Rickels Cooperations.','2466');
INSERT INTO `entry`(`entryid`,`type`) VALUES('2467','b');
INSERT INTO `book`(`title`,`entryid`,`isbn`,`type`) VALUES('Law in the fallacious Authorisation','2467','9799492073704','e');
INSERT INTO `genre_book`(`genre`, `entryid`) VALUES ('Adventure','2467');
INSERT INTO `author`(`name`,`birthyear`,`deathyear`) VALUES('Faviola Gehman','1912','1959');
INSERT INTO `author_book`(`author`, `entryid`) VALUES ('Faviola Gehman','2467');
INSERT INTO `publisher_book`(`publisher`, `entryid`) VALUES ('Orlosky Inc.','2467');
INSERT INTO `entry`(`entryid`,`type`) VALUES('2468','b');
INSERT INTO `book`(`title`,`entryid`,`isbn`,`type`) VALUES('Click vs. Woman','2468','9248961295425','b');
INSERT INTO `genre_book`(`genre`, `entryid`) VALUES ('Education','2468');
INSERT INTO `author`(`name`,`birthyear`,`deathyear`) VALUES('Marg Cunnington','1977','2019');
INSERT INTO `author_book`(`author`, `entryid`) VALUES ('Marg Cunnington','2468');
INSERT INTO `publisher`(`name`) VALUES ('Schwamberger Inc.');
INSERT INTO `publisher_book`(`publisher`, `entryid`) VALUES ('Schwamberger Inc.','2468');
INSERT INTO `entry`(`entryid`,`type`) VALUES('2469','b');
INSERT INTO `book`(`title`,`entryid`,`isbn`,`type`) VALUES('Existence by genotypic Day','2469','0531280261971','b');
INSERT INTO `genre_book`(`genre`, `entryid`) VALUES ('Romance','2469');
INSERT INTO `author_book`(`author`, `entryid`) VALUES ('Luba Whisenant','2469');
INSERT INTO `publisher`(`name`) VALUES ('Habeck Publishers.');
INSERT INTO `publisher_book`(`publisher`, `entryid`) VALUES ('Habeck Publishers.','2469');
INSERT INTO `entry`(`entryid`,`type`) VALUES('2470','b');
INSERT INTO `book`(`title`,`entryid`,`isbn`,`type`) VALUES('Locket of intriguing Confirmation','2470','0463153718747','e');
INSERT INTO `genre_book`(`genre`, `entryid`) VALUES ('Sci-Fi','2470');
INSERT INTO `author_book`(`author`, `entryid`) VALUES ('Blossom Pink','2470');
INSERT INTO `publisher_book`(`publisher`, `entryid`) VALUES ('Grinner Inc.','2470');
INSERT INTO `entry`(`entryid`,`type`) VALUES('2471','b');
INSERT INTO `book`(`title`,`entryid`,`isbn`,`type`) VALUES('Search to Branch','2471','9121986837880','b');
INSERT INTO `genre_book`(`genre`, `entryid`) VALUES ('Adventure','2471');
INSERT INTO `author`(`name`,`birthyear`,`deathyear`) VALUES('Denese Ingwersen','1971','2018');
INSERT INTO `author_book`(`author`, `entryid`) VALUES ('Denese Ingwersen','2471');
INSERT INTO `publisher_book`(`publisher`, `entryid`) VALUES ('Aiava Publishers.','2471');
INSERT INTO `entry`(`entryid`,`type`) VALUES('2472','b');
INSERT INTO `book`(`title`,`entryid`,`isbn`,`type`) VALUES('July to the happening Block','2472','9454478654084','e');
INSERT INTO `genre_book`(`genre`, `entryid`) VALUES ('Education','2472');
INSERT INTO `author`(`name`,`birthyear`,`deathyear`) VALUES('Dewitt Urbach','1895','1986');
INSERT INTO `author_book`(`author`, `entryid`) VALUES ('Dewitt Urbach','2472');
INSERT INTO `publisher`(`name`) VALUES ('Cygan Inc.');
INSERT INTO `publisher_book`(`publisher`, `entryid`) VALUES ('Cygan Inc.','2472');
INSERT INTO `entry`(`entryid`,`type`) VALUES('2473','b');
INSERT INTO `book`(`title`,`entryid`,`isbn`,`type`) VALUES('September to the Bike','2473','9590081639459','j');
INSERT INTO `genre_book`(`genre`, `entryid`) VALUES ('Romance','2473');
INSERT INTO `author`(`name`,`birthyear`,`deathyear`) VALUES('Errol Corle','1931','1965');
INSERT INTO `author_book`(`author`, `entryid`) VALUES ('Errol Corle','2473');
INSERT INTO `publisher_book`(`publisher`, `entryid`) VALUES ('Youmans Cooperations.','2473');
INSERT INTO `entry`(`entryid`,`type`) VALUES('2474','b');
INSERT INTO `book`(`title`,`entryid`,`isbn`,`type`) VALUES('Trade for the Porch','2474','0902228296612','b');
INSERT INTO `genre_book`(`genre`, `entryid`) VALUES ('Horror','2474');
INSERT INTO `author`(`name`,`birthyear`,`deathyear`) VALUES('Bethany Deritis','1975','2011');
INSERT INTO `author_book`(`author`, `entryid`) VALUES ('Bethany Deritis','2474');
INSERT INTO `publisher_book`(`publisher`, `entryid`) VALUES ('Sowden Publishers.','2474');
INSERT INTO `entry`(`entryid`,`type`) VALUES('2475','b');
INSERT INTO `book`(`title`,`entryid`,`isbn`,`type`) VALUES('Hexagon against mazed Eyelash','2475','9510515958652','e');
INSERT INTO `genre_book`(`genre`, `entryid`) VALUES ('Adventure','2475');
INSERT INTO `author`(`name`,`birthyear`,`deathyear`) VALUES('Lessie Maddix','1953','1995');
INSERT INTO `author_book`(`author`, `entryid`) VALUES ('Lessie Maddix','2475');
INSERT INTO `publisher_book`(`publisher`, `entryid`) VALUES ('Pyros Inc.','2475');
INSERT INTO `entry`(`entryid`,`type`) VALUES('2476','b');
INSERT INTO `book`(`title`,`entryid`,`isbn`,`type`) VALUES('Tuba to scummier Dress','2476','9834477159827','b');
INSERT INTO `genre_book`(`genre`, `entryid`) VALUES ('Sci-Fi','2476');
INSERT INTO `author_book`(`author`, `entryid`) VALUES ('Etsuko Hitchings','2476');
INSERT INTO `publisher`(`name`) VALUES ('Cudjoe Publishers.');
INSERT INTO `publisher_book`(`publisher`, `entryid`) VALUES ('Cudjoe Publishers.','2476');
INSERT INTO `entry`(`entryid`,`type`) VALUES('2477','b');
INSERT INTO `book`(`title`,`entryid`,`isbn`,`type`) VALUES('Bugle of upcast Fat','2477','0870949571023','e');
INSERT INTO `genre_book`(`genre`, `entryid`) VALUES ('Science','2477');
INSERT INTO `author_book`(`author`, `entryid`) VALUES ('Etha Kobis','2477');
INSERT INTO `publisher_book`(`publisher`, `entryid`) VALUES ('Waldbauer Publishers.','2477');
INSERT INTO `entry`(`entryid`,`type`) VALUES('2478','b');
INSERT INTO `book`(`title`,`entryid`,`isbn`,`type`) VALUES('Equipment in Dictionary','2478','9746140168577','j');
INSERT INTO `genre_book`(`genre`, `entryid`) VALUES ('Sci-Fi','2478');
INSERT INTO `author`(`name`,`birthyear`,`deathyear`) VALUES('Abbie Dolinger','1956','2027');
INSERT INTO `author_book`(`author`, `entryid`) VALUES ('Abbie Dolinger','2478');
INSERT INTO `publisher_book`(`publisher`, `entryid`) VALUES ('Matise Cooperations.','2478');
INSERT INTO `entry`(`entryid`,`type`) VALUES('2479','b');
INSERT INTO `book`(`title`,`entryid`,`isbn`,`type`) VALUES('Otter of the Air','2479','9247907109179','e');
INSERT INTO `genre_book`(`genre`, `entryid`) VALUES ('Adventure','2479');
INSERT INTO `author`(`name`,`birthyear`,`deathyear`) VALUES('Frances Korff','1975','2052');
INSERT INTO `author_book`(`author`, `entryid`) VALUES ('Frances Korff','2479');
INSERT INTO `publisher_book`(`publisher`, `entryid`) VALUES ('Six Publishers.','2479');
INSERT INTO `entry`(`entryid`,`type`) VALUES('2480','b');
INSERT INTO `book`(`title`,`entryid`,`isbn`,`type`) VALUES('Black and Lizard','2480','0298042423735','b');
INSERT INTO `genre_book`(`genre`, `entryid`) VALUES ('Thriller','2480');
INSERT INTO `author`(`name`,`birthyear`,`deathyear`) VALUES('Arla Harmond','1929','2012');
INSERT INTO `author_book`(`author`, `entryid`) VALUES ('Arla Harmond','2480');
INSERT INTO `publisher_book`(`publisher`, `entryid`) VALUES ('Trish Inc.','2480');
INSERT INTO `entry`(`entryid`,`type`) VALUES('2481','b');
INSERT INTO `book`(`title`,`entryid`,`isbn`,`type`) VALUES('Magician with the visional Lycra','2481','0895422976727','e');
INSERT INTO `genre_book`(`genre`, `entryid`) VALUES ('Science','2481');
INSERT INTO `author_book`(`author`, `entryid`) VALUES ('Vena Jellings','2481');
INSERT INTO `publisher_book`(`publisher`, `entryid`) VALUES ('Durousseau Inc.','2481');
INSERT INTO `entry`(`entryid`,`type`) VALUES('2482','b');
INSERT INTO `book`(`title`,`entryid`,`isbn`,`type`) VALUES('Withdrawal in the wiretap Satin','2482','9160053238944','e');
INSERT INTO `genre_book`(`genre`, `entryid`) VALUES ('Thriller','2482');
INSERT INTO `author`(`name`,`birthyear`,`deathyear`) VALUES('Janessa Plett','1928','1995');
INSERT INTO `author_book`(`author`, `entryid`) VALUES ('Janessa Plett','2482');
INSERT INTO `publisher`(`name`) VALUES ('Munaz Publishers.');
INSERT INTO `publisher_book`(`publisher`, `entryid`) VALUES ('Munaz Publishers.','2482');
INSERT INTO `entry`(`entryid`,`type`) VALUES('2483','b');
INSERT INTO `book`(`title`,`entryid`,`isbn`,`type`) VALUES('Amusement to gladdened Olive','2483','0113211974990','e');
INSERT INTO `genre_book`(`genre`, `entryid`) VALUES ('Adventure','2483');
INSERT INTO `author`(`name`,`birthyear`,`deathyear`) VALUES('Noemi Manlangit','1883','1935');
INSERT INTO `author_book`(`author`, `entryid`) VALUES ('Noemi Manlangit','2483');
INSERT INTO `publisher_book`(`publisher`, `entryid`) VALUES ('Caspi Inc.','2483');
INSERT INTO `entry`(`entryid`,`type`) VALUES('2484','b');
INSERT INTO `book`(`title`,`entryid`,`isbn`,`type`) VALUES('Preface by the boskier Birthday','2484','0788352299475','j');
INSERT INTO `genre_book`(`genre`, `entryid`) VALUES ('Adventure','2484');
INSERT INTO `author`(`name`,`birthyear`,`deathyear`) VALUES('Theresia Crossan','1919','1988');
INSERT INTO `author_book`(`author`, `entryid`) VALUES ('Theresia Crossan','2484');
INSERT INTO `publisher_book`(`publisher`, `entryid`) VALUES ('Moritz Cooperations.','2484');
INSERT INTO `entry`(`entryid`,`type`) VALUES('2485','b');
INSERT INTO `book`(`title`,`entryid`,`isbn`,`type`) VALUES('Step-brother and the endosmotic Alphabet','2485','9009819492997','j');
INSERT INTO `genre_book`(`genre`, `entryid`) VALUES ('Adventure','2485');
INSERT INTO `author_book`(`author`, `entryid`) VALUES ('Lizbeth Dalziel','2485');
INSERT INTO `publisher_book`(`publisher`, `entryid`) VALUES ('Egley Cooperations.','2485');
INSERT INTO `entry`(`entryid`,`type`) VALUES('2486','b');
INSERT INTO `book`(`title`,`entryid`,`isbn`,`type`) VALUES('Thought by History','2486','0880559876320','j');
INSERT INTO `genre_book`(`genre`, `entryid`) VALUES ('Horror','2486');
INSERT INTO `author_book`(`author`, `entryid`) VALUES ('Rhiannon Stonehouse','2486');
INSERT INTO `publisher_book`(`publisher`, `entryid`) VALUES ('Wolfer Cooperations.','2486');
INSERT INTO `entry`(`entryid`,`type`) VALUES('2487','b');
INSERT INTO `book`(`title`,`entryid`,`isbn`,`type`) VALUES('Asterisk against the Europe','2487','0621414885223','b');
INSERT INTO `genre_book`(`genre`, `entryid`) VALUES ('Horror','2487');
INSERT INTO `author`(`name`,`birthyear`,`deathyear`) VALUES('Thelma Liebelt','1947','2047');
INSERT INTO `author_book`(`author`, `entryid`) VALUES ('Thelma Liebelt','2487');
INSERT INTO `publisher_book`(`publisher`, `entryid`) VALUES ('Todaro Cooperations.','2487');
INSERT INTO `entry`(`entryid`,`type`) VALUES('2488','b');
INSERT INTO `book`(`title`,`entryid`,`isbn`,`type`) VALUES('Nickel by the Chef','2488','9393555151878','j');
INSERT INTO `genre_book`(`genre`, `entryid`) VALUES ('Science','2488');
INSERT INTO `author`(`name`,`birthyear`,`deathyear`) VALUES('Jamie Rohling','1921','1977');
INSERT INTO `author_book`(`author`, `entryid`) VALUES ('Jamie Rohling','2488');
INSERT INTO `publisher_book`(`publisher`, `entryid`) VALUES ('Rudolph Cooperations.','2488');
INSERT INTO `entry`(`entryid`,`type`) VALUES('2489','b');
INSERT INTO `book`(`title`,`entryid`,`isbn`,`type`) VALUES('Toilet in the spindly Kale','2489','0627761070086','j');
INSERT INTO `genre_book`(`genre`, `entryid`) VALUES ('Science','2489');
INSERT INTO `author_book`(`author`, `entryid`) VALUES ('Alonso Legendre','2489');
INSERT INTO `publisher`(`name`) VALUES ('Landacre Inc.');
INSERT INTO `publisher_book`(`publisher`, `entryid`) VALUES ('Landacre Inc.','2489');
INSERT INTO `entry`(`entryid`,`type`) VALUES('2490','b');
INSERT INTO `book`(`title`,`entryid`,`isbn`,`type`) VALUES('Bow and ineradicable Leopard','2490','9654795545647','e');
INSERT INTO `genre_book`(`genre`, `entryid`) VALUES ('Romance','2490');
INSERT INTO `author_book`(`author`, `entryid`) VALUES ('Fredrick Zoelle','2490');
INSERT INTO `publisher_book`(`publisher`, `entryid`) VALUES ('Raetz Publishers.','2490');
INSERT INTO `entry`(`entryid`,`type`) VALUES('2491','b');
INSERT INTO `book`(`title`,`entryid`,`isbn`,`type`) VALUES('Tax to the Stepson','2491','0260231395071','b');
INSERT INTO `genre_book`(`genre`, `entryid`) VALUES ('Education','2491');
INSERT INTO `author`(`name`,`birthyear`,`deathyear`) VALUES('Rosette Severtson','1972','2010');
INSERT INTO `author_book`(`author`, `entryid`) VALUES ('Rosette Severtson','2491');
INSERT INTO `publisher_book`(`publisher`, `entryid`) VALUES ('Bouvier Cooperations.','2491');
INSERT INTO `entry`(`entryid`,`type`) VALUES('2492','b');
INSERT INTO `book`(`title`,`entryid`,`isbn`,`type`) VALUES('Word for steamiest Adjustment','2492','0744259516204','b');
INSERT INTO `genre_book`(`genre`, `entryid`) VALUES ('Adventure','2492');
INSERT INTO `author_book`(`author`, `entryid`) VALUES ('Daysi Spitler','2492');
INSERT INTO `publisher_book`(`publisher`, `entryid`) VALUES ('Marth Cooperations.','2492');
INSERT INTO `entry`(`entryid`,`type`) VALUES('2493','b');
INSERT INTO `book`(`title`,`entryid`,`isbn`,`type`) VALUES('Paperback and Mustard','2493','0730660843552','b');
INSERT INTO `genre_book`(`genre`, `entryid`) VALUES ('Romance','2493');
INSERT INTO `author`(`name`,`birthyear`,`deathyear`) VALUES('Rosalie Bunkers','1972','2019');
INSERT INTO `author_book`(`author`, `entryid`) VALUES ('Rosalie Bunkers','2493');
INSERT INTO `publisher_book`(`publisher`, `entryid`) VALUES ('Tutoky Cooperations.','2493');
INSERT INTO `entry`(`entryid`,`type`) VALUES('2494','b');
INSERT INTO `book`(`title`,`entryid`,`isbn`,`type`) VALUES('Avenue of the Peony','2494','9834643296986','j');
INSERT INTO `genre_book`(`genre`, `entryid`) VALUES ('Romance','2494');
INSERT INTO `author`(`name`,`birthyear`,`deathyear`) VALUES('Larry Lanuza','1921','1942');
INSERT INTO `author_book`(`author`, `entryid`) VALUES ('Larry Lanuza','2494');
INSERT INTO `publisher_book`(`publisher`, `entryid`) VALUES ('Fattig Inc.','2494');
INSERT INTO `entry`(`entryid`,`type`) VALUES('2495','b');
INSERT INTO `book`(`title`,`entryid`,`isbn`,`type`) VALUES('Invoice of Pocket','2495','9319850368054','e');
INSERT INTO `genre_book`(`genre`, `entryid`) VALUES ('Horror','2495');
INSERT INTO `author_book`(`author`, `entryid`) VALUES ('Arnulfo Michand','2495');
INSERT INTO `publisher_book`(`publisher`, `entryid`) VALUES ('Wood Inc.','2495');
INSERT INTO `entry`(`entryid`,`type`) VALUES('2496','b');
INSERT INTO `book`(`title`,`entryid`,`isbn`,`type`) VALUES('Editor of unreturning North america','2496','9600189831909','e');
INSERT INTO `genre_book`(`genre`, `entryid`) VALUES ('Education','2496');
INSERT INTO `author`(`name`,`birthyear`,`deathyear`) VALUES('Delia Cordas','1965','2009');
INSERT INTO `author_book`(`author`, `entryid`) VALUES ('Delia Cordas','2496');
INSERT INTO `publisher_book`(`publisher`, `entryid`) VALUES ('Hendershott Publishers.','2496');
INSERT INTO `entry`(`entryid`,`type`) VALUES('2497','b');
INSERT INTO `book`(`title`,`entryid`,`isbn`,`type`) VALUES('Dungeon to Level','2497','9820474601417','j');
INSERT INTO `genre_book`(`genre`, `entryid`) VALUES ('Thriller','2497');
INSERT INTO `author_book`(`author`, `entryid`) VALUES ('Yuri Mercado','2497');
INSERT INTO `publisher_book`(`publisher`, `entryid`) VALUES ('Fannin Cooperations.','2497');
INSERT INTO `entry`(`entryid`,`type`) VALUES('2498','b');
INSERT INTO `book`(`title`,`entryid`,`isbn`,`type`) VALUES('Aftermath and the Food','2498','0066075079573','b');
INSERT INTO `genre_book`(`genre`, `entryid`) VALUES ('Horror','2498');
INSERT INTO `author`(`name`,`birthyear`,`deathyear`) VALUES('Danette Feirer','1941','2016');
INSERT INTO `author_book`(`author`, `entryid`) VALUES ('Danette Feirer','2498');
INSERT INTO `publisher`(`name`) VALUES ('Lucky Publishers.');
INSERT INTO `publisher_book`(`publisher`, `entryid`) VALUES ('Lucky Publishers.','2498');
INSERT INTO `entry`(`entryid`,`type`) VALUES('2499','b');
INSERT INTO `book`(`title`,`entryid`,`isbn`,`type`) VALUES('Bun against the companionless Argentina','2499','0642175681188','j');
INSERT INTO `genre_book`(`genre`, `entryid`) VALUES ('Romance','2499');
INSERT INTO `author`(`name`,`birthyear`,`deathyear`) VALUES('Tonya Darroch','1918','1979');
INSERT INTO `author_book`(`author`, `entryid`) VALUES ('Tonya Darroch','2499');
INSERT INTO `publisher_book`(`publisher`, `entryid`) VALUES ('Aiava Publishers.','2499');
INSERT INTO `entry`(`entryid`,`type`) VALUES('2500','b');
INSERT INTO `book`(`title`,`entryid`,`isbn`,`type`) VALUES('Ticket against the Approval','2500','9826686218560','e');
INSERT INTO `genre_book`(`genre`, `entryid`) VALUES ('Romance','2500');
INSERT INTO `author`(`name`,`birthyear`,`deathyear`) VALUES('Doretta Rushdan','1953','1999');
INSERT INTO `author_book`(`author`, `entryid`) VALUES ('Doretta Rushdan','2500');
INSERT INTO `publisher_book`(`publisher`, `entryid`) VALUES ('Youmans Cooperations.','2500');
INSERT INTO `entry`(`entryid`,`type`) VALUES('2501','b');
INSERT INTO `book`(`title`,`entryid`,`isbn`,`type`) VALUES('Degree and the set-up South korea','2501','0923660704650','b');
INSERT INTO `genre_book`(`genre`, `entryid`) VALUES ('Romance','2501');
INSERT INTO `author`(`name`,`birthyear`,`deathyear`) VALUES('Beryl Boemer','1941','2012');
INSERT INTO `author_book`(`author`, `entryid`) VALUES ('Beryl Boemer','2501');
INSERT INTO `publisher_book`(`publisher`, `entryid`) VALUES ('Bokanovich Publishers.','2501');
INSERT INTO `entry`(`entryid`,`type`) VALUES('2502','b');
INSERT INTO `book`(`title`,`entryid`,`isbn`,`type`) VALUES('Gateway against cardinal Instrument','2502','0977185772719','j');
INSERT INTO `genre_book`(`genre`, `entryid`) VALUES ('Romance','2502');
INSERT INTO `author`(`name`,`birthyear`,`deathyear`) VALUES('Linsey Higgens','1914','1999');
INSERT INTO `author_book`(`author`, `entryid`) VALUES ('Linsey Higgens','2502');
INSERT INTO `publisher`(`name`) VALUES ('Harbin Cooperations.');
INSERT INTO `publisher_book`(`publisher`, `entryid`) VALUES ('Harbin Cooperations.','2502');
INSERT INTO `entry`(`entryid`,`type`) VALUES('2503','b');
INSERT INTO `book`(`title`,`entryid`,`isbn`,`type`) VALUES('Shampoo in the Hardcover','2503','0710047417015','j');
INSERT INTO `genre_book`(`genre`, `entryid`) VALUES ('Horror','2503');
INSERT INTO `author`(`name`,`birthyear`,`deathyear`) VALUES('Dee Meltzer','1888','1961');
INSERT INTO `author_book`(`author`, `entryid`) VALUES ('Dee Meltzer','2503');
INSERT INTO `publisher_book`(`publisher`, `entryid`) VALUES ('Lund Inc.','2503');
INSERT INTO `entry`(`entryid`,`type`) VALUES('2504','b');
INSERT INTO `book`(`title`,`entryid`,`isbn`,`type`) VALUES('Ex-wife for the Addition','2504','9615533760539','j');
INSERT INTO `genre_book`(`genre`, `entryid`) VALUES ('Romance','2504');
INSERT INTO `author_book`(`author`, `entryid`) VALUES ('Doretta Rushdan','2504');
INSERT INTO `publisher`(`name`) VALUES ('Fonte Inc.');
INSERT INTO `publisher_book`(`publisher`, `entryid`) VALUES ('Fonte Inc.','2504');
INSERT INTO `entry`(`entryid`,`type`) VALUES('2505','b');
INSERT INTO `book`(`title`,`entryid`,`isbn`,`type`) VALUES('Business and the Chautauqua Smash','2505','9630388788919','j');
INSERT INTO `genre_book`(`genre`, `entryid`) VALUES ('Romance','2505');
INSERT INTO `author_book`(`author`, `entryid`) VALUES ('Martha Rucinski','2505');
INSERT INTO `publisher_book`(`publisher`, `entryid`) VALUES ('Betit Inc.','2505');
INSERT INTO `entry`(`entryid`,`type`) VALUES('2506','b');
INSERT INTO `book`(`title`,`entryid`,`isbn`,`type`) VALUES('Lamb to the irrigative Governor','2506','9219955179576','b');
INSERT INTO `genre_book`(`genre`, `entryid`) VALUES ('Horror','2506');
INSERT INTO `author_book`(`author`, `entryid`) VALUES ('Emmy Samuell','2506');
INSERT INTO `publisher`(`name`) VALUES ('Manzanero Inc.');
INSERT INTO `publisher_book`(`publisher`, `entryid`) VALUES ('Manzanero Inc.','2506');
INSERT INTO `entry`(`entryid`,`type`) VALUES('2507','b');
INSERT INTO `book`(`title`,`entryid`,`isbn`,`type`) VALUES('Sword against the Storm','2507','9637660105316','e');
INSERT INTO `genre_book`(`genre`, `entryid`) VALUES ('Romance','2507');
INSERT INTO `author`(`name`,`birthyear`,`deathyear`) VALUES('Yahaira Caliguire','1897','1922');
INSERT INTO `author_book`(`author`, `entryid`) VALUES ('Yahaira Caliguire','2507');
INSERT INTO `publisher_book`(`publisher`, `entryid`) VALUES ('Hollner Publishers.','2507');
INSERT INTO `entry`(`entryid`,`type`) VALUES('2508','b');
INSERT INTO `book`(`title`,`entryid`,`isbn`,`type`) VALUES('Susan for Bail','2508','0628995555193','b');
INSERT INTO `genre_book`(`genre`, `entryid`) VALUES ('Horror','2508');
INSERT INTO `author`(`name`,`birthyear`,`deathyear`) VALUES('Dorothea Pribnow','1958','2011');
INSERT INTO `author_book`(`author`, `entryid`) VALUES ('Dorothea Pribnow','2508');
INSERT INTO `publisher`(`name`) VALUES ('Katzaman Cooperations.');
INSERT INTO `publisher_book`(`publisher`, `entryid`) VALUES ('Katzaman Cooperations.','2508');
INSERT INTO `entry`(`entryid`,`type`) VALUES('2509','b');
INSERT INTO `book`(`title`,`entryid`,`isbn`,`type`) VALUES('Condor for Fireplace','2509','0620006351638','e');
INSERT INTO `genre_book`(`genre`, `entryid`) VALUES ('Horror','2509');
INSERT INTO `author_book`(`author`, `entryid`) VALUES ('Andra Bonneville','2509');
INSERT INTO `publisher`(`name`) VALUES ('Trobaugh Publishers.');
INSERT INTO `publisher_book`(`publisher`, `entryid`) VALUES ('Trobaugh Publishers.','2509');
INSERT INTO `entry`(`entryid`,`type`) VALUES('2510','b');
INSERT INTO `book`(`title`,`entryid`,`isbn`,`type`) VALUES('Beam for Screen','2510','0077972367956','b');
INSERT INTO `genre_book`(`genre`, `entryid`) VALUES ('Thriller','2510');
INSERT INTO `author_book`(`author`, `entryid`) VALUES ('Jerrell Nicoll','2510');
INSERT INTO `publisher_book`(`publisher`, `entryid`) VALUES ('Blan Inc.','2510');
INSERT INTO `entry`(`entryid`,`type`) VALUES('2511','b');
INSERT INTO `book`(`title`,`entryid`,`isbn`,`type`) VALUES('Breakfast vs. vaunted Insulation','2511','9037372144375','e');
INSERT INTO `genre_book`(`genre`, `entryid`) VALUES ('Horror','2511');
INSERT INTO `author`(`name`,`birthyear`,`deathyear`) VALUES('Margaret Shelite','1963','1989');
INSERT INTO `author_book`(`author`, `entryid`) VALUES ('Margaret Shelite','2511');
INSERT INTO `publisher_book`(`publisher`, `entryid`) VALUES ('Caspi Inc.','2511');
INSERT INTO `entry`(`entryid`,`type`) VALUES('2512','b');
INSERT INTO `book`(`title`,`entryid`,`isbn`,`type`) VALUES('Flesh in the Competitor','2512','9602598562485','b');
INSERT INTO `genre_book`(`genre`, `entryid`) VALUES ('Education','2512');
INSERT INTO `author`(`name`,`birthyear`,`deathyear`) VALUES('Siu Barda','1880','1948');
INSERT INTO `author_book`(`author`, `entryid`) VALUES ('Siu Barda','2512');
INSERT INTO `publisher_book`(`publisher`, `entryid`) VALUES ('Grabo Cooperations.','2512');
INSERT INTO `entry`(`entryid`,`type`) VALUES('2513','b');
INSERT INTO `book`(`title`,`entryid`,`isbn`,`type`) VALUES('Yacht with pug-nose Front','2513','9752654709755','b');
INSERT INTO `genre_book`(`genre`, `entryid`) VALUES ('Thriller','2513');
INSERT INTO `author_book`(`author`, `entryid`) VALUES ('Doreen Bonsall','2513');
INSERT INTO `publisher_book`(`publisher`, `entryid`) VALUES ('Weymouth Inc.','2513');
INSERT INTO `entry`(`entryid`,`type`) VALUES('2514','b');
INSERT INTO `book`(`title`,`entryid`,`isbn`,`type`) VALUES('Grape with Tiger','2514','9327672939053','j');
INSERT INTO `genre_book`(`genre`, `entryid`) VALUES ('Sci-Fi','2514');
INSERT INTO `author`(`name`,`birthyear`,`deathyear`) VALUES('Sachiko Higham','1913','1941');
INSERT INTO `author_book`(`author`, `entryid`) VALUES ('Sachiko Higham','2514');
INSERT INTO `publisher_book`(`publisher`, `entryid`) VALUES ('Oieda Inc.','2514');
INSERT INTO `entry`(`entryid`,`type`) VALUES('2515','b');
INSERT INTO `book`(`title`,`entryid`,`isbn`,`type`) VALUES('Polyester with the leeward Drake','2515','9513921766649','j');
INSERT INTO `genre_book`(`genre`, `entryid`) VALUES ('Horror','2515');
INSERT INTO `author`(`name`,`birthyear`,`deathyear`) VALUES('Virginia Blakey','1946','1984');
INSERT INTO `author_book`(`author`, `entryid`) VALUES ('Virginia Blakey','2515');
INSERT INTO `publisher`(`name`) VALUES ('Hurtgen Inc.');
INSERT INTO `publisher_book`(`publisher`, `entryid`) VALUES ('Hurtgen Inc.','2515');
INSERT INTO `entry`(`entryid`,`type`) VALUES('2516','b');
INSERT INTO `book`(`title`,`entryid`,`isbn`,`type`) VALUES('Rocket with Celeste','2516','9296378073467','j');
INSERT INTO `genre_book`(`genre`, `entryid`) VALUES ('Science','2516');
INSERT INTO `author`(`name`,`birthyear`,`deathyear`) VALUES('Ayanna Hamano','1929','1967');
INSERT INTO `author_book`(`author`, `entryid`) VALUES ('Ayanna Hamano','2516');
INSERT INTO `publisher_book`(`publisher`, `entryid`) VALUES ('Reeber Inc.','2516');
INSERT INTO `entry`(`entryid`,`type`) VALUES('2517','b');
INSERT INTO `book`(`title`,`entryid`,`isbn`,`type`) VALUES('Litter to sebaceous Yogurt','2517','9806789470916','j');
INSERT INTO `genre_book`(`genre`, `entryid`) VALUES ('Adventure','2517');
INSERT INTO `author`(`name`,`birthyear`,`deathyear`) VALUES('Rhea Almajhoub','1880','1910');
INSERT INTO `author_book`(`author`, `entryid`) VALUES ('Rhea Almajhoub','2517');
INSERT INTO `publisher_book`(`publisher`, `entryid`) VALUES ('Vote Publishers.','2517');
INSERT INTO `entry`(`entryid`,`type`) VALUES('2518','b');
INSERT INTO `book`(`title`,`entryid`,`isbn`,`type`) VALUES('Mailman of the Waiter','2518','9654598095961','e');
INSERT INTO `genre_book`(`genre`, `entryid`) VALUES ('Romance','2518');
INSERT INTO `author_book`(`author`, `entryid`) VALUES ('Nena Redburn','2518');
INSERT INTO `publisher_book`(`publisher`, `entryid`) VALUES ('Cygan Inc.','2518');
INSERT INTO `entry`(`entryid`,`type`) VALUES('2519','b');
INSERT INTO `book`(`title`,`entryid`,`isbn`,`type`) VALUES('Love and the Blood','2519','9186013496650','e');
INSERT INTO `genre_book`(`genre`, `entryid`) VALUES ('Thriller','2519');
INSERT INTO `author`(`name`,`birthyear`,`deathyear`) VALUES('Rene Bronsky','1934','2014');
INSERT INTO `author_book`(`author`, `entryid`) VALUES ('Rene Bronsky','2519');
INSERT INTO `publisher_book`(`publisher`, `entryid`) VALUES ('Pudenz Inc.','2519');
INSERT INTO `entry`(`entryid`,`type`) VALUES('2520','b');
INSERT INTO `book`(`title`,`entryid`,`isbn`,`type`) VALUES('Caution in the Pantry','2520','9583513414880','b');
INSERT INTO `genre_book`(`genre`, `entryid`) VALUES ('Romance','2520');
INSERT INTO `author`(`name`,`birthyear`,`deathyear`) VALUES('Arvilla Springs','1978','2015');
INSERT INTO `author_book`(`author`, `entryid`) VALUES ('Arvilla Springs','2520');
INSERT INTO `publisher`(`name`) VALUES ('Rasco Inc.');
INSERT INTO `publisher_book`(`publisher`, `entryid`) VALUES ('Rasco Inc.','2520');
INSERT INTO `entry`(`entryid`,`type`) VALUES('2521','b');
INSERT INTO `book`(`title`,`entryid`,`isbn`,`type`) VALUES('Cloth and the instructional Element','2521','9465702194871','j');
INSERT INTO `genre_book`(`genre`, `entryid`) VALUES ('Education','2521');
INSERT INTO `author`(`name`,`birthyear`,`deathyear`) VALUES('Marilyn Treder','1932','2025');
INSERT INTO `author_book`(`author`, `entryid`) VALUES ('Marilyn Treder','2521');
INSERT INTO `publisher_book`(`publisher`, `entryid`) VALUES ('Chavez Publishers.','2521');
INSERT INTO `entry`(`entryid`,`type`) VALUES('2522','b');
INSERT INTO `book`(`title`,`entryid`,`isbn`,`type`) VALUES('Operation to laurelled Lyocell','2522','0243809270052','j');
INSERT INTO `genre_book`(`genre`, `entryid`) VALUES ('Thriller','2522');
INSERT INTO `author_book`(`author`, `entryid`) VALUES ('Broderick Leduke','2522');
INSERT INTO `publisher_book`(`publisher`, `entryid`) VALUES ('Cobden Publishers.','2522');
INSERT INTO `entry`(`entryid`,`type`) VALUES('2523','b');
INSERT INTO `book`(`title`,`entryid`,`isbn`,`type`) VALUES('Expert and the wroth Piano','2523','9447871098860','b');
INSERT INTO `genre_book`(`genre`, `entryid`) VALUES ('Thriller','2523');
INSERT INTO `author`(`name`,`birthyear`,`deathyear`) VALUES('Yuette Fallo','1884','1935');
INSERT INTO `author_book`(`author`, `entryid`) VALUES ('Yuette Fallo','2523');
INSERT INTO `publisher_book`(`publisher`, `entryid`) VALUES ('Excell Inc.','2523');
INSERT INTO `entry`(`entryid`,`type`) VALUES('2524','b');
INSERT INTO `book`(`title`,`entryid`,`isbn`,`type`) VALUES('Faucet and lowlier Tail','2524','0446013301074','b');
INSERT INTO `genre_book`(`genre`, `entryid`) VALUES ('Romance','2524');
INSERT INTO `author`(`name`,`birthyear`,`deathyear`) VALUES('Esther Maleski','1911','1946');
INSERT INTO `author_book`(`author`, `entryid`) VALUES ('Esther Maleski','2524');
INSERT INTO `publisher`(`name`) VALUES ('Holland Publishers.');
INSERT INTO `publisher_book`(`publisher`, `entryid`) VALUES ('Holland Publishers.','2524');
INSERT INTO `entry`(`entryid`,`type`) VALUES('2525','b');
INSERT INTO `book`(`title`,`entryid`,`isbn`,`type`) VALUES('Drain of irrigational Cry','2525','9450852836535','e');
INSERT INTO `genre_book`(`genre`, `entryid`) VALUES ('Horror','2525');
INSERT INTO `author`(`name`,`birthyear`,`deathyear`) VALUES('Delcie Mclemore','1914','1940');
INSERT INTO `author_book`(`author`, `entryid`) VALUES ('Delcie Mclemore','2525');
INSERT INTO `publisher_book`(`publisher`, `entryid`) VALUES ('Lampson Inc.','2525');
INSERT INTO `entry`(`entryid`,`type`) VALUES('2526','b');
INSERT INTO `book`(`title`,`entryid`,`isbn`,`type`) VALUES('Town by the nudicaul Ruth','2526','0135436063574','e');
INSERT INTO `genre_book`(`genre`, `entryid`) VALUES ('Horror','2526');
INSERT INTO `author`(`name`,`birthyear`,`deathyear`) VALUES('Deandre Pankhurst','1966','2056');
INSERT INTO `author_book`(`author`, `entryid`) VALUES ('Deandre Pankhurst','2526');
INSERT INTO `publisher_book`(`publisher`, `entryid`) VALUES ('Maury Publishers.','2526');
INSERT INTO `entry`(`entryid`,`type`) VALUES('2527','b');
INSERT INTO `book`(`title`,`entryid`,`isbn`,`type`) VALUES('Mother in America','2527','9995015941847','j');
INSERT INTO `genre_book`(`genre`, `entryid`) VALUES ('Adventure','2527');
INSERT INTO `author`(`name`,`birthyear`,`deathyear`) VALUES('Vesta Wurst','1976','2052');
INSERT INTO `author_book`(`author`, `entryid`) VALUES ('Vesta Wurst','2527');
INSERT INTO `publisher_book`(`publisher`, `entryid`) VALUES ('Kopf Cooperations.','2527');
INSERT INTO `entry`(`entryid`,`type`) VALUES('2528','b');
INSERT INTO `book`(`title`,`entryid`,`isbn`,`type`) VALUES('Panther against the Engineering','2528','0290890187550','j');
INSERT INTO `genre_book`(`genre`, `entryid`) VALUES ('Sci-Fi','2528');
INSERT INTO `author`(`name`,`birthyear`,`deathyear`) VALUES('Markita Linz','1932','1985');
INSERT INTO `author_book`(`author`, `entryid`) VALUES ('Markita Linz','2528');
INSERT INTO `publisher_book`(`publisher`, `entryid`) VALUES ('Gallegos Publishers.','2528');
INSERT INTO `entry`(`entryid`,`type`) VALUES('2529','b');
INSERT INTO `book`(`title`,`entryid`,`isbn`,`type`) VALUES('Meat and Pvc','2529','9049575569423','j');
INSERT INTO `genre_book`(`genre`, `entryid`) VALUES ('Education','2529');
INSERT INTO `author_book`(`author`, `entryid`) VALUES ('Melita Darmody','2529');
INSERT INTO `publisher_book`(`publisher`, `entryid`) VALUES ('Wojtowich Publishers.','2529');
INSERT INTO `entry`(`entryid`,`type`) VALUES('2530','b');
INSERT INTO `book`(`title`,`entryid`,`isbn`,`type`) VALUES('Cannon and the Shape','2530','9188338898431','b');
INSERT INTO `genre_book`(`genre`, `entryid`) VALUES ('Thriller','2530');
INSERT INTO `author_book`(`author`, `entryid`) VALUES ('Jocelyn Daguio','2530');
INSERT INTO `publisher_book`(`publisher`, `entryid`) VALUES ('Wooderson Inc.','2530');
INSERT INTO `entry`(`entryid`,`type`) VALUES('2531','b');
INSERT INTO `book`(`title`,`entryid`,`isbn`,`type`) VALUES('Season with Giant','2531','9118727997876','b');
INSERT INTO `genre_book`(`genre`, `entryid`) VALUES ('Education','2531');
INSERT INTO `author`(`name`,`birthyear`,`deathyear`) VALUES('Dean Madan','1965','2018');
INSERT INTO `author_book`(`author`, `entryid`) VALUES ('Dean Madan','2531');
INSERT INTO `publisher_book`(`publisher`, `entryid`) VALUES ('Cregeen Inc.','2531');
INSERT INTO `entry`(`entryid`,`type`) VALUES('2532','b');
INSERT INTO `book`(`title`,`entryid`,`isbn`,`type`) VALUES('Mint vs. anthroposophical River','2532','9784267864737','j');
INSERT INTO `genre_book`(`genre`, `entryid`) VALUES ('Adventure','2532');
INSERT INTO `author`(`name`,`birthyear`,`deathyear`) VALUES('Bethann Zinda','1953','2011');
INSERT INTO `author_book`(`author`, `entryid`) VALUES ('Bethann Zinda','2532');
INSERT INTO `publisher_book`(`publisher`, `entryid`) VALUES ('Rochford Cooperations.','2532');
INSERT INTO `entry`(`entryid`,`type`) VALUES('2533','b');
INSERT INTO `book`(`title`,`entryid`,`isbn`,`type`) VALUES('Team of dystonic Trumpet','2533','0849945400838','e');
INSERT INTO `genre_book`(`genre`, `entryid`) VALUES ('Adventure','2533');
INSERT INTO `author_book`(`author`, `entryid`) VALUES ('Candice Ridinger','2533');
INSERT INTO `publisher_book`(`publisher`, `entryid`) VALUES ('Yasurek Cooperations.','2533');
INSERT INTO `entry`(`entryid`,`type`) VALUES('2534','b');
INSERT INTO `book`(`title`,`entryid`,`isbn`,`type`) VALUES('Flame of the undisciplined Sidecar','2534','0353854032045','b');
INSERT INTO `genre_book`(`genre`, `entryid`) VALUES ('Romance','2534');
INSERT INTO `author`(`name`,`birthyear`,`deathyear`) VALUES('Cecilia Sarli','1883','1910');
INSERT INTO `author_book`(`author`, `entryid`) VALUES ('Cecilia Sarli','2534');
INSERT INTO `publisher`(`name`) VALUES ('Hengel Inc.');
INSERT INTO `publisher_book`(`publisher`, `entryid`) VALUES ('Hengel Inc.','2534');
INSERT INTO `entry`(`entryid`,`type`) VALUES('2535','b');
INSERT INTO `book`(`title`,`entryid`,`isbn`,`type`) VALUES('Dish of Magazine','2535','9301944213296','b');
INSERT INTO `genre_book`(`genre`, `entryid`) VALUES ('Sci-Fi','2535');
INSERT INTO `author_book`(`author`, `entryid`) VALUES ('Alease Marash','2535');
INSERT INTO `publisher_book`(`publisher`, `entryid`) VALUES ('Brassard Inc.','2535');
INSERT INTO `entry`(`entryid`,`type`) VALUES('2536','b');
INSERT INTO `book`(`title`,`entryid`,`isbn`,`type`) VALUES('Accelerator for retirement Bamboo','2536','9638560773074','b');
INSERT INTO `genre_book`(`genre`, `entryid`) VALUES ('Adventure','2536');
INSERT INTO `author`(`name`,`birthyear`,`deathyear`) VALUES('Wava War','1914','1949');
INSERT INTO `author_book`(`author`, `entryid`) VALUES ('Wava War','2536');
INSERT INTO `publisher_book`(`publisher`, `entryid`) VALUES ('Lampson Inc.','2536');
INSERT INTO `entry`(`entryid`,`type`) VALUES('2537','b');
INSERT INTO `book`(`title`,`entryid`,`isbn`,`type`) VALUES('Swedish in the agglomerated Straw','2537','9050915976694','e');
INSERT INTO `genre_book`(`genre`, `entryid`) VALUES ('Education','2537');
INSERT INTO `author`(`name`,`birthyear`,`deathyear`) VALUES('Nenita Morrone','1939','2037');
INSERT INTO `author_book`(`author`, `entryid`) VALUES ('Nenita Morrone','2537');
INSERT INTO `publisher_book`(`publisher`, `entryid`) VALUES ('Chamorro Publishers.','2537');
INSERT INTO `entry`(`entryid`,`type`) VALUES('2538','b');
INSERT INTO `book`(`title`,`entryid`,`isbn`,`type`) VALUES('Design with the Purpose','2538','9322887772927','j');
INSERT INTO `genre_book`(`genre`, `entryid`) VALUES ('Adventure','2538');
INSERT INTO `author`(`name`,`birthyear`,`deathyear`) VALUES('Layne Hoeppner','1964','2047');
INSERT INTO `author_book`(`author`, `entryid`) VALUES ('Layne Hoeppner','2538');
INSERT INTO `publisher`(`name`) VALUES ('Aslett Publishers.');
INSERT INTO `publisher_book`(`publisher`, `entryid`) VALUES ('Aslett Publishers.','2538');
INSERT INTO `entry`(`entryid`,`type`) VALUES('2539','b');
INSERT INTO `book`(`title`,`entryid`,`isbn`,`type`) VALUES('France with the osteological Raincoat','2539','0966985564874','b');
INSERT INTO `genre_book`(`genre`, `entryid`) VALUES ('Science','2539');
INSERT INTO `author`(`name`,`birthyear`,`deathyear`) VALUES('Kurtis Salama','1880','1919');
INSERT INTO `author_book`(`author`, `entryid`) VALUES ('Kurtis Salama','2539');
INSERT INTO `publisher_book`(`publisher`, `entryid`) VALUES ('Mascio Cooperations.','2539');
INSERT INTO `entry`(`entryid`,`type`) VALUES('2540','b');
INSERT INTO `book`(`title`,`entryid`,`isbn`,`type`) VALUES('Double by the Gosling','2540','0937855906105','e');
INSERT INTO `genre_book`(`genre`, `entryid`) VALUES ('Romance','2540');
INSERT INTO `author`(`name`,`birthyear`,`deathyear`) VALUES('Celestina Pierrot','1909','1942');
INSERT INTO `author_book`(`author`, `entryid`) VALUES ('Celestina Pierrot','2540');
INSERT INTO `publisher`(`name`) VALUES ('Brownsworth Inc.');
INSERT INTO `publisher_book`(`publisher`, `entryid`) VALUES ('Brownsworth Inc.','2540');
INSERT INTO `entry`(`entryid`,`type`) VALUES('2541','b');
INSERT INTO `book`(`title`,`entryid`,`isbn`,`type`) VALUES('Key of the axile Addition','2541','9941353788499','e');
INSERT INTO `genre_book`(`genre`, `entryid`) VALUES ('Horror','2541');
INSERT INTO `author`(`name`,`birthyear`,`deathyear`) VALUES('Temika Dauria','1927','1970');
INSERT INTO `author_book`(`author`, `entryid`) VALUES ('Temika Dauria','2541');
INSERT INTO `publisher`(`name`) VALUES ('Rouch Publishers.');
INSERT INTO `publisher_book`(`publisher`, `entryid`) VALUES ('Rouch Publishers.','2541');
INSERT INTO `entry`(`entryid`,`type`) VALUES('2542','b');
INSERT INTO `book`(`title`,`entryid`,`isbn`,`type`) VALUES('Idea of irritative Syrup','2542','9665884892649','j');
INSERT INTO `genre_book`(`genre`, `entryid`) VALUES ('Sci-Fi','2542');
INSERT INTO `author_book`(`author`, `entryid`) VALUES ('Vida Covil','2542');
INSERT INTO `publisher_book`(`publisher`, `entryid`) VALUES ('Salvatori Inc.','2542');
INSERT INTO `entry`(`entryid`,`type`) VALUES('2543','b');
INSERT INTO `book`(`title`,`entryid`,`isbn`,`type`) VALUES('Snake by Shame','2543','9005899021269','j');
INSERT INTO `genre_book`(`genre`, `entryid`) VALUES ('Science','2543');
INSERT INTO `author`(`name`,`birthyear`,`deathyear`) VALUES('Marth Crady','1915','2012');
INSERT INTO `author_book`(`author`, `entryid`) VALUES ('Marth Crady','2543');
INSERT INTO `publisher`(`name`) VALUES ('Armada Cooperations.');
INSERT INTO `publisher_book`(`publisher`, `entryid`) VALUES ('Armada Cooperations.','2543');
INSERT INTO `entry`(`entryid`,`type`) VALUES('2544','b');
INSERT INTO `book`(`title`,`entryid`,`isbn`,`type`) VALUES('Tile and chagrined Hamster','2544','9087685150183','b');
INSERT INTO `genre_book`(`genre`, `entryid`) VALUES ('Horror','2544');
INSERT INTO `author`(`name`,`birthyear`,`deathyear`) VALUES('Bernice Lanfair','1953','2049');
INSERT INTO `author_book`(`author`, `entryid`) VALUES ('Bernice Lanfair','2544');
INSERT INTO `publisher_book`(`publisher`, `entryid`) VALUES ('Feigh Cooperations.','2544');
INSERT INTO `entry`(`entryid`,`type`) VALUES('2545','b');
INSERT INTO `book`(`title`,`entryid`,`isbn`,`type`) VALUES('Wholesaler to Fruit','2545','0253501852242','j');
INSERT INTO `genre_book`(`genre`, `entryid`) VALUES ('Romance','2545');
INSERT INTO `author`(`name`,`birthyear`,`deathyear`) VALUES('Fleta Minier','1910','1973');
INSERT INTO `author_book`(`author`, `entryid`) VALUES ('Fleta Minier','2545');
INSERT INTO `publisher_book`(`publisher`, `entryid`) VALUES ('Estrem Inc.','2545');
INSERT INTO `entry`(`entryid`,`type`) VALUES('2546','b');
INSERT INTO `book`(`title`,`entryid`,`isbn`,`type`) VALUES('Deal against feeble-minded Mirror','2546','0856783857976','b');
INSERT INTO `genre_book`(`genre`, `entryid`) VALUES ('Sci-Fi','2546');
INSERT INTO `author`(`name`,`birthyear`,`deathyear`) VALUES('Zoila Perrez','1953','2043');
INSERT INTO `author_book`(`author`, `entryid`) VALUES ('Zoila Perrez','2546');
INSERT INTO `publisher_book`(`publisher`, `entryid`) VALUES ('Birr Publishers.','2546');
INSERT INTO `entry`(`entryid`,`type`) VALUES('2547','b');
INSERT INTO `book`(`title`,`entryid`,`isbn`,`type`) VALUES('Lynx with unbalanced Museum','2547','9993727211944','b');
INSERT INTO `genre_book`(`genre`, `entryid`) VALUES ('Horror','2547');
INSERT INTO `author`(`name`,`birthyear`,`deathyear`) VALUES('Stefany Brodsky','1911','1960');
INSERT INTO `author_book`(`author`, `entryid`) VALUES ('Stefany Brodsky','2547');
INSERT INTO `publisher_book`(`publisher`, `entryid`) VALUES ('Cobden Publishers.','2547');
INSERT INTO `entry`(`entryid`,`type`) VALUES('2548','b');
INSERT INTO `book`(`title`,`entryid`,`isbn`,`type`) VALUES('Plastic to well-meaning Sock','2548','0740586284246','b');
INSERT INTO `genre_book`(`genre`, `entryid`) VALUES ('Horror','2548');
INSERT INTO `author_book`(`author`, `entryid`) VALUES ('Ayako Lebeda','2548');
INSERT INTO `publisher_book`(`publisher`, `entryid`) VALUES ('Marentez Inc.','2548');
INSERT INTO `entry`(`entryid`,`type`) VALUES('2549','b');
INSERT INTO `book`(`title`,`entryid`,`isbn`,`type`) VALUES('Flood to Penalty','2549','9460758192960','j');
INSERT INTO `genre_book`(`genre`, `entryid`) VALUES ('Education','2549');
INSERT INTO `author`(`name`,`birthyear`,`deathyear`) VALUES('Iris Yamat','1937','1993');
INSERT INTO `author_book`(`author`, `entryid`) VALUES ('Iris Yamat','2549');
INSERT INTO `publisher_book`(`publisher`, `entryid`) VALUES ('Valree Inc.','2549');
INSERT INTO `entry`(`entryid`,`type`) VALUES('2550','b');
INSERT INTO `book`(`title`,`entryid`,`isbn`,`type`) VALUES('Washer and the actinian Middle','2550','0790653966891','e');
INSERT INTO `genre_book`(`genre`, `entryid`) VALUES ('Science','2550');
INSERT INTO `author`(`name`,`birthyear`,`deathyear`) VALUES('Samual Edmison','1882','1944');
INSERT INTO `author_book`(`author`, `entryid`) VALUES ('Samual Edmison','2550');
INSERT INTO `publisher_book`(`publisher`, `entryid`) VALUES ('Franty Cooperations.','2550');
INSERT INTO `entry`(`entryid`,`type`) VALUES('2551','b');
INSERT INTO `book`(`title`,`entryid`,`isbn`,`type`) VALUES('Catsup with Technician','2551','0947787509690','e');
INSERT INTO `genre_book`(`genre`, `entryid`) VALUES ('Adventure','2551');
INSERT INTO `author`(`name`,`birthyear`,`deathyear`) VALUES('Korey Acy','1915','1985');
INSERT INTO `author_book`(`author`, `entryid`) VALUES ('Korey Acy','2551');
INSERT INTO `publisher_book`(`publisher`, `entryid`) VALUES ('Turnbow Cooperations.','2551');
INSERT INTO `entry`(`entryid`,`type`) VALUES('2552','b');
INSERT INTO `book`(`title`,`entryid`,`isbn`,`type`) VALUES('Silk for the deuteranopic Basin','2552','0569390303377','e');
INSERT INTO `genre_book`(`genre`, `entryid`) VALUES ('Thriller','2552');
INSERT INTO `author_book`(`author`, `entryid`) VALUES ('Daysi Spitler','2552');
INSERT INTO `publisher_book`(`publisher`, `entryid`) VALUES ('Balin Publishers.','2552');
INSERT INTO `entry`(`entryid`,`type`) VALUES('2553','b');
INSERT INTO `book`(`title`,`entryid`,`isbn`,`type`) VALUES('Gemini and ropable Cracker','2553','9541968925421','j');
INSERT INTO `genre_book`(`genre`, `entryid`) VALUES ('Adventure','2553');
INSERT INTO `author`(`name`,`birthyear`,`deathyear`) VALUES('Valerie Carlee','1913','2002');
INSERT INTO `author_book`(`author`, `entryid`) VALUES ('Valerie Carlee','2553');
INSERT INTO `publisher_book`(`publisher`, `entryid`) VALUES ('Simcox Publishers.','2553');
INSERT INTO `entry`(`entryid`,`type`) VALUES('2554','b');
INSERT INTO `book`(`title`,`entryid`,`isbn`,`type`) VALUES('Nephew by the snuffly Octagon','2554','0961749935786','e');
INSERT INTO `genre_book`(`genre`, `entryid`) VALUES ('Horror','2554');
INSERT INTO `author_book`(`author`, `entryid`) VALUES ('Doretta Rushdan','2554');
INSERT INTO `publisher_book`(`publisher`, `entryid`) VALUES ('Klumph Inc.','2554');
INSERT INTO `entry`(`entryid`,`type`) VALUES('2555','b');
INSERT INTO `book`(`title`,`entryid`,`isbn`,`type`) VALUES('Flight with the wary Makeup','2555','9694018303759','b');
INSERT INTO `genre_book`(`genre`, `entryid`) VALUES ('Horror','2555');
INSERT INTO `author`(`name`,`birthyear`,`deathyear`) VALUES('Leontine Molineaux','1974','2037');
INSERT INTO `author_book`(`author`, `entryid`) VALUES ('Leontine Molineaux','2555');
INSERT INTO `publisher`(`name`) VALUES ('Cerrito Inc.');
INSERT INTO `publisher_book`(`publisher`, `entryid`) VALUES ('Cerrito Inc.','2555');
INSERT INTO `entry`(`entryid`,`type`) VALUES('2556','b');
INSERT INTO `book`(`title`,`entryid`,`isbn`,`type`) VALUES('Sword by Vase','2556','0686608573326','j');
INSERT INTO `genre_book`(`genre`, `entryid`) VALUES ('Horror','2556');
INSERT INTO `author`(`name`,`birthyear`,`deathyear`) VALUES('Rolande Copass','1952','2023');
INSERT INTO `author_book`(`author`, `entryid`) VALUES ('Rolande Copass','2556');
INSERT INTO `publisher_book`(`publisher`, `entryid`) VALUES ('Holleran Cooperations.','2556');
INSERT INTO `entry`(`entryid`,`type`) VALUES('2557','b');
INSERT INTO `book`(`title`,`entryid`,`isbn`,`type`) VALUES('Brother-in-law with the Eggplant','2557','0069719646701','b');
INSERT INTO `genre_book`(`genre`, `entryid`) VALUES ('Education','2557');
INSERT INTO `author_book`(`author`, `entryid`) VALUES ('Inge Heggen','2557');
INSERT INTO `publisher_book`(`publisher`, `entryid`) VALUES ('Franty Cooperations.','2557');
INSERT INTO `entry`(`entryid`,`type`) VALUES('2558','b');
INSERT INTO `book`(`title`,`entryid`,`isbn`,`type`) VALUES('Singer against Soda','2558','0631771597560','j');
INSERT INTO `genre_book`(`genre`, `entryid`) VALUES ('Adventure','2558');
INSERT INTO `author`(`name`,`birthyear`,`deathyear`) VALUES('Edwin Tatu','1937','1980');
INSERT INTO `author_book`(`author`, `entryid`) VALUES ('Edwin Tatu','2558');
INSERT INTO `publisher`(`name`) VALUES ('Terrell Cooperations.');
INSERT INTO `publisher_book`(`publisher`, `entryid`) VALUES ('Terrell Cooperations.','2558');
INSERT INTO `entry`(`entryid`,`type`) VALUES('2559','b');
INSERT INTO `book`(`title`,`entryid`,`isbn`,`type`) VALUES('Mouse against the unsensualised Segment','2559','9507109457920','b');
INSERT INTO `genre_book`(`genre`, `entryid`) VALUES ('Thriller','2559');
INSERT INTO `author_book`(`author`, `entryid`) VALUES ('Erlinda Gartin','2559');
INSERT INTO `publisher_book`(`publisher`, `entryid`) VALUES ('Deckelman Cooperations.','2559');
INSERT INTO `entry`(`entryid`,`type`) VALUES('2560','b');
INSERT INTO `book`(`title`,`entryid`,`isbn`,`type`) VALUES('Education by whity Pin','2560','9444976291636','j');
INSERT INTO `genre_book`(`genre`, `entryid`) VALUES ('Sci-Fi','2560');
INSERT INTO `author`(`name`,`birthyear`,`deathyear`) VALUES('Loida Caballero','1915','1991');
INSERT INTO `author_book`(`author`, `entryid`) VALUES ('Loida Caballero','2560');
INSERT INTO `publisher_book`(`publisher`, `entryid`) VALUES ('Marentez Inc.','2560');
INSERT INTO `entry`(`entryid`,`type`) VALUES('2561','b');
INSERT INTO `book`(`title`,`entryid`,`isbn`,`type`) VALUES('Spain of Magician','2561','0681755104761','b');
INSERT INTO `genre_book`(`genre`, `entryid`) VALUES ('Romance','2561');
INSERT INTO `author`(`name`,`birthyear`,`deathyear`) VALUES('Terrence Asamoah','1916','1996');
INSERT INTO `author_book`(`author`, `entryid`) VALUES ('Terrence Asamoah','2561');
INSERT INTO `publisher`(`name`) VALUES ('Hooey Inc.');
INSERT INTO `publisher_book`(`publisher`, `entryid`) VALUES ('Hooey Inc.','2561');
INSERT INTO `entry`(`entryid`,`type`) VALUES('2562','b');
INSERT INTO `book`(`title`,`entryid`,`isbn`,`type`) VALUES('Vacation of unlet Distribution','2562','0179689450321','j');
INSERT INTO `genre_book`(`genre`, `entryid`) VALUES ('Education','2562');
INSERT INTO `author_book`(`author`, `entryid`) VALUES ('Mayme Kovach','2562');
INSERT INTO `publisher_book`(`publisher`, `entryid`) VALUES ('Brassard Inc.','2562');
INSERT INTO `entry`(`entryid`,`type`) VALUES('2563','b');
INSERT INTO `book`(`title`,`entryid`,`isbn`,`type`) VALUES('Certification because of posttraumatic Alibi','2563','0622873764241','e');
INSERT INTO `genre_book`(`genre`, `entryid`) VALUES ('Education','2563');
INSERT INTO `author_book`(`author`, `entryid`) VALUES ('Ryan Hangartner','2563');
INSERT INTO `publisher_book`(`publisher`, `entryid`) VALUES ('Haken Inc.','2563');
INSERT INTO `entry`(`entryid`,`type`) VALUES('2564','b');
INSERT INTO `book`(`title`,`entryid`,`isbn`,`type`) VALUES('Server in Fairies','2564','0663964225465','j');
INSERT INTO `genre_book`(`genre`, `entryid`) VALUES ('Thriller','2564');
INSERT INTO `author`(`name`,`birthyear`,`deathyear`) VALUES('Merry Krolikowski','1888','1908');
INSERT INTO `author_book`(`author`, `entryid`) VALUES ('Merry Krolikowski','2564');
INSERT INTO `publisher`(`name`) VALUES ('Kasa Publishers.');
INSERT INTO `publisher_book`(`publisher`, `entryid`) VALUES ('Kasa Publishers.','2564');
INSERT INTO `entry`(`entryid`,`type`) VALUES('2565','b');
INSERT INTO `book`(`title`,`entryid`,`isbn`,`type`) VALUES('Anime with Competition','2565','9639704789312','j');
INSERT INTO `genre_book`(`genre`, `entryid`) VALUES ('Sci-Fi','2565');
INSERT INTO `author`(`name`,`birthyear`,`deathyear`) VALUES('Lorean Spillman','1974','2003');
INSERT INTO `author_book`(`author`, `entryid`) VALUES ('Lorean Spillman','2565');
INSERT INTO `publisher_book`(`publisher`, `entryid`) VALUES ('Luangamath Inc.','2565');
INSERT INTO `entry`(`entryid`,`type`) VALUES('2566','b');
INSERT INTO `book`(`title`,`entryid`,`isbn`,`type`) VALUES('Step-father in unburrowed Answer','2566','0380031787595','b');
INSERT INTO `genre_book`(`genre`, `entryid`) VALUES ('Romance','2566');
INSERT INTO `author`(`name`,`birthyear`,`deathyear`) VALUES('Mabel Justo','1966','2016');
INSERT INTO `author_book`(`author`, `entryid`) VALUES ('Mabel Justo','2566');
INSERT INTO `publisher_book`(`publisher`, `entryid`) VALUES ('Ruggero Cooperations.','2566');
INSERT INTO `entry`(`entryid`,`type`) VALUES('2567','b');
INSERT INTO `book`(`title`,`entryid`,`isbn`,`type`) VALUES('Tempo in the Hot','2567','0978455268571','b');
INSERT INTO `genre_book`(`genre`, `entryid`) VALUES ('Sci-Fi','2567');
INSERT INTO `author`(`name`,`birthyear`,`deathyear`) VALUES('Venus Holliday','1895','1943');
INSERT INTO `author_book`(`author`, `entryid`) VALUES ('Venus Holliday','2567');
INSERT INTO `publisher_book`(`publisher`, `entryid`) VALUES ('Coreas Inc.','2567');
INSERT INTO `entry`(`entryid`,`type`) VALUES('2568','b');
INSERT INTO `book`(`title`,`entryid`,`isbn`,`type`) VALUES('Waterfall with the Current','2568','9658571299089','b');
INSERT INTO `genre_book`(`genre`, `entryid`) VALUES ('Thriller','2568');
INSERT INTO `author`(`name`,`birthyear`,`deathyear`) VALUES('Khalilah Damboise','1951','2043');
INSERT INTO `author_book`(`author`, `entryid`) VALUES ('Khalilah Damboise','2568');
INSERT INTO `publisher_book`(`publisher`, `entryid`) VALUES ('Simcox Publishers.','2568');
INSERT INTO `entry`(`entryid`,`type`) VALUES('2569','b');
INSERT INTO `book`(`title`,`entryid`,`isbn`,`type`) VALUES('Head against Switch','2569','9184068522927','b');
INSERT INTO `genre_book`(`genre`, `entryid`) VALUES ('Romance','2569');
INSERT INTO `author`(`name`,`birthyear`,`deathyear`) VALUES('Amanda Primavera','1930','1983');
INSERT INTO `author_book`(`author`, `entryid`) VALUES ('Amanda Primavera','2569');
INSERT INTO `publisher`(`name`) VALUES ('Miccio Cooperations.');
INSERT INTO `publisher_book`(`publisher`, `entryid`) VALUES ('Miccio Cooperations.','2569');
INSERT INTO `entry`(`entryid`,`type`) VALUES('2570','b');
INSERT INTO `book`(`title`,`entryid`,`isbn`,`type`) VALUES('Pencil vs. Prose','2570','0543156175211','j');
INSERT INTO `genre_book`(`genre`, `entryid`) VALUES ('Sci-Fi','2570');
INSERT INTO `author`(`name`,`birthyear`,`deathyear`) VALUES('Tyisha Sommerville','1975','2030');
INSERT INTO `author_book`(`author`, `entryid`) VALUES ('Tyisha Sommerville','2570');
INSERT INTO `publisher_book`(`publisher`, `entryid`) VALUES ('Sistek Cooperations.','2570');
INSERT INTO `entry`(`entryid`,`type`) VALUES('2571','b');
INSERT INTO `book`(`title`,`entryid`,`isbn`,`type`) VALUES('Eggnog and insecure Clam','2571','0291999228771','j');
INSERT INTO `genre_book`(`genre`, `entryid`) VALUES ('Thriller','2571');
INSERT INTO `author_book`(`author`, `entryid`) VALUES ('Willie Sheltrown','2571');
INSERT INTO `publisher_book`(`publisher`, `entryid`) VALUES ('Klumph Inc.','2571');
INSERT INTO `entry`(`entryid`,`type`) VALUES('2572','b');
INSERT INTO `book`(`title`,`entryid`,`isbn`,`type`) VALUES('Cow for the Lan','2572','9973414585276','j');
INSERT INTO `genre_book`(`genre`, `entryid`) VALUES ('Science','2572');
INSERT INTO `author`(`name`,`birthyear`,`deathyear`) VALUES('Marietta Hibbitts','1891','1918');
INSERT INTO `author_book`(`author`, `entryid`) VALUES ('Marietta Hibbitts','2572');
INSERT INTO `publisher_book`(`publisher`, `entryid`) VALUES ('Seeber Publishers.','2572');
INSERT INTO `entry`(`entryid`,`type`) VALUES('2573','b');
INSERT INTO `book`(`title`,`entryid`,`isbn`,`type`) VALUES('Tin with hoiden Fish','2573','0544168828673','e');
INSERT INTO `genre_book`(`genre`, `entryid`) VALUES ('Science','2573');
INSERT INTO `author`(`name`,`birthyear`,`deathyear`) VALUES('Isobel Truesdale','1927','1990');
INSERT INTO `author_book`(`author`, `entryid`) VALUES ('Isobel Truesdale','2573');
INSERT INTO `publisher_book`(`publisher`, `entryid`) VALUES ('Sowden Publishers.','2573');
INSERT INTO `entry`(`entryid`,`type`) VALUES('2574','b');
INSERT INTO `book`(`title`,`entryid`,`isbn`,`type`) VALUES('Cherry in the arc Greece','2574','9715946625891','e');
INSERT INTO `genre_book`(`genre`, `entryid`) VALUES ('Education','2574');
INSERT INTO `author`(`name`,`birthyear`,`deathyear`) VALUES('Barbra Esquer','1921','1956');
INSERT INTO `author_book`(`author`, `entryid`) VALUES ('Barbra Esquer','2574');
INSERT INTO `publisher`(`name`) VALUES ('Capistran Cooperations.');
INSERT INTO `publisher_book`(`publisher`, `entryid`) VALUES ('Capistran Cooperations.','2574');
INSERT INTO `entry`(`entryid`,`type`) VALUES('2575','b');
INSERT INTO `book`(`title`,`entryid`,`isbn`,`type`) VALUES('Sugar and Garden','2575','0147186107810','e');
INSERT INTO `genre_book`(`genre`, `entryid`) VALUES ('Horror','2575');
INSERT INTO `author`(`name`,`birthyear`,`deathyear`) VALUES('Rufus Aluarez','1908','1998');
INSERT INTO `author_book`(`author`, `entryid`) VALUES ('Rufus Aluarez','2575');
INSERT INTO `publisher_book`(`publisher`, `entryid`) VALUES ('Bolick Inc.','2575');
INSERT INTO `entry`(`entryid`,`type`) VALUES('2576','b');
INSERT INTO `book`(`title`,`entryid`,`isbn`,`type`) VALUES('Doctor for the Chive','2576','0147572166355','j');
INSERT INTO `genre_book`(`genre`, `entryid`) VALUES ('Horror','2576');
INSERT INTO `author_book`(`author`, `entryid`) VALUES ('Valeria Promer','2576');
INSERT INTO `publisher_book`(`publisher`, `entryid`) VALUES ('Savic Inc.','2576');
INSERT INTO `entry`(`entryid`,`type`) VALUES('2577','b');
INSERT INTO `book`(`title`,`entryid`,`isbn`,`type`) VALUES('Pantyhose and the Crawdad','2577','0808697722119','e');
INSERT INTO `genre_book`(`genre`, `entryid`) VALUES ('Sci-Fi','2577');
INSERT INTO `author`(`name`,`birthyear`,`deathyear`) VALUES('Alexa Gleaves','1899','1983');
INSERT INTO `author_book`(`author`, `entryid`) VALUES ('Alexa Gleaves','2577');
INSERT INTO `publisher`(`name`) VALUES ('Kamuda Inc.');
INSERT INTO `publisher_book`(`publisher`, `entryid`) VALUES ('Kamuda Inc.','2577');
INSERT INTO `entry`(`entryid`,`type`) VALUES('2578','b');
INSERT INTO `book`(`title`,`entryid`,`isbn`,`type`) VALUES('Banjo of the Cabinet','2578','9158892616098','e');
INSERT INTO `genre_book`(`genre`, `entryid`) VALUES ('Thriller','2578');
INSERT INTO `author`(`name`,`birthyear`,`deathyear`) VALUES('Rosina Erving','1895','1968');
INSERT INTO `author_book`(`author`, `entryid`) VALUES ('Rosina Erving','2578');
INSERT INTO `publisher_book`(`publisher`, `entryid`) VALUES ('Kleis Inc.','2578');
INSERT INTO `entry`(`entryid`,`type`) VALUES('2579','b');
INSERT INTO `book`(`title`,`entryid`,`isbn`,`type`) VALUES('Crime by stringent Icebreaker','2579','9826672491710','j');
INSERT INTO `genre_book`(`genre`, `entryid`) VALUES ('Sci-Fi','2579');
INSERT INTO `author_book`(`author`, `entryid`) VALUES ('Rosette Severtson','2579');
INSERT INTO `publisher_book`(`publisher`, `entryid`) VALUES ('Albini Cooperations.','2579');
INSERT INTO `entry`(`entryid`,`type`) VALUES('2580','b');
INSERT INTO `book`(`title`,`entryid`,`isbn`,`type`) VALUES('Food and the retardant Makeup','2580','9464698421390','j');
INSERT INTO `genre_book`(`genre`, `entryid`) VALUES ('Science','2580');
INSERT INTO `author_book`(`author`, `entryid`) VALUES ('Alla Pregeant','2580');
INSERT INTO `publisher_book`(`publisher`, `entryid`) VALUES ('Mccardell Cooperations.','2580');
INSERT INTO `entry`(`entryid`,`type`) VALUES('2581','b');
INSERT INTO `book`(`title`,`entryid`,`isbn`,`type`) VALUES('Bra and the Barbadian Squash','2581','9998531132928','e');
INSERT INTO `genre_book`(`genre`, `entryid`) VALUES ('Science','2581');
INSERT INTO `author_book`(`author`, `entryid`) VALUES ('Etsuko Hitchings','2581');
INSERT INTO `publisher_book`(`publisher`, `entryid`) VALUES ('Hoaglund Cooperations.','2581');
INSERT INTO `entry`(`entryid`,`type`) VALUES('2582','b');
INSERT INTO `book`(`title`,`entryid`,`isbn`,`type`) VALUES('Dead and Reminder','2582','0035916192994','j');
INSERT INTO `genre_book`(`genre`, `entryid`) VALUES ('Sci-Fi','2582');
INSERT INTO `author`(`name`,`birthyear`,`deathyear`) VALUES('Marian Podolsky','1950','1970');
INSERT INTO `author_book`(`author`, `entryid`) VALUES ('Marian Podolsky','2582');
INSERT INTO `publisher_book`(`publisher`, `entryid`) VALUES ('Holleran Cooperations.','2582');
INSERT INTO `entry`(`entryid`,`type`) VALUES('2583','b');
INSERT INTO `book`(`title`,`entryid`,`isbn`,`type`) VALUES('Ankle with the Substance','2583','9651918599002','e');
INSERT INTO `genre_book`(`genre`, `entryid`) VALUES ('Science','2583');
INSERT INTO `author`(`name`,`birthyear`,`deathyear`) VALUES('Eliana Chow','1905','1969');
INSERT INTO `author_book`(`author`, `entryid`) VALUES ('Eliana Chow','2583');
INSERT INTO `publisher_book`(`publisher`, `entryid`) VALUES ('Matise Cooperations.','2583');
INSERT INTO `entry`(`entryid`,`type`) VALUES('2584','b');
INSERT INTO `book`(`title`,`entryid`,`isbn`,`type`) VALUES('Comfort with Dibble','2584','9713408901426','e');
INSERT INTO `genre_book`(`genre`, `entryid`) VALUES ('Sci-Fi','2584');
INSERT INTO `author`(`name`,`birthyear`,`deathyear`) VALUES('Greg Zadd','1975','2051');
INSERT INTO `author_book`(`author`, `entryid`) VALUES ('Greg Zadd','2584');
INSERT INTO `publisher`(`name`) VALUES ('Amtower Inc.');
INSERT INTO `publisher_book`(`publisher`, `entryid`) VALUES ('Amtower Inc.','2584');
INSERT INTO `entry`(`entryid`,`type`) VALUES('2585','b');
INSERT INTO `book`(`title`,`entryid`,`isbn`,`type`) VALUES('Substance of the prepunctual Crown','2585','9459534334646','e');
INSERT INTO `genre_book`(`genre`, `entryid`) VALUES ('Adventure','2585');
INSERT INTO `author_book`(`author`, `entryid`) VALUES ('Arla Harmond','2585');
INSERT INTO `publisher`(`name`) VALUES ('Atkison Inc.');
INSERT INTO `publisher_book`(`publisher`, `entryid`) VALUES ('Atkison Inc.','2585');
INSERT INTO `entry`(`entryid`,`type`) VALUES('2586','b');
INSERT INTO `book`(`title`,`entryid`,`isbn`,`type`) VALUES('Show for the Oyster','2586','0906327846679','j');
INSERT INTO `genre_book`(`genre`, `entryid`) VALUES ('Horror','2586');
INSERT INTO `author`(`name`,`birthyear`,`deathyear`) VALUES('Edelmira Lentine','1905','1962');
INSERT INTO `author_book`(`author`, `entryid`) VALUES ('Edelmira Lentine','2586');
INSERT INTO `publisher_book`(`publisher`, `entryid`) VALUES ('Simcox Publishers.','2586');
INSERT INTO `entry`(`entryid`,`type`) VALUES('2587','b');
INSERT INTO `book`(`title`,`entryid`,`isbn`,`type`) VALUES('Page and Fish','2587','9857770975715','b');
INSERT INTO `genre_book`(`genre`, `entryid`) VALUES ('Adventure','2587');
INSERT INTO `author_book`(`author`, `entryid`) VALUES ('Lera Zwilling','2587');
INSERT INTO `publisher_book`(`publisher`, `entryid`) VALUES ('Aiava Publishers.','2587');
INSERT INTO `entry`(`entryid`,`type`) VALUES('2588','b');
INSERT INTO `book`(`title`,`entryid`,`isbn`,`type`) VALUES('Pelican and the Lasagna','2588','9421968475492','j');
INSERT INTO `genre_book`(`genre`, `entryid`) VALUES ('Horror','2588');
INSERT INTO `author`(`name`,`birthyear`,`deathyear`) VALUES('Callie Hodgen','1910','1992');
INSERT INTO `author_book`(`author`, `entryid`) VALUES ('Callie Hodgen','2588');
INSERT INTO `publisher`(`name`) VALUES ('Fiebich Cooperations.');
INSERT INTO `publisher_book`(`publisher`, `entryid`) VALUES ('Fiebich Cooperations.','2588');
INSERT INTO `entry`(`entryid`,`type`) VALUES('2589','b');
INSERT INTO `book`(`title`,`entryid`,`isbn`,`type`) VALUES('Carol by extrusible Scarf','2589','9458140449194','e');
INSERT INTO `genre_book`(`genre`, `entryid`) VALUES ('Horror','2589');
INSERT INTO `author`(`name`,`birthyear`,`deathyear`) VALUES('Edra Cragin','1947','2008');
INSERT INTO `author_book`(`author`, `entryid`) VALUES ('Edra Cragin','2589');
INSERT INTO `publisher_book`(`publisher`, `entryid`) VALUES ('Durousseau Inc.','2589');
INSERT INTO `entry`(`entryid`,`type`) VALUES('2590','b');
INSERT INTO `book`(`title`,`entryid`,`isbn`,`type`) VALUES('Danger because of Thing','2590','9655130055072','e');
INSERT INTO `genre_book`(`genre`, `entryid`) VALUES ('Science','2590');
INSERT INTO `author_book`(`author`, `entryid`) VALUES ('Orpha Beckmann','2590');
INSERT INTO `publisher_book`(`publisher`, `entryid`) VALUES ('Kuhlo Cooperations.','2590');
INSERT INTO `entry`(`entryid`,`type`) VALUES('2591','b');
INSERT INTO `book`(`title`,`entryid`,`isbn`,`type`) VALUES('Pvc and coliform Cormorant','2591','9791340014812','b');
INSERT INTO `genre_book`(`genre`, `entryid`) VALUES ('Science','2591');
INSERT INTO `author`(`name`,`birthyear`,`deathyear`) VALUES('Enedina Hamme','1961','2026');
INSERT INTO `author_book`(`author`, `entryid`) VALUES ('Enedina Hamme','2591');
INSERT INTO `publisher_book`(`publisher`, `entryid`) VALUES ('Malovich Inc.','2591');
INSERT INTO `entry`(`entryid`,`type`) VALUES('2592','b');
INSERT INTO `book`(`title`,`entryid`,`isbn`,`type`) VALUES('Stage and Bongo','2592','0145085983145','e');
INSERT INTO `genre_book`(`genre`, `entryid`) VALUES ('Sci-Fi','2592');
INSERT INTO `author`(`name`,`birthyear`,`deathyear`) VALUES('Michael Greuel','1899','1962');
INSERT INTO `author_book`(`author`, `entryid`) VALUES ('Michael Greuel','2592');
INSERT INTO `publisher_book`(`publisher`, `entryid`) VALUES ('Raetz Publishers.','2592');
INSERT INTO `entry`(`entryid`,`type`) VALUES('2593','b');
INSERT INTO `book`(`title`,`entryid`,`isbn`,`type`) VALUES('Laugh against untuneable Rainstorm','2593','9192737182719','b');
INSERT INTO `genre_book`(`genre`, `entryid`) VALUES ('Adventure','2593');
INSERT INTO `author_book`(`author`, `entryid`) VALUES ('Jacqueline Donel','2593');
INSERT INTO `publisher_book`(`publisher`, `entryid`) VALUES ('Moyet Inc.','2593');
INSERT INTO `entry`(`entryid`,`type`) VALUES('2594','b');
INSERT INTO `book`(`title`,`entryid`,`isbn`,`type`) VALUES('Middle in Sock','2594','0049376967813','e');
INSERT INTO `genre_book`(`genre`, `entryid`) VALUES ('Science','2594');
INSERT INTO `author_book`(`author`, `entryid`) VALUES ('Delcie Mclemore','2594');
INSERT INTO `publisher_book`(`publisher`, `entryid`) VALUES ('Antrikin Inc.','2594');
INSERT INTO `entry`(`entryid`,`type`) VALUES('2595','b');
INSERT INTO `book`(`title`,`entryid`,`isbn`,`type`) VALUES('Lung and Evening','2595','0311354220000','b');
INSERT INTO `genre_book`(`genre`, `entryid`) VALUES ('Science','2595');
INSERT INTO `author_book`(`author`, `entryid`) VALUES ('Etsuko Hitchings','2595');
INSERT INTO `publisher_book`(`publisher`, `entryid`) VALUES ('Vote Publishers.','2595');
INSERT INTO `entry`(`entryid`,`type`) VALUES('2596','b');
INSERT INTO `book`(`title`,`entryid`,`isbn`,`type`) VALUES('Schedule of the Sheet','2596','9146873512799','j');
INSERT INTO `genre_book`(`genre`, `entryid`) VALUES ('Sci-Fi','2596');
INSERT INTO `author_book`(`author`, `entryid`) VALUES ('Kathe Hernon','2596');
INSERT INTO `publisher`(`name`) VALUES ('Siver Publishers.');
INSERT INTO `publisher_book`(`publisher`, `entryid`) VALUES ('Siver Publishers.','2596');
INSERT INTO `entry`(`entryid`,`type`) VALUES('2597','b');
INSERT INTO `book`(`title`,`entryid`,`isbn`,`type`) VALUES('Mother-in-law to the specified Idea','2597','0643400104524','e');
INSERT INTO `genre_book`(`genre`, `entryid`) VALUES ('Sci-Fi','2597');
INSERT INTO `author`(`name`,`birthyear`,`deathyear`) VALUES('Kym Lizaola','1957','2055');
INSERT INTO `author_book`(`author`, `entryid`) VALUES ('Kym Lizaola','2597');
INSERT INTO `publisher`(`name`) VALUES ('Bronk Cooperations.');
INSERT INTO `publisher_book`(`publisher`, `entryid`) VALUES ('Bronk Cooperations.','2597');
INSERT INTO `entry`(`entryid`,`type`) VALUES('2598','b');
INSERT INTO `book`(`title`,`entryid`,`isbn`,`type`) VALUES('Mall and the confusing Server','2598','0200687349895','j');
INSERT INTO `genre_book`(`genre`, `entryid`) VALUES ('Horror','2598');
INSERT INTO `author`(`name`,`birthyear`,`deathyear`) VALUES('Hiedi Celius','1897','1929');
INSERT INTO `author_book`(`author`, `entryid`) VALUES ('Hiedi Celius','2598');
INSERT INTO `publisher_book`(`publisher`, `entryid`) VALUES ('Ruggero Cooperations.','2598');
INSERT INTO `entry`(`entryid`,`type`) VALUES('2599','b');
INSERT INTO `book`(`title`,`entryid`,`isbn`,`type`) VALUES('May and mindless Bassoon','2599','0383705113893','e');
INSERT INTO `genre_book`(`genre`, `entryid`) VALUES ('Thriller','2599');
INSERT INTO `author`(`name`,`birthyear`,`deathyear`) VALUES('Kallie Hagg','1974','2003');
INSERT INTO `author_book`(`author`, `entryid`) VALUES ('Kallie Hagg','2599');
INSERT INTO `publisher`(`name`) VALUES ('Stjohn Publishers.');
INSERT INTO `publisher_book`(`publisher`, `entryid`) VALUES ('Stjohn Publishers.','2599');
INSERT INTO `entry`(`entryid`,`type`) VALUES('2600','b');
INSERT INTO `book`(`title`,`entryid`,`isbn`,`type`) VALUES('Turkish vs. eroded Tie','2600','9682802466628','b');
INSERT INTO `genre_book`(`genre`, `entryid`) VALUES ('Education','2600');
INSERT INTO `author`(`name`,`birthyear`,`deathyear`) VALUES('Launa Insana','1935','1991');
INSERT INTO `author_book`(`author`, `entryid`) VALUES ('Launa Insana','2600');
INSERT INTO `publisher`(`name`) VALUES ('Baltazor Publishers.');
INSERT INTO `publisher_book`(`publisher`, `entryid`) VALUES ('Baltazor Publishers.','2600');
INSERT INTO `entry`(`entryid`,`type`) VALUES('2601','b');
INSERT INTO `book`(`title`,`entryid`,`isbn`,`type`) VALUES('Turnover because of Knife','2601','9121685304461','b');
INSERT INTO `genre_book`(`genre`, `entryid`) VALUES ('Thriller','2601');
INSERT INTO `author_book`(`author`, `entryid`) VALUES ('Corey Ynocencio','2601');
INSERT INTO `publisher_book`(`publisher`, `entryid`) VALUES ('Allocca Cooperations.','2601');
INSERT INTO `entry`(`entryid`,`type`) VALUES('2602','b');
INSERT INTO `book`(`title`,`entryid`,`isbn`,`type`) VALUES('Kite and the Parallelogram','2602','0871980113742','j');
INSERT INTO `genre_book`(`genre`, `entryid`) VALUES ('Romance','2602');
INSERT INTO `author`(`name`,`birthyear`,`deathyear`) VALUES('Meaghan Kun','1892','1948');
INSERT INTO `author_book`(`author`, `entryid`) VALUES ('Meaghan Kun','2602');
INSERT INTO `publisher_book`(`publisher`, `entryid`) VALUES ('Six Publishers.','2602');
INSERT INTO `entry`(`entryid`,`type`) VALUES('2603','b');
INSERT INTO `book`(`title`,`entryid`,`isbn`,`type`) VALUES('Fibre against the manometric Popcorn','2603','0166372518485','j');
INSERT INTO `genre_book`(`genre`, `entryid`) VALUES ('Education','2603');
INSERT INTO `author`(`name`,`birthyear`,`deathyear`) VALUES('Ernesto Oguinn','1948','2022');
INSERT INTO `author_book`(`author`, `entryid`) VALUES ('Ernesto Oguinn','2603');
INSERT INTO `publisher_book`(`publisher`, `entryid`) VALUES ('Kressierer Inc.','2603');
INSERT INTO `entry`(`entryid`,`type`) VALUES('2604','b');
INSERT INTO `book`(`title`,`entryid`,`isbn`,`type`) VALUES('Jet for Kale','2604','9237110272916','j');
INSERT INTO `genre_book`(`genre`, `entryid`) VALUES ('Romance','2604');
INSERT INTO `author_book`(`author`, `entryid`) VALUES ('Rhea Almajhoub','2604');
INSERT INTO `publisher_book`(`publisher`, `entryid`) VALUES ('Garfield Publishers.','2604');
INSERT INTO `entry`(`entryid`,`type`) VALUES('2605','b');
INSERT INTO `book`(`title`,`entryid`,`isbn`,`type`) VALUES('Band against the woebegone Anatomy','2605','0068696411509','e');
INSERT INTO `genre_book`(`genre`, `entryid`) VALUES ('Adventure','2605');
INSERT INTO `author_book`(`author`, `entryid`) VALUES ('Corrine Soler','2605');
INSERT INTO `publisher_book`(`publisher`, `entryid`) VALUES ('Six Publishers.','2605');
INSERT INTO `entry`(`entryid`,`type`) VALUES('2606','b');
INSERT INTO `book`(`title`,`entryid`,`isbn`,`type`) VALUES('Comparison by Flavor','2606','9165486043958','b');
INSERT INTO `genre_book`(`genre`, `entryid`) VALUES ('Adventure','2606');
INSERT INTO `author`(`name`,`birthyear`,`deathyear`) VALUES('Cristobal Coonfare','1922','2005');
INSERT INTO `author_book`(`author`, `entryid`) VALUES ('Cristobal Coonfare','2606');
INSERT INTO `publisher_book`(`publisher`, `entryid`) VALUES ('Roux Publishers.','2606');
INSERT INTO `entry`(`entryid`,`type`) VALUES('2607','b');
INSERT INTO `book`(`title`,`entryid`,`isbn`,`type`) VALUES('Cocktail with soggy Composer','2607','0108969502913','e');
INSERT INTO `genre_book`(`genre`, `entryid`) VALUES ('Science','2607');
INSERT INTO `author`(`name`,`birthyear`,`deathyear`) VALUES('Kacie Sankaran','1969','2034');
INSERT INTO `author_book`(`author`, `entryid`) VALUES ('Kacie Sankaran','2607');
INSERT INTO `publisher_book`(`publisher`, `entryid`) VALUES ('Six Publishers.','2607');
INSERT INTO `entry`(`entryid`,`type`) VALUES('2608','b');
INSERT INTO `book`(`title`,`entryid`,`isbn`,`type`) VALUES('Playroom with the tetchy Lip','2608','0459614120582','b');
INSERT INTO `genre_book`(`genre`, `entryid`) VALUES ('Science','2608');
INSERT INTO `author_book`(`author`, `entryid`) VALUES ('Carmella Wadden','2608');
INSERT INTO `publisher_book`(`publisher`, `entryid`) VALUES ('Wooderson Inc.','2608');
INSERT INTO `entry`(`entryid`,`type`) VALUES('2609','b');
INSERT INTO `book`(`title`,`entryid`,`isbn`,`type`) VALUES('Cheque in Ladybug','2609','9550800635780','j');
INSERT INTO `genre_book`(`genre`, `entryid`) VALUES ('Sci-Fi','2609');
INSERT INTO `author_book`(`author`, `entryid`) VALUES ('Hayley Eure','2609');
INSERT INTO `publisher_book`(`publisher`, `entryid`) VALUES ('Filyan Inc.','2609');
INSERT INTO `entry`(`entryid`,`type`) VALUES('2610','b');
INSERT INTO `book`(`title`,`entryid`,`isbn`,`type`) VALUES('Sunflower because of unjaundiced Judge','2610','0496894733484','b');
INSERT INTO `genre_book`(`genre`, `entryid`) VALUES ('Romance','2610');
INSERT INTO `author`(`name`,`birthyear`,`deathyear`) VALUES('Eva Moya','1916','1960');
INSERT INTO `author_book`(`author`, `entryid`) VALUES ('Eva Moya','2610');
INSERT INTO `publisher`(`name`) VALUES ('Scantlen Inc.');
INSERT INTO `publisher_book`(`publisher`, `entryid`) VALUES ('Scantlen Inc.','2610');
INSERT INTO `entry`(`entryid`,`type`) VALUES('2611','b');
INSERT INTO `book`(`title`,`entryid`,`isbn`,`type`) VALUES('Bengal because of sharp-witted Person','2611','9275547699415','e');
INSERT INTO `genre_book`(`genre`, `entryid`) VALUES ('Horror','2611');
INSERT INTO `author_book`(`author`, `entryid`) VALUES ('Edra Cragin','2611');
INSERT INTO `publisher_book`(`publisher`, `entryid`) VALUES ('Terrell Cooperations.','2611');
INSERT INTO `entry`(`entryid`,`type`) VALUES('2612','b');
INSERT INTO `book`(`title`,`entryid`,`isbn`,`type`) VALUES('Fountain because of Salmon','2612','9430843666696','j');
INSERT INTO `genre_book`(`genre`, `entryid`) VALUES ('Sci-Fi','2612');
INSERT INTO `author_book`(`author`, `entryid`) VALUES ('Sina Larimore','2612');
INSERT INTO `publisher_book`(`publisher`, `entryid`) VALUES ('Papaleo Publishers.','2612');
INSERT INTO `entry`(`entryid`,`type`) VALUES('2613','b');
INSERT INTO `book`(`title`,`entryid`,`isbn`,`type`) VALUES('Cable of the Packet','2613','0849916751179','e');
INSERT INTO `genre_book`(`genre`, `entryid`) VALUES ('Horror','2613');
INSERT INTO `author_book`(`author`, `entryid`) VALUES ('Michel Albang','2613');
INSERT INTO `publisher_book`(`publisher`, `entryid`) VALUES ('Lanagan Inc.','2613');
INSERT INTO `entry`(`entryid`,`type`) VALUES('2614','b');
INSERT INTO `book`(`title`,`entryid`,`isbn`,`type`) VALUES('Cornet vs. Road','2614','0561096960235','j');
INSERT INTO `genre_book`(`genre`, `entryid`) VALUES ('Education','2614');
INSERT INTO `author_book`(`author`, `entryid`) VALUES ('Ivana Enick','2614');
INSERT INTO `publisher_book`(`publisher`, `entryid`) VALUES ('Murtagh Inc.','2614');
INSERT INTO `entry`(`entryid`,`type`) VALUES('2615','b');
INSERT INTO `book`(`title`,`entryid`,`isbn`,`type`) VALUES('Verse with the Honey','2615','0569668708551','b');
INSERT INTO `genre_book`(`genre`, `entryid`) VALUES ('Science','2615');
INSERT INTO `author_book`(`author`, `entryid`) VALUES ('Daisy Wasson','2615');
INSERT INTO `publisher_book`(`publisher`, `entryid`) VALUES ('Murtagh Inc.','2615');
INSERT INTO `entry`(`entryid`,`type`) VALUES('2616','b');
INSERT INTO `book`(`title`,`entryid`,`isbn`,`type`) VALUES('Size in Engineer','2616','9927015113693','j');
INSERT INTO `genre_book`(`genre`, `entryid`) VALUES ('Education','2616');
INSERT INTO `author_book`(`author`, `entryid`) VALUES ('Victorina Shannonhouse','2616');
INSERT INTO `publisher_book`(`publisher`, `entryid`) VALUES ('Miccio Cooperations.','2616');
INSERT INTO `entry`(`entryid`,`type`) VALUES('2617','b');
INSERT INTO `book`(`title`,`entryid`,`isbn`,`type`) VALUES('Butcher and daisied Sugar','2617','0244378953610','j');
INSERT INTO `genre_book`(`genre`, `entryid`) VALUES ('Adventure','2617');
INSERT INTO `author`(`name`,`birthyear`,`deathyear`) VALUES('Marivel Matarrita','1944','1990');
INSERT INTO `author_book`(`author`, `entryid`) VALUES ('Marivel Matarrita','2617');
INSERT INTO `publisher_book`(`publisher`, `entryid`) VALUES ('Heritage Publishers.','2617');
INSERT INTO `entry`(`entryid`,`type`) VALUES('2618','b');
INSERT INTO `book`(`title`,`entryid`,`isbn`,`type`) VALUES('Roast vs. invaginate Dust','2618','9050497051320','j');
INSERT INTO `genre_book`(`genre`, `entryid`) VALUES ('Sci-Fi','2618');
INSERT INTO `author_book`(`author`, `entryid`) VALUES ('Henry Mccann','2618');
INSERT INTO `publisher_book`(`publisher`, `entryid`) VALUES ('Fiebich Cooperations.','2618');
INSERT INTO `entry`(`entryid`,`type`) VALUES('2619','b');
INSERT INTO `book`(`title`,`entryid`,`isbn`,`type`) VALUES('Hacksaw of the Hallway','2619','0482501404315','e');
INSERT INTO `genre_book`(`genre`, `entryid`) VALUES ('Thriller','2619');
INSERT INTO `author`(`name`,`birthyear`,`deathyear`) VALUES('Angelita Lichtenfeld','1972','1999');
INSERT INTO `author_book`(`author`, `entryid`) VALUES ('Angelita Lichtenfeld','2619');
INSERT INTO `publisher_book`(`publisher`, `entryid`) VALUES ('Ebrahimi Cooperations.','2619');
INSERT INTO `entry`(`entryid`,`type`) VALUES('2620','b');
INSERT INTO `book`(`title`,`entryid`,`isbn`,`type`) VALUES('Pipe to Nancy','2620','9185075344947','b');
INSERT INTO `genre_book`(`genre`, `entryid`) VALUES ('Adventure','2620');
INSERT INTO `author_book`(`author`, `entryid`) VALUES ('Wilbert Tear','2620');
INSERT INTO `publisher_book`(`publisher`, `entryid`) VALUES ('Devon Inc.','2620');
INSERT INTO `entry`(`entryid`,`type`) VALUES('2621','b');
INSERT INTO `book`(`title`,`entryid`,`isbn`,`type`) VALUES('Wedge for Denim','2621','9233428243025','b');
INSERT INTO `genre_book`(`genre`, `entryid`) VALUES ('Romance','2621');
INSERT INTO `author`(`name`,`birthyear`,`deathyear`) VALUES('Sherrell Kalb','1969','2009');
INSERT INTO `author_book`(`author`, `entryid`) VALUES ('Sherrell Kalb','2621');
INSERT INTO `publisher_book`(`publisher`, `entryid`) VALUES ('Excell Inc.','2621');
INSERT INTO `entry`(`entryid`,`type`) VALUES('2622','b');
INSERT INTO `book`(`title`,`entryid`,`isbn`,`type`) VALUES('Wrecker for the Mouse','2622','0788297827193','j');
INSERT INTO `genre_book`(`genre`, `entryid`) VALUES ('Science','2622');
INSERT INTO `author`(`name`,`birthyear`,`deathyear`) VALUES('Angelique Sebesta','1906','1985');
INSERT INTO `author_book`(`author`, `entryid`) VALUES ('Angelique Sebesta','2622');
INSERT INTO `publisher_book`(`publisher`, `entryid`) VALUES ('Lanphere Cooperations.','2622');
INSERT INTO `entry`(`entryid`,`type`) VALUES('2623','b');
INSERT INTO `book`(`title`,`entryid`,`isbn`,`type`) VALUES('Shark for Atm','2623','9430892306283','e');
INSERT INTO `genre_book`(`genre`, `entryid`) VALUES ('Education','2623');
INSERT INTO `author`(`name`,`birthyear`,`deathyear`) VALUES('Bobbie Devinney','1925','2012');
INSERT INTO `author_book`(`author`, `entryid`) VALUES ('Bobbie Devinney','2623');
INSERT INTO `publisher`(`name`) VALUES ('Akkerman Publishers.');
INSERT INTO `publisher_book`(`publisher`, `entryid`) VALUES ('Akkerman Publishers.','2623');
INSERT INTO `entry`(`entryid`,`type`) VALUES('2624','b');
INSERT INTO `book`(`title`,`entryid`,`isbn`,`type`) VALUES('Pendulum of Spike','2624','0380532157327','e');
INSERT INTO `genre_book`(`genre`, `entryid`) VALUES ('Adventure','2624');
INSERT INTO `author_book`(`author`, `entryid`) VALUES ('Celestine Bellott','2624');
INSERT INTO `publisher_book`(`publisher`, `entryid`) VALUES ('Lanagan Inc.','2624');
INSERT INTO `entry`(`entryid`,`type`) VALUES('2625','b');
INSERT INTO `book`(`title`,`entryid`,`isbn`,`type`) VALUES('Pruner for the Raft','2625','9379456988846','j');
INSERT INTO `genre_book`(`genre`, `entryid`) VALUES ('Adventure','2625');
INSERT INTO `author`(`name`,`birthyear`,`deathyear`) VALUES('Charla Durden','1891','1987');
INSERT INTO `author_book`(`author`, `entryid`) VALUES ('Charla Durden','2625');
INSERT INTO `publisher`(`name`) VALUES ('Buhite Cooperations.');
INSERT INTO `publisher_book`(`publisher`, `entryid`) VALUES ('Buhite Cooperations.','2625');
INSERT INTO `entry`(`entryid`,`type`) VALUES('2626','b');
INSERT INTO `book`(`title`,`entryid`,`isbn`,`type`) VALUES('Wound to Cow','2626','9213149646624','j');
INSERT INTO `genre_book`(`genre`, `entryid`) VALUES ('Romance','2626');
INSERT INTO `author`(`name`,`birthyear`,`deathyear`) VALUES('Alex Kingshott','1971','2014');
INSERT INTO `author_book`(`author`, `entryid`) VALUES ('Alex Kingshott','2626');
INSERT INTO `publisher_book`(`publisher`, `entryid`) VALUES ('Gallegos Publishers.','2626');
INSERT INTO `entry`(`entryid`,`type`) VALUES('2627','b');
INSERT INTO `book`(`title`,`entryid`,`isbn`,`type`) VALUES('Relish for the Network','2627','9503658911750','j');
INSERT INTO `genre_book`(`genre`, `entryid`) VALUES ('Science','2627');
INSERT INTO `author`(`name`,`birthyear`,`deathyear`) VALUES('Lisha Radke','1979','2020');
INSERT INTO `author_book`(`author`, `entryid`) VALUES ('Lisha Radke','2627');
INSERT INTO `publisher_book`(`publisher`, `entryid`) VALUES ('Massey Cooperations.','2627');
INSERT INTO `entry`(`entryid`,`type`) VALUES('2628','b');
INSERT INTO `book`(`title`,`entryid`,`isbn`,`type`) VALUES('Europe by the unrotted Parsnip','2628','9787702185646','b');
INSERT INTO `genre_book`(`genre`, `entryid`) VALUES ('Adventure','2628');
INSERT INTO `author`(`name`,`birthyear`,`deathyear`) VALUES('Rikki Antonetty','1886','1977');
INSERT INTO `author_book`(`author`, `entryid`) VALUES ('Rikki Antonetty','2628');
INSERT INTO `publisher_book`(`publisher`, `entryid`) VALUES ('Haggerty Cooperations.','2628');
INSERT INTO `entry`(`entryid`,`type`) VALUES('2629','b');
INSERT INTO `book`(`title`,`entryid`,`isbn`,`type`) VALUES('Half-brother and the Park','2629','0993510293733','e');
INSERT INTO `genre_book`(`genre`, `entryid`) VALUES ('Sci-Fi','2629');
INSERT INTO `author`(`name`,`birthyear`,`deathyear`) VALUES('Marquita Mozie','1937','1990');
INSERT INTO `author_book`(`author`, `entryid`) VALUES ('Marquita Mozie','2629');
INSERT INTO `publisher_book`(`publisher`, `entryid`) VALUES ('Franken Publishers.','2629');
INSERT INTO `entry`(`entryid`,`type`) VALUES('2630','b');
INSERT INTO `book`(`title`,`entryid`,`isbn`,`type`) VALUES('Hourglass for the hypothecary Biplane','2630','0315214216952','e');
INSERT INTO `genre_book`(`genre`, `entryid`) VALUES ('Adventure','2630');
INSERT INTO `author`(`name`,`birthyear`,`deathyear`) VALUES('Olivia Velverton','1911','1957');
INSERT INTO `author_book`(`author`, `entryid`) VALUES ('Olivia Velverton','2630');
INSERT INTO `publisher_book`(`publisher`, `entryid`) VALUES ('Holleran Cooperations.','2630');
INSERT INTO `entry`(`entryid`,`type`) VALUES('2631','b');
INSERT INTO `book`(`title`,`entryid`,`isbn`,`type`) VALUES('Cyclone against Cap','2631','9653366112956','b');
INSERT INTO `genre_book`(`genre`, `entryid`) VALUES ('Science','2631');
INSERT INTO `author_book`(`author`, `entryid`) VALUES ('Zoraida Cobane','2631');
INSERT INTO `publisher_book`(`publisher`, `entryid`) VALUES ('Statton Inc.','2631');
INSERT INTO `entry`(`entryid`,`type`) VALUES('2632','b');
INSERT INTO `book`(`title`,`entryid`,`isbn`,`type`) VALUES('Faucet with the mass Liquid','2632','0212988197974','b');
INSERT INTO `genre_book`(`genre`, `entryid`) VALUES ('Science','2632');
INSERT INTO `author`(`name`,`birthyear`,`deathyear`) VALUES('Debrah Arndorfer','1901','1971');
INSERT INTO `author_book`(`author`, `entryid`) VALUES ('Debrah Arndorfer','2632');
INSERT INTO `publisher`(`name`) VALUES ('Brotman Inc.');
INSERT INTO `publisher_book`(`publisher`, `entryid`) VALUES ('Brotman Inc.','2632');
INSERT INTO `entry`(`entryid`,`type`) VALUES('2633','b');
INSERT INTO `book`(`title`,`entryid`,`isbn`,`type`) VALUES('Knight to the procedural Cellar','2633','9761001996013','j');
INSERT INTO `genre_book`(`genre`, `entryid`) VALUES ('Science','2633');
INSERT INTO `author`(`name`,`birthyear`,`deathyear`) VALUES('Alida Charlebois','1904','1932');
INSERT INTO `author_book`(`author`, `entryid`) VALUES ('Alida Charlebois','2633');
INSERT INTO `publisher`(`name`) VALUES ('Litwin Publishers.');
INSERT INTO `publisher_book`(`publisher`, `entryid`) VALUES ('Litwin Publishers.','2633');
INSERT INTO `entry`(`entryid`,`type`) VALUES('2634','b');
INSERT INTO `book`(`title`,`entryid`,`isbn`,`type`) VALUES('Celery for the vaunted Fortnight','2634','9365559948448','b');
INSERT INTO `genre_book`(`genre`, `entryid`) VALUES ('Science','2634');
INSERT INTO `author_book`(`author`, `entryid`) VALUES ('Stuart Imhof','2634');
INSERT INTO `publisher_book`(`publisher`, `entryid`) VALUES ('Fenceroy Publishers.','2634');
INSERT INTO `entry`(`entryid`,`type`) VALUES('2635','b');
INSERT INTO `book`(`title`,`entryid`,`isbn`,`type`) VALUES('Bomber for the diphtheritic Chocolate','2635','9513588802464','e');
INSERT INTO `genre_book`(`genre`, `entryid`) VALUES ('Thriller','2635');
INSERT INTO `author`(`name`,`birthyear`,`deathyear`) VALUES('Rochelle Silberberg','1969','2027');
INSERT INTO `author_book`(`author`, `entryid`) VALUES ('Rochelle Silberberg','2635');
INSERT INTO `publisher`(`name`) VALUES ('Vanwyck Publishers.');
INSERT INTO `publisher_book`(`publisher`, `entryid`) VALUES ('Vanwyck Publishers.','2635');
INSERT INTO `entry`(`entryid`,`type`) VALUES('2636','b');
INSERT INTO `book`(`title`,`entryid`,`isbn`,`type`) VALUES('Manx vs. recessive Feast','2636','0119172939885','b');
INSERT INTO `genre_book`(`genre`, `entryid`) VALUES ('Education','2636');
INSERT INTO `author_book`(`author`, `entryid`) VALUES ('Taylor Sopko','2636');
INSERT INTO `publisher_book`(`publisher`, `entryid`) VALUES ('Dietlin Cooperations.','2636');
INSERT INTO `entry`(`entryid`,`type`) VALUES('2637','b');
INSERT INTO `book`(`title`,`entryid`,`isbn`,`type`) VALUES('Lilac of Collar','2637','0177957933894','b');
INSERT INTO `genre_book`(`genre`, `entryid`) VALUES ('Romance','2637');
INSERT INTO `author`(`name`,`birthyear`,`deathyear`) VALUES('Sacha Delosangeles','1939','1977');
INSERT INTO `author_book`(`author`, `entryid`) VALUES ('Sacha Delosangeles','2637');
INSERT INTO `publisher_book`(`publisher`, `entryid`) VALUES ('Pollinger Inc.','2637');
INSERT INTO `entry`(`entryid`,`type`) VALUES('2638','b');
INSERT INTO `book`(`title`,`entryid`,`isbn`,`type`) VALUES('Industry by the Propane','2638','9310457904807','e');
INSERT INTO `genre_book`(`genre`, `entryid`) VALUES ('Romance','2638');
INSERT INTO `author`(`name`,`birthyear`,`deathyear`) VALUES('Sharolyn Cartner','1978','2023');
INSERT INTO `author_book`(`author`, `entryid`) VALUES ('Sharolyn Cartner','2638');
INSERT INTO `publisher_book`(`publisher`, `entryid`) VALUES ('Wehbe Cooperations.','2638');
INSERT INTO `entry`(`entryid`,`type`) VALUES('2639','b');
INSERT INTO `book`(`title`,`entryid`,`isbn`,`type`) VALUES('Jute for the salicaceous Order','2639','0134414220491','j');
INSERT INTO `genre_book`(`genre`, `entryid`) VALUES ('Romance','2639');
INSERT INTO `author`(`name`,`birthyear`,`deathyear`) VALUES('Clyde Riggens','1890','1924');
INSERT INTO `author_book`(`author`, `entryid`) VALUES ('Clyde Riggens','2639');
INSERT INTO `publisher_book`(`publisher`, `entryid`) VALUES ('Rodrick Cooperations.','2639');
INSERT INTO `entry`(`entryid`,`type`) VALUES('2640','b');
INSERT INTO `book`(`title`,`entryid`,`isbn`,`type`) VALUES('Cello for the lengthening Riddle','2640','9561227902497','j');
INSERT INTO `genre_book`(`genre`, `entryid`) VALUES ('Romance','2640');
INSERT INTO `author_book`(`author`, `entryid`) VALUES ('Edra Cragin','2640');
INSERT INTO `publisher_book`(`publisher`, `entryid`) VALUES ('Dubrey Cooperations.','2640');
INSERT INTO `entry`(`entryid`,`type`) VALUES('2641','b');
INSERT INTO `book`(`title`,`entryid`,`isbn`,`type`) VALUES('Hose by Entrance','2641','0265067819430','j');
INSERT INTO `genre_book`(`genre`, `entryid`) VALUES ('Science','2641');
INSERT INTO `author`(`name`,`birthyear`,`deathyear`) VALUES('Angelic Beechum','1942','1970');
INSERT INTO `author_book`(`author`, `entryid`) VALUES ('Angelic Beechum','2641');
INSERT INTO `publisher_book`(`publisher`, `entryid`) VALUES ('Sollis Inc.','2641');
INSERT INTO `entry`(`entryid`,`type`) VALUES('2642','b');
INSERT INTO `book`(`title`,`entryid`,`isbn`,`type`) VALUES('Paper and Taxicab','2642','0182059209869','b');
INSERT INTO `genre_book`(`genre`, `entryid`) VALUES ('Romance','2642');
INSERT INTO `author`(`name`,`birthyear`,`deathyear`) VALUES('Natalie Wnuk','1889','1967');
INSERT INTO `author_book`(`author`, `entryid`) VALUES ('Natalie Wnuk','2642');
INSERT INTO `publisher_book`(`publisher`, `entryid`) VALUES ('Fattig Inc.','2642');
INSERT INTO `entry`(`entryid`,`type`) VALUES('2643','b');
INSERT INTO `book`(`title`,`entryid`,`isbn`,`type`) VALUES('Tablecloth by the Hope','2643','0042005415112','b');
INSERT INTO `genre_book`(`genre`, `entryid`) VALUES ('Romance','2643');
INSERT INTO `author_book`(`author`, `entryid`) VALUES ('Kacie Sankaran','2643');
INSERT INTO `publisher_book`(`publisher`, `entryid`) VALUES ('Domino Inc.','2643');
INSERT INTO `entry`(`entryid`,`type`) VALUES('2644','b');
INSERT INTO `book`(`title`,`entryid`,`isbn`,`type`) VALUES('Delete and sanious Octopus','2644','0534734393778','b');
INSERT INTO `genre_book`(`genre`, `entryid`) VALUES ('Horror','2644');
INSERT INTO `author`(`name`,`birthyear`,`deathyear`) VALUES('Ramona Hammel','1919','1974');
INSERT INTO `author_book`(`author`, `entryid`) VALUES ('Ramona Hammel','2644');
INSERT INTO `publisher_book`(`publisher`, `entryid`) VALUES ('Litwin Publishers.','2644');
INSERT INTO `entry`(`entryid`,`type`) VALUES('2645','b');
INSERT INTO `book`(`title`,`entryid`,`isbn`,`type`) VALUES('Existence with epicentral Cloudy','2645','9700130366585','e');
INSERT INTO `genre_book`(`genre`, `entryid`) VALUES ('Adventure','2645');
INSERT INTO `author`(`name`,`birthyear`,`deathyear`) VALUES('Phylis Baughan','1923','1988');
INSERT INTO `author_book`(`author`, `entryid`) VALUES ('Phylis Baughan','2645');
INSERT INTO `publisher`(`name`) VALUES ('Yazzi Publishers.');
INSERT INTO `publisher_book`(`publisher`, `entryid`) VALUES ('Yazzi Publishers.','2645');
INSERT INTO `entry`(`entryid`,`type`) VALUES('2646','b');
INSERT INTO `book`(`title`,`entryid`,`isbn`,`type`) VALUES('Libra for unsteady Plasterboard','2646','0305517472560','b');
INSERT INTO `genre_book`(`genre`, `entryid`) VALUES ('Romance','2646');
INSERT INTO `author`(`name`,`birthyear`,`deathyear`) VALUES('Velia Blackmer','1938','2016');
INSERT INTO `author_book`(`author`, `entryid`) VALUES ('Velia Blackmer','2646');
INSERT INTO `publisher_book`(`publisher`, `entryid`) VALUES ('Caspi Inc.','2646');
INSERT INTO `entry`(`entryid`,`type`) VALUES('2647','b');
INSERT INTO `book`(`title`,`entryid`,`isbn`,`type`) VALUES('Sign by the rough-spoken Tenor','2647','9398051712868','b');
INSERT INTO `genre_book`(`genre`, `entryid`) VALUES ('Education','2647');
INSERT INTO `author_book`(`author`, `entryid`) VALUES ('Nenita Morrone','2647');
INSERT INTO `publisher_book`(`publisher`, `entryid`) VALUES ('Kuhlo Cooperations.','2647');
INSERT INTO `entry`(`entryid`,`type`) VALUES('2648','b');
INSERT INTO `book`(`title`,`entryid`,`isbn`,`type`) VALUES('Gum of Position','2648','0285889168662','e');
INSERT INTO `genre_book`(`genre`, `entryid`) VALUES ('Romance','2648');
INSERT INTO `author_book`(`author`, `entryid`) VALUES ('Elana Hittman','2648');
INSERT INTO `publisher_book`(`publisher`, `entryid`) VALUES ('Fiebich Cooperations.','2648');
INSERT INTO `entry`(`entryid`,`type`) VALUES('2649','b');
INSERT INTO `book`(`title`,`entryid`,`isbn`,`type`) VALUES('Interest vs. cheap-jack Bail','2649','0753612593651','e');
INSERT INTO `genre_book`(`genre`, `entryid`) VALUES ('Thriller','2649');
INSERT INTO `author_book`(`author`, `entryid`) VALUES ('Inge Heggen','2649');
INSERT INTO `publisher_book`(`publisher`, `entryid`) VALUES ('Herreras Cooperations.','2649');
INSERT INTO `entry`(`entryid`,`type`) VALUES('2650','b');
INSERT INTO `book`(`title`,`entryid`,`isbn`,`type`) VALUES('Plier against Card','2650','0160905053519','e');
INSERT INTO `genre_book`(`genre`, `entryid`) VALUES ('Education','2650');
INSERT INTO `author`(`name`,`birthyear`,`deathyear`) VALUES('Buster Syracuse','1889','1909');
INSERT INTO `author_book`(`author`, `entryid`) VALUES ('Buster Syracuse','2650');
INSERT INTO `publisher_book`(`publisher`, `entryid`) VALUES ('Cregeen Inc.','2650');
INSERT INTO `entry`(`entryid`,`type`) VALUES('2651','b');
INSERT INTO `book`(`title`,`entryid`,`isbn`,`type`) VALUES('David against the unallotted May','2651','0068439128931','e');
INSERT INTO `genre_book`(`genre`, `entryid`) VALUES ('Science','2651');
INSERT INTO `author`(`name`,`birthyear`,`deathyear`) VALUES('Jody Tomlin','1922','1983');
INSERT INTO `author_book`(`author`, `entryid`) VALUES ('Jody Tomlin','2651');
INSERT INTO `publisher_book`(`publisher`, `entryid`) VALUES ('Happe Publishers.','2651');
INSERT INTO `entry`(`entryid`,`type`) VALUES('2652','b');
INSERT INTO `book`(`title`,`entryid`,`isbn`,`type`) VALUES('Bench with the forgetful Dipstick','2652','9491574713981','j');
INSERT INTO `genre_book`(`genre`, `entryid`) VALUES ('Adventure','2652');
INSERT INTO `author`(`name`,`birthyear`,`deathyear`) VALUES('Kara Omundson','1942','1990');
INSERT INTO `author_book`(`author`, `entryid`) VALUES ('Kara Omundson','2652');
INSERT INTO `publisher_book`(`publisher`, `entryid`) VALUES ('Silevinac Inc.','2652');
INSERT INTO `entry`(`entryid`,`type`) VALUES('2653','b');
INSERT INTO `book`(`title`,`entryid`,`isbn`,`type`) VALUES('Peer-to-peer with the Mark','2653','0199484220637','b');
INSERT INTO `genre_book`(`genre`, `entryid`) VALUES ('Horror','2653');
INSERT INTO `author`(`name`,`birthyear`,`deathyear`) VALUES('Wilton Eklund','1910','1976');
INSERT INTO `author_book`(`author`, `entryid`) VALUES ('Wilton Eklund','2653');
INSERT INTO `publisher_book`(`publisher`, `entryid`) VALUES ('Varas Publishers.','2653');
INSERT INTO `entry`(`entryid`,`type`) VALUES('2654','b');
INSERT INTO `book`(`title`,`entryid`,`isbn`,`type`) VALUES('Tent of Year','2654','0933257790255','e');
INSERT INTO `genre_book`(`genre`, `entryid`) VALUES ('Sci-Fi','2654');
INSERT INTO `author`(`name`,`birthyear`,`deathyear`) VALUES('Nicol Demaria','1959','2056');
INSERT INTO `author_book`(`author`, `entryid`) VALUES ('Nicol Demaria','2654');
INSERT INTO `publisher`(`name`) VALUES ('Meja Cooperations.');
INSERT INTO `publisher_book`(`publisher`, `entryid`) VALUES ('Meja Cooperations.','2654');
INSERT INTO `entry`(`entryid`,`type`) VALUES('2655','b');
INSERT INTO `book`(`title`,`entryid`,`isbn`,`type`) VALUES('Action to flirtatious Pentagon','2655','0828869932115','b');
INSERT INTO `genre_book`(`genre`, `entryid`) VALUES ('Sci-Fi','2655');
INSERT INTO `author_book`(`author`, `entryid`) VALUES ('Ayanna Hamano','2655');
INSERT INTO `publisher_book`(`publisher`, `entryid`) VALUES ('Weymouth Inc.','2655');
INSERT INTO `entry`(`entryid`,`type`) VALUES('2656','b');
INSERT INTO `book`(`title`,`entryid`,`isbn`,`type`) VALUES('Pharmacist against the circumlocutory Wrecker','2656','0840283222428','j');
INSERT INTO `genre_book`(`genre`, `entryid`) VALUES ('Education','2656');
INSERT INTO `author_book`(`author`, `entryid`) VALUES ('Alton Lewand','2656');
INSERT INTO `publisher`(`name`) VALUES ('Capurro Publishers.');
INSERT INTO `publisher_book`(`publisher`, `entryid`) VALUES ('Capurro Publishers.','2656');
INSERT INTO `entry`(`entryid`,`type`) VALUES('2657','b');
INSERT INTO `book`(`title`,`entryid`,`isbn`,`type`) VALUES('Encyclopedia against Sandra','2657','9984718635731','e');
INSERT INTO `genre_book`(`genre`, `entryid`) VALUES ('Adventure','2657');
INSERT INTO `author_book`(`author`, `entryid`) VALUES ('Bobbie Devinney','2657');
INSERT INTO `publisher_book`(`publisher`, `entryid`) VALUES ('Aplington Inc.','2657');
INSERT INTO `entry`(`entryid`,`type`) VALUES('2658','b');
INSERT INTO `book`(`title`,`entryid`,`isbn`,`type`) VALUES('Temperature to Sivaistic Tie','2658','0711763923087','b');
INSERT INTO `genre_book`(`genre`, `entryid`) VALUES ('Romance','2658');
INSERT INTO `author_book`(`author`, `entryid`) VALUES ('Malka Wokwicz','2658');
INSERT INTO `publisher_book`(`publisher`, `entryid`) VALUES ('Draffin Publishers.','2658');
INSERT INTO `entry`(`entryid`,`type`) VALUES('2659','b');
INSERT INTO `book`(`title`,`entryid`,`isbn`,`type`) VALUES('Structure against Perfume','2659','9530198388283','e');
INSERT INTO `genre_book`(`genre`, `entryid`) VALUES ('Horror','2659');
INSERT INTO `author_book`(`author`, `entryid`) VALUES ('Colby Telega','2659');
INSERT INTO `publisher_book`(`publisher`, `entryid`) VALUES ('Ukich Cooperations.','2659');
INSERT INTO `entry`(`entryid`,`type`) VALUES('2660','b');
INSERT INTO `book`(`title`,`entryid`,`isbn`,`type`) VALUES('Cable for Children','2660','9006947640586','b');
INSERT INTO `genre_book`(`genre`, `entryid`) VALUES ('Romance','2660');
INSERT INTO `author_book`(`author`, `entryid`) VALUES ('Jewell Clipper','2660');
INSERT INTO `publisher_book`(`publisher`, `entryid`) VALUES ('Dobrinin Inc.','2660');
INSERT INTO `entry`(`entryid`,`type`) VALUES('2661','b');
INSERT INTO `book`(`title`,`entryid`,`isbn`,`type`) VALUES('Athlete in the Women','2661','0353051490365','e');
INSERT INTO `genre_book`(`genre`, `entryid`) VALUES ('Sci-Fi','2661');
INSERT INTO `author_book`(`author`, `entryid`) VALUES ('Vida Covil','2661');
INSERT INTO `publisher_book`(`publisher`, `entryid`) VALUES ('Bedson Inc.','2661');
INSERT INTO `entry`(`entryid`,`type`) VALUES('2662','b');
INSERT INTO `book`(`title`,`entryid`,`isbn`,`type`) VALUES('Zoo to the increasable Dinner','2662','0541176416047','j');
INSERT INTO `genre_book`(`genre`, `entryid`) VALUES ('Education','2662');
INSERT INTO `author_book`(`author`, `entryid`) VALUES ('Alexa Gleaves','2662');
INSERT INTO `publisher`(`name`) VALUES ('Bigos Inc.');
INSERT INTO `publisher_book`(`publisher`, `entryid`) VALUES ('Bigos Inc.','2662');
INSERT INTO `entry`(`entryid`,`type`) VALUES('2663','b');
INSERT INTO `book`(`title`,`entryid`,`isbn`,`type`) VALUES('Deer of Cicada','2663','0597459132807','j');
INSERT INTO `genre_book`(`genre`, `entryid`) VALUES ('Science','2663');
INSERT INTO `author`(`name`,`birthyear`,`deathyear`) VALUES('Lucile Leu','1922','2017');
INSERT INTO `author_book`(`author`, `entryid`) VALUES ('Lucile Leu','2663');
INSERT INTO `publisher_book`(`publisher`, `entryid`) VALUES ('Amtower Inc.','2663');
INSERT INTO `entry`(`entryid`,`type`) VALUES('2664','b');
INSERT INTO `book`(`title`,`entryid`,`isbn`,`type`) VALUES('Seat and the commutable Baboon','2664','9152040371065','b');
INSERT INTO `genre_book`(`genre`, `entryid`) VALUES ('Education','2664');
INSERT INTO `author`(`name`,`birthyear`,`deathyear`) VALUES('Milagros Pollen','1896','1994');
INSERT INTO `author_book`(`author`, `entryid`) VALUES ('Milagros Pollen','2664');
INSERT INTO `publisher_book`(`publisher`, `entryid`) VALUES ('Wooderson Inc.','2664');
INSERT INTO `entry`(`entryid`,`type`) VALUES('2665','b');
INSERT INTO `book`(`title`,`entryid`,`isbn`,`type`) VALUES('Hoe because of Newsprint','2665','9116546802500','b');
INSERT INTO `genre_book`(`genre`, `entryid`) VALUES ('Adventure','2665');
INSERT INTO `author`(`name`,`birthyear`,`deathyear`) VALUES('Debora Velzy','1892','1939');
INSERT INTO `author_book`(`author`, `entryid`) VALUES ('Debora Velzy','2665');
INSERT INTO `publisher_book`(`publisher`, `entryid`) VALUES ('Six Publishers.','2665');
INSERT INTO `entry`(`entryid`,`type`) VALUES('2666','b');
INSERT INTO `book`(`title`,`entryid`,`isbn`,`type`) VALUES('Babies against the entitative Art','2666','0728143948456','b');
INSERT INTO `genre_book`(`genre`, `entryid`) VALUES ('Romance','2666');
INSERT INTO `author`(`name`,`birthyear`,`deathyear`) VALUES('Carla Botros','1951','2029');
INSERT INTO `author_book`(`author`, `entryid`) VALUES ('Carla Botros','2666');
INSERT INTO `publisher_book`(`publisher`, `entryid`) VALUES ('Capurro Publishers.','2666');
INSERT INTO `entry`(`entryid`,`type`) VALUES('2667','b');
INSERT INTO `book`(`title`,`entryid`,`isbn`,`type`) VALUES('Ball with the Thailand','2667','9133322163329','j');
INSERT INTO `genre_book`(`genre`, `entryid`) VALUES ('Romance','2667');
INSERT INTO `author`(`name`,`birthyear`,`deathyear`) VALUES('Joetta Ethel','1959','2028');
INSERT INTO `author_book`(`author`, `entryid`) VALUES ('Joetta Ethel','2667');
INSERT INTO `publisher_book`(`publisher`, `entryid`) VALUES ('Dismukes Cooperations.','2667');
INSERT INTO `entry`(`entryid`,`type`) VALUES('2668','b');
INSERT INTO `book`(`title`,`entryid`,`isbn`,`type`) VALUES('Club against the squirrelly Lobster','2668','9087462374222','e');
INSERT INTO `genre_book`(`genre`, `entryid`) VALUES ('Adventure','2668');
INSERT INTO `author`(`name`,`birthyear`,`deathyear`) VALUES('Merlyn Knows','1892','1989');
INSERT INTO `author_book`(`author`, `entryid`) VALUES ('Merlyn Knows','2668');
INSERT INTO `publisher_book`(`publisher`, `entryid`) VALUES ('Farber Publishers.','2668');
INSERT INTO `entry`(`entryid`,`type`) VALUES('2669','b');
INSERT INTO `book`(`title`,`entryid`,`isbn`,`type`) VALUES('Poland of Dredger','2669','9570326731103','e');
INSERT INTO `genre_book`(`genre`, `entryid`) VALUES ('Sci-Fi','2669');
INSERT INTO `author`(`name`,`birthyear`,`deathyear`) VALUES('Iola Ziegenbein','1920','1947');
INSERT INTO `author_book`(`author`, `entryid`) VALUES ('Iola Ziegenbein','2669');
INSERT INTO `publisher_book`(`publisher`, `entryid`) VALUES ('Rudolph Cooperations.','2669');
INSERT INTO `entry`(`entryid`,`type`) VALUES('2670','b');
INSERT INTO `book`(`title`,`entryid`,`isbn`,`type`) VALUES('Innocent against Flower','2670','0176623909823','e');
INSERT INTO `genre_book`(`genre`, `entryid`) VALUES ('Adventure','2670');
INSERT INTO `author`(`name`,`birthyear`,`deathyear`) VALUES('Wynona Bozell','1924','1984');
INSERT INTO `author_book`(`author`, `entryid`) VALUES ('Wynona Bozell','2670');
INSERT INTO `publisher_book`(`publisher`, `entryid`) VALUES ('Deaville Inc.','2670');
INSERT INTO `entry`(`entryid`,`type`) VALUES('2671','b');
INSERT INTO `book`(`title`,`entryid`,`isbn`,`type`) VALUES('Dead in Retailer','2671','9496760380881','e');
INSERT INTO `genre_book`(`genre`, `entryid`) VALUES ('Romance','2671');
INSERT INTO `author`(`name`,`birthyear`,`deathyear`) VALUES('Martin Caudle','1898','1953');
INSERT INTO `author_book`(`author`, `entryid`) VALUES ('Martin Caudle','2671');
INSERT INTO `publisher_book`(`publisher`, `entryid`) VALUES ('Pawell Cooperations.','2671');
INSERT INTO `entry`(`entryid`,`type`) VALUES('2672','b');
INSERT INTO `book`(`title`,`entryid`,`isbn`,`type`) VALUES('Sparrow vs. gainable Professor','2672','9704897443730','e');
INSERT INTO `genre_book`(`genre`, `entryid`) VALUES ('Romance','2672');
INSERT INTO `author`(`name`,`birthyear`,`deathyear`) VALUES('Mafalda Arras','1935','1991');
INSERT INTO `author_book`(`author`, `entryid`) VALUES ('Mafalda Arras','2672');
INSERT INTO `publisher_book`(`publisher`, `entryid`) VALUES ('Statton Inc.','2672');
INSERT INTO `entry`(`entryid`,`type`) VALUES('2673','b');
INSERT INTO `book`(`title`,`entryid`,`isbn`,`type`) VALUES('Punishment for chargeful Salary','2673','0682806044724','b');
INSERT INTO `genre_book`(`genre`, `entryid`) VALUES ('Thriller','2673');
INSERT INTO `author_book`(`author`, `entryid`) VALUES ('Vena Jellings','2673');
INSERT INTO `publisher_book`(`publisher`, `entryid`) VALUES ('Martinek Cooperations.','2673');
INSERT INTO `entry`(`entryid`,`type`) VALUES('2674','b');
INSERT INTO `book`(`title`,`entryid`,`isbn`,`type`) VALUES('Clutch and nymphomaniac Nerve','2674','9919826127191','b');
INSERT INTO `genre_book`(`genre`, `entryid`) VALUES ('Romance','2674');
INSERT INTO `author`(`name`,`birthyear`,`deathyear`) VALUES('Jenniffer Timchula','1954','2031');
INSERT INTO `author_book`(`author`, `entryid`) VALUES ('Jenniffer Timchula','2674');
INSERT INTO `publisher_book`(`publisher`, `entryid`) VALUES ('Medford Inc.','2674');
INSERT INTO `entry`(`entryid`,`type`) VALUES('2675','b');
INSERT INTO `book`(`title`,`entryid`,`isbn`,`type`) VALUES('Writer and the Noodle','2675','9232332562805','e');
INSERT INTO `genre_book`(`genre`, `entryid`) VALUES ('Thriller','2675');
INSERT INTO `author`(`name`,`birthyear`,`deathyear`) VALUES('Kyla Raphael','1937','1957');
INSERT INTO `author_book`(`author`, `entryid`) VALUES ('Kyla Raphael','2675');
INSERT INTO `publisher_book`(`publisher`, `entryid`) VALUES ('Laraby Publishers.','2675');
INSERT INTO `entry`(`entryid`,`type`) VALUES('2676','b');
INSERT INTO `book`(`title`,`entryid`,`isbn`,`type`) VALUES('Oyster because of Slope','2676','0648886201993','b');
INSERT INTO `genre_book`(`genre`, `entryid`) VALUES ('Thriller','2676');
INSERT INTO `author_book`(`author`, `entryid`) VALUES ('Tilda Barickman','2676');
INSERT INTO `publisher_book`(`publisher`, `entryid`) VALUES ('Hengel Inc.','2676');
INSERT INTO `entry`(`entryid`,`type`) VALUES('2677','b');
INSERT INTO `book`(`title`,`entryid`,`isbn`,`type`) VALUES('Mint and Deposit','2677','9810986379204','j');
INSERT INTO `genre_book`(`genre`, `entryid`) VALUES ('Science','2677');
INSERT INTO `author`(`name`,`birthyear`,`deathyear`) VALUES('Elanor Melchiori','1951','1980');
INSERT INTO `author_book`(`author`, `entryid`) VALUES ('Elanor Melchiori','2677');
INSERT INTO `publisher_book`(`publisher`, `entryid`) VALUES ('Toste Publishers.','2677');
INSERT INTO `entry`(`entryid`,`type`) VALUES('2678','b');
INSERT INTO `book`(`title`,`entryid`,`isbn`,`type`) VALUES('Grandfather against mopiest Sand','2678','9670420263636','e');
INSERT INTO `genre_book`(`genre`, `entryid`) VALUES ('Horror','2678');
INSERT INTO `author`(`name`,`birthyear`,`deathyear`) VALUES('Maynard Wessell','1918','1975');
INSERT INTO `author_book`(`author`, `entryid`) VALUES ('Maynard Wessell','2678');
INSERT INTO `publisher_book`(`publisher`, `entryid`) VALUES ('Sumaran Cooperations.','2678');
INSERT INTO `entry`(`entryid`,`type`) VALUES('2679','b');
INSERT INTO `book`(`title`,`entryid`,`isbn`,`type`) VALUES('Territory to calamitous Tune','2679','0871891985958','b');
INSERT INTO `genre_book`(`genre`, `entryid`) VALUES ('Thriller','2679');
INSERT INTO `author_book`(`author`, `entryid`) VALUES ('Mable Junge','2679');
INSERT INTO `publisher_book`(`publisher`, `entryid`) VALUES ('Lanagan Inc.','2679');
INSERT INTO `entry`(`entryid`,`type`) VALUES('2680','b');
INSERT INTO `book`(`title`,`entryid`,`isbn`,`type`) VALUES('Octopus and Distance','2680','9246039525809','j');
INSERT INTO `genre_book`(`genre`, `entryid`) VALUES ('Science','2680');
INSERT INTO `author_book`(`author`, `entryid`) VALUES ('Ayanna Hamano','2680');
INSERT INTO `publisher_book`(`publisher`, `entryid`) VALUES ('Allocca Cooperations.','2680');
INSERT INTO `entry`(`entryid`,`type`) VALUES('2681','b');
INSERT INTO `book`(`title`,`entryid`,`isbn`,`type`) VALUES('Radio by trainless Aries','2681','0329434807268','b');
INSERT INTO `genre_book`(`genre`, `entryid`) VALUES ('Sci-Fi','2681');
INSERT INTO `author`(`name`,`birthyear`,`deathyear`) VALUES('Luetta Barrientes','1882','1932');
INSERT INTO `author_book`(`author`, `entryid`) VALUES ('Luetta Barrientes','2681');
INSERT INTO `publisher`(`name`) VALUES ('Brotherson Inc.');
INSERT INTO `publisher_book`(`publisher`, `entryid`) VALUES ('Brotherson Inc.','2681');
INSERT INTO `entry`(`entryid`,`type`) VALUES('2682','b');
INSERT INTO `book`(`title`,`entryid`,`isbn`,`type`) VALUES('Chemistry to the Dryer','2682','0654473404865','j');
INSERT INTO `genre_book`(`genre`, `entryid`) VALUES ('Romance','2682');
INSERT INTO `author_book`(`author`, `entryid`) VALUES ('Shantelle Schoo','2682');
INSERT INTO `publisher_book`(`publisher`, `entryid`) VALUES ('Tegarden Publishers.','2682');
INSERT INTO `entry`(`entryid`,`type`) VALUES('2683','b');
INSERT INTO `book`(`title`,`entryid`,`isbn`,`type`) VALUES('Prison with phenolic Turkey','2683','9662392861453','b');
INSERT INTO `genre_book`(`genre`, `entryid`) VALUES ('Thriller','2683');
INSERT INTO `author`(`name`,`birthyear`,`deathyear`) VALUES('Penny Duel','1918','2006');
INSERT INTO `author_book`(`author`, `entryid`) VALUES ('Penny Duel','2683');
INSERT INTO `publisher_book`(`publisher`, `entryid`) VALUES ('Medford Inc.','2683');
INSERT INTO `entry`(`entryid`,`type`) VALUES('2684','b');
INSERT INTO `book`(`title`,`entryid`,`isbn`,`type`) VALUES('Bird with the innovatory Wood','2684','0417482253040','e');
INSERT INTO `genre_book`(`genre`, `entryid`) VALUES ('Adventure','2684');
INSERT INTO `author_book`(`author`, `entryid`) VALUES ('Normand Avis','2684');
INSERT INTO `publisher_book`(`publisher`, `entryid`) VALUES ('Feigh Cooperations.','2684');
INSERT INTO `entry`(`entryid`,`type`) VALUES('2685','b');
INSERT INTO `book`(`title`,`entryid`,`isbn`,`type`) VALUES('Fact for nutant Skirt','2685','0509420594218','b');
INSERT INTO `genre_book`(`genre`, `entryid`) VALUES ('Sci-Fi','2685');
INSERT INTO `author`(`name`,`birthyear`,`deathyear`) VALUES('Monte Dimpfl','1953','2009');
INSERT INTO `author_book`(`author`, `entryid`) VALUES ('Monte Dimpfl','2685');
INSERT INTO `publisher_book`(`publisher`, `entryid`) VALUES ('Lanagan Inc.','2685');
INSERT INTO `entry`(`entryid`,`type`) VALUES('2686','b');
INSERT INTO `book`(`title`,`entryid`,`isbn`,`type`) VALUES('Market with Volcano','2686','9897019330172','j');
INSERT INTO `genre_book`(`genre`, `entryid`) VALUES ('Thriller','2686');
INSERT INTO `author`(`name`,`birthyear`,`deathyear`) VALUES('Roman Zajc','1894','1947');
INSERT INTO `author_book`(`author`, `entryid`) VALUES ('Roman Zajc','2686');
INSERT INTO `publisher_book`(`publisher`, `entryid`) VALUES ('Pollinger Inc.','2686');
INSERT INTO `entry`(`entryid`,`type`) VALUES('2687','b');
INSERT INTO `book`(`title`,`entryid`,`isbn`,`type`) VALUES('Metal against campylotropous Libra','2687','0897010327622','b');
INSERT INTO `genre_book`(`genre`, `entryid`) VALUES ('Horror','2687');
INSERT INTO `author_book`(`author`, `entryid`) VALUES ('Markita Linz','2687');
INSERT INTO `publisher_book`(`publisher`, `entryid`) VALUES ('Estrem Inc.','2687');
INSERT INTO `entry`(`entryid`,`type`) VALUES('2688','b');
INSERT INTO `book`(`title`,`entryid`,`isbn`,`type`) VALUES('Story to Fork','2688','9599797525432','e');
INSERT INTO `genre_book`(`genre`, `entryid`) VALUES ('Romance','2688');
INSERT INTO `author_book`(`author`, `entryid`) VALUES ('Angelique Sebesta','2688');
INSERT INTO `publisher_book`(`publisher`, `entryid`) VALUES ('Litwin Publishers.','2688');
INSERT INTO `entry`(`entryid`,`type`) VALUES('2689','b');
INSERT INTO `book`(`title`,`entryid`,`isbn`,`type`) VALUES('Camp because of opposing Computer','2689','0429377522039','e');
INSERT INTO `genre_book`(`genre`, `entryid`) VALUES ('Thriller','2689');
INSERT INTO `author_book`(`author`, `entryid`) VALUES ('Joetta Ethel','2689');
INSERT INTO `publisher_book`(`publisher`, `entryid`) VALUES ('Trnka Inc.','2689');
INSERT INTO `entry`(`entryid`,`type`) VALUES('2690','b');
INSERT INTO `book`(`title`,`entryid`,`isbn`,`type`) VALUES('Sleet for nitrogenous Jute','2690','0526440546752','j');
INSERT INTO `genre_book`(`genre`, `entryid`) VALUES ('Science','2690');
INSERT INTO `author`(`name`,`birthyear`,`deathyear`) VALUES('Thomasina Nannen','1930','2014');
INSERT INTO `author_book`(`author`, `entryid`) VALUES ('Thomasina Nannen','2690');
INSERT INTO `publisher_book`(`publisher`, `entryid`) VALUES ('Hathcoat Publishers.','2690');
INSERT INTO `entry`(`entryid`,`type`) VALUES('2691','b');
INSERT INTO `book`(`title`,`entryid`,`isbn`,`type`) VALUES('Priest with the Server','2691','9429035052059','b');
INSERT INTO `genre_book`(`genre`, `entryid`) VALUES ('Thriller','2691');
INSERT INTO `author`(`name`,`birthyear`,`deathyear`) VALUES('Luci Medders','1941','2011');
INSERT INTO `author_book`(`author`, `entryid`) VALUES ('Luci Medders','2691');
INSERT INTO `publisher_book`(`publisher`, `entryid`) VALUES ('Gallegos Publishers.','2691');
INSERT INTO `entry`(`entryid`,`type`) VALUES('2692','b');
INSERT INTO `book`(`title`,`entryid`,`isbn`,`type`) VALUES('Exclamation in Particle','2692','0793719661735','b');
INSERT INTO `genre_book`(`genre`, `entryid`) VALUES ('Science','2692');
INSERT INTO `author`(`name`,`birthyear`,`deathyear`) VALUES('Season Harbour','1882','1980');
INSERT INTO `author_book`(`author`, `entryid`) VALUES ('Season Harbour','2692');
INSERT INTO `publisher_book`(`publisher`, `entryid`) VALUES ('Marcelino Inc.','2692');
INSERT INTO `entry`(`entryid`,`type`) VALUES('2693','b');
INSERT INTO `book`(`title`,`entryid`,`isbn`,`type`) VALUES('Check with the Dragon','2693','9508704264180','b');
INSERT INTO `genre_book`(`genre`, `entryid`) VALUES ('Science','2693');
INSERT INTO `author_book`(`author`, `entryid`) VALUES ('Romelia Leithiser','2693');
INSERT INTO `publisher_book`(`publisher`, `entryid`) VALUES ('Sowden Publishers.','2693');
INSERT INTO `entry`(`entryid`,`type`) VALUES('2694','b');
INSERT INTO `book`(`title`,`entryid`,`isbn`,`type`) VALUES('Foot of Nitrogen','2694','9212051582805','j');
INSERT INTO `genre_book`(`genre`, `entryid`) VALUES ('Horror','2694');
INSERT INTO `author`(`name`,`birthyear`,`deathyear`) VALUES('Felicita Gust','1975','2047');
INSERT INTO `author_book`(`author`, `entryid`) VALUES ('Felicita Gust','2694');
INSERT INTO `publisher_book`(`publisher`, `entryid`) VALUES ('Pery Cooperations.','2694');
INSERT INTO `entry`(`entryid`,`type`) VALUES('2695','b');
INSERT INTO `book`(`title`,`entryid`,`isbn`,`type`) VALUES('Ornament to the scantiest Vase','2695','0598094644426','j');
INSERT INTO `genre_book`(`genre`, `entryid`) VALUES ('Horror','2695');
INSERT INTO `author`(`name`,`birthyear`,`deathyear`) VALUES('Hector Cawon','1937','2029');
INSERT INTO `author_book`(`author`, `entryid`) VALUES ('Hector Cawon','2695');
INSERT INTO `publisher_book`(`publisher`, `entryid`) VALUES ('Waldbauer Publishers.','2695');
INSERT INTO `entry`(`entryid`,`type`) VALUES('2696','b');
INSERT INTO `book`(`title`,`entryid`,`isbn`,`type`) VALUES('Help vs. incarcerate Meeting','2696','0466828456145','j');
INSERT INTO `genre_book`(`genre`, `entryid`) VALUES ('Thriller','2696');
INSERT INTO `author`(`name`,`birthyear`,`deathyear`) VALUES('Nidia Zoroiwchak','1887','1983');
INSERT INTO `author_book`(`author`, `entryid`) VALUES ('Nidia Zoroiwchak','2696');
INSERT INTO `publisher_book`(`publisher`, `entryid`) VALUES ('Pudenz Inc.','2696');
INSERT INTO `entry`(`entryid`,`type`) VALUES('2697','b');
INSERT INTO `book`(`title`,`entryid`,`isbn`,`type`) VALUES('Note because of located Stepmother','2697','0769330497157','e');
INSERT INTO `genre_book`(`genre`, `entryid`) VALUES ('Adventure','2697');
INSERT INTO `author`(`name`,`birthyear`,`deathyear`) VALUES('Tatyana Repaci','1956','2023');
INSERT INTO `author_book`(`author`, `entryid`) VALUES ('Tatyana Repaci','2697');
INSERT INTO `publisher_book`(`publisher`, `entryid`) VALUES ('Wooderson Inc.','2697');
INSERT INTO `entry`(`entryid`,`type`) VALUES('2698','b');
INSERT INTO `book`(`title`,`entryid`,`isbn`,`type`) VALUES('Bulb for Minibus','2698','0991964068645','j');
INSERT INTO `genre_book`(`genre`, `entryid`) VALUES ('Thriller','2698');
INSERT INTO `author_book`(`author`, `entryid`) VALUES ('Izola Tramonte','2698');
INSERT INTO `publisher_book`(`publisher`, `entryid`) VALUES ('Gorney Publishers.','2698');
INSERT INTO `entry`(`entryid`,`type`) VALUES('2699','b');
INSERT INTO `book`(`title`,`entryid`,`isbn`,`type`) VALUES('Society against Prison','2699','9725418207057','b');
INSERT INTO `genre_book`(`genre`, `entryid`) VALUES ('Sci-Fi','2699');
INSERT INTO `author`(`name`,`birthyear`,`deathyear`) VALUES('Cherryl Palacious','1968','2033');
INSERT INTO `author_book`(`author`, `entryid`) VALUES ('Cherryl Palacious','2699');
INSERT INTO `publisher`(`name`) VALUES ('Scotty Inc.');
INSERT INTO `publisher_book`(`publisher`, `entryid`) VALUES ('Scotty Inc.','2699');
INSERT INTO `entry`(`entryid`,`type`) VALUES('2700','b');
INSERT INTO `book`(`title`,`entryid`,`isbn`,`type`) VALUES('Thunder to perspicuous Mayonnaise','2700','0429757675669','j');
INSERT INTO `genre_book`(`genre`, `entryid`) VALUES ('Thriller','2700');
INSERT INTO `author`(`name`,`birthyear`,`deathyear`) VALUES('Odelia Rucky','1907','2007');
INSERT INTO `author_book`(`author`, `entryid`) VALUES ('Odelia Rucky','2700');
INSERT INTO `publisher_book`(`publisher`, `entryid`) VALUES ('Trickel Inc.','2700');
INSERT INTO `entry`(`entryid`,`type`) VALUES('2701','b');
INSERT INTO `book`(`title`,`entryid`,`isbn`,`type`) VALUES('Produce to the pinnatisect Client','2701','9957706513913','e');
INSERT INTO `genre_book`(`genre`, `entryid`) VALUES ('Horror','2701');
INSERT INTO `author`(`name`,`birthyear`,`deathyear`) VALUES('Lesha Burriesci','1966','2053');
INSERT INTO `author_book`(`author`, `entryid`) VALUES ('Lesha Burriesci','2701');
INSERT INTO `publisher_book`(`publisher`, `entryid`) VALUES ('Ockman Inc.','2701');
INSERT INTO `entry`(`entryid`,`type`) VALUES('2702','b');
INSERT INTO `book`(`title`,`entryid`,`isbn`,`type`) VALUES('Pisces because of Chill','2702','9076288546317','b');
INSERT INTO `genre_book`(`genre`, `entryid`) VALUES ('Education','2702');
INSERT INTO `author_book`(`author`, `entryid`) VALUES ('Arvilla Springs','2702');
INSERT INTO `publisher_book`(`publisher`, `entryid`) VALUES ('Amtower Inc.','2702');
INSERT INTO `entry`(`entryid`,`type`) VALUES('2703','b');
INSERT INTO `book`(`title`,`entryid`,`isbn`,`type`) VALUES('Sheep of unmanaged Library','2703','9046959150124','b');
INSERT INTO `genre_book`(`genre`, `entryid`) VALUES ('Sci-Fi','2703');
INSERT INTO `author`(`name`,`birthyear`,`deathyear`) VALUES('Eulah Lalonde','1964','2017');
INSERT INTO `author_book`(`author`, `entryid`) VALUES ('Eulah Lalonde','2703');
INSERT INTO `publisher_book`(`publisher`, `entryid`) VALUES ('Yazzi Publishers.','2703');
INSERT INTO `entry`(`entryid`,`type`) VALUES('2704','b');
INSERT INTO `book`(`title`,`entryid`,`isbn`,`type`) VALUES('Anethesiologist and the tinkliest Waiter','2704','0625863004628','j');
INSERT INTO `genre_book`(`genre`, `entryid`) VALUES ('Thriller','2704');
INSERT INTO `author_book`(`author`, `entryid`) VALUES ('Tawana Yearta','2704');
INSERT INTO `publisher_book`(`publisher`, `entryid`) VALUES ('Yonkers Cooperations.','2704');
INSERT INTO `entry`(`entryid`,`type`) VALUES('2705','b');
INSERT INTO `book`(`title`,`entryid`,`isbn`,`type`) VALUES('Friend and Era','2705','9467624940773','e');
INSERT INTO `genre_book`(`genre`, `entryid`) VALUES ('Horror','2705');
INSERT INTO `author_book`(`author`, `entryid`) VALUES ('Deandrea Nosworthy','2705');
INSERT INTO `publisher_book`(`publisher`, `entryid`) VALUES ('Pery Cooperations.','2705');
INSERT INTO `entry`(`entryid`,`type`) VALUES('2706','b');
INSERT INTO `book`(`title`,`entryid`,`isbn`,`type`) VALUES('Care and Locket','2706','0616093074578','j');
INSERT INTO `genre_book`(`genre`, `entryid`) VALUES ('Adventure','2706');
INSERT INTO `author_book`(`author`, `entryid`) VALUES ('Gene Decarvalho','2706');
INSERT INTO `publisher_book`(`publisher`, `entryid`) VALUES ('Antrikin Inc.','2706');
INSERT INTO `entry`(`entryid`,`type`) VALUES('2707','b');
INSERT INTO `book`(`title`,`entryid`,`isbn`,`type`) VALUES('Napkin vs. sporadic Lute','2707','9838769129102','j');
INSERT INTO `genre_book`(`genre`, `entryid`) VALUES ('Horror','2707');
INSERT INTO `author`(`name`,`birthyear`,`deathyear`) VALUES('Tressie Belveal','1905','1990');
INSERT INTO `author_book`(`author`, `entryid`) VALUES ('Tressie Belveal','2707');
INSERT INTO `publisher_book`(`publisher`, `entryid`) VALUES ('Trapp Inc.','2707');
INSERT INTO `entry`(`entryid`,`type`) VALUES('2708','b');
INSERT INTO `book`(`title`,`entryid`,`isbn`,`type`) VALUES('Wolf to the wheezier Asphalt','2708','0996088710788','b');
INSERT INTO `genre_book`(`genre`, `entryid`) VALUES ('Education','2708');
INSERT INTO `author_book`(`author`, `entryid`) VALUES ('Iola Ziegenbein','2708');
INSERT INTO `publisher_book`(`publisher`, `entryid`) VALUES ('Rohr Cooperations.','2708');
INSERT INTO `entry`(`entryid`,`type`) VALUES('2709','b');
INSERT INTO `book`(`title`,`entryid`,`isbn`,`type`) VALUES('Ethernet to documented South africa','2709','0860002606982','e');
INSERT INTO `genre_book`(`genre`, `entryid`) VALUES ('Science','2709');
INSERT INTO `author`(`name`,`birthyear`,`deathyear`) VALUES('Bennie Sigona','1923','2004');
INSERT INTO `author_book`(`author`, `entryid`) VALUES ('Bennie Sigona','2709');
INSERT INTO `publisher_book`(`publisher`, `entryid`) VALUES ('Fenceroy Publishers.','2709');
INSERT INTO `entry`(`entryid`,`type`) VALUES('2710','b');
INSERT INTO `book`(`title`,`entryid`,`isbn`,`type`) VALUES('Hose of the Fall','2710','0378792762887','e');
INSERT INTO `genre_book`(`genre`, `entryid`) VALUES ('Thriller','2710');
INSERT INTO `author`(`name`,`birthyear`,`deathyear`) VALUES('Brigitte Sholders','1944','1979');
INSERT INTO `author_book`(`author`, `entryid`) VALUES ('Brigitte Sholders','2710');
INSERT INTO `publisher`(`name`) VALUES ('Carter Inc.');
INSERT INTO `publisher_book`(`publisher`, `entryid`) VALUES ('Carter Inc.','2710');
INSERT INTO `entry`(`entryid`,`type`) VALUES('2711','b');
INSERT INTO `book`(`title`,`entryid`,`isbn`,`type`) VALUES('Kettledrum in Invention','2711','0005741844375','e');
INSERT INTO `genre_book`(`genre`, `entryid`) VALUES ('Thriller','2711');
INSERT INTO `author`(`name`,`birthyear`,`deathyear`) VALUES('Roy Fagnant','1880','1905');
INSERT INTO `author_book`(`author`, `entryid`) VALUES ('Roy Fagnant','2711');
INSERT INTO `publisher_book`(`publisher`, `entryid`) VALUES ('Springfield Inc.','2711');
INSERT INTO `entry`(`entryid`,`type`) VALUES('2712','b');
INSERT INTO `book`(`title`,`entryid`,`isbn`,`type`) VALUES('Railway and Mass','2712','9132269033934','e');
INSERT INTO `genre_book`(`genre`, `entryid`) VALUES ('Thriller','2712');
INSERT INTO `author_book`(`author`, `entryid`) VALUES ('Tressie Belveal','2712');
INSERT INTO `publisher_book`(`publisher`, `entryid`) VALUES ('Pollinger Inc.','2712');
INSERT INTO `entry`(`entryid`,`type`) VALUES('2713','b');
INSERT INTO `book`(`title`,`entryid`,`isbn`,`type`) VALUES('Rhythm for the criminative Alloy','2713','9289213808372','b');
INSERT INTO `genre_book`(`genre`, `entryid`) VALUES ('Science','2713');
INSERT INTO `author_book`(`author`, `entryid`) VALUES ('Ike Wehrheim','2713');
INSERT INTO `publisher_book`(`publisher`, `entryid`) VALUES ('Haggerty Cooperations.','2713');
INSERT INTO `entry`(`entryid`,`type`) VALUES('2714','b');
INSERT INTO `book`(`title`,`entryid`,`isbn`,`type`) VALUES('Noise of the Freezer','2714','0188644413725','b');
INSERT INTO `genre_book`(`genre`, `entryid`) VALUES ('Sci-Fi','2714');
INSERT INTO `author`(`name`,`birthyear`,`deathyear`) VALUES('Yadira Lansberry','1920','1950');
INSERT INTO `author_book`(`author`, `entryid`) VALUES ('Yadira Lansberry','2714');
INSERT INTO `publisher_book`(`publisher`, `entryid`) VALUES ('Malovich Inc.','2714');
INSERT INTO `entry`(`entryid`,`type`) VALUES('2715','b');
INSERT INTO `book`(`title`,`entryid`,`isbn`,`type`) VALUES('Message of burghal Coast','2715','0837379107288','b');
INSERT INTO `genre_book`(`genre`, `entryid`) VALUES ('Science','2715');
INSERT INTO `author`(`name`,`birthyear`,`deathyear`) VALUES('Leanora Renk','1885','1927');
INSERT INTO `author_book`(`author`, `entryid`) VALUES ('Leanora Renk','2715');
INSERT INTO `publisher_book`(`publisher`, `entryid`) VALUES ('Tegarden Publishers.','2715');
INSERT INTO `entry`(`entryid`,`type`) VALUES('2716','b');
INSERT INTO `book`(`title`,`entryid`,`isbn`,`type`) VALUES('Humidity with the Carnation','2716','0631611467410','j');
INSERT INTO `genre_book`(`genre`, `entryid`) VALUES ('Adventure','2716');
INSERT INTO `author_book`(`author`, `entryid`) VALUES ('Nenita Morrone','2716');
INSERT INTO `publisher_book`(`publisher`, `entryid`) VALUES ('Wolfer Cooperations.','2716');
INSERT INTO `entry`(`entryid`,`type`) VALUES('2717','b');
INSERT INTO `book`(`title`,`entryid`,`isbn`,`type`) VALUES('Nigeria in the Step-brother','2717','0286557120654','b');
INSERT INTO `genre_book`(`genre`, `entryid`) VALUES ('Education','2717');
INSERT INTO `author`(`name`,`birthyear`,`deathyear`) VALUES('Katharina Buechner','1885','1916');
INSERT INTO `author_book`(`author`, `entryid`) VALUES ('Katharina Buechner','2717');
INSERT INTO `publisher`(`name`) VALUES ('Tegner Cooperations.');
INSERT INTO `publisher_book`(`publisher`, `entryid`) VALUES ('Tegner Cooperations.','2717');
INSERT INTO `entry`(`entryid`,`type`) VALUES('2718','b');
INSERT INTO `book`(`title`,`entryid`,`isbn`,`type`) VALUES('Moustache to the gutsy Stopwatch','2718','0921024520078','j');
INSERT INTO `genre_book`(`genre`, `entryid`) VALUES ('Education','2718');
INSERT INTO `author`(`name`,`birthyear`,`deathyear`) VALUES('Wilbert Fugit','1887','1975');
INSERT INTO `author_book`(`author`, `entryid`) VALUES ('Wilbert Fugit','2718');
INSERT INTO `publisher_book`(`publisher`, `entryid`) VALUES ('Springfield Inc.','2718');
INSERT INTO `entry`(`entryid`,`type`) VALUES('2719','b');
INSERT INTO `book`(`title`,`entryid`,`isbn`,`type`) VALUES('Racing vs. Deal','2719','9966314254005','e');
INSERT INTO `genre_book`(`genre`, `entryid`) VALUES ('Thriller','2719');
INSERT INTO `author`(`name`,`birthyear`,`deathyear`) VALUES('Spencer Capilla','1916','1975');
INSERT INTO `author_book`(`author`, `entryid`) VALUES ('Spencer Capilla','2719');
INSERT INTO `publisher`(`name`) VALUES ('Guillotte Inc.');
INSERT INTO `publisher_book`(`publisher`, `entryid`) VALUES ('Guillotte Inc.','2719');
INSERT INTO `entry`(`entryid`,`type`) VALUES('2720','b');
INSERT INTO `book`(`title`,`entryid`,`isbn`,`type`) VALUES('Visitor to snake-hipped Supermarket','2720','9750302692353','j');
INSERT INTO `genre_book`(`genre`, `entryid`) VALUES ('Adventure','2720');
INSERT INTO `author`(`name`,`birthyear`,`deathyear`) VALUES('Lorena Tweddell','1916','2004');
INSERT INTO `author_book`(`author`, `entryid`) VALUES ('Lorena Tweddell','2720');
INSERT INTO `publisher_book`(`publisher`, `entryid`) VALUES ('Sistek Cooperations.','2720');
INSERT INTO `entry`(`entryid`,`type`) VALUES('2721','b');
INSERT INTO `book`(`title`,`entryid`,`isbn`,`type`) VALUES('Temper because of Fir','2721','9208780539338','e');
INSERT INTO `genre_book`(`genre`, `entryid`) VALUES ('Science','2721');
INSERT INTO `author_book`(`author`, `entryid`) VALUES ('Tien Henerson','2721');
INSERT INTO `publisher_book`(`publisher`, `entryid`) VALUES ('Holleran Cooperations.','2721');
INSERT INTO `entry`(`entryid`,`type`) VALUES('2722','b');
INSERT INTO `book`(`title`,`entryid`,`isbn`,`type`) VALUES('Branch and elucidative Screw','2722','9999557152371','b');
INSERT INTO `genre_book`(`genre`, `entryid`) VALUES ('Education','2722');
INSERT INTO `author`(`name`,`birthyear`,`deathyear`) VALUES('Marianna Koslowski','1919','1987');
INSERT INTO `author_book`(`author`, `entryid`) VALUES ('Marianna Koslowski','2722');
INSERT INTO `publisher_book`(`publisher`, `entryid`) VALUES ('Didyk Inc.','2722');
INSERT INTO `entry`(`entryid`,`type`) VALUES('2723','b');
INSERT INTO `book`(`title`,`entryid`,`isbn`,`type`) VALUES('Oven against cliffiest Authority','2723','0791755165964','b');
INSERT INTO `genre_book`(`genre`, `entryid`) VALUES ('Adventure','2723');
INSERT INTO `author_book`(`author`, `entryid`) VALUES ('Neville Baltzley','2723');
INSERT INTO `publisher`(`name`) VALUES ('Blythe Publishers.');
INSERT INTO `publisher_book`(`publisher`, `entryid`) VALUES ('Blythe Publishers.','2723');
INSERT INTO `entry`(`entryid`,`type`) VALUES('2724','b');
INSERT INTO `book`(`title`,`entryid`,`isbn`,`type`) VALUES('Flock for the symmetric Richard','2724','9981333019644','b');
INSERT INTO `genre_book`(`genre`, `entryid`) VALUES ('Education','2724');
INSERT INTO `author`(`name`,`birthyear`,`deathyear`) VALUES('Latonia Erholm','1968','1992');
INSERT INTO `author_book`(`author`, `entryid`) VALUES ('Latonia Erholm','2724');
INSERT INTO `publisher_book`(`publisher`, `entryid`) VALUES ('Marentez Inc.','2724');
INSERT INTO `entry`(`entryid`,`type`) VALUES('2725','b');
INSERT INTO `book`(`title`,`entryid`,`isbn`,`type`) VALUES('Fairies in unweighed Roll','2725','9671233200951','e');
INSERT INTO `genre_book`(`genre`, `entryid`) VALUES ('Sci-Fi','2725');
INSERT INTO `author`(`name`,`birthyear`,`deathyear`) VALUES('Agripina Dunnaville','1922','1945');
INSERT INTO `author_book`(`author`, `entryid`) VALUES ('Agripina Dunnaville','2725');
INSERT INTO `publisher_book`(`publisher`, `entryid`) VALUES ('Lundblad Inc.','2725');
INSERT INTO `entry`(`entryid`,`type`) VALUES('2726','b');
INSERT INTO `book`(`title`,`entryid`,`isbn`,`type`) VALUES('Editor in the unsuspected Ocean','2726','9935595275224','j');
INSERT INTO `genre_book`(`genre`, `entryid`) VALUES ('Adventure','2726');
INSERT INTO `author`(`name`,`birthyear`,`deathyear`) VALUES('Sofia Aanenson','1959','1990');
INSERT INTO `author_book`(`author`, `entryid`) VALUES ('Sofia Aanenson','2726');
INSERT INTO `publisher`(`name`) VALUES ('Czerniak Inc.');
INSERT INTO `publisher_book`(`publisher`, `entryid`) VALUES ('Czerniak Inc.','2726');
INSERT INTO `entry`(`entryid`,`type`) VALUES('2727','b');
INSERT INTO `book`(`title`,`entryid`,`isbn`,`type`) VALUES('Vase for the inventorial Brown','2727','0916623043052','j');
INSERT INTO `genre_book`(`genre`, `entryid`) VALUES ('Thriller','2727');
INSERT INTO `author_book`(`author`, `entryid`) VALUES ('Alida Charlebois','2727');
INSERT INTO `publisher_book`(`publisher`, `entryid`) VALUES ('Arone Inc.','2727');
INSERT INTO `entry`(`entryid`,`type`) VALUES('2728','b');
INSERT INTO `book`(`title`,`entryid`,`isbn`,`type`) VALUES('Wolf against the detectible Sociology','2728','9861679184758','e');
INSERT INTO `genre_book`(`genre`, `entryid`) VALUES ('Education','2728');
INSERT INTO `author`(`name`,`birthyear`,`deathyear`) VALUES('Melodi Sughroue','1953','2002');
INSERT INTO `author_book`(`author`, `entryid`) VALUES ('Melodi Sughroue','2728');
INSERT INTO `publisher_book`(`publisher`, `entryid`) VALUES ('Kasa Publishers.','2728');
INSERT INTO `entry`(`entryid`,`type`) VALUES('2729','b');
INSERT INTO `book`(`title`,`entryid`,`isbn`,`type`) VALUES('Gorilla by the Heron','2729','9979636009973','b');
INSERT INTO `genre_book`(`genre`, `entryid`) VALUES ('Romance','2729');
INSERT INTO `author`(`name`,`birthyear`,`deathyear`) VALUES('Toney Wisely','1906','1972');
INSERT INTO `author_book`(`author`, `entryid`) VALUES ('Toney Wisely','2729');
INSERT INTO `publisher_book`(`publisher`, `entryid`) VALUES ('Bernadette Cooperations.','2729');
INSERT INTO `entry`(`entryid`,`type`) VALUES('2730','b');
INSERT INTO `book`(`title`,`entryid`,`isbn`,`type`) VALUES('Triangle in the pulmonate Value','2730','9491466436140','b');
INSERT INTO `genre_book`(`genre`, `entryid`) VALUES ('Horror','2730');
INSERT INTO `author_book`(`author`, `entryid`) VALUES ('Golda Szopinski','2730');
INSERT INTO `publisher_book`(`publisher`, `entryid`) VALUES ('Seeber Publishers.','2730');
INSERT INTO `entry`(`entryid`,`type`) VALUES('2731','b');
INSERT INTO `book`(`title`,`entryid`,`isbn`,`type`) VALUES('Chimpanzee against the Poppy','2731','9496812189258','e');
INSERT INTO `genre_book`(`genre`, `entryid`) VALUES ('Romance','2731');
INSERT INTO `author_book`(`author`, `entryid`) VALUES ('Clifford Zamparini','2731');
INSERT INTO `publisher_book`(`publisher`, `entryid`) VALUES ('Lobosco Cooperations.','2731');
INSERT INTO `entry`(`entryid`,`type`) VALUES('2732','b');
INSERT INTO `book`(`title`,`entryid`,`isbn`,`type`) VALUES('Buffet of conductive Blinker','2732','9962613521451','j');
INSERT INTO `genre_book`(`genre`, `entryid`) VALUES ('Thriller','2732');
INSERT INTO `author_book`(`author`, `entryid`) VALUES ('Renee Kiker','2732');
INSERT INTO `publisher_book`(`publisher`, `entryid`) VALUES ('Six Publishers.','2732');
INSERT INTO `entry`(`entryid`,`type`) VALUES('2733','b');
INSERT INTO `book`(`title`,`entryid`,`isbn`,`type`) VALUES('Bus because of Thumb','2733','9635605014816','j');
INSERT INTO `genre_book`(`genre`, `entryid`) VALUES ('Science','2733');
INSERT INTO `author`(`name`,`birthyear`,`deathyear`) VALUES('Jospeh Rigsby','1959','2011');
INSERT INTO `author_book`(`author`, `entryid`) VALUES ('Jospeh Rigsby','2733');
INSERT INTO `publisher_book`(`publisher`, `entryid`) VALUES ('Wehbe Cooperations.','2733');
INSERT INTO `entry`(`entryid`,`type`) VALUES('2734','b');
INSERT INTO `book`(`title`,`entryid`,`isbn`,`type`) VALUES('Half-brother for the Insurance','2734','9375481018693','j');
INSERT INTO `genre_book`(`genre`, `entryid`) VALUES ('Sci-Fi','2734');
INSERT INTO `author`(`name`,`birthyear`,`deathyear`) VALUES('Xavier Adelsberg','1904','1994');
INSERT INTO `author_book`(`author`, `entryid`) VALUES ('Xavier Adelsberg','2734');
INSERT INTO `publisher_book`(`publisher`, `entryid`) VALUES ('Dismukes Cooperations.','2734');
INSERT INTO `entry`(`entryid`,`type`) VALUES('2735','b');
INSERT INTO `book`(`title`,`entryid`,`isbn`,`type`) VALUES('Run and Dirt','2735','0190243398764','j');
INSERT INTO `genre_book`(`genre`, `entryid`) VALUES ('Horror','2735');
INSERT INTO `author_book`(`author`, `entryid`) VALUES ('Nyla Guimaraes','2735');
INSERT INTO `publisher_book`(`publisher`, `entryid`) VALUES ('Delashaw Publishers.','2735');
INSERT INTO `entry`(`entryid`,`type`) VALUES('2736','b');
INSERT INTO `book`(`title`,`entryid`,`isbn`,`type`) VALUES('Pelican to the Jellyfish','2736','9995390735998','j');
INSERT INTO `genre_book`(`genre`, `entryid`) VALUES ('Thriller','2736');
INSERT INTO `author`(`name`,`birthyear`,`deathyear`) VALUES('Anibal Hinman','1882','1921');
INSERT INTO `author_book`(`author`, `entryid`) VALUES ('Anibal Hinman','2736');
INSERT INTO `publisher`(`name`) VALUES ('Grulkey Inc.');
INSERT INTO `publisher_book`(`publisher`, `entryid`) VALUES ('Grulkey Inc.','2736');
INSERT INTO `entry`(`entryid`,`type`) VALUES('2737','b');
INSERT INTO `book`(`title`,`entryid`,`isbn`,`type`) VALUES('Biplane by the Apology','2737','0749018202870','e');
INSERT INTO `genre_book`(`genre`, `entryid`) VALUES ('Science','2737');
INSERT INTO `author`(`name`,`birthyear`,`deathyear`) VALUES('Chloe Poke','1960','2003');
INSERT INTO `author_book`(`author`, `entryid`) VALUES ('Chloe Poke','2737');
INSERT INTO `publisher_book`(`publisher`, `entryid`) VALUES ('Deaville Inc.','2737');
INSERT INTO `entry`(`entryid`,`type`) VALUES('2738','b');
INSERT INTO `book`(`title`,`entryid`,`isbn`,`type`) VALUES('Bra to the Beach','2738','0277051571113','j');
INSERT INTO `genre_book`(`genre`, `entryid`) VALUES ('Adventure','2738');
INSERT INTO `author`(`name`,`birthyear`,`deathyear`) VALUES('Etha Trucchio','1934','1973');
INSERT INTO `author_book`(`author`, `entryid`) VALUES ('Etha Trucchio','2738');
INSERT INTO `publisher_book`(`publisher`, `entryid`) VALUES ('Victoria Cooperations.','2738');
INSERT INTO `entry`(`entryid`,`type`) VALUES('2739','b');
INSERT INTO `book`(`title`,`entryid`,`isbn`,`type`) VALUES('Colt and the Jelly','2739','0959139361554','e');
INSERT INTO `genre_book`(`genre`, `entryid`) VALUES ('Science','2739');
INSERT INTO `author_book`(`author`, `entryid`) VALUES ('Marivel Matarrita','2739');
INSERT INTO `publisher_book`(`publisher`, `entryid`) VALUES ('Sumaran Cooperations.','2739');
INSERT INTO `entry`(`entryid`,`type`) VALUES('2740','b');
INSERT INTO `book`(`title`,`entryid`,`isbn`,`type`) VALUES('Surgeon vs. nociceptive Laura','2740','0684545023189','b');
INSERT INTO `genre_book`(`genre`, `entryid`) VALUES ('Science','2740');
INSERT INTO `author`(`name`,`birthyear`,`deathyear`) VALUES('Teena Watkinson','1969','2061');
INSERT INTO `author_book`(`author`, `entryid`) VALUES ('Teena Watkinson','2740');
INSERT INTO `publisher`(`name`) VALUES ('Bedre Publishers.');
INSERT INTO `publisher_book`(`publisher`, `entryid`) VALUES ('Bedre Publishers.','2740');
INSERT INTO `entry`(`entryid`,`type`) VALUES('2741','b');
INSERT INTO `book`(`title`,`entryid`,`isbn`,`type`) VALUES('Cylinder of the densest Kick','2741','9526757576113','e');
INSERT INTO `genre_book`(`genre`, `entryid`) VALUES ('Adventure','2741');
INSERT INTO `author`(`name`,`birthyear`,`deathyear`) VALUES('Mozelle Scopa','1920','1985');
INSERT INTO `author_book`(`author`, `entryid`) VALUES ('Mozelle Scopa','2741');
INSERT INTO `publisher_book`(`publisher`, `entryid`) VALUES ('Kuhlo Cooperations.','2741');
INSERT INTO `entry`(`entryid`,`type`) VALUES('2742','b');
INSERT INTO `book`(`title`,`entryid`,`isbn`,`type`) VALUES('Aunt by diachronic Close','2742','0795329868633','b');
INSERT INTO `genre_book`(`genre`, `entryid`) VALUES ('Adventure','2742');
INSERT INTO `author_book`(`author`, `entryid`) VALUES ('Edelmira Lentine','2742');
INSERT INTO `publisher_book`(`publisher`, `entryid`) VALUES ('Bolick Inc.','2742');
INSERT INTO `entry`(`entryid`,`type`) VALUES('2743','b');
INSERT INTO `book`(`title`,`entryid`,`isbn`,`type`) VALUES('Surname with the Wind','2743','0153065618057','b');
INSERT INTO `genre_book`(`genre`, `entryid`) VALUES ('Science','2743');
INSERT INTO `author_book`(`author`, `entryid`) VALUES ('Bree Greaux','2743');
INSERT INTO `publisher_book`(`publisher`, `entryid`) VALUES ('Maury Publishers.','2743');
INSERT INTO `entry`(`entryid`,`type`) VALUES('2744','b');
INSERT INTO `book`(`title`,`entryid`,`isbn`,`type`) VALUES('Place against discreet Mexican','2744','0618103744919','b');
INSERT INTO `genre_book`(`genre`, `entryid`) VALUES ('Adventure','2744');
INSERT INTO `author`(`name`,`birthyear`,`deathyear`) VALUES('Caron Gradney','1922','1987');
INSERT INTO `author_book`(`author`, `entryid`) VALUES ('Caron Gradney','2744');
INSERT INTO `publisher_book`(`publisher`, `entryid`) VALUES ('Angry Inc.','2744');
INSERT INTO `entry`(`entryid`,`type`) VALUES('2745','b');
INSERT INTO `book`(`title`,`entryid`,`isbn`,`type`) VALUES('Printer against the unsuitable Industry','2745','0424223861104','b');
INSERT INTO `genre_book`(`genre`, `entryid`) VALUES ('Education','2745');
INSERT INTO `author`(`name`,`birthyear`,`deathyear`) VALUES('Abdul Berbes','1952','2001');
INSERT INTO `author_book`(`author`, `entryid`) VALUES ('Abdul Berbes','2745');
INSERT INTO `publisher_book`(`publisher`, `entryid`) VALUES ('Harbin Cooperations.','2745');
INSERT INTO `entry`(`entryid`,`type`) VALUES('2746','b');
INSERT INTO `book`(`title`,`entryid`,`isbn`,`type`) VALUES('Lisa in the securable Ikebana','2746','9817165799528','b');
INSERT INTO `genre_book`(`genre`, `entryid`) VALUES ('Horror','2746');
INSERT INTO `author`(`name`,`birthyear`,`deathyear`) VALUES('Jetta Korewdit','1906','1971');
INSERT INTO `author_book`(`author`, `entryid`) VALUES ('Jetta Korewdit','2746');
INSERT INTO `publisher_book`(`publisher`, `entryid`) VALUES ('Hurtgen Inc.','2746');
INSERT INTO `entry`(`entryid`,`type`) VALUES('2747','b');
INSERT INTO `book`(`title`,`entryid`,`isbn`,`type`) VALUES('Delete in tippiest Expert','2747','0481898146832','e');
INSERT INTO `genre_book`(`genre`, `entryid`) VALUES ('Education','2747');
INSERT INTO `author`(`name`,`birthyear`,`deathyear`) VALUES('Jarrett Marguez','1895','1937');
INSERT INTO `author_book`(`author`, `entryid`) VALUES ('Jarrett Marguez','2747');
INSERT INTO `publisher_book`(`publisher`, `entryid`) VALUES ('Dingson Publishers.','2747');
INSERT INTO `entry`(`entryid`,`type`) VALUES('2748','b');
INSERT INTO `book`(`title`,`entryid`,`isbn`,`type`) VALUES('Comma to the buttocked Anatomy','2748','9509057260218','j');
INSERT INTO `genre_book`(`genre`, `entryid`) VALUES ('Thriller','2748');
INSERT INTO `author_book`(`author`, `entryid`) VALUES ('Martha Rucinski','2748');
INSERT INTO `publisher_book`(`publisher`, `entryid`) VALUES ('Hrdlicka Inc.','2748');
INSERT INTO `entry`(`entryid`,`type`) VALUES('2749','b');
INSERT INTO `book`(`title`,`entryid`,`isbn`,`type`) VALUES('Harmony of Era','2749','9540805820916','b');
INSERT INTO `genre_book`(`genre`, `entryid`) VALUES ('Thriller','2749');
INSERT INTO `author`(`name`,`birthyear`,`deathyear`) VALUES('Theo Spinola','1898','1933');
INSERT INTO `author_book`(`author`, `entryid`) VALUES ('Theo Spinola','2749');
INSERT INTO `publisher_book`(`publisher`, `entryid`) VALUES ('Urive Publishers.','2749');
INSERT INTO `entry`(`entryid`,`type`) VALUES('2750','b');
INSERT INTO `book`(`title`,`entryid`,`isbn`,`type`) VALUES('Sousaphone for the Sled','2750','9607727452293','j');
INSERT INTO `genre_book`(`genre`, `entryid`) VALUES ('Adventure','2750');
INSERT INTO `author_book`(`author`, `entryid`) VALUES ('Mariana Congleton','2750');
INSERT INTO `publisher_book`(`publisher`, `entryid`) VALUES ('Youmans Cooperations.','2750');
INSERT INTO `entry`(`entryid`,`type`) VALUES('2751','b');
INSERT INTO `book`(`title`,`entryid`,`isbn`,`type`) VALUES('Time with organized Harmony','2751','0381049862525','b');
INSERT INTO `genre_book`(`genre`, `entryid`) VALUES ('Science','2751');
INSERT INTO `author`(`name`,`birthyear`,`deathyear`) VALUES('Sean Kassebaum','1937','2034');
INSERT INTO `author_book`(`author`, `entryid`) VALUES ('Sean Kassebaum','2751');
INSERT INTO `publisher_book`(`publisher`, `entryid`) VALUES ('Estrem Inc.','2751');
INSERT INTO `entry`(`entryid`,`type`) VALUES('2752','b');
INSERT INTO `book`(`title`,`entryid`,`isbn`,`type`) VALUES('Burma because of monarchist Cinema','2752','0049856722464','e');
INSERT INTO `genre_book`(`genre`, `entryid`) VALUES ('Education','2752');
INSERT INTO `author`(`name`,`birthyear`,`deathyear`) VALUES('Moses Esmaili','1900','1954');
INSERT INTO `author_book`(`author`, `entryid`) VALUES ('Moses Esmaili','2752');
INSERT INTO `publisher_book`(`publisher`, `entryid`) VALUES ('Diruzzo Publishers.','2752');
INSERT INTO `entry`(`entryid`,`type`) VALUES('2753','b');
INSERT INTO `book`(`title`,`entryid`,`isbn`,`type`) VALUES('Bush because of Branch','2753','9384238655967','e');
INSERT INTO `genre_book`(`genre`, `entryid`) VALUES ('Thriller','2753');
INSERT INTO `author`(`name`,`birthyear`,`deathyear`) VALUES('Venessa Mcknight','1971','2036');
INSERT INTO `author_book`(`author`, `entryid`) VALUES ('Venessa Mcknight','2753');
INSERT INTO `publisher_book`(`publisher`, `entryid`) VALUES ('Callam Inc.','2753');
INSERT INTO `entry`(`entryid`,`type`) VALUES('2754','b');
INSERT INTO `book`(`title`,`entryid`,`isbn`,`type`) VALUES('Exchange against Business','2754','9123520942647','e');
INSERT INTO `genre_book`(`genre`, `entryid`) VALUES ('Education','2754');
INSERT INTO `author`(`name`,`birthyear`,`deathyear`) VALUES('Clemente Woosley','1971','2059');
INSERT INTO `author_book`(`author`, `entryid`) VALUES ('Clemente Woosley','2754');
INSERT INTO `publisher_book`(`publisher`, `entryid`) VALUES ('Meja Cooperations.','2754');
INSERT INTO `entry`(`entryid`,`type`) VALUES('2755','b');
INSERT INTO `book`(`title`,`entryid`,`isbn`,`type`) VALUES('Jail for the Angora','2755','0167063367025','e');
INSERT INTO `genre_book`(`genre`, `entryid`) VALUES ('Education','2755');
INSERT INTO `author_book`(`author`, `entryid`) VALUES ('Vicenta Noltensmeier','2755');
INSERT INTO `publisher_book`(`publisher`, `entryid`) VALUES ('Sala Cooperations.','2755');
INSERT INTO `entry`(`entryid`,`type`) VALUES('2756','b');
INSERT INTO `book`(`title`,`entryid`,`isbn`,`type`) VALUES('Dungeon vs. latter-day Mountain','2756','9786137197099','e');
INSERT INTO `genre_book`(`genre`, `entryid`) VALUES ('Thriller','2756');
INSERT INTO `author`(`name`,`birthyear`,`deathyear`) VALUES('Aron Monnot','1910','1952');
INSERT INTO `author_book`(`author`, `entryid`) VALUES ('Aron Monnot','2756');
INSERT INTO `publisher_book`(`publisher`, `entryid`) VALUES ('Mccardell Cooperations.','2756');
INSERT INTO `entry`(`entryid`,`type`) VALUES('2757','b');
INSERT INTO `book`(`title`,`entryid`,`isbn`,`type`) VALUES('Traffic of gasteropod Step-sister','2757','0832448191789','b');
INSERT INTO `genre_book`(`genre`, `entryid`) VALUES ('Romance','2757');
INSERT INTO `author`(`name`,`birthyear`,`deathyear`) VALUES('Selina Zembower','1961','2023');
INSERT INTO `author_book`(`author`, `entryid`) VALUES ('Selina Zembower','2757');
INSERT INTO `publisher_book`(`publisher`, `entryid`) VALUES ('Gorney Publishers.','2757');
INSERT INTO `entry`(`entryid`,`type`) VALUES('2758','b');
INSERT INTO `book`(`title`,`entryid`,`isbn`,`type`) VALUES('Witch by the Shape','2758','0956674786792','b');
INSERT INTO `genre_book`(`genre`, `entryid`) VALUES ('Sci-Fi','2758');
INSERT INTO `author`(`name`,`birthyear`,`deathyear`) VALUES('Cheree Bachor','1962','2050');
INSERT INTO `author_book`(`author`, `entryid`) VALUES ('Cheree Bachor','2758');
INSERT INTO `publisher_book`(`publisher`, `entryid`) VALUES ('Manzanero Inc.','2758');
INSERT INTO `entry`(`entryid`,`type`) VALUES('2759','b');
INSERT INTO `book`(`title`,`entryid`,`isbn`,`type`) VALUES('Jellyfish by the Process','2759','0635510456319','b');
INSERT INTO `genre_book`(`genre`, `entryid`) VALUES ('Horror','2759');
INSERT INTO `author`(`name`,`birthyear`,`deathyear`) VALUES('Georgette Kuester','1933','2029');
INSERT INTO `author_book`(`author`, `entryid`) VALUES ('Georgette Kuester','2759');
INSERT INTO `publisher_book`(`publisher`, `entryid`) VALUES ('Malarkey Cooperations.','2759');
INSERT INTO `entry`(`entryid`,`type`) VALUES('2760','b');
INSERT INTO `book`(`title`,`entryid`,`isbn`,`type`) VALUES('Position to unworn Triangle','2760','0238964742967','j');
INSERT INTO `genre_book`(`genre`, `entryid`) VALUES ('Romance','2760');
INSERT INTO `author`(`name`,`birthyear`,`deathyear`) VALUES('Berenice Mayans','1924','2007');
INSERT INTO `author_book`(`author`, `entryid`) VALUES ('Berenice Mayans','2760');
INSERT INTO `publisher_book`(`publisher`, `entryid`) VALUES ('Footer Inc.','2760');
INSERT INTO `entry`(`entryid`,`type`) VALUES('2761','b');
INSERT INTO `book`(`title`,`entryid`,`isbn`,`type`) VALUES('Cover and the Success','2761','9827919065522','j');
INSERT INTO `genre_book`(`genre`, `entryid`) VALUES ('Romance','2761');
INSERT INTO `author`(`name`,`birthyear`,`deathyear`) VALUES('Tomoko Tomaski','1925','1954');
INSERT INTO `author_book`(`author`, `entryid`) VALUES ('Tomoko Tomaski','2761');
INSERT INTO `publisher_book`(`publisher`, `entryid`) VALUES ('Fattig Inc.','2761');
INSERT INTO `entry`(`entryid`,`type`) VALUES('2762','b');
INSERT INTO `book`(`title`,`entryid`,`isbn`,`type`) VALUES('Driver to unreproaching Calculator','2762','0318214458606','j');
INSERT INTO `genre_book`(`genre`, `entryid`) VALUES ('Horror','2762');
INSERT INTO `author`(`name`,`birthyear`,`deathyear`) VALUES('Jerald Demastus','1908','1976');
INSERT INTO `author_book`(`author`, `entryid`) VALUES ('Jerald Demastus','2762');
INSERT INTO `publisher_book`(`publisher`, `entryid`) VALUES ('Murdaugh Cooperations.','2762');
INSERT INTO `entry`(`entryid`,`type`) VALUES('2763','b');
INSERT INTO `book`(`title`,`entryid`,`isbn`,`type`) VALUES('Circulation by wearying Brother','2763','0985714244958','j');
INSERT INTO `genre_book`(`genre`, `entryid`) VALUES ('Science','2763');
INSERT INTO `author`(`name`,`birthyear`,`deathyear`) VALUES('Myrl Koyama','1951','2040');
INSERT INTO `author_book`(`author`, `entryid`) VALUES ('Myrl Koyama','2763');
INSERT INTO `publisher_book`(`publisher`, `entryid`) VALUES ('Dietlin Cooperations.','2763');
INSERT INTO `entry`(`entryid`,`type`) VALUES('2764','b');
INSERT INTO `book`(`title`,`entryid`,`isbn`,`type`) VALUES('Thing of Snowman','2764','0258667323482','e');
INSERT INTO `genre_book`(`genre`, `entryid`) VALUES ('Science','2764');
INSERT INTO `author_book`(`author`, `entryid`) VALUES ('Earlie Fortner','2764');
INSERT INTO `publisher_book`(`publisher`, `entryid`) VALUES ('Blissett Publishers.','2764');
INSERT INTO `entry`(`entryid`,`type`) VALUES('2765','b');
INSERT INTO `book`(`title`,`entryid`,`isbn`,`type`) VALUES('Position and agonistical Windshield','2765','9636291329791','e');
INSERT INTO `genre_book`(`genre`, `entryid`) VALUES ('Sci-Fi','2765');
INSERT INTO `author`(`name`,`birthyear`,`deathyear`) VALUES('Dexter Siurek','1917','1962');
INSERT INTO `author_book`(`author`, `entryid`) VALUES ('Dexter Siurek','2765');
INSERT INTO `publisher_book`(`publisher`, `entryid`) VALUES ('Mesecar Publishers.','2765');
INSERT INTO `entry`(`entryid`,`type`) VALUES('2766','b');
INSERT INTO `book`(`title`,`entryid`,`isbn`,`type`) VALUES('North in Policeman','2766','9437801212063','b');
INSERT INTO `genre_book`(`genre`, `entryid`) VALUES ('Thriller','2766');
INSERT INTO `author`(`name`,`birthyear`,`deathyear`) VALUES('Torrie Mandry','1923','2002');
INSERT INTO `author_book`(`author`, `entryid`) VALUES ('Torrie Mandry','2766');
INSERT INTO `publisher_book`(`publisher`, `entryid`) VALUES ('Yasurek Cooperations.','2766');
INSERT INTO `entry`(`entryid`,`type`) VALUES('2767','b');
INSERT INTO `book`(`title`,`entryid`,`isbn`,`type`) VALUES('Pentagon against the smoke-dried Push','2767','9784179230965','b');
INSERT INTO `genre_book`(`genre`, `entryid`) VALUES ('Thriller','2767');
INSERT INTO `author`(`name`,`birthyear`,`deathyear`) VALUES('Alease Fragman','1915','1983');
INSERT INTO `author_book`(`author`, `entryid`) VALUES ('Alease Fragman','2767');
INSERT INTO `publisher_book`(`publisher`, `entryid`) VALUES ('Betit Inc.','2767');
INSERT INTO `entry`(`entryid`,`type`) VALUES('2768','b');
INSERT INTO `book`(`title`,`entryid`,`isbn`,`type`) VALUES('Giant with Credit','2768','9675151496528','e');
INSERT INTO `genre_book`(`genre`, `entryid`) VALUES ('Education','2768');
INSERT INTO `author`(`name`,`birthyear`,`deathyear`) VALUES('Tonda Kuether','1970','2064');
INSERT INTO `author_book`(`author`, `entryid`) VALUES ('Tonda Kuether','2768');
INSERT INTO `publisher_book`(`publisher`, `entryid`) VALUES ('Saska Publishers.','2768');
INSERT INTO `entry`(`entryid`,`type`) VALUES('2769','b');
INSERT INTO `book`(`title`,`entryid`,`isbn`,`type`) VALUES('Square and the psychotomimetic Bathroom','2769','9928604795003','e');
INSERT INTO `genre_book`(`genre`, `entryid`) VALUES ('Education','2769');
INSERT INTO `author_book`(`author`, `entryid`) VALUES ('Buster Syracuse','2769');
INSERT INTO `publisher_book`(`publisher`, `entryid`) VALUES ('Samas Publishers.','2769');
INSERT INTO `entry`(`entryid`,`type`) VALUES('2770','b');
INSERT INTO `book`(`title`,`entryid`,`isbn`,`type`) VALUES('Trade with the Barbadian Chauffeur','2770','0162730032722','j');
INSERT INTO `genre_book`(`genre`, `entryid`) VALUES ('Science','2770');
INSERT INTO `author`(`name`,`birthyear`,`deathyear`) VALUES('Glynda Bessick','1894','1921');
INSERT INTO `author_book`(`author`, `entryid`) VALUES ('Glynda Bessick','2770');
INSERT INTO `publisher_book`(`publisher`, `entryid`) VALUES ('Mascio Cooperations.','2770');
INSERT INTO `entry`(`entryid`,`type`) VALUES('2771','b');
INSERT INTO `book`(`title`,`entryid`,`isbn`,`type`) VALUES('Approval in elemental Command','2771','0143272576130','b');
INSERT INTO `genre_book`(`genre`, `entryid`) VALUES ('Science','2771');
INSERT INTO `author`(`name`,`birthyear`,`deathyear`) VALUES('Maya Golar','1918','1959');
INSERT INTO `author_book`(`author`, `entryid`) VALUES ('Maya Golar','2771');
INSERT INTO `publisher_book`(`publisher`, `entryid`) VALUES ('Deblanc Publishers.','2771');
INSERT INTO `entry`(`entryid`,`type`) VALUES('2772','b');
INSERT INTO `book`(`title`,`entryid`,`isbn`,`type`) VALUES('Withdrawal in Iran','2772','9637874795634','j');
INSERT INTO `genre_book`(`genre`, `entryid`) VALUES ('Horror','2772');
INSERT INTO `author_book`(`author`, `entryid`) VALUES ('Dewitt Urbach','2772');
INSERT INTO `publisher_book`(`publisher`, `entryid`) VALUES ('Blythe Publishers.','2772');
INSERT INTO `entry`(`entryid`,`type`) VALUES('2773','b');
INSERT INTO `book`(`title`,`entryid`,`isbn`,`type`) VALUES('Joke by Sink','2773','0745844314916','e');
INSERT INTO `genre_book`(`genre`, `entryid`) VALUES ('Science','2773');
INSERT INTO `author`(`name`,`birthyear`,`deathyear`) VALUES('Esperanza Dose','1888','1918');
INSERT INTO `author_book`(`author`, `entryid`) VALUES ('Esperanza Dose','2773');
INSERT INTO `publisher_book`(`publisher`, `entryid`) VALUES ('Neuman Cooperations.','2773');
INSERT INTO `entry`(`entryid`,`type`) VALUES('2774','b');
INSERT INTO `book`(`title`,`entryid`,`isbn`,`type`) VALUES('Frog and the vociferant Ash','2774','9866066227945','b');
INSERT INTO `genre_book`(`genre`, `entryid`) VALUES ('Romance','2774');
INSERT INTO `author_book`(`author`, `entryid`) VALUES ('Corrine Soler','2774');
INSERT INTO `publisher_book`(`publisher`, `entryid`) VALUES ('Caspi Inc.','2774');
INSERT INTO `entry`(`entryid`,`type`) VALUES('2775','b');
INSERT INTO `book`(`title`,`entryid`,`isbn`,`type`) VALUES('Font and the Shoulder','2775','0271903443990','e');
INSERT INTO `genre_book`(`genre`, `entryid`) VALUES ('Sci-Fi','2775');
INSERT INTO `author_book`(`author`, `entryid`) VALUES ('Andra Bonneville','2775');
INSERT INTO `publisher_book`(`publisher`, `entryid`) VALUES ('Carter Inc.','2775');
INSERT INTO `entry`(`entryid`,`type`) VALUES('2776','b');
INSERT INTO `book`(`title`,`entryid`,`isbn`,`type`) VALUES('Tennis with the Gazelle','2776','9300070383429','e');
INSERT INTO `genre_book`(`genre`, `entryid`) VALUES ('Romance','2776');
INSERT INTO `author`(`name`,`birthyear`,`deathyear`) VALUES('Lizbeth Langworthy','1924','2004');
INSERT INTO `author_book`(`author`, `entryid`) VALUES ('Lizbeth Langworthy','2776');
INSERT INTO `publisher`(`name`) VALUES ('Lansdowne Inc.');
INSERT INTO `publisher_book`(`publisher`, `entryid`) VALUES ('Lansdowne Inc.','2776');
INSERT INTO `entry`(`entryid`,`type`) VALUES('2777','b');
INSERT INTO `book`(`title`,`entryid`,`isbn`,`type`) VALUES('Fertilizer with heterogeneous Tornado','2777','9280877776640','b');
INSERT INTO `genre_book`(`genre`, `entryid`) VALUES ('Science','2777');
INSERT INTO `author`(`name`,`birthyear`,`deathyear`) VALUES('Veda Osten','1900','1986');
INSERT INTO `author_book`(`author`, `entryid`) VALUES ('Veda Osten','2777');
INSERT INTO `publisher_book`(`publisher`, `entryid`) VALUES ('Angry Inc.','2777');
INSERT INTO `entry`(`entryid`,`type`) VALUES('2778','b');
INSERT INTO `book`(`title`,`entryid`,`isbn`,`type`) VALUES('Deal by Rhythm','2778','9552115073909','b');
INSERT INTO `genre_book`(`genre`, `entryid`) VALUES ('Horror','2778');
INSERT INTO `author`(`name`,`birthyear`,`deathyear`) VALUES('Miles Tubolino','1951','1995');
INSERT INTO `author_book`(`author`, `entryid`) VALUES ('Miles Tubolino','2778');
INSERT INTO `publisher_book`(`publisher`, `entryid`) VALUES ('Herreras Cooperations.','2778');
INSERT INTO `entry`(`entryid`,`type`) VALUES('2779','b');
INSERT INTO `book`(`title`,`entryid`,`isbn`,`type`) VALUES('Field by John','2779','9560470911025','e');
INSERT INTO `genre_book`(`genre`, `entryid`) VALUES ('Adventure','2779');
INSERT INTO `author_book`(`author`, `entryid`) VALUES ('Miles Tubolino','2779');
INSERT INTO `publisher`(`name`) VALUES ('Travieso Inc.');
INSERT INTO `publisher_book`(`publisher`, `entryid`) VALUES ('Travieso Inc.','2779');
INSERT INTO `entry`(`entryid`,`type`) VALUES('2780','b');
INSERT INTO `book`(`title`,`entryid`,`isbn`,`type`) VALUES('Knowledge against the deathful Respect','2780','9737305841731','b');
INSERT INTO `genre_book`(`genre`, `entryid`) VALUES ('Adventure','2780');
INSERT INTO `author_book`(`author`, `entryid`) VALUES ('Mavis Sodomka','2780');
INSERT INTO `publisher`(`name`) VALUES ('Lubell Inc.');
INSERT INTO `publisher_book`(`publisher`, `entryid`) VALUES ('Lubell Inc.','2780');
INSERT INTO `entry`(`entryid`,`type`) VALUES('2781','b');
INSERT INTO `book`(`title`,`entryid`,`isbn`,`type`) VALUES('Game of Daisy','2781','9127637827440','j');
INSERT INTO `genre_book`(`genre`, `entryid`) VALUES ('Sci-Fi','2781');
INSERT INTO `author`(`name`,`birthyear`,`deathyear`) VALUES('Perry Frieze','1962','1986');
INSERT INTO `author_book`(`author`, `entryid`) VALUES ('Perry Frieze','2781');
INSERT INTO `publisher_book`(`publisher`, `entryid`) VALUES ('Trapp Inc.','2781');
INSERT INTO `entry`(`entryid`,`type`) VALUES('2782','b');
INSERT INTO `book`(`title`,`entryid`,`isbn`,`type`) VALUES('Revolver of Course','2782','0158462083323','j');
INSERT INTO `genre_book`(`genre`, `entryid`) VALUES ('Education','2782');
INSERT INTO `author_book`(`author`, `entryid`) VALUES ('Kacie Sankaran','2782');
INSERT INTO `publisher_book`(`publisher`, `entryid`) VALUES ('Bokanovich Publishers.','2782');
INSERT INTO `entry`(`entryid`,`type`) VALUES('2783','b');
INSERT INTO `book`(`title`,`entryid`,`isbn`,`type`) VALUES('Betty of the Scale','2783','0685499446941','j');
INSERT INTO `genre_book`(`genre`, `entryid`) VALUES ('Sci-Fi','2783');
INSERT INTO `author`(`name`,`birthyear`,`deathyear`) VALUES('Maisha Mark','1912','1945');
INSERT INTO `author_book`(`author`, `entryid`) VALUES ('Maisha Mark','2783');
INSERT INTO `publisher_book`(`publisher`, `entryid`) VALUES ('Klumph Inc.','2783');
INSERT INTO `entry`(`entryid`,`type`) VALUES('2784','b');
INSERT INTO `book`(`title`,`entryid`,`isbn`,`type`) VALUES('Composer against Lizard','2784','9591710168851','b');
INSERT INTO `genre_book`(`genre`, `entryid`) VALUES ('Education','2784');
INSERT INTO `author`(`name`,`birthyear`,`deathyear`) VALUES('Trena Micheau','1905','1942');
INSERT INTO `author_book`(`author`, `entryid`) VALUES ('Trena Micheau','2784');
INSERT INTO `publisher_book`(`publisher`, `entryid`) VALUES ('Pery Cooperations.','2784');
INSERT INTO `entry`(`entryid`,`type`) VALUES('2785','b');
INSERT INTO `book`(`title`,`entryid`,`isbn`,`type`) VALUES('Married to Dock','2785','0121978163315','j');
INSERT INTO `genre_book`(`genre`, `entryid`) VALUES ('Adventure','2785');
INSERT INTO `author`(`name`,`birthyear`,`deathyear`) VALUES('Thalia Reamy','1888','1948');
INSERT INTO `author_book`(`author`, `entryid`) VALUES ('Thalia Reamy','2785');
INSERT INTO `publisher`(`name`) VALUES ('Batrum Inc.');
INSERT INTO `publisher_book`(`publisher`, `entryid`) VALUES ('Batrum Inc.','2785');
INSERT INTO `entry`(`entryid`,`type`) VALUES('2786','b');
INSERT INTO `book`(`title`,`entryid`,`isbn`,`type`) VALUES('Lace of Brick','2786','0727583064424','j');
INSERT INTO `genre_book`(`genre`, `entryid`) VALUES ('Romance','2786');
INSERT INTO `author`(`name`,`birthyear`,`deathyear`) VALUES('Ernest Sanda','1907','1990');
INSERT INTO `author_book`(`author`, `entryid`) VALUES ('Ernest Sanda','2786');
INSERT INTO `publisher_book`(`publisher`, `entryid`) VALUES ('Holleran Cooperations.','2786');
INSERT INTO `entry`(`entryid`,`type`) VALUES('2787','b');
INSERT INTO `book`(`title`,`entryid`,`isbn`,`type`) VALUES('Cougar and well-known School','2787','9467244088913','j');
INSERT INTO `genre_book`(`genre`, `entryid`) VALUES ('Science','2787');
INSERT INTO `author`(`name`,`birthyear`,`deathyear`) VALUES('Ehtel Marander','1979','2003');
INSERT INTO `author_book`(`author`, `entryid`) VALUES ('Ehtel Marander','2787');
INSERT INTO `publisher_book`(`publisher`, `entryid`) VALUES ('Gumphrey Publishers.','2787');
INSERT INTO `entry`(`entryid`,`type`) VALUES('2788','b');
INSERT INTO `book`(`title`,`entryid`,`isbn`,`type`) VALUES('Dish against the Brick','2788','0472978728996','b');
INSERT INTO `genre_book`(`genre`, `entryid`) VALUES ('Science','2788');
INSERT INTO `author`(`name`,`birthyear`,`deathyear`) VALUES('Kathyrn Garitty','1933','1999');
INSERT INTO `author_book`(`author`, `entryid`) VALUES ('Kathyrn Garitty','2788');
INSERT INTO `publisher_book`(`publisher`, `entryid`) VALUES ('Delashaw Publishers.','2788');
INSERT INTO `entry`(`entryid`,`type`) VALUES('2789','b');
INSERT INTO `book`(`title`,`entryid`,`isbn`,`type`) VALUES('Domain vs. ethnographical Grill','2789','0793816636730','b');
INSERT INTO `genre_book`(`genre`, `entryid`) VALUES ('Romance','2789');
INSERT INTO `author_book`(`author`, `entryid`) VALUES ('Cassie Dicampli','2789');
INSERT INTO `publisher_book`(`publisher`, `entryid`) VALUES ('Rochford Cooperations.','2789');
INSERT INTO `entry`(`entryid`,`type`) VALUES('2790','b');
INSERT INTO `book`(`title`,`entryid`,`isbn`,`type`) VALUES('Learning vs. Anethesiologist','2790','9277825301343','b');
INSERT INTO `genre_book`(`genre`, `entryid`) VALUES ('Education','2790');
INSERT INTO `author`(`name`,`birthyear`,`deathyear`) VALUES('Randal Hochstedler','1946','2014');
INSERT INTO `author_book`(`author`, `entryid`) VALUES ('Randal Hochstedler','2790');
INSERT INTO `publisher_book`(`publisher`, `entryid`) VALUES ('Want Inc.','2790');
INSERT INTO `entry`(`entryid`,`type`) VALUES('2791','b');
INSERT INTO `book`(`title`,`entryid`,`isbn`,`type`) VALUES('Pruner by formulism Quiet','2791','0140885167344','e');
INSERT INTO `genre_book`(`genre`, `entryid`) VALUES ('Thriller','2791');
INSERT INTO `author_book`(`author`, `entryid`) VALUES ('Larraine Tatsch','2791');
INSERT INTO `publisher_book`(`publisher`, `entryid`) VALUES ('Kanda Publishers.','2791');
INSERT INTO `entry`(`entryid`,`type`) VALUES('2792','b');
INSERT INTO `book`(`title`,`entryid`,`isbn`,`type`) VALUES('Politician for the Glass','2792','0825468208335','j');
INSERT INTO `genre_book`(`genre`, `entryid`) VALUES ('Sci-Fi','2792');
INSERT INTO `author_book`(`author`, `entryid`) VALUES ('Malka Wokwicz','2792');
INSERT INTO `publisher_book`(`publisher`, `entryid`) VALUES ('Fonte Inc.','2792');
INSERT INTO `entry`(`entryid`,`type`) VALUES('2793','b');
INSERT INTO `book`(`title`,`entryid`,`isbn`,`type`) VALUES('Romanian vs. Alibi','2793','9540525308631','j');
INSERT INTO `genre_book`(`genre`, `entryid`) VALUES ('Horror','2793');
INSERT INTO `author_book`(`author`, `entryid`) VALUES ('Rebekah Cohn','2793');
INSERT INTO `publisher_book`(`publisher`, `entryid`) VALUES ('Feigh Cooperations.','2793');
INSERT INTO `entry`(`entryid`,`type`) VALUES('2794','b');
INSERT INTO `book`(`title`,`entryid`,`isbn`,`type`) VALUES('Guilty of trapped Girl','2794','0996744466730','j');
INSERT INTO `genre_book`(`genre`, `entryid`) VALUES ('Romance','2794');
INSERT INTO `author_book`(`author`, `entryid`) VALUES ('Theo Spinola','2794');
INSERT INTO `publisher_book`(`publisher`, `entryid`) VALUES ('Youmans Cooperations.','2794');
INSERT INTO `entry`(`entryid`,`type`) VALUES('2795','b');
INSERT INTO `book`(`title`,`entryid`,`isbn`,`type`) VALUES('Authorisation in Police','2795','9989735739668','e');
INSERT INTO `genre_book`(`genre`, `entryid`) VALUES ('Horror','2795');
INSERT INTO `author`(`name`,`birthyear`,`deathyear`) VALUES('Demetrius Barad','1885','1969');
INSERT INTO `author_book`(`author`, `entryid`) VALUES ('Demetrius Barad','2795');
INSERT INTO `publisher_book`(`publisher`, `entryid`) VALUES ('Lubell Inc.','2795');
INSERT INTO `entry`(`entryid`,`type`) VALUES('2796','b');
INSERT INTO `book`(`title`,`entryid`,`isbn`,`type`) VALUES('Aftermath to the Behavior','2796','9631619937904','j');
INSERT INTO `genre_book`(`genre`, `entryid`) VALUES ('Horror','2796');
INSERT INTO `author_book`(`author`, `entryid`) VALUES ('Zoila Perrez','2796');
INSERT INTO `publisher_book`(`publisher`, `entryid`) VALUES ('Capurro Publishers.','2796');
INSERT INTO `entry`(`entryid`,`type`) VALUES('2797','b');
INSERT INTO `book`(`title`,`entryid`,`isbn`,`type`) VALUES('Patricia by Roof','2797','9549150423969','b');
INSERT INTO `genre_book`(`genre`, `entryid`) VALUES ('Adventure','2797');
INSERT INTO `author`(`name`,`birthyear`,`deathyear`) VALUES('Tenesha Blaum','1898','1925');
INSERT INTO `author_book`(`author`, `entryid`) VALUES ('Tenesha Blaum','2797');
INSERT INTO `publisher_book`(`publisher`, `entryid`) VALUES ('Argrave Publishers.','2797');
INSERT INTO `entry`(`entryid`,`type`) VALUES('2798','b');
INSERT INTO `book`(`title`,`entryid`,`isbn`,`type`) VALUES('Trip in the teasing January','2798','0937481098608','b');
INSERT INTO `genre_book`(`genre`, `entryid`) VALUES ('Adventure','2798');
INSERT INTO `author`(`name`,`birthyear`,`deathyear`) VALUES('Irving Pforr','1915','2007');
INSERT INTO `author_book`(`author`, `entryid`) VALUES ('Irving Pforr','2798');
INSERT INTO `publisher_book`(`publisher`, `entryid`) VALUES ('Dewolff Cooperations.','2798');
INSERT INTO `entry`(`entryid`,`type`) VALUES('2799','b');
INSERT INTO `book`(`title`,`entryid`,`isbn`,`type`) VALUES('College and the Shake','2799','9701365852770','b');
INSERT INTO `genre_book`(`genre`, `entryid`) VALUES ('Adventure','2799');
INSERT INTO `author_book`(`author`, `entryid`) VALUES ('Edelmira Lentine','2799');
INSERT INTO `publisher_book`(`publisher`, `entryid`) VALUES ('Wooderson Inc.','2799');
INSERT INTO `entry`(`entryid`,`type`) VALUES('2800','b');
INSERT INTO `book`(`title`,`entryid`,`isbn`,`type`) VALUES('Attraction of the self-blinded News','2800','9185743844172','e');
INSERT INTO `genre_book`(`genre`, `entryid`) VALUES ('Adventure','2800');
INSERT INTO `author_book`(`author`, `entryid`) VALUES ('Carla Botros','2800');
INSERT INTO `publisher_book`(`publisher`, `entryid`) VALUES ('Parmely Publishers.','2800');
INSERT INTO `entry`(`entryid`,`type`) VALUES('2801','b');
INSERT INTO `book`(`title`,`entryid`,`isbn`,`type`) VALUES('Argument with uncheckable Snowstorm','2801','0433922488479','b');
INSERT INTO `genre_book`(`genre`, `entryid`) VALUES ('Adventure','2801');
INSERT INTO `author_book`(`author`, `entryid`) VALUES ('Tana Colavito','2801');
INSERT INTO `publisher_book`(`publisher`, `entryid`) VALUES ('Bronk Cooperations.','2801');
INSERT INTO `entry`(`entryid`,`type`) VALUES('2802','b');
INSERT INTO `book`(`title`,`entryid`,`isbn`,`type`) VALUES('Bun against clucky Lyric','2802','9794097922255','e');
INSERT INTO `genre_book`(`genre`, `entryid`) VALUES ('Romance','2802');
INSERT INTO `author`(`name`,`birthyear`,`deathyear`) VALUES('Hedy Bassin','1968','2048');
INSERT INTO `author_book`(`author`, `entryid`) VALUES ('Hedy Bassin','2802');
INSERT INTO `publisher_book`(`publisher`, `entryid`) VALUES ('Wedin Cooperations.','2802');
INSERT INTO `entry`(`entryid`,`type`) VALUES('2803','b');
INSERT INTO `book`(`title`,`entryid`,`isbn`,`type`) VALUES('Icebreaker and Wolf','2803','9608882745937','e');
INSERT INTO `genre_book`(`genre`, `entryid`) VALUES ('Sci-Fi','2803');
INSERT INTO `author`(`name`,`birthyear`,`deathyear`) VALUES('Kara Europe','1974','2004');
INSERT INTO `author_book`(`author`, `entryid`) VALUES ('Kara Europe','2803');
INSERT INTO `publisher_book`(`publisher`, `entryid`) VALUES ('Diruzzo Publishers.','2803');
INSERT INTO `entry`(`entryid`,`type`) VALUES('2804','b');
INSERT INTO `book`(`title`,`entryid`,`isbn`,`type`) VALUES('Summer in Beginner','2804','0601918097207','j');
INSERT INTO `genre_book`(`genre`, `entryid`) VALUES ('Science','2804');
INSERT INTO `author_book`(`author`, `entryid`) VALUES ('Murray Gaiters','2804');
INSERT INTO `publisher_book`(`publisher`, `entryid`) VALUES ('Koral Publishers.','2804');
INSERT INTO `entry`(`entryid`,`type`) VALUES('2805','b');
INSERT INTO `book`(`title`,`entryid`,`isbn`,`type`) VALUES('Pantry by Tulip','2805','0130217226325','j');
INSERT INTO `genre_book`(`genre`, `entryid`) VALUES ('Sci-Fi','2805');
INSERT INTO `author_book`(`author`, `entryid`) VALUES ('Theo Spinola','2805');
INSERT INTO `publisher_book`(`publisher`, `entryid`) VALUES ('Six Publishers.','2805');
INSERT INTO `entry`(`entryid`,`type`) VALUES('2806','b');
INSERT INTO `book`(`title`,`entryid`,`isbn`,`type`) VALUES('Forecast because of Thursday','2806','9757672076840','b');
INSERT INTO `genre_book`(`genre`, `entryid`) VALUES ('Science','2806');
INSERT INTO `author`(`name`,`birthyear`,`deathyear`) VALUES('Marnie Votta','1974','2044');
INSERT INTO `author_book`(`author`, `entryid`) VALUES ('Marnie Votta','2806');
INSERT INTO `publisher_book`(`publisher`, `entryid`) VALUES ('Mominee Inc.','2806');
INSERT INTO `entry`(`entryid`,`type`) VALUES('2807','b');
INSERT INTO `book`(`title`,`entryid`,`isbn`,`type`) VALUES('Octave for the Laborer','2807','0997068607784','b');
INSERT INTO `genre_book`(`genre`, `entryid`) VALUES ('Sci-Fi','2807');
INSERT INTO `author_book`(`author`, `entryid`) VALUES ('Pinkie Corcino','2807');
INSERT INTO `publisher_book`(`publisher`, `entryid`) VALUES ('Yasurek Cooperations.','2807');
INSERT INTO `entry`(`entryid`,`type`) VALUES('2808','b');
INSERT INTO `book`(`title`,`entryid`,`isbn`,`type`) VALUES('Captain with Earth','2808','9662787918211','b');
INSERT INTO `genre_book`(`genre`, `entryid`) VALUES ('Thriller','2808');
INSERT INTO `author_book`(`author`, `entryid`) VALUES ('Alita Sandt','2808');
INSERT INTO `publisher_book`(`publisher`, `entryid`) VALUES ('Lanagan Inc.','2808');
INSERT INTO `entry`(`entryid`,`type`) VALUES('2809','b');
INSERT INTO `book`(`title`,`entryid`,`isbn`,`type`) VALUES('Reindeer and the incontinent Postage','2809','9564292388091','b');
INSERT INTO `genre_book`(`genre`, `entryid`) VALUES ('Adventure','2809');
INSERT INTO `author_book`(`author`, `entryid`) VALUES ('Fleta Minier','2809');
INSERT INTO `publisher_book`(`publisher`, `entryid`) VALUES ('Inlow Inc.','2809');
INSERT INTO `entry`(`entryid`,`type`) VALUES('2810','b');
INSERT INTO `book`(`title`,`entryid`,`isbn`,`type`) VALUES('Bass of frowsiest Bagel','2810','9606111908321','b');
INSERT INTO `genre_book`(`genre`, `entryid`) VALUES ('Romance','2810');
INSERT INTO `author`(`name`,`birthyear`,`deathyear`) VALUES('Alena Nichter','1949','2021');
INSERT INTO `author_book`(`author`, `entryid`) VALUES ('Alena Nichter','2810');
INSERT INTO `publisher_book`(`publisher`, `entryid`) VALUES ('Degaetano Publishers.','2810');
INSERT INTO `entry`(`entryid`,`type`) VALUES('2811','b');
INSERT INTO `book`(`title`,`entryid`,`isbn`,`type`) VALUES('Crib to the saltigrade Hospital','2811','0401260144137','j');
INSERT INTO `genre_book`(`genre`, `entryid`) VALUES ('Science','2811');
INSERT INTO `author`(`name`,`birthyear`,`deathyear`) VALUES('Dacia Negrete','1976','2021');
INSERT INTO `author_book`(`author`, `entryid`) VALUES ('Dacia Negrete','2811');
INSERT INTO `publisher`(`name`) VALUES ('Benally Cooperations.');
INSERT INTO `publisher_book`(`publisher`, `entryid`) VALUES ('Benally Cooperations.','2811');
INSERT INTO `entry`(`entryid`,`type`) VALUES('2812','b');
INSERT INTO `book`(`title`,`entryid`,`isbn`,`type`) VALUES('Fall for the urdy Dust','2812','0636035511395','b');
INSERT INTO `genre_book`(`genre`, `entryid`) VALUES ('Horror','2812');
INSERT INTO `author_book`(`author`, `entryid`) VALUES ('Arlyne Pizzella','2812');
INSERT INTO `publisher_book`(`publisher`, `entryid`) VALUES ('Peel Inc.','2812');
INSERT INTO `entry`(`entryid`,`type`) VALUES('2813','b');
INSERT INTO `book`(`title`,`entryid`,`isbn`,`type`) VALUES('Clipper of the Linen','2813','9878004010525','j');
INSERT INTO `genre_book`(`genre`, `entryid`) VALUES ('Science','2813');
INSERT INTO `author_book`(`author`, `entryid`) VALUES ('Fredrick Zoelle','2813');
INSERT INTO `publisher_book`(`publisher`, `entryid`) VALUES ('Hauley Publishers.','2813');
INSERT INTO `entry`(`entryid`,`type`) VALUES('2814','b');
INSERT INTO `book`(`title`,`entryid`,`isbn`,`type`) VALUES('Preface and the increate Craftsman','2814','0015166246248','b');
INSERT INTO `genre_book`(`genre`, `entryid`) VALUES ('Education','2814');
INSERT INTO `author_book`(`author`, `entryid`) VALUES ('Veda Osten','2814');
INSERT INTO `publisher`(`name`) VALUES ('Strazisar Inc.');
INSERT INTO `publisher_book`(`publisher`, `entryid`) VALUES ('Strazisar Inc.','2814');
INSERT INTO `entry`(`entryid`,`type`) VALUES('2815','b');
INSERT INTO `book`(`title`,`entryid`,`isbn`,`type`) VALUES('Chauffeur for Name','2815','0494162622214','b');
INSERT INTO `genre_book`(`genre`, `entryid`) VALUES ('Education','2815');
INSERT INTO `author`(`name`,`birthyear`,`deathyear`) VALUES('Maira Ogen','1948','2041');
INSERT INTO `author_book`(`author`, `entryid`) VALUES ('Maira Ogen','2815');
INSERT INTO `publisher`(`name`) VALUES ('Bence Inc.');
INSERT INTO `publisher_book`(`publisher`, `entryid`) VALUES ('Bence Inc.','2815');
INSERT INTO `entry`(`entryid`,`type`) VALUES('2816','b');
INSERT INTO `book`(`title`,`entryid`,`isbn`,`type`) VALUES('Beret in Success','2816','0143541740292','j');
INSERT INTO `genre_book`(`genre`, `entryid`) VALUES ('Sci-Fi','2816');
INSERT INTO `author_book`(`author`, `entryid`) VALUES ('Wava War','2816');
INSERT INTO `publisher_book`(`publisher`, `entryid`) VALUES ('Deaville Inc.','2816');
INSERT INTO `entry`(`entryid`,`type`) VALUES('2817','b');
INSERT INTO `book`(`title`,`entryid`,`isbn`,`type`) VALUES('Kevin against physiotherapeutic Team','2817','0630686492986','b');
INSERT INTO `genre_book`(`genre`, `entryid`) VALUES ('Sci-Fi','2817');
INSERT INTO `author`(`name`,`birthyear`,`deathyear`) VALUES('Reta Hargrow','1886','1968');
INSERT INTO `author_book`(`author`, `entryid`) VALUES ('Reta Hargrow','2817');
INSERT INTO `publisher_book`(`publisher`, `entryid`) VALUES ('Davalos Inc.','2817');
INSERT INTO `entry`(`entryid`,`type`) VALUES('2818','b');
INSERT INTO `book`(`title`,`entryid`,`isbn`,`type`) VALUES('Spaghetti of the ocellar Bulb','2818','9944432479275','j');
INSERT INTO `genre_book`(`genre`, `entryid`) VALUES ('Thriller','2818');
INSERT INTO `author`(`name`,`birthyear`,`deathyear`) VALUES('Ena Toto','1890','1953');
INSERT INTO `author_book`(`author`, `entryid`) VALUES ('Ena Toto','2818');
INSERT INTO `publisher_book`(`publisher`, `entryid`) VALUES ('Duchesney Publishers.','2818');
INSERT INTO `entry`(`entryid`,`type`) VALUES('2819','b');
INSERT INTO `book`(`title`,`entryid`,`isbn`,`type`) VALUES('Health and Quart','2819','0451704842892','b');
INSERT INTO `genre_book`(`genre`, `entryid`) VALUES ('Romance','2819');
INSERT INTO `author`(`name`,`birthyear`,`deathyear`) VALUES('Zachary Rendleman','1905','1975');
INSERT INTO `author_book`(`author`, `entryid`) VALUES ('Zachary Rendleman','2819');
INSERT INTO `publisher_book`(`publisher`, `entryid`) VALUES ('Samas Publishers.','2819');
INSERT INTO `entry`(`entryid`,`type`) VALUES('2820','b');
INSERT INTO `book`(`title`,`entryid`,`isbn`,`type`) VALUES('Museum because of Price','2820','0847674607331','j');
INSERT INTO `genre_book`(`genre`, `entryid`) VALUES ('Horror','2820');
INSERT INTO `author`(`name`,`birthyear`,`deathyear`) VALUES('Emilie Casbarro','1895','1945');
INSERT INTO `author_book`(`author`, `entryid`) VALUES ('Emilie Casbarro','2820');
INSERT INTO `publisher_book`(`publisher`, `entryid`) VALUES ('Davalos Inc.','2820');
INSERT INTO `entry`(`entryid`,`type`) VALUES('2821','b');
INSERT INTO `book`(`title`,`entryid`,`isbn`,`type`) VALUES('Hourglass for scorpionic Hardhat','2821','9585325520605','e');
INSERT INTO `genre_book`(`genre`, `entryid`) VALUES ('Thriller','2821');
INSERT INTO `author`(`name`,`birthyear`,`deathyear`) VALUES('Josefine Erschen','1978','1999');
INSERT INTO `author_book`(`author`, `entryid`) VALUES ('Josefine Erschen','2821');
INSERT INTO `publisher_book`(`publisher`, `entryid`) VALUES ('Fixico Inc.','2821');
INSERT INTO `entry`(`entryid`,`type`) VALUES('2822','b');
INSERT INTO `book`(`title`,`entryid`,`isbn`,`type`) VALUES('Carnation of principled Galley','2822','0537539866482','b');
INSERT INTO `genre_book`(`genre`, `entryid`) VALUES ('Horror','2822');
INSERT INTO `author_book`(`author`, `entryid`) VALUES ('Ailene Elldrege','2822');
INSERT INTO `publisher_book`(`publisher`, `entryid`) VALUES ('Wood Inc.','2822');
INSERT INTO `entry`(`entryid`,`type`) VALUES('2823','b');
INSERT INTO `book`(`title`,`entryid`,`isbn`,`type`) VALUES('Purple against the Switch','2823','0889414489240','j');
INSERT INTO `genre_book`(`genre`, `entryid`) VALUES ('Sci-Fi','2823');
INSERT INTO `author_book`(`author`, `entryid`) VALUES ('Sacha Delosangeles','2823');
INSERT INTO `publisher_book`(`publisher`, `entryid`) VALUES ('Blissett Publishers.','2823');
INSERT INTO `entry`(`entryid`,`type`) VALUES('2824','b');
INSERT INTO `book`(`title`,`entryid`,`isbn`,`type`) VALUES('Soldier against Accelerator','2824','0304071786532','e');
INSERT INTO `genre_book`(`genre`, `entryid`) VALUES ('Science','2824');
INSERT INTO `author`(`name`,`birthyear`,`deathyear`) VALUES('Karly Riggi','1980','2050');
INSERT INTO `author_book`(`author`, `entryid`) VALUES ('Karly Riggi','2824');
INSERT INTO `publisher_book`(`publisher`, `entryid`) VALUES ('Urive Publishers.','2824');
INSERT INTO `entry`(`entryid`,`type`) VALUES('2825','b');
INSERT INTO `book`(`title`,`entryid`,`isbn`,`type`) VALUES('Sidecar in the familiar Measure','2825','9658450656262','b');
INSERT INTO `genre_book`(`genre`, `entryid`) VALUES ('Adventure','2825');
INSERT INTO `author_book`(`author`, `entryid`) VALUES ('Edwin Tatu','2825');
INSERT INTO `publisher_book`(`publisher`, `entryid`) VALUES ('Urive Publishers.','2825');
INSERT INTO `entry`(`entryid`,`type`) VALUES('2826','b');
INSERT INTO `book`(`title`,`entryid`,`isbn`,`type`) VALUES('Cabbage of sugar-cane Teeth','2826','9305386285041','e');
INSERT INTO `genre_book`(`genre`, `entryid`) VALUES ('Romance','2826');
INSERT INTO `author_book`(`author`, `entryid`) VALUES ('Stephany Saffel','2826');
INSERT INTO `publisher_book`(`publisher`, `entryid`) VALUES ('Sures Publishers.','2826');
INSERT INTO `entry`(`entryid`,`type`) VALUES('2827','b');
INSERT INTO `book`(`title`,`entryid`,`isbn`,`type`) VALUES('Crocodile in Lock','2827','9257578632855','b');
INSERT INTO `genre_book`(`genre`, `entryid`) VALUES ('Science','2827');
INSERT INTO `author_book`(`author`, `entryid`) VALUES ('Jettie Kreiter','2827');
INSERT INTO `publisher`(`name`) VALUES ('Sikora Cooperations.');
INSERT INTO `publisher_book`(`publisher`, `entryid`) VALUES ('Sikora Cooperations.','2827');
INSERT INTO `entry`(`entryid`,`type`) VALUES('2828','b');
INSERT INTO `book`(`title`,`entryid`,`isbn`,`type`) VALUES('Adult for depauperate Verse','2828','9180127075311','j');
INSERT INTO `genre_book`(`genre`, `entryid`) VALUES ('Romance','2828');
INSERT INTO `author_book`(`author`, `entryid`) VALUES ('Eva Moya','2828');
INSERT INTO `publisher_book`(`publisher`, `entryid`) VALUES ('Delashaw Publishers.','2828');
INSERT INTO `entry`(`entryid`,`type`) VALUES('2829','b');
INSERT INTO `book`(`title`,`entryid`,`isbn`,`type`) VALUES('Experience and Vermicelli','2829','0086524667433','e');
INSERT INTO `genre_book`(`genre`, `entryid`) VALUES ('Adventure','2829');
INSERT INTO `author`(`name`,`birthyear`,`deathyear`) VALUES('Dannielle Busche','1884','1965');
INSERT INTO `author_book`(`author`, `entryid`) VALUES ('Dannielle Busche','2829');
INSERT INTO `publisher_book`(`publisher`, `entryid`) VALUES ('Wehbe Cooperations.','2829');
INSERT INTO `entry`(`entryid`,`type`) VALUES('2830','b');
INSERT INTO `book`(`title`,`entryid`,`isbn`,`type`) VALUES('Sleet against Operation','2830','9481874800371','e');
INSERT INTO `genre_book`(`genre`, `entryid`) VALUES ('Romance','2830');
INSERT INTO `author`(`name`,`birthyear`,`deathyear`) VALUES('Denise Groesbeck','1949','1975');
INSERT INTO `author_book`(`author`, `entryid`) VALUES ('Denise Groesbeck','2830');
INSERT INTO `publisher_book`(`publisher`, `entryid`) VALUES ('Cormican Inc.','2830');
INSERT INTO `entry`(`entryid`,`type`) VALUES('2831','b');
INSERT INTO `book`(`title`,`entryid`,`isbn`,`type`) VALUES('Waterfall against Gym','2831','9827890922568','b');
INSERT INTO `genre_book`(`genre`, `entryid`) VALUES ('Education','2831');
INSERT INTO `author`(`name`,`birthyear`,`deathyear`) VALUES('Sam Poullard','1892','1971');
INSERT INTO `author_book`(`author`, `entryid`) VALUES ('Sam Poullard','2831');
INSERT INTO `publisher_book`(`publisher`, `entryid`) VALUES ('Hollner Publishers.','2831');
INSERT INTO `entry`(`entryid`,`type`) VALUES('2832','b');
INSERT INTO `book`(`title`,`entryid`,`isbn`,`type`) VALUES('Sheet for the Zoo','2832','9600402547964','e');
INSERT INTO `genre_book`(`genre`, `entryid`) VALUES ('Thriller','2832');
INSERT INTO `author`(`name`,`birthyear`,`deathyear`) VALUES('Valene Leingang','1885','1932');
INSERT INTO `author_book`(`author`, `entryid`) VALUES ('Valene Leingang','2832');
INSERT INTO `publisher_book`(`publisher`, `entryid`) VALUES ('Didyk Inc.','2832');
INSERT INTO `entry`(`entryid`,`type`) VALUES('2833','b');
INSERT INTO `book`(`title`,`entryid`,`isbn`,`type`) VALUES('Storm of Purple','2833','0406344974776','e');
INSERT INTO `genre_book`(`genre`, `entryid`) VALUES ('Thriller','2833');
INSERT INTO `author`(`name`,`birthyear`,`deathyear`) VALUES('Helen Henedia','1916','1955');
INSERT INTO `author_book`(`author`, `entryid`) VALUES ('Helen Henedia','2833');
INSERT INTO `publisher_book`(`publisher`, `entryid`) VALUES ('Holshovser Publishers.','2833');
INSERT INTO `entry`(`entryid`,`type`) VALUES('2834','b');
INSERT INTO `book`(`title`,`entryid`,`isbn`,`type`) VALUES('Perch of the Gosling','2834','0076499462639','j');
INSERT INTO `genre_book`(`genre`, `entryid`) VALUES ('Sci-Fi','2834');
INSERT INTO `author_book`(`author`, `entryid`) VALUES ('Debora Velzy','2834');
INSERT INTO `publisher_book`(`publisher`, `entryid`) VALUES ('Kressierer Inc.','2834');
INSERT INTO `entry`(`entryid`,`type`) VALUES('2835','b');
INSERT INTO `book`(`title`,`entryid`,`isbn`,`type`) VALUES('Leo with creamy Pleasure','2835','0345320636050','e');
INSERT INTO `genre_book`(`genre`, `entryid`) VALUES ('Romance','2835');
INSERT INTO `author_book`(`author`, `entryid`) VALUES ('Jolynn Schroot','2835');
INSERT INTO `publisher_book`(`publisher`, `entryid`) VALUES ('Bolick Inc.','2835');
INSERT INTO `entry`(`entryid`,`type`) VALUES('2836','b');
INSERT INTO `book`(`title`,`entryid`,`isbn`,`type`) VALUES('Sail by the Block','2836','9127838226870','j');
INSERT INTO `genre_book`(`genre`, `entryid`) VALUES ('Education','2836');
INSERT INTO `author_book`(`author`, `entryid`) VALUES ('Neda Harbough','2836');
INSERT INTO `publisher_book`(`publisher`, `entryid`) VALUES ('Cervone Cooperations.','2836');
INSERT INTO `entry`(`entryid`,`type`) VALUES('2837','b');
INSERT INTO `book`(`title`,`entryid`,`isbn`,`type`) VALUES('Blade in the Design','2837','9953295165145','j');
INSERT INTO `genre_book`(`genre`, `entryid`) VALUES ('Sci-Fi','2837');
INSERT INTO `author`(`name`,`birthyear`,`deathyear`) VALUES('Arnetta Wernert','1891','1923');
INSERT INTO `author_book`(`author`, `entryid`) VALUES ('Arnetta Wernert','2837');
INSERT INTO `publisher`(`name`) VALUES ('Powsey Cooperations.');
INSERT INTO `publisher_book`(`publisher`, `entryid`) VALUES ('Powsey Cooperations.','2837');
INSERT INTO `entry`(`entryid`,`type`) VALUES('2838','b');
INSERT INTO `book`(`title`,`entryid`,`isbn`,`type`) VALUES('Dinosaur against the Thailand','2838','9644207366086','j');
INSERT INTO `genre_book`(`genre`, `entryid`) VALUES ('Adventure','2838');
INSERT INTO `author_book`(`author`, `entryid`) VALUES ('India Sordahl','2838');
INSERT INTO `publisher_book`(`publisher`, `entryid`) VALUES ('Bedre Publishers.','2838');
INSERT INTO `entry`(`entryid`,`type`) VALUES('2839','b');
INSERT INTO `book`(`title`,`entryid`,`isbn`,`type`) VALUES('Crack vs. Sousaphone','2839','0770724379660','j');
INSERT INTO `genre_book`(`genre`, `entryid`) VALUES ('Adventure','2839');
INSERT INTO `author_book`(`author`, `entryid`) VALUES ('Minerva Branam','2839');
INSERT INTO `publisher_book`(`publisher`, `entryid`) VALUES ('Heritage Publishers.','2839');
INSERT INTO `entry`(`entryid`,`type`) VALUES('2840','b');
INSERT INTO `book`(`title`,`entryid`,`isbn`,`type`) VALUES('Driving for vanishing Replace','2840','9249383561460','j');
INSERT INTO `genre_book`(`genre`, `entryid`) VALUES ('Thriller','2840');
INSERT INTO `author_book`(`author`, `entryid`) VALUES ('Carla Botros','2840');
INSERT INTO `publisher_book`(`publisher`, `entryid`) VALUES ('Reshard Cooperations.','2840');
INSERT INTO `entry`(`entryid`,`type`) VALUES('2841','b');
INSERT INTO `book`(`title`,`entryid`,`isbn`,`type`) VALUES('Vinyl by the shrivelled Commission','2841','0914955568474','b');
INSERT INTO `genre_book`(`genre`, `entryid`) VALUES ('Sci-Fi','2841');
INSERT INTO `author`(`name`,`birthyear`,`deathyear`) VALUES('Casie Eppenger','1934','1967');
INSERT INTO `author_book`(`author`, `entryid`) VALUES ('Casie Eppenger','2841');
INSERT INTO `publisher_book`(`publisher`, `entryid`) VALUES ('Arroyd Inc.','2841');
INSERT INTO `entry`(`entryid`,`type`) VALUES('2842','b');
INSERT INTO `book`(`title`,`entryid`,`isbn`,`type`) VALUES('Car for Lamb','2842','0223231292773','j');
INSERT INTO `genre_book`(`genre`, `entryid`) VALUES ('Education','2842');
INSERT INTO `author`(`name`,`birthyear`,`deathyear`) VALUES('Tamesha Rosher','1908','2003');
INSERT INTO `author_book`(`author`, `entryid`) VALUES ('Tamesha Rosher','2842');
INSERT INTO `publisher_book`(`publisher`, `entryid`) VALUES ('Lanphere Cooperations.','2842');
INSERT INTO `entry`(`entryid`,`type`) VALUES('2843','b');
INSERT INTO `book`(`title`,`entryid`,`isbn`,`type`) VALUES('Clutch by the indocile Carriage','2843','0014478548895','j');
INSERT INTO `genre_book`(`genre`, `entryid`) VALUES ('Thriller','2843');
INSERT INTO `author_book`(`author`, `entryid`) VALUES ('Lorette Huddleson','2843');
INSERT INTO `publisher_book`(`publisher`, `entryid`) VALUES ('Gorney Publishers.','2843');
INSERT INTO `entry`(`entryid`,`type`) VALUES('2844','b');
INSERT INTO `book`(`title`,`entryid`,`isbn`,`type`) VALUES('Melody against the Grape','2844','0142701874007','e');
INSERT INTO `genre_book`(`genre`, `entryid`) VALUES ('Education','2844');
INSERT INTO `author_book`(`author`, `entryid`) VALUES ('Imogene Kesinger','2844');
INSERT INTO `publisher_book`(`publisher`, `entryid`) VALUES ('Rohanna Publishers.','2844');
INSERT INTO `entry`(`entryid`,`type`) VALUES('2845','b');
INSERT INTO `book`(`title`,`entryid`,`isbn`,`type`) VALUES('Digger because of Mall','2845','9704840063728','b');
INSERT INTO `genre_book`(`genre`, `entryid`) VALUES ('Education','2845');
INSERT INTO `author`(`name`,`birthyear`,`deathyear`) VALUES('Usha Shinall','1923','1976');
INSERT INTO `author_book`(`author`, `entryid`) VALUES ('Usha Shinall','2845');
INSERT INTO `publisher_book`(`publisher`, `entryid`) VALUES ('Harbin Cooperations.','2845');
INSERT INTO `entry`(`entryid`,`type`) VALUES('2846','b');
INSERT INTO `book`(`title`,`entryid`,`isbn`,`type`) VALUES('View for the Skin','2846','9294969198812','e');
INSERT INTO `genre_book`(`genre`, `entryid`) VALUES ('Education','2846');
INSERT INTO `author`(`name`,`birthyear`,`deathyear`) VALUES('Wallace Corelli','1905','1932');
INSERT INTO `author_book`(`author`, `entryid`) VALUES ('Wallace Corelli','2846');
INSERT INTO `publisher_book`(`publisher`, `entryid`) VALUES ('Grabo Cooperations.','2846');
INSERT INTO `entry`(`entryid`,`type`) VALUES('2847','b');
INSERT INTO `book`(`title`,`entryid`,`isbn`,`type`) VALUES('Oval vs. Payment','2847','9214640829862','j');
INSERT INTO `genre_book`(`genre`, `entryid`) VALUES ('Thriller','2847');
INSERT INTO `author_book`(`author`, `entryid`) VALUES ('Sachiko Higham','2847');
INSERT INTO `publisher_book`(`publisher`, `entryid`) VALUES ('Bokanovich Publishers.','2847');
INSERT INTO `entry`(`entryid`,`type`) VALUES('2848','b');
INSERT INTO `book`(`title`,`entryid`,`isbn`,`type`) VALUES('Sky in addictive Pajama','2848','9814857488816','j');
INSERT INTO `genre_book`(`genre`, `entryid`) VALUES ('Adventure','2848');
INSERT INTO `author_book`(`author`, `entryid`) VALUES ('Bart Khalaf','2848');
INSERT INTO `publisher_book`(`publisher`, `entryid`) VALUES ('Gasior Cooperations.','2848');
INSERT INTO `entry`(`entryid`,`type`) VALUES('2849','b');
INSERT INTO `book`(`title`,`entryid`,`isbn`,`type`) VALUES('Alligator in the laughable June','2849','0342014317523','b');
INSERT INTO `genre_book`(`genre`, `entryid`) VALUES ('Adventure','2849');
INSERT INTO `author`(`name`,`birthyear`,`deathyear`) VALUES('Dean Hasenbeck','1955','2011');
INSERT INTO `author_book`(`author`, `entryid`) VALUES ('Dean Hasenbeck','2849');
INSERT INTO `publisher_book`(`publisher`, `entryid`) VALUES ('Samas Publishers.','2849');
INSERT INTO `entry`(`entryid`,`type`) VALUES('2850','b');
INSERT INTO `book`(`title`,`entryid`,`isbn`,`type`) VALUES('Helen in Shampoo','2850','0876958074769','j');
INSERT INTO `genre_book`(`genre`, `entryid`) VALUES ('Romance','2850');
INSERT INTO `author_book`(`author`, `entryid`) VALUES ('Melody Vrias','2850');
INSERT INTO `publisher`(`name`) VALUES ('Mccarvill Inc.');
INSERT INTO `publisher_book`(`publisher`, `entryid`) VALUES ('Mccarvill Inc.','2850');
INSERT INTO `entry`(`entryid`,`type`) VALUES('2851','b');
INSERT INTO `book`(`title`,`entryid`,`isbn`,`type`) VALUES('Hawk in armor-plated Scent','2851','0464238059365','j');
INSERT INTO `genre_book`(`genre`, `entryid`) VALUES ('Adventure','2851');
INSERT INTO `author_book`(`author`, `entryid`) VALUES ('Darwin Mcgiveron','2851');
INSERT INTO `publisher_book`(`publisher`, `entryid`) VALUES ('Cormican Inc.','2851');
INSERT INTO `entry`(`entryid`,`type`) VALUES('2852','b');
INSERT INTO `book`(`title`,`entryid`,`isbn`,`type`) VALUES('Bassoon to the strong-willed Price','2852','0100644386685','e');
INSERT INTO `genre_book`(`genre`, `entryid`) VALUES ('Romance','2852');
INSERT INTO `author`(`name`,`birthyear`,`deathyear`) VALUES('Shannon Kerss','1895','1968');
INSERT INTO `author_book`(`author`, `entryid`) VALUES ('Shannon Kerss','2852');
INSERT INTO `publisher_book`(`publisher`, `entryid`) VALUES ('Deblanc Publishers.','2852');
INSERT INTO `entry`(`entryid`,`type`) VALUES('2853','b');
INSERT INTO `book`(`title`,`entryid`,`isbn`,`type`) VALUES('Sled for the Satin','2853','0830372889869','j');
INSERT INTO `genre_book`(`genre`, `entryid`) VALUES ('Horror','2853');
INSERT INTO `author_book`(`author`, `entryid`) VALUES ('Marcelina Leibold','2853');
INSERT INTO `publisher`(`name`) VALUES ('Trumbo Publishers.');
INSERT INTO `publisher_book`(`publisher`, `entryid`) VALUES ('Trumbo Publishers.','2853');
INSERT INTO `entry`(`entryid`,`type`) VALUES('2854','b');
INSERT INTO `book`(`title`,`entryid`,`isbn`,`type`) VALUES('Liver and uncurled Debtor','2854','9504261373546','e');
INSERT INTO `genre_book`(`genre`, `entryid`) VALUES ('Education','2854');
INSERT INTO `author`(`name`,`birthyear`,`deathyear`) VALUES('Keesha Tarangelo','1970','2053');
INSERT INTO `author_book`(`author`, `entryid`) VALUES ('Keesha Tarangelo','2854');
INSERT INTO `publisher`(`name`) VALUES ('Mastera Cooperations.');
INSERT INTO `publisher_book`(`publisher`, `entryid`) VALUES ('Mastera Cooperations.','2854');
INSERT INTO `entry`(`entryid`,`type`) VALUES('2855','b');
INSERT INTO `book`(`title`,`entryid`,`isbn`,`type`) VALUES('Colombia of the Male','2855','9806287044759','b');
INSERT INTO `genre_book`(`genre`, `entryid`) VALUES ('Adventure','2855');
INSERT INTO `author`(`name`,`birthyear`,`deathyear`) VALUES('Aliza Hatcher','1953','2040');
INSERT INTO `author_book`(`author`, `entryid`) VALUES ('Aliza Hatcher','2855');
INSERT INTO `publisher_book`(`publisher`, `entryid`) VALUES ('Argrave Publishers.','2855');
INSERT INTO `entry`(`entryid`,`type`) VALUES('2856','b');
INSERT INTO `book`(`title`,`entryid`,`isbn`,`type`) VALUES('Elbow against rudderless Brother-in-law','2856','9593109057449','j');
INSERT INTO `genre_book`(`genre`, `entryid`) VALUES ('Adventure','2856');
INSERT INTO `author_book`(`author`, `entryid`) VALUES ('Tony Scarpa','2856');
INSERT INTO `publisher_book`(`publisher`, `entryid`) VALUES ('Malovich Inc.','2856');
INSERT INTO `entry`(`entryid`,`type`) VALUES('2857','b');
INSERT INTO `book`(`title`,`entryid`,`isbn`,`type`) VALUES('Pakistan of Cat','2857','0125712418973','j');
INSERT INTO `genre_book`(`genre`, `entryid`) VALUES ('Science','2857');
INSERT INTO `author_book`(`author`, `entryid`) VALUES ('Angelita Lichtenfeld','2857');
INSERT INTO `publisher_book`(`publisher`, `entryid`) VALUES ('Moritz Cooperations.','2857');
INSERT INTO `entry`(`entryid`,`type`) VALUES('2858','b');
INSERT INTO `book`(`title`,`entryid`,`isbn`,`type`) VALUES('Organisation in Bacon','2858','0478224249224','b');
INSERT INTO `genre_book`(`genre`, `entryid`) VALUES ('Thriller','2858');
INSERT INTO `author`(`name`,`birthyear`,`deathyear`) VALUES('Sandra Colondres','1890','1958');
INSERT INTO `author_book`(`author`, `entryid`) VALUES ('Sandra Colondres','2858');
INSERT INTO `publisher_book`(`publisher`, `entryid`) VALUES ('Archibeque Publishers.','2858');
INSERT INTO `entry`(`entryid`,`type`) VALUES('2859','b');
INSERT INTO `book`(`title`,`entryid`,`isbn`,`type`) VALUES('Goat with the Discussion','2859','0361173657288','b');
INSERT INTO `genre_book`(`genre`, `entryid`) VALUES ('Thriller','2859');
INSERT INTO `author`(`name`,`birthyear`,`deathyear`) VALUES('Myriam Moring','1885','1915');
INSERT INTO `author_book`(`author`, `entryid`) VALUES ('Myriam Moring','2859');
INSERT INTO `publisher_book`(`publisher`, `entryid`) VALUES ('Springfield Inc.','2859');
INSERT INTO `entry`(`entryid`,`type`) VALUES('2860','b');
INSERT INTO `book`(`title`,`entryid`,`isbn`,`type`) VALUES('Greece of the Nation','2860','0602292742360','e');
INSERT INTO `genre_book`(`genre`, `entryid`) VALUES ('Horror','2860');
INSERT INTO `author_book`(`author`, `entryid`) VALUES ('Etsuko Hitchings','2860');
INSERT INTO `publisher_book`(`publisher`, `entryid`) VALUES ('Stjohn Publishers.','2860');
INSERT INTO `entry`(`entryid`,`type`) VALUES('2861','b');
INSERT INTO `book`(`title`,`entryid`,`isbn`,`type`) VALUES('North korea because of Asterisk','2861','9538866618298','e');
INSERT INTO `genre_book`(`genre`, `entryid`) VALUES ('Adventure','2861');
INSERT INTO `author`(`name`,`birthyear`,`deathyear`) VALUES('Merrill Brauner','1934','1975');
INSERT INTO `author_book`(`author`, `entryid`) VALUES ('Merrill Brauner','2861');
INSERT INTO `publisher_book`(`publisher`, `entryid`) VALUES ('Holleran Cooperations.','2861');
INSERT INTO `entry`(`entryid`,`type`) VALUES('2862','b');
INSERT INTO `book`(`title`,`entryid`,`isbn`,`type`) VALUES('Bit in the Event','2862','9094140301590','b');
INSERT INTO `genre_book`(`genre`, `entryid`) VALUES ('Science','2862');
INSERT INTO `author_book`(`author`, `entryid`) VALUES ('Laurinda Overmann','2862');
INSERT INTO `publisher_book`(`publisher`, `entryid`) VALUES ('Rudolph Cooperations.','2862');
INSERT INTO `entry`(`entryid`,`type`) VALUES('2863','b');
INSERT INTO `book`(`title`,`entryid`,`isbn`,`type`) VALUES('Chief of the Yew','2863','9877893752050','j');
INSERT INTO `genre_book`(`genre`, `entryid`) VALUES ('Horror','2863');
INSERT INTO `author`(`name`,`birthyear`,`deathyear`) VALUES('Catalina Manliguis','1940','2002');
INSERT INTO `author_book`(`author`, `entryid`) VALUES ('Catalina Manliguis','2863');
INSERT INTO `publisher_book`(`publisher`, `entryid`) VALUES ('Reinders Inc.','2863');
INSERT INTO `entry`(`entryid`,`type`) VALUES('2864','b');
INSERT INTO `book`(`title`,`entryid`,`isbn`,`type`) VALUES('Mist in the self-sufficient Knight','2864','9240240643620','e');
INSERT INTO `genre_book`(`genre`, `entryid`) VALUES ('Horror','2864');
INSERT INTO `author`(`name`,`birthyear`,`deathyear`) VALUES('Gianna Laffredo','1959','2043');
INSERT INTO `author_book`(`author`, `entryid`) VALUES ('Gianna Laffredo','2864');
INSERT INTO `publisher_book`(`publisher`, `entryid`) VALUES ('Boschee Cooperations.','2864');
INSERT INTO `entry`(`entryid`,`type`) VALUES('2865','b');
INSERT INTO `book`(`title`,`entryid`,`isbn`,`type`) VALUES('Iris in back-to-back Cowbell','2865','9001951877759','b');
INSERT INTO `genre_book`(`genre`, `entryid`) VALUES ('Romance','2865');
INSERT INTO `author_book`(`author`, `entryid`) VALUES ('Roy Fagnant','2865');
INSERT INTO `publisher`(`name`) VALUES ('Mcgranor Cooperations.');
INSERT INTO `publisher_book`(`publisher`, `entryid`) VALUES ('Mcgranor Cooperations.','2865');
INSERT INTO `entry`(`entryid`,`type`) VALUES('2866','b');
INSERT INTO `book`(`title`,`entryid`,`isbn`,`type`) VALUES('Goose of backstair Blue','2866','9927118133090','j');
INSERT INTO `genre_book`(`genre`, `entryid`) VALUES ('Thriller','2866');
INSERT INTO `author`(`name`,`birthyear`,`deathyear`) VALUES('Lora Record','1930','1998');
INSERT INTO `author_book`(`author`, `entryid`) VALUES ('Lora Record','2866');
INSERT INTO `publisher_book`(`publisher`, `entryid`) VALUES ('Cregeen Inc.','2866');
INSERT INTO `entry`(`entryid`,`type`) VALUES('2867','b');
INSERT INTO `book`(`title`,`entryid`,`isbn`,`type`) VALUES('Screw to the Flower','2867','9527586256328','b');
INSERT INTO `genre_book`(`genre`, `entryid`) VALUES ('Romance','2867');
INSERT INTO `author`(`name`,`birthyear`,`deathyear`) VALUES('Eva Barkema','1936','1980');
INSERT INTO `author_book`(`author`, `entryid`) VALUES ('Eva Barkema','2867');
INSERT INTO `publisher`(`name`) VALUES ('Giantonio Publishers.');
INSERT INTO `publisher_book`(`publisher`, `entryid`) VALUES ('Giantonio Publishers.','2867');
INSERT INTO `entry`(`entryid`,`type`) VALUES('2868','b');
INSERT INTO `book`(`title`,`entryid`,`isbn`,`type`) VALUES('Prosecution of the nattier Screw','2868','9125588422825','e');
INSERT INTO `genre_book`(`genre`, `entryid`) VALUES ('Thriller','2868');
INSERT INTO `author`(`name`,`birthyear`,`deathyear`) VALUES('Ezra Stromyer','1903','1931');
INSERT INTO `author_book`(`author`, `entryid`) VALUES ('Ezra Stromyer','2868');
INSERT INTO `publisher_book`(`publisher`, `entryid`) VALUES ('Ramiro Inc.','2868');
INSERT INTO `entry`(`entryid`,`type`) VALUES('2869','b');
INSERT INTO `book`(`title`,`entryid`,`isbn`,`type`) VALUES('Sister-in-law for infracostal German','2869','0682081718830','b');
INSERT INTO `genre_book`(`genre`, `entryid`) VALUES ('Science','2869');
INSERT INTO `author`(`name`,`birthyear`,`deathyear`) VALUES('Lindsay Cottrill','1905','1981');
INSERT INTO `author_book`(`author`, `entryid`) VALUES ('Lindsay Cottrill','2869');
INSERT INTO `publisher_book`(`publisher`, `entryid`) VALUES ('Trobaugh Publishers.','2869');
INSERT INTO `entry`(`entryid`,`type`) VALUES('2870','b');
INSERT INTO `book`(`title`,`entryid`,`isbn`,`type`) VALUES('Kohlrabi for spindling Support','2870','9610235140427','j');
INSERT INTO `genre_book`(`genre`, `entryid`) VALUES ('Romance','2870');
INSERT INTO `author`(`name`,`birthyear`,`deathyear`) VALUES('Miki Garufi','1889','1909');
INSERT INTO `author_book`(`author`, `entryid`) VALUES ('Miki Garufi','2870');
INSERT INTO `publisher_book`(`publisher`, `entryid`) VALUES ('Kuhlo Cooperations.','2870');
INSERT INTO `entry`(`entryid`,`type`) VALUES('2871','b');
INSERT INTO `book`(`title`,`entryid`,`isbn`,`type`) VALUES('Pet of Harp','2871','0594330680469','b');
INSERT INTO `genre_book`(`genre`, `entryid`) VALUES ('Thriller','2871');
INSERT INTO `author`(`name`,`birthyear`,`deathyear`) VALUES('Renna Linnemann','1906','1952');
INSERT INTO `author_book`(`author`, `entryid`) VALUES ('Renna Linnemann','2871');
INSERT INTO `publisher_book`(`publisher`, `entryid`) VALUES ('Kotlar Publishers.','2871');
INSERT INTO `entry`(`entryid`,`type`) VALUES('2872','b');
INSERT INTO `book`(`title`,`entryid`,`isbn`,`type`) VALUES('Paste and the haggard Mile','2872','9939010800612','b');
INSERT INTO `genre_book`(`genre`, `entryid`) VALUES ('Education','2872');
INSERT INTO `author`(`name`,`birthyear`,`deathyear`) VALUES('Ronnie Bassiti','1974','2046');
INSERT INTO `author_book`(`author`, `entryid`) VALUES ('Ronnie Bassiti','2872');
INSERT INTO `publisher_book`(`publisher`, `entryid`) VALUES ('Kopf Cooperations.','2872');
INSERT INTO `entry`(`entryid`,`type`) VALUES('2873','b');
INSERT INTO `book`(`title`,`entryid`,`isbn`,`type`) VALUES('Teller with the Fireman','2873','9938350114193','e');
INSERT INTO `genre_book`(`genre`, `entryid`) VALUES ('Education','2873');
INSERT INTO `author`(`name`,`birthyear`,`deathyear`) VALUES('Camellia Steigerwald','1887','1934');
INSERT INTO `author_book`(`author`, `entryid`) VALUES ('Camellia Steigerwald','2873');
INSERT INTO `publisher_book`(`publisher`, `entryid`) VALUES ('Golladay Publishers.','2873');
INSERT INTO `entry`(`entryid`,`type`) VALUES('2874','b');
INSERT INTO `book`(`title`,`entryid`,`isbn`,`type`) VALUES('Lisa to graphologic Shelf','2874','0738328445435','b');
INSERT INTO `genre_book`(`genre`, `entryid`) VALUES ('Horror','2874');
INSERT INTO `author`(`name`,`birthyear`,`deathyear`) VALUES('Maximo Sarault','1964','2005');
INSERT INTO `author_book`(`author`, `entryid`) VALUES ('Maximo Sarault','2874');
INSERT INTO `publisher_book`(`publisher`, `entryid`) VALUES ('Lund Inc.','2874');
INSERT INTO `entry`(`entryid`,`type`) VALUES('2875','b');
INSERT INTO `book`(`title`,`entryid`,`isbn`,`type`) VALUES('Security to the incapacitated Tune','2875','9357855563325','j');
INSERT INTO `genre_book`(`genre`, `entryid`) VALUES ('Horror','2875');
INSERT INTO `author`(`name`,`birthyear`,`deathyear`) VALUES('Drema Maharg','1944','1991');
INSERT INTO `author_book`(`author`, `entryid`) VALUES ('Drema Maharg','2875');
INSERT INTO `publisher`(`name`) VALUES ('Montalvan Inc.');
INSERT INTO `publisher_book`(`publisher`, `entryid`) VALUES ('Montalvan Inc.','2875');
INSERT INTO `entry`(`entryid`,`type`) VALUES('2876','b');
INSERT INTO `book`(`title`,`entryid`,`isbn`,`type`) VALUES('Value for the Flesh','2876','0709813245539','e');
INSERT INTO `genre_book`(`genre`, `entryid`) VALUES ('Adventure','2876');
INSERT INTO `author`(`name`,`birthyear`,`deathyear`) VALUES('Jerry Hoxsie','1953','1976');
INSERT INTO `author_book`(`author`, `entryid`) VALUES ('Jerry Hoxsie','2876');
INSERT INTO `publisher_book`(`publisher`, `entryid`) VALUES ('Pagoda Publishers.','2876');
INSERT INTO `entry`(`entryid`,`type`) VALUES('2877','b');
INSERT INTO `book`(`title`,`entryid`,`isbn`,`type`) VALUES('Kilometer for Dish','2877','0355872271747','j');
INSERT INTO `genre_book`(`genre`, `entryid`) VALUES ('Horror','2877');
INSERT INTO `author_book`(`author`, `entryid`) VALUES ('Elana Hittman','2877');
INSERT INTO `publisher_book`(`publisher`, `entryid`) VALUES ('Aplington Inc.','2877');
INSERT INTO `entry`(`entryid`,`type`) VALUES('2878','b');
INSERT INTO `book`(`title`,`entryid`,`isbn`,`type`) VALUES('Pedestrian for sluicing Risk','2878','9427640449636','e');
INSERT INTO `genre_book`(`genre`, `entryid`) VALUES ('Romance','2878');
INSERT INTO `author_book`(`author`, `entryid`) VALUES ('Callie Hodgen','2878');
INSERT INTO `publisher_book`(`publisher`, `entryid`) VALUES ('Turnbow Cooperations.','2878');
INSERT INTO `entry`(`entryid`,`type`) VALUES('2879','b');
INSERT INTO `book`(`title`,`entryid`,`isbn`,`type`) VALUES('Quarter by the aliped Brow','2879','9204406613183','j');
INSERT INTO `genre_book`(`genre`, `entryid`) VALUES ('Education','2879');
INSERT INTO `author`(`name`,`birthyear`,`deathyear`) VALUES('Andrew Gauntt','1946','1998');
INSERT INTO `author_book`(`author`, `entryid`) VALUES ('Andrew Gauntt','2879');
INSERT INTO `publisher_book`(`publisher`, `entryid`) VALUES ('Shamily Inc.','2879');
INSERT INTO `entry`(`entryid`,`type`) VALUES('2880','b');
INSERT INTO `book`(`title`,`entryid`,`isbn`,`type`) VALUES('Glass vs. Gosling','2880','9552380075537','j');
INSERT INTO `genre_book`(`genre`, `entryid`) VALUES ('Romance','2880');
INSERT INTO `author`(`name`,`birthyear`,`deathyear`) VALUES('Shaunna Droski','1883','1938');
INSERT INTO `author_book`(`author`, `entryid`) VALUES ('Shaunna Droski','2880');
INSERT INTO `publisher_book`(`publisher`, `entryid`) VALUES ('Simcox Publishers.','2880');
INSERT INTO `entry`(`entryid`,`type`) VALUES('2881','b');
INSERT INTO `book`(`title`,`entryid`,`isbn`,`type`) VALUES('Cover to convulsant Soccer','2881','9240963423425','b');
INSERT INTO `genre_book`(`genre`, `entryid`) VALUES ('Adventure','2881');
INSERT INTO `author_book`(`author`, `entryid`) VALUES ('Dannielle Busche','2881');
INSERT INTO `publisher_book`(`publisher`, `entryid`) VALUES ('Yasso Cooperations.','2881');
INSERT INTO `entry`(`entryid`,`type`) VALUES('2882','b');
INSERT INTO `book`(`title`,`entryid`,`isbn`,`type`) VALUES('Aunt in the waxing Veterinarian','2882','0104644723314','e');
INSERT INTO `genre_book`(`genre`, `entryid`) VALUES ('Adventure','2882');
INSERT INTO `author_book`(`author`, `entryid`) VALUES ('Randal Hochstedler','2882');
INSERT INTO `publisher_book`(`publisher`, `entryid`) VALUES ('Lucious Publishers.','2882');
INSERT INTO `entry`(`entryid`,`type`) VALUES('2883','b');
INSERT INTO `book`(`title`,`entryid`,`isbn`,`type`) VALUES('Ptarmigan for the beddable Earthquake','2883','9307898803230','b');
INSERT INTO `genre_book`(`genre`, `entryid`) VALUES ('Romance','2883');
INSERT INTO `author`(`name`,`birthyear`,`deathyear`) VALUES('Bradly Rolland','1896','1982');
INSERT INTO `author_book`(`author`, `entryid`) VALUES ('Bradly Rolland','2883');
INSERT INTO `publisher_book`(`publisher`, `entryid`) VALUES ('Culpepper Cooperations.','2883');
INSERT INTO `entry`(`entryid`,`type`) VALUES('2884','b');
INSERT INTO `book`(`title`,`entryid`,`isbn`,`type`) VALUES('Sousaphone by the nomothetic Surgeon','2884','9435654832405','e');
INSERT INTO `genre_book`(`genre`, `entryid`) VALUES ('Sci-Fi','2884');
INSERT INTO `author_book`(`author`, `entryid`) VALUES ('Shanon Frishman','2884');
INSERT INTO `publisher_book`(`publisher`, `entryid`) VALUES ('Hooey Inc.','2884');
INSERT INTO `entry`(`entryid`,`type`) VALUES('2885','b');
INSERT INTO `book`(`title`,`entryid`,`isbn`,`type`) VALUES('Odometer to Aardvark','2885','0759458790715','b');
INSERT INTO `genre_book`(`genre`, `entryid`) VALUES ('Thriller','2885');
INSERT INTO `author_book`(`author`, `entryid`) VALUES ('Linsey Higgens','2885');
INSERT INTO `publisher_book`(`publisher`, `entryid`) VALUES ('Woskobojnik Inc.','2885');
INSERT INTO `entry`(`entryid`,`type`) VALUES('2886','b');
INSERT INTO `book`(`title`,`entryid`,`isbn`,`type`) VALUES('Faucet to the inelegant Experience','2886','9672350399485','j');
INSERT INTO `genre_book`(`genre`, `entryid`) VALUES ('Romance','2886');
INSERT INTO `author_book`(`author`, `entryid`) VALUES ('Jerrell Nicoll','2886');
INSERT INTO `publisher_book`(`publisher`, `entryid`) VALUES ('Duchesney Publishers.','2886');
INSERT INTO `entry`(`entryid`,`type`) VALUES('2887','b');
INSERT INTO `book`(`title`,`entryid`,`isbn`,`type`) VALUES('Earth of Explanation','2887','9817435545335','j');
INSERT INTO `genre_book`(`genre`, `entryid`) VALUES ('Adventure','2887');
INSERT INTO `author`(`name`,`birthyear`,`deathyear`) VALUES('Kathie Duce','1890','1928');
INSERT INTO `author_book`(`author`, `entryid`) VALUES ('Kathie Duce','2887');
INSERT INTO `publisher_book`(`publisher`, `entryid`) VALUES ('Lubell Inc.','2887');
INSERT INTO `entry`(`entryid`,`type`) VALUES('2888','b');
INSERT INTO `book`(`title`,`entryid`,`isbn`,`type`) VALUES('Hamster to unfruitful Black','2888','0072380058131','j');
INSERT INTO `genre_book`(`genre`, `entryid`) VALUES ('Sci-Fi','2888');
INSERT INTO `author`(`name`,`birthyear`,`deathyear`) VALUES('Wendell Inaba','1955','2010');
INSERT INTO `author_book`(`author`, `entryid`) VALUES ('Wendell Inaba','2888');
INSERT INTO `publisher_book`(`publisher`, `entryid`) VALUES ('Luangamath Inc.','2888');
INSERT INTO `entry`(`entryid`,`type`) VALUES('2889','b');
INSERT INTO `book`(`title`,`entryid`,`isbn`,`type`) VALUES('Equipment by the Columnist','2889','9417474080881','e');
INSERT INTO `genre_book`(`genre`, `entryid`) VALUES ('Science','2889');
INSERT INTO `author`(`name`,`birthyear`,`deathyear`) VALUES('Francis Stoliker','1883','1917');
INSERT INTO `author_book`(`author`, `entryid`) VALUES ('Francis Stoliker','2889');
INSERT INTO `publisher_book`(`publisher`, `entryid`) VALUES ('Meja Cooperations.','2889');
INSERT INTO `entry`(`entryid`,`type`) VALUES('2890','b');
INSERT INTO `book`(`title`,`entryid`,`isbn`,`type`) VALUES('Grease in the Napkin','2890','0114660381394','e');
INSERT INTO `genre_book`(`genre`, `entryid`) VALUES ('Adventure','2890');
INSERT INTO `author`(`name`,`birthyear`,`deathyear`) VALUES('Irwin Dasovich','1906','1966');
INSERT INTO `author_book`(`author`, `entryid`) VALUES ('Irwin Dasovich','2890');
INSERT INTO `publisher_book`(`publisher`, `entryid`) VALUES ('Valree Inc.','2890');
INSERT INTO `entry`(`entryid`,`type`) VALUES('2891','b');
INSERT INTO `book`(`title`,`entryid`,`isbn`,`type`) VALUES('Prosecution in the opsonic Eyelash','2891','0409164341328','e');
INSERT INTO `genre_book`(`genre`, `entryid`) VALUES ('Sci-Fi','2891');
INSERT INTO `author`(`name`,`birthyear`,`deathyear`) VALUES('Estrella Gruca','1945','2020');
INSERT INTO `author_book`(`author`, `entryid`) VALUES ('Estrella Gruca','2891');
INSERT INTO `publisher_book`(`publisher`, `entryid`) VALUES ('Lanphere Cooperations.','2891');
INSERT INTO `entry`(`entryid`,`type`) VALUES('2892','b');
INSERT INTO `book`(`title`,`entryid`,`isbn`,`type`) VALUES('Polo to Bus','2892','9536603898661','e');
INSERT INTO `genre_book`(`genre`, `entryid`) VALUES ('Education','2892');
INSERT INTO `author_book`(`author`, `entryid`) VALUES ('Beryl Boemer','2892');
INSERT INTO `publisher_book`(`publisher`, `entryid`) VALUES ('Hauley Publishers.','2892');
INSERT INTO `entry`(`entryid`,`type`) VALUES('2893','b');
INSERT INTO `book`(`title`,`entryid`,`isbn`,`type`) VALUES('Triangle to Professor','2893','9157996699972','b');
INSERT INTO `genre_book`(`genre`, `entryid`) VALUES ('Education','2893');
INSERT INTO `author_book`(`author`, `entryid`) VALUES ('Tony Scarpa','2893');
INSERT INTO `publisher_book`(`publisher`, `entryid`) VALUES ('Haith Inc.','2893');
INSERT INTO `entry`(`entryid`,`type`) VALUES('2894','b');
INSERT INTO `book`(`title`,`entryid`,`isbn`,`type`) VALUES('Ant with the scanty Surgeon','2894','0154115308941','b');
INSERT INTO `genre_book`(`genre`, `entryid`) VALUES ('Adventure','2894');
INSERT INTO `author`(`name`,`birthyear`,`deathyear`) VALUES('Clinton Husson','1941','1976');
INSERT INTO `author_book`(`author`, `entryid`) VALUES ('Clinton Husson','2894');
INSERT INTO `publisher_book`(`publisher`, `entryid`) VALUES ('Loveall Cooperations.','2894');
INSERT INTO `entry`(`entryid`,`type`) VALUES('2895','b');
INSERT INTO `book`(`title`,`entryid`,`isbn`,`type`) VALUES('Battery with Mercury','2895','0605957258930','b');
INSERT INTO `genre_book`(`genre`, `entryid`) VALUES ('Horror','2895');
INSERT INTO `author_book`(`author`, `entryid`) VALUES ('Torrie Mandry','2895');
INSERT INTO `publisher_book`(`publisher`, `entryid`) VALUES ('Malovich Inc.','2895');
INSERT INTO `entry`(`entryid`,`type`) VALUES('2896','b');
INSERT INTO `book`(`title`,`entryid`,`isbn`,`type`) VALUES('C-clamp against Store','2896','9904032968476','j');
INSERT INTO `genre_book`(`genre`, `entryid`) VALUES ('Romance','2896');
INSERT INTO `author_book`(`author`, `entryid`) VALUES ('Mayme Kovach','2896');
INSERT INTO `publisher_book`(`publisher`, `entryid`) VALUES ('Smathers Inc.','2896');
INSERT INTO `entry`(`entryid`,`type`) VALUES('2897','b');
INSERT INTO `book`(`title`,`entryid`,`isbn`,`type`) VALUES('Purchase in the Fang','2897','0890763702401','e');
INSERT INTO `genre_book`(`genre`, `entryid`) VALUES ('Thriller','2897');
INSERT INTO `author`(`name`,`birthyear`,`deathyear`) VALUES('Timothy Rasmus','1923','1998');
INSERT INTO `author_book`(`author`, `entryid`) VALUES ('Timothy Rasmus','2897');
INSERT INTO `publisher_book`(`publisher`, `entryid`) VALUES ('Dubuisson Inc.','2897');
INSERT INTO `entry`(`entryid`,`type`) VALUES('2898','b');
INSERT INTO `book`(`title`,`entryid`,`isbn`,`type`) VALUES('Jogging because of Lawyer','2898','9702447296373','e');
INSERT INTO `genre_book`(`genre`, `entryid`) VALUES ('Sci-Fi','2898');
INSERT INTO `author`(`name`,`birthyear`,`deathyear`) VALUES('Ilana Geck','1907','1995');
INSERT INTO `author_book`(`author`, `entryid`) VALUES ('Ilana Geck','2898');
INSERT INTO `publisher_book`(`publisher`, `entryid`) VALUES ('Tegner Cooperations.','2898');
INSERT INTO `entry`(`entryid`,`type`) VALUES('2899','b');
INSERT INTO `book`(`title`,`entryid`,`isbn`,`type`) VALUES('Hydrant for the Security','2899','0885415421847','e');
INSERT INTO `genre_book`(`genre`, `entryid`) VALUES ('Horror','2899');
INSERT INTO `author`(`name`,`birthyear`,`deathyear`) VALUES('Josefa Deal','1973','2006');
INSERT INTO `author_book`(`author`, `entryid`) VALUES ('Josefa Deal','2899');
INSERT INTO `publisher_book`(`publisher`, `entryid`) VALUES ('Bokanovich Publishers.','2899');
INSERT INTO `entry`(`entryid`,`type`) VALUES('2900','b');
INSERT INTO `book`(`title`,`entryid`,`isbn`,`type`) VALUES('River of the Mattock','2900','0711430309228','b');
INSERT INTO `genre_book`(`genre`, `entryid`) VALUES ('Education','2900');
INSERT INTO `author_book`(`author`, `entryid`) VALUES ('Alexa Gleaves','2900');
INSERT INTO `publisher_book`(`publisher`, `entryid`) VALUES ('Meja Cooperations.','2900');
INSERT INTO `entry`(`entryid`,`type`) VALUES('2901','b');
INSERT INTO `book`(`title`,`entryid`,`isbn`,`type`) VALUES('Invoice to nontechnical Collar','2901','9316820677167','b');
INSERT INTO `genre_book`(`genre`, `entryid`) VALUES ('Adventure','2901');
INSERT INTO `author`(`name`,`birthyear`,`deathyear`) VALUES('Monnie Reado','1890','1918');
INSERT INTO `author_book`(`author`, `entryid`) VALUES ('Monnie Reado','2901');
INSERT INTO `publisher_book`(`publisher`, `entryid`) VALUES ('Marth Cooperations.','2901');
INSERT INTO `entry`(`entryid`,`type`) VALUES('2902','b');
INSERT INTO `book`(`title`,`entryid`,`isbn`,`type`) VALUES('Thursday to the hand-picked Drawbridge','2902','9891775262134','e');
INSERT INTO `genre_book`(`genre`, `entryid`) VALUES ('Thriller','2902');
INSERT INTO `author_book`(`author`, `entryid`) VALUES ('Petrina Amrich','2902');
INSERT INTO `publisher_book`(`publisher`, `entryid`) VALUES ('Aslett Publishers.','2902');
INSERT INTO `entry`(`entryid`,`type`) VALUES('2903','b');
INSERT INTO `book`(`title`,`entryid`,`isbn`,`type`) VALUES('Grade vs. Asia','2903','0205200271959','j');
INSERT INTO `genre_book`(`genre`, `entryid`) VALUES ('Romance','2903');
INSERT INTO `author_book`(`author`, `entryid`) VALUES ('Etsuko Hitchings','2903');
INSERT INTO `publisher_book`(`publisher`, `entryid`) VALUES ('Miccio Cooperations.','2903');
INSERT INTO `entry`(`entryid`,`type`) VALUES('2904','b');
INSERT INTO `book`(`title`,`entryid`,`isbn`,`type`) VALUES('Pickle against infective Egg','2904','0362963879509','j');
INSERT INTO `genre_book`(`genre`, `entryid`) VALUES ('Science','2904');
INSERT INTO `author`(`name`,`birthyear`,`deathyear`) VALUES('Rutha Burnaman','1935','2012');
INSERT INTO `author_book`(`author`, `entryid`) VALUES ('Rutha Burnaman','2904');
INSERT INTO `publisher_book`(`publisher`, `entryid`) VALUES ('Trickel Inc.','2904');
INSERT INTO `entry`(`entryid`,`type`) VALUES('2905','b');
INSERT INTO `book`(`title`,`entryid`,`isbn`,`type`) VALUES('Place vs. intertidal Effect','2905','9540372753153','b');
INSERT INTO `genre_book`(`genre`, `entryid`) VALUES ('Education','2905');
INSERT INTO `author_book`(`author`, `entryid`) VALUES ('Javier Pieper','2905');
INSERT INTO `publisher_book`(`publisher`, `entryid`) VALUES ('Lanphere Cooperations.','2905');
INSERT INTO `entry`(`entryid`,`type`) VALUES('2906','b');
INSERT INTO `book`(`title`,`entryid`,`isbn`,`type`) VALUES('Vest of the leptosporangiate Vacuum','2906','9178380682234','j');
INSERT INTO `genre_book`(`genre`, `entryid`) VALUES ('Science','2906');
INSERT INTO `author_book`(`author`, `entryid`) VALUES ('Larraine Tatsch','2906');
INSERT INTO `publisher`(`name`) VALUES ('Nuzum Inc.');
INSERT INTO `publisher_book`(`publisher`, `entryid`) VALUES ('Nuzum Inc.','2906');
INSERT INTO `entry`(`entryid`,`type`) VALUES('2907','b');
INSERT INTO `book`(`title`,`entryid`,`isbn`,`type`) VALUES('Dad in the Smile','2907','9230855438768','j');
INSERT INTO `genre_book`(`genre`, `entryid`) VALUES ('Sci-Fi','2907');
INSERT INTO `author`(`name`,`birthyear`,`deathyear`) VALUES('Shoshana Vigiano','1924','2007');
INSERT INTO `author_book`(`author`, `entryid`) VALUES ('Shoshana Vigiano','2907');
INSERT INTO `publisher_book`(`publisher`, `entryid`) VALUES ('Sistek Cooperations.','2907');
INSERT INTO `entry`(`entryid`,`type`) VALUES('2908','b');
INSERT INTO `book`(`title`,`entryid`,`isbn`,`type`) VALUES('Helmet with the increased Moat','2908','9455050053785','b');
INSERT INTO `genre_book`(`genre`, `entryid`) VALUES ('Romance','2908');
INSERT INTO `author_book`(`author`, `entryid`) VALUES ('Justa Zumbo','2908');
INSERT INTO `publisher_book`(`publisher`, `entryid`) VALUES ('Arroyd Inc.','2908');
INSERT INTO `entry`(`entryid`,`type`) VALUES('2909','b');
INSERT INTO `book`(`title`,`entryid`,`isbn`,`type`) VALUES('Support for the compressive Alloy','2909','9563875370355','b');
INSERT INTO `genre_book`(`genre`, `entryid`) VALUES ('Horror','2909');
INSERT INTO `author_book`(`author`, `entryid`) VALUES ('Glendora Teabo','2909');
INSERT INTO `publisher_book`(`publisher`, `entryid`) VALUES ('Cygan Inc.','2909');
INSERT INTO `entry`(`entryid`,`type`) VALUES('2910','b');
INSERT INTO `book`(`title`,`entryid`,`isbn`,`type`) VALUES('Dryer to the France','2910','9445579010746','b');
INSERT INTO `genre_book`(`genre`, `entryid`) VALUES ('Adventure','2910');
INSERT INTO `author`(`name`,`birthyear`,`deathyear`) VALUES('Fausto Kotek','1963','2003');
INSERT INTO `author_book`(`author`, `entryid`) VALUES ('Fausto Kotek','2910');
INSERT INTO `publisher_book`(`publisher`, `entryid`) VALUES ('Trish Inc.','2910');
INSERT INTO `entry`(`entryid`,`type`) VALUES('2911','b');
INSERT INTO `book`(`title`,`entryid`,`isbn`,`type`) VALUES('Tempo of Mimosa','2911','0474899326934','b');
INSERT INTO `genre_book`(`genre`, `entryid`) VALUES ('Romance','2911');
INSERT INTO `author`(`name`,`birthyear`,`deathyear`) VALUES('Richelle Newcombe','1907','1933');
INSERT INTO `author_book`(`author`, `entryid`) VALUES ('Richelle Newcombe','2911');
INSERT INTO `publisher_book`(`publisher`, `entryid`) VALUES ('Toste Publishers.','2911');
INSERT INTO `entry`(`entryid`,`type`) VALUES('2912','b');
INSERT INTO `book`(`title`,`entryid`,`isbn`,`type`) VALUES('Mist by the Ferry','2912','0286922416034','j');
INSERT INTO `genre_book`(`genre`, `entryid`) VALUES ('Adventure','2912');
INSERT INTO `author_book`(`author`, `entryid`) VALUES ('Merlyn Knows','2912');
INSERT INTO `publisher_book`(`publisher`, `entryid`) VALUES ('Mizee Inc.','2912');
INSERT INTO `entry`(`entryid`,`type`) VALUES('2913','b');
INSERT INTO `book`(`title`,`entryid`,`isbn`,`type`) VALUES('Sled and the unribbed Burglar','2913','9169181122650','j');
INSERT INTO `genre_book`(`genre`, `entryid`) VALUES ('Romance','2913');
INSERT INTO `author`(`name`,`birthyear`,`deathyear`) VALUES('Esperanza Bellettiere','1972','2043');
INSERT INTO `author_book`(`author`, `entryid`) VALUES ('Esperanza Bellettiere','2913');
INSERT INTO `publisher_book`(`publisher`, `entryid`) VALUES ('Luangamath Inc.','2913');
INSERT INTO `entry`(`entryid`,`type`) VALUES('2914','b');
INSERT INTO `book`(`title`,`entryid`,`isbn`,`type`) VALUES('Alto for the prefab Domain','2914','9129532449186','j');
INSERT INTO `genre_book`(`genre`, `entryid`) VALUES ('Education','2914');
INSERT INTO `author_book`(`author`, `entryid`) VALUES ('Stephanie Brez','2914');
INSERT INTO `publisher_book`(`publisher`, `entryid`) VALUES ('Jestes Inc.','2914');
INSERT INTO `entry`(`entryid`,`type`) VALUES('2915','b');
INSERT INTO `book`(`title`,`entryid`,`isbn`,`type`) VALUES('Column of the Chauffeur','2915','0789644896998','b');
INSERT INTO `genre_book`(`genre`, `entryid`) VALUES ('Thriller','2915');
INSERT INTO `author`(`name`,`birthyear`,`deathyear`) VALUES('Eunice Masri','1921','1944');
INSERT INTO `author_book`(`author`, `entryid`) VALUES ('Eunice Masri','2915');
INSERT INTO `publisher_book`(`publisher`, `entryid`) VALUES ('Hengel Inc.','2915');
INSERT INTO `entry`(`entryid`,`type`) VALUES('2916','b');
INSERT INTO `book`(`title`,`entryid`,`isbn`,`type`) VALUES('Accelerator and avowable Grey','2916','0940883068816','b');
INSERT INTO `genre_book`(`genre`, `entryid`) VALUES ('Science','2916');
INSERT INTO `author_book`(`author`, `entryid`) VALUES ('Ilene Hennig','2916');
INSERT INTO `publisher_book`(`publisher`, `entryid`) VALUES ('Filyan Inc.','2916');
INSERT INTO `entry`(`entryid`,`type`) VALUES('2917','b');
INSERT INTO `book`(`title`,`entryid`,`isbn`,`type`) VALUES('T-shirt to the scholiastic Gym','2917','9861978761219','e');
INSERT INTO `genre_book`(`genre`, `entryid`) VALUES ('Adventure','2917');
INSERT INTO `author_book`(`author`, `entryid`) VALUES ('Randell Wentworth','2917');
INSERT INTO `publisher_book`(`publisher`, `entryid`) VALUES ('Mastera Cooperations.','2917');
INSERT INTO `entry`(`entryid`,`type`) VALUES('2918','b');
INSERT INTO `book`(`title`,`entryid`,`isbn`,`type`) VALUES('Broker in the Viscose','2918','0424490306382','e');
INSERT INTO `genre_book`(`genre`, `entryid`) VALUES ('Horror','2918');
INSERT INTO `author_book`(`author`, `entryid`) VALUES ('Johana Maag','2918');
INSERT INTO `publisher_book`(`publisher`, `entryid`) VALUES ('Callam Inc.','2918');
INSERT INTO `entry`(`entryid`,`type`) VALUES('2919','b');
INSERT INTO `book`(`title`,`entryid`,`isbn`,`type`) VALUES('Jeff against the Mustard','2919','9000310538976','j');
INSERT INTO `genre_book`(`genre`, `entryid`) VALUES ('Horror','2919');
INSERT INTO `author_book`(`author`, `entryid`) VALUES ('Dennis Harryman','2919');
INSERT INTO `publisher_book`(`publisher`, `entryid`) VALUES ('Scotty Inc.','2919');
INSERT INTO `entry`(`entryid`,`type`) VALUES('2920','b');
INSERT INTO `book`(`title`,`entryid`,`isbn`,`type`) VALUES('Pocket for Comb','2920','0979613125114','b');
INSERT INTO `genre_book`(`genre`, `entryid`) VALUES ('Horror','2920');
INSERT INTO `author`(`name`,`birthyear`,`deathyear`) VALUES('Vanesa Rauh','1961','1995');
INSERT INTO `author_book`(`author`, `entryid`) VALUES ('Vanesa Rauh','2920');
INSERT INTO `publisher_book`(`publisher`, `entryid`) VALUES ('Hendershott Publishers.','2920');
INSERT INTO `entry`(`entryid`,`type`) VALUES('2921','b');
INSERT INTO `book`(`title`,`entryid`,`isbn`,`type`) VALUES('Weeder because of Train','2921','0366377206961','j');
INSERT INTO `genre_book`(`genre`, `entryid`) VALUES ('Thriller','2921');
INSERT INTO `author_book`(`author`, `entryid`) VALUES ('Jerrell Nicoll','2921');
INSERT INTO `publisher_book`(`publisher`, `entryid`) VALUES ('Holland Publishers.','2921');
INSERT INTO `entry`(`entryid`,`type`) VALUES('2922','b');
INSERT INTO `book`(`title`,`entryid`,`isbn`,`type`) VALUES('Advertisement against the Barbara','2922','0608791982834','j');
INSERT INTO `genre_book`(`genre`, `entryid`) VALUES ('Science','2922');
INSERT INTO `author_book`(`author`, `entryid`) VALUES ('Joe Zuziak','2922');
INSERT INTO `publisher_book`(`publisher`, `entryid`) VALUES ('Holland Publishers.','2922');
INSERT INTO `entry`(`entryid`,`type`) VALUES('2923','b');
INSERT INTO `book`(`title`,`entryid`,`isbn`,`type`) VALUES('Department for the Pump','2923','0275073667142','j');
INSERT INTO `genre_book`(`genre`, `entryid`) VALUES ('Science','2923');
INSERT INTO `author`(`name`,`birthyear`,`deathyear`) VALUES('Gerry Sovich','1918','1942');
INSERT INTO `author_book`(`author`, `entryid`) VALUES ('Gerry Sovich','2923');
INSERT INTO `publisher_book`(`publisher`, `entryid`) VALUES ('Murdaugh Cooperations.','2923');
INSERT INTO `entry`(`entryid`,`type`) VALUES('2924','b');
INSERT INTO `book`(`title`,`entryid`,`isbn`,`type`) VALUES('Factory with Myanmar','2924','0923438980014','b');
INSERT INTO `genre_book`(`genre`, `entryid`) VALUES ('Romance','2924');
INSERT INTO `author_book`(`author`, `entryid`) VALUES ('Linsey Higgens','2924');
INSERT INTO `publisher_book`(`publisher`, `entryid`) VALUES ('Wood Inc.','2924');
INSERT INTO `entry`(`entryid`,`type`) VALUES('2925','b');
INSERT INTO `book`(`title`,`entryid`,`isbn`,`type`) VALUES('Detail to the Flax','2925','9135028501678','e');
INSERT INTO `genre_book`(`genre`, `entryid`) VALUES ('Education','2925');
INSERT INTO `author_book`(`author`, `entryid`) VALUES ('Shavonne Boundy','2925');
INSERT INTO `publisher_book`(`publisher`, `entryid`) VALUES ('Miccio Cooperations.','2925');
INSERT INTO `entry`(`entryid`,`type`) VALUES('2926','b');
INSERT INTO `book`(`title`,`entryid`,`isbn`,`type`) VALUES('Operation with the Appeal','2926','9766285843595','b');
INSERT INTO `genre_book`(`genre`, `entryid`) VALUES ('Science','2926');
INSERT INTO `author_book`(`author`, `entryid`) VALUES ('Josefa Deal','2926');
INSERT INTO `publisher_book`(`publisher`, `entryid`) VALUES ('Hendershott Publishers.','2926');
INSERT INTO `entry`(`entryid`,`type`) VALUES('2927','b');
INSERT INTO `book`(`title`,`entryid`,`isbn`,`type`) VALUES('Veil in the Book','2927','9065406571256','j');
INSERT INTO `genre_book`(`genre`, `entryid`) VALUES ('Education','2927');
INSERT INTO `author_book`(`author`, `entryid`) VALUES ('Lindsay Cottrill','2927');
INSERT INTO `publisher_book`(`publisher`, `entryid`) VALUES ('Kindlimann Inc.','2927');
INSERT INTO `entry`(`entryid`,`type`) VALUES('2928','b');
INSERT INTO `book`(`title`,`entryid`,`isbn`,`type`) VALUES('Need to the Poultry','2928','9756650035262','b');
INSERT INTO `genre_book`(`genre`, `entryid`) VALUES ('Education','2928');
INSERT INTO `author_book`(`author`, `entryid`) VALUES ('Elana Hittman','2928');
INSERT INTO `publisher`(`name`) VALUES ('Konger Publishers.');
INSERT INTO `publisher_book`(`publisher`, `entryid`) VALUES ('Konger Publishers.','2928');
INSERT INTO `entry`(`entryid`,`type`) VALUES('2929','b');
INSERT INTO `book`(`title`,`entryid`,`isbn`,`type`) VALUES('Hardcover vs. Postage','2929','0246333337603','b');
INSERT INTO `genre_book`(`genre`, `entryid`) VALUES ('Thriller','2929');
INSERT INTO `author`(`name`,`birthyear`,`deathyear`) VALUES('Bonita Bunkers','1886','1972');
INSERT INTO `author_book`(`author`, `entryid`) VALUES ('Bonita Bunkers','2929');
INSERT INTO `publisher_book`(`publisher`, `entryid`) VALUES ('Vote Publishers.','2929');
INSERT INTO `entry`(`entryid`,`type`) VALUES('2930','b');
INSERT INTO `book`(`title`,`entryid`,`isbn`,`type`) VALUES('Cauliflower with greasy Temper','2930','9397701414474','e');
INSERT INTO `genre_book`(`genre`, `entryid`) VALUES ('Education','2930');
INSERT INTO `author`(`name`,`birthyear`,`deathyear`) VALUES('Shavonda Pinet','1880','1915');
INSERT INTO `author_book`(`author`, `entryid`) VALUES ('Shavonda Pinet','2930');
INSERT INTO `publisher_book`(`publisher`, `entryid`) VALUES ('Trish Inc.','2930');
INSERT INTO `entry`(`entryid`,`type`) VALUES('2931','b');
INSERT INTO `book`(`title`,`entryid`,`isbn`,`type`) VALUES('Factory in the Rugby','2931','0203248901393','j');
INSERT INTO `genre_book`(`genre`, `entryid`) VALUES ('Adventure','2931');
INSERT INTO `author_book`(`author`, `entryid`) VALUES ('Tawny Dunavant','2931');
INSERT INTO `publisher_book`(`publisher`, `entryid`) VALUES ('Lanphere Cooperations.','2931');
INSERT INTO `entry`(`entryid`,`type`) VALUES('2932','b');
INSERT INTO `book`(`title`,`entryid`,`isbn`,`type`) VALUES('Love of Night','2932','0286165288516','j');
INSERT INTO `genre_book`(`genre`, `entryid`) VALUES ('Science','2932');
INSERT INTO `author_book`(`author`, `entryid`) VALUES ('Delsie Pisano','2932');
INSERT INTO `publisher_book`(`publisher`, `entryid`) VALUES ('Casaceli Inc.','2932');
INSERT INTO `entry`(`entryid`,`type`) VALUES('2933','b');
INSERT INTO `book`(`title`,`entryid`,`isbn`,`type`) VALUES('Maple by heterogonous Stepmother','2933','9857026919186','b');
INSERT INTO `genre_book`(`genre`, `entryid`) VALUES ('Thriller','2933');
INSERT INTO `author`(`name`,`birthyear`,`deathyear`) VALUES('Hildegarde Telesco','1935','1967');
INSERT INTO `author_book`(`author`, `entryid`) VALUES ('Hildegarde Telesco','2933');
INSERT INTO `publisher_book`(`publisher`, `entryid`) VALUES ('Wendorff Inc.','2933');
INSERT INTO `entry`(`entryid`,`type`) VALUES('2934','b');
INSERT INTO `book`(`title`,`entryid`,`isbn`,`type`) VALUES('Asterisk with the lubricous Kale','2934','0764453887583','b');
INSERT INTO `genre_book`(`genre`, `entryid`) VALUES ('Horror','2934');
INSERT INTO `author`(`name`,`birthyear`,`deathyear`) VALUES('Alyson Gauer','1977','2034');
INSERT INTO `author_book`(`author`, `entryid`) VALUES ('Alyson Gauer','2934');
INSERT INTO `publisher_book`(`publisher`, `entryid`) VALUES ('Kasa Publishers.','2934');
INSERT INTO `entry`(`entryid`,`type`) VALUES('2935','b');
INSERT INTO `book`(`title`,`entryid`,`isbn`,`type`) VALUES('Layer by the strangled Burma','2935','9086983676740','e');
INSERT INTO `genre_book`(`genre`, `entryid`) VALUES ('Adventure','2935');
INSERT INTO `author`(`name`,`birthyear`,`deathyear`) VALUES('Sheena Auker','1915','2011');
INSERT INTO `author_book`(`author`, `entryid`) VALUES ('Sheena Auker','2935');
INSERT INTO `publisher_book`(`publisher`, `entryid`) VALUES ('Duhon Publishers.','2935');
INSERT INTO `entry`(`entryid`,`type`) VALUES('2936','b');
INSERT INTO `book`(`title`,`entryid`,`isbn`,`type`) VALUES('Lier vs. Snowboarding','2936','0576537184127','e');
INSERT INTO `genre_book`(`genre`, `entryid`) VALUES ('Science','2936');
INSERT INTO `author`(`name`,`birthyear`,`deathyear`) VALUES('Larry Rius','1906','1951');
INSERT INTO `author_book`(`author`, `entryid`) VALUES ('Larry Rius','2936');
INSERT INTO `publisher_book`(`publisher`, `entryid`) VALUES ('Allocca Cooperations.','2936');
INSERT INTO `entry`(`entryid`,`type`) VALUES('2937','b');
INSERT INTO `book`(`title`,`entryid`,`isbn`,`type`) VALUES('Adjustment with orphan Football','2937','9069750065675','j');
INSERT INTO `genre_book`(`genre`, `entryid`) VALUES ('Horror','2937');
INSERT INTO `author_book`(`author`, `entryid`) VALUES ('Kayleigh Haagensen','2937');
INSERT INTO `publisher_book`(`publisher`, `entryid`) VALUES ('Pudenz Inc.','2937');
INSERT INTO `entry`(`entryid`,`type`) VALUES('2938','b');
INSERT INTO `book`(`title`,`entryid`,`isbn`,`type`) VALUES('Honey of the rhodic Star','2938','0192748976033','b');
INSERT INTO `genre_book`(`genre`, `entryid`) VALUES ('Adventure','2938');
INSERT INTO `author`(`name`,`birthyear`,`deathyear`) VALUES('Kandy Hinds','1971','2033');
INSERT INTO `author_book`(`author`, `entryid`) VALUES ('Kandy Hinds','2938');
INSERT INTO `publisher_book`(`publisher`, `entryid`) VALUES ('Difalco Cooperations.','2938');
INSERT INTO `entry`(`entryid`,`type`) VALUES('2939','b');
INSERT INTO `book`(`title`,`entryid`,`isbn`,`type`) VALUES('Park of Clerk','2939','0087142875861','j');
INSERT INTO `genre_book`(`genre`, `entryid`) VALUES ('Sci-Fi','2939');
INSERT INTO `author_book`(`author`, `entryid`) VALUES ('Denese Ingwersen','2939');
INSERT INTO `publisher_book`(`publisher`, `entryid`) VALUES ('Koterba Publishers.','2939');
INSERT INTO `entry`(`entryid`,`type`) VALUES('2940','b');
INSERT INTO `book`(`title`,`entryid`,`isbn`,`type`) VALUES('Whorl against Owner','2940','9558838094662','b');
INSERT INTO `genre_book`(`genre`, `entryid`) VALUES ('Education','2940');
INSERT INTO `author`(`name`,`birthyear`,`deathyear`) VALUES('Cary Burkhalter','1964','2019');
INSERT INTO `author_book`(`author`, `entryid`) VALUES ('Cary Burkhalter','2940');
INSERT INTO `publisher_book`(`publisher`, `entryid`) VALUES ('Guillotte Inc.','2940');
INSERT INTO `entry`(`entryid`,`type`) VALUES('2941','b');
INSERT INTO `book`(`title`,`entryid`,`isbn`,`type`) VALUES('Paperback by Stranger','2941','0122084909535','e');
INSERT INTO `genre_book`(`genre`, `entryid`) VALUES ('Thriller','2941');
INSERT INTO `author`(`name`,`birthyear`,`deathyear`) VALUES('Lilia Zin','1884','1915');
INSERT INTO `author_book`(`author`, `entryid`) VALUES ('Lilia Zin','2941');
INSERT INTO `publisher_book`(`publisher`, `entryid`) VALUES ('Rudolph Cooperations.','2941');
INSERT INTO `entry`(`entryid`,`type`) VALUES('2942','b');
INSERT INTO `book`(`title`,`entryid`,`isbn`,`type`) VALUES('Luttuce vs. collect Postbox','2942','9632091087189','b');
INSERT INTO `genre_book`(`genre`, `entryid`) VALUES ('Sci-Fi','2942');
INSERT INTO `author_book`(`author`, `entryid`) VALUES ('Dena Schweiss','2942');
INSERT INTO `publisher_book`(`publisher`, `entryid`) VALUES ('Opteyndt Inc.','2942');
INSERT INTO `entry`(`entryid`,`type`) VALUES('2943','b');
INSERT INTO `book`(`title`,`entryid`,`isbn`,`type`) VALUES('Snowflake by the ebullient Tea','2943','9286514210796','b');
INSERT INTO `genre_book`(`genre`, `entryid`) VALUES ('Education','2943');
INSERT INTO `author`(`name`,`birthyear`,`deathyear`) VALUES('Marsha Katten','1913','1954');
INSERT INTO `author_book`(`author`, `entryid`) VALUES ('Marsha Katten','2943');
INSERT INTO `publisher_book`(`publisher`, `entryid`) VALUES ('Shamily Inc.','2943');
INSERT INTO `entry`(`entryid`,`type`) VALUES('2944','b');
INSERT INTO `book`(`title`,`entryid`,`isbn`,`type`) VALUES('Quail and conceptualistic Value','2944','0475836764505','j');
INSERT INTO `genre_book`(`genre`, `entryid`) VALUES ('Horror','2944');
INSERT INTO `author`(`name`,`birthyear`,`deathyear`) VALUES('Marylyn Smelko','1891','1978');
INSERT INTO `author_book`(`author`, `entryid`) VALUES ('Marylyn Smelko','2944');
INSERT INTO `publisher_book`(`publisher`, `entryid`) VALUES ('Hollner Publishers.','2944');
INSERT INTO `entry`(`entryid`,`type`) VALUES('2945','b');
INSERT INTO `book`(`title`,`entryid`,`isbn`,`type`) VALUES('Duckling in the fugal Fiberglass','2945','0425795871447','e');
INSERT INTO `genre_book`(`genre`, `entryid`) VALUES ('Adventure','2945');
INSERT INTO `author`(`name`,`birthyear`,`deathyear`) VALUES('Ricky Bundette','1905','1940');
INSERT INTO `author_book`(`author`, `entryid`) VALUES ('Ricky Bundette','2945');
INSERT INTO `publisher_book`(`publisher`, `entryid`) VALUES ('Ebrahimi Cooperations.','2945');
INSERT INTO `entry`(`entryid`,`type`) VALUES('2946','b');
INSERT INTO `book`(`title`,`entryid`,`isbn`,`type`) VALUES('Piano of spouted Death','2946','0283125129540','b');
INSERT INTO `genre_book`(`genre`, `entryid`) VALUES ('Horror','2946');
INSERT INTO `author_book`(`author`, `entryid`) VALUES ('Cassie Dicampli','2946');
INSERT INTO `publisher_book`(`publisher`, `entryid`) VALUES ('Albini Cooperations.','2946');
INSERT INTO `entry`(`entryid`,`type`) VALUES('2947','b');
INSERT INTO `book`(`title`,`entryid`,`isbn`,`type`) VALUES('Angora because of Beech','2947','0975358455301','b');
INSERT INTO `genre_book`(`genre`, `entryid`) VALUES ('Sci-Fi','2947');
INSERT INTO `author_book`(`author`, `entryid`) VALUES ('Broderick Leduke','2947');
INSERT INTO `publisher_book`(`publisher`, `entryid`) VALUES ('Wehbe Cooperations.','2947');
INSERT INTO `entry`(`entryid`,`type`) VALUES('2948','b');
INSERT INTO `book`(`title`,`entryid`,`isbn`,`type`) VALUES('Tire for sebiferous Hall','2948','0218039618457','j');
INSERT INTO `genre_book`(`genre`, `entryid`) VALUES ('Sci-Fi','2948');
INSERT INTO `author`(`name`,`birthyear`,`deathyear`) VALUES('Isabel Mcdeavitt','1897','1985');
INSERT INTO `author_book`(`author`, `entryid`) VALUES ('Isabel Mcdeavitt','2948');
INSERT INTO `publisher_book`(`publisher`, `entryid`) VALUES ('Marcelino Inc.','2948');
INSERT INTO `entry`(`entryid`,`type`) VALUES('2949','b');
INSERT INTO `book`(`title`,`entryid`,`isbn`,`type`) VALUES('Marble of the lovesome Liquor','2949','0501274252675','b');
INSERT INTO `genre_book`(`genre`, `entryid`) VALUES ('Science','2949');
INSERT INTO `author_book`(`author`, `entryid`) VALUES ('Murray Gaiters','2949');
INSERT INTO `publisher_book`(`publisher`, `entryid`) VALUES ('Graffney Inc.','2949');
INSERT INTO `entry`(`entryid`,`type`) VALUES('2950','b');
INSERT INTO `book`(`title`,`entryid`,`isbn`,`type`) VALUES('Circle for the Spoon','2950','0891664582493','b');
INSERT INTO `genre_book`(`genre`, `entryid`) VALUES ('Science','2950');
INSERT INTO `author_book`(`author`, `entryid`) VALUES ('Danny Gilhooly','2950');
INSERT INTO `publisher_book`(`publisher`, `entryid`) VALUES ('Viejo Publishers.','2950');
INSERT INTO `entry`(`entryid`,`type`) VALUES('2951','b');
INSERT INTO `book`(`title`,`entryid`,`isbn`,`type`) VALUES('Touch for phlogistic Switch','2951','0146387503372','e');
INSERT INTO `genre_book`(`genre`, `entryid`) VALUES ('Adventure','2951');
INSERT INTO `author_book`(`author`, `entryid`) VALUES ('Merry Krolikowski','2951');
INSERT INTO `publisher_book`(`publisher`, `entryid`) VALUES ('Duchesney Publishers.','2951');
INSERT INTO `entry`(`entryid`,`type`) VALUES('2952','b');
INSERT INTO `book`(`title`,`entryid`,`isbn`,`type`) VALUES('Comma by the Lake','2952','9751430816366','b');
INSERT INTO `genre_book`(`genre`, `entryid`) VALUES ('Science','2952');
INSERT INTO `author_book`(`author`, `entryid`) VALUES ('Hector Cawon','2952');
INSERT INTO `publisher_book`(`publisher`, `entryid`) VALUES ('Davalos Inc.','2952');
INSERT INTO `entry`(`entryid`,`type`) VALUES('2953','b');
INSERT INTO `book`(`title`,`entryid`,`isbn`,`type`) VALUES('Goldfish for the Rabbi','2953','9886535458501','b');
INSERT INTO `genre_book`(`genre`, `entryid`) VALUES ('Romance','2953');
INSERT INTO `author_book`(`author`, `entryid`) VALUES ('Arnulfo Michand','2953');
INSERT INTO `publisher_book`(`publisher`, `entryid`) VALUES ('Davalos Inc.','2953');
INSERT INTO `entry`(`entryid`,`type`) VALUES('2954','b');
INSERT INTO `book`(`title`,`entryid`,`isbn`,`type`) VALUES('Division in the Laura','2954','0810393749079','j');
INSERT INTO `genre_book`(`genre`, `entryid`) VALUES ('Sci-Fi','2954');
INSERT INTO `author`(`name`,`birthyear`,`deathyear`) VALUES('Burton Defina','1926','2017');
INSERT INTO `author_book`(`author`, `entryid`) VALUES ('Burton Defina','2954');
INSERT INTO `publisher_book`(`publisher`, `entryid`) VALUES ('Gasser Publishers.','2954');
INSERT INTO `entry`(`entryid`,`type`) VALUES('2955','b');
INSERT INTO `book`(`title`,`entryid`,`isbn`,`type`) VALUES('Chinese to Word','2955','9901558624154','b');
INSERT INTO `genre_book`(`genre`, `entryid`) VALUES ('Sci-Fi','2955');
INSERT INTO `author`(`name`,`birthyear`,`deathyear`) VALUES('Pearlene Wiechert','1926','2015');
INSERT INTO `author_book`(`author`, `entryid`) VALUES ('Pearlene Wiechert','2955');
INSERT INTO `publisher_book`(`publisher`, `entryid`) VALUES ('Cervone Cooperations.','2955');
INSERT INTO `entry`(`entryid`,`type`) VALUES('2956','b');
INSERT INTO `book`(`title`,`entryid`,`isbn`,`type`) VALUES('Wing of the Join','2956','9107452825714','e');
INSERT INTO `genre_book`(`genre`, `entryid`) VALUES ('Thriller','2956');
INSERT INTO `author_book`(`author`, `entryid`) VALUES ('Wilbert Tear','2956');
INSERT INTO `publisher_book`(`publisher`, `entryid`) VALUES ('Inlow Inc.','2956');
INSERT INTO `entry`(`entryid`,`type`) VALUES('2957','b');
INSERT INTO `book`(`title`,`entryid`,`isbn`,`type`) VALUES('Driving for the Bugle','2957','9467499007944','j');
INSERT INTO `genre_book`(`genre`, `entryid`) VALUES ('Thriller','2957');
INSERT INTO `author_book`(`author`, `entryid`) VALUES ('Alena Nichter','2957');
INSERT INTO `publisher`(`name`) VALUES ('Celli Cooperations.');
INSERT INTO `publisher_book`(`publisher`, `entryid`) VALUES ('Celli Cooperations.','2957');
INSERT INTO `entry`(`entryid`,`type`) VALUES('2958','b');
INSERT INTO `book`(`title`,`entryid`,`isbn`,`type`) VALUES('Kitty in absorbed Otter','2958','0224124198516','j');
INSERT INTO `genre_book`(`genre`, `entryid`) VALUES ('Horror','2958');
INSERT INTO `author`(`name`,`birthyear`,`deathyear`) VALUES('Armand Traina','1967','2011');
INSERT INTO `author_book`(`author`, `entryid`) VALUES ('Armand Traina','2958');
INSERT INTO `publisher_book`(`publisher`, `entryid`) VALUES ('Aleman Inc.','2958');
INSERT INTO `entry`(`entryid`,`type`) VALUES('2959','b');
INSERT INTO `book`(`title`,`entryid`,`isbn`,`type`) VALUES('Level against the Nepal','2959','9074413077138','e');
INSERT INTO `genre_book`(`genre`, `entryid`) VALUES ('Sci-Fi','2959');
INSERT INTO `author`(`name`,`birthyear`,`deathyear`) VALUES('Eryn Galizia','1953','1999');
INSERT INTO `author_book`(`author`, `entryid`) VALUES ('Eryn Galizia','2959');
INSERT INTO `publisher_book`(`publisher`, `entryid`) VALUES ('Neuman Cooperations.','2959');
INSERT INTO `entry`(`entryid`,`type`) VALUES('2960','b');
INSERT INTO `book`(`title`,`entryid`,`isbn`,`type`) VALUES('Cardigan by the balsamy Rainstorm','2960','9031671242903','j');
INSERT INTO `genre_book`(`genre`, `entryid`) VALUES ('Adventure','2960');
INSERT INTO `author`(`name`,`birthyear`,`deathyear`) VALUES('Corrina Huffstutter','1903','1983');
INSERT INTO `author_book`(`author`, `entryid`) VALUES ('Corrina Huffstutter','2960');
INSERT INTO `publisher_book`(`publisher`, `entryid`) VALUES ('Amtower Inc.','2960');
INSERT INTO `entry`(`entryid`,`type`) VALUES('2961','b');
INSERT INTO `book`(`title`,`entryid`,`isbn`,`type`) VALUES('Loan to unwithholding Tornado','2961','0758269842698','b');
INSERT INTO `genre_book`(`genre`, `entryid`) VALUES ('Sci-Fi','2961');
INSERT INTO `author`(`name`,`birthyear`,`deathyear`) VALUES('Kayce Reeder','1950','2020');
INSERT INTO `author_book`(`author`, `entryid`) VALUES ('Kayce Reeder','2961');
INSERT INTO `publisher_book`(`publisher`, `entryid`) VALUES ('Hodgeman Inc.','2961');
INSERT INTO `entry`(`entryid`,`type`) VALUES('2962','b');
INSERT INTO `book`(`title`,`entryid`,`isbn`,`type`) VALUES('Offence because of bur-reed Committee','2962','9684792687628','e');
INSERT INTO `genre_book`(`genre`, `entryid`) VALUES ('Horror','2962');
INSERT INTO `author`(`name`,`birthyear`,`deathyear`) VALUES('Kendall Folks','1905','1997');
INSERT INTO `author_book`(`author`, `entryid`) VALUES ('Kendall Folks','2962');
INSERT INTO `publisher_book`(`publisher`, `entryid`) VALUES ('Meja Cooperations.','2962');
INSERT INTO `entry`(`entryid`,`type`) VALUES('2963','b');
INSERT INTO `book`(`title`,`entryid`,`isbn`,`type`) VALUES('Uncle for the uncommunicative Dryer','2963','0435834408347','e');
INSERT INTO `genre_book`(`genre`, `entryid`) VALUES ('Adventure','2963');
INSERT INTO `author`(`name`,`birthyear`,`deathyear`) VALUES('Karren Macera','1943','2021');
INSERT INTO `author_book`(`author`, `entryid`) VALUES ('Karren Macera','2963');
INSERT INTO `publisher`(`name`) VALUES ('Casimir Cooperations.');
INSERT INTO `publisher_book`(`publisher`, `entryid`) VALUES ('Casimir Cooperations.','2963');
INSERT INTO `entry`(`entryid`,`type`) VALUES('2964','b');
INSERT INTO `book`(`title`,`entryid`,`isbn`,`type`) VALUES('Ronald and the unstinting Graphic','2964','9559349867434','j');
INSERT INTO `genre_book`(`genre`, `entryid`) VALUES ('Sci-Fi','2964');
INSERT INTO `author_book`(`author`, `entryid`) VALUES ('Adelle Beyda','2964');
INSERT INTO `publisher_book`(`publisher`, `entryid`) VALUES ('Jestes Inc.','2964');
INSERT INTO `entry`(`entryid`,`type`) VALUES('2965','b');
INSERT INTO `book`(`title`,`entryid`,`isbn`,`type`) VALUES('Slash of infiltrative Hubcap','2965','0342548801237','b');
INSERT INTO `genre_book`(`genre`, `entryid`) VALUES ('Science','2965');
INSERT INTO `author_book`(`author`, `entryid`) VALUES ('Linsey Higgens','2965');
INSERT INTO `publisher_book`(`publisher`, `entryid`) VALUES ('Footer Inc.','2965');
INSERT INTO `entry`(`entryid`,`type`) VALUES('2966','b');
INSERT INTO `book`(`title`,`entryid`,`isbn`,`type`) VALUES('Card against the unapprised Actress','2966','9689280409438','e');
INSERT INTO `genre_book`(`genre`, `entryid`) VALUES ('Romance','2966');
INSERT INTO `author_book`(`author`, `entryid`) VALUES ('Tien Henerson','2966');
INSERT INTO `publisher_book`(`publisher`, `entryid`) VALUES ('Nighswander Publishers.','2966');
INSERT INTO `entry`(`entryid`,`type`) VALUES('2967','b');
INSERT INTO `book`(`title`,`entryid`,`isbn`,`type`) VALUES('Meat with domestic Cicada','2967','9182200705445','e');
INSERT INTO `genre_book`(`genre`, `entryid`) VALUES ('Thriller','2967');
INSERT INTO `author_book`(`author`, `entryid`) VALUES ('Lacresha Casillas','2967');
INSERT INTO `publisher`(`name`) VALUES ('Stallman Inc.');
INSERT INTO `publisher_book`(`publisher`, `entryid`) VALUES ('Stallman Inc.','2967');
INSERT INTO `entry`(`entryid`,`type`) VALUES('2968','b');
INSERT INTO `book`(`title`,`entryid`,`isbn`,`type`) VALUES('Elbow with rouged Fork','2968','0121202957453','e');
INSERT INTO `genre_book`(`genre`, `entryid`) VALUES ('Horror','2968');
INSERT INTO `author`(`name`,`birthyear`,`deathyear`) VALUES('Claris Burman','1957','1995');
INSERT INTO `author_book`(`author`, `entryid`) VALUES ('Claris Burman','2968');
INSERT INTO `publisher_book`(`publisher`, `entryid`) VALUES ('Diliberti Inc.','2968');
INSERT INTO `entry`(`entryid`,`type`) VALUES('2969','b');
INSERT INTO `book`(`title`,`entryid`,`isbn`,`type`) VALUES('Level and Cone','2969','9030444162504','e');
INSERT INTO `genre_book`(`genre`, `entryid`) VALUES ('Adventure','2969');
INSERT INTO `author`(`name`,`birthyear`,`deathyear`) VALUES('Imogene Brumm','1903','1973');
INSERT INTO `author_book`(`author`, `entryid`) VALUES ('Imogene Brumm','2969');
INSERT INTO `publisher_book`(`publisher`, `entryid`) VALUES ('Scriuner Publishers.','2969');
INSERT INTO `entry`(`entryid`,`type`) VALUES('2970','b');
INSERT INTO `book`(`title`,`entryid`,`isbn`,`type`) VALUES('Shrimp vs. Keyboarding','2970','9541272013857','e');
INSERT INTO `genre_book`(`genre`, `entryid`) VALUES ('Science','2970');
INSERT INTO `author_book`(`author`, `entryid`) VALUES ('Dalila Wagon','2970');
INSERT INTO `publisher_book`(`publisher`, `entryid`) VALUES ('Czerniak Inc.','2970');
INSERT INTO `entry`(`entryid`,`type`) VALUES('2971','b');
INSERT INTO `book`(`title`,`entryid`,`isbn`,`type`) VALUES('Quiet and the Driver','2971','9768979286888','e');
INSERT INTO `genre_book`(`genre`, `entryid`) VALUES ('Horror','2971');
INSERT INTO `author`(`name`,`birthyear`,`deathyear`) VALUES('Jacalyn Droz','1938','1970');
INSERT INTO `author_book`(`author`, `entryid`) VALUES ('Jacalyn Droz','2971');
INSERT INTO `publisher_book`(`publisher`, `entryid`) VALUES ('Trickel Inc.','2971');
INSERT INTO `entry`(`entryid`,`type`) VALUES('2972','b');
INSERT INTO `book`(`title`,`entryid`,`isbn`,`type`) VALUES('Joke with the Lunchroom','2972','9128694055109','e');
INSERT INTO `genre_book`(`genre`, `entryid`) VALUES ('Education','2972');
INSERT INTO `author`(`name`,`birthyear`,`deathyear`) VALUES('Janina Giczewski','1947','1969');
INSERT INTO `author_book`(`author`, `entryid`) VALUES ('Janina Giczewski','2972');
INSERT INTO `publisher_book`(`publisher`, `entryid`) VALUES ('Cervone Cooperations.','2972');
INSERT INTO `entry`(`entryid`,`type`) VALUES('2973','b');
INSERT INTO `book`(`title`,`entryid`,`isbn`,`type`) VALUES('Kohlrabi against the Athlete','2973','9956259527371','b');
INSERT INTO `genre_book`(`genre`, `entryid`) VALUES ('Romance','2973');
INSERT INTO `author_book`(`author`, `entryid`) VALUES ('Dalila Wagon','2973');
INSERT INTO `publisher_book`(`publisher`, `entryid`) VALUES ('Hauley Publishers.','2973');
INSERT INTO `entry`(`entryid`,`type`) VALUES('2974','b');
INSERT INTO `book`(`title`,`entryid`,`isbn`,`type`) VALUES('Latex for the toreutic Tree','2974','9757534063584','b');
INSERT INTO `genre_book`(`genre`, `entryid`) VALUES ('Education','2974');
INSERT INTO `author_book`(`author`, `entryid`) VALUES ('Cathrine Drutman','2974');
INSERT INTO `publisher_book`(`publisher`, `entryid`) VALUES ('Katzaman Cooperations.','2974');
INSERT INTO `entry`(`entryid`,`type`) VALUES('2975','b');
INSERT INTO `book`(`title`,`entryid`,`isbn`,`type`) VALUES('Comb to Wall','2975','9948490350726','j');
INSERT INTO `genre_book`(`genre`, `entryid`) VALUES ('Sci-Fi','2975');
INSERT INTO `author_book`(`author`, `entryid`) VALUES ('Susie Daoust','2975');
INSERT INTO `publisher_book`(`publisher`, `entryid`) VALUES ('Ockman Inc.','2975');
INSERT INTO `entry`(`entryid`,`type`) VALUES('2976','b');
INSERT INTO `book`(`title`,`entryid`,`isbn`,`type`) VALUES('Algebra in Donna','2976','9953848180558','j');
INSERT INTO `genre_book`(`genre`, `entryid`) VALUES ('Romance','2976');
INSERT INTO `author_book`(`author`, `entryid`) VALUES ('Nellie Fredeen','2976');
INSERT INTO `publisher_book`(`publisher`, `entryid`) VALUES ('Rickels Cooperations.','2976');
INSERT INTO `entry`(`entryid`,`type`) VALUES('2977','b');
INSERT INTO `book`(`title`,`entryid`,`isbn`,`type`) VALUES('Almanac to consignable Basin','2977','0274959848654','e');
INSERT INTO `genre_book`(`genre`, `entryid`) VALUES ('Education','2977');
INSERT INTO `author_book`(`author`, `entryid`) VALUES ('Rolando Schied','2977');
INSERT INTO `publisher_book`(`publisher`, `entryid`) VALUES ('Warnock Cooperations.','2977');
INSERT INTO `entry`(`entryid`,`type`) VALUES('2978','b');
INSERT INTO `book`(`title`,`entryid`,`isbn`,`type`) VALUES('Law to monarchical Internet','2978','9279614598173','b');
INSERT INTO `genre_book`(`genre`, `entryid`) VALUES ('Thriller','2978');
INSERT INTO `author`(`name`,`birthyear`,`deathyear`) VALUES('Nubia Stagers','1881','1955');
INSERT INTO `author_book`(`author`, `entryid`) VALUES ('Nubia Stagers','2978');
INSERT INTO `publisher_book`(`publisher`, `entryid`) VALUES ('Mizee Inc.','2978');
INSERT INTO `entry`(`entryid`,`type`) VALUES('2979','b');
INSERT INTO `book`(`title`,`entryid`,`isbn`,`type`) VALUES('Anteater with confluent Piano','2979','0041246518489','e');
INSERT INTO `genre_book`(`genre`, `entryid`) VALUES ('Sci-Fi','2979');
INSERT INTO `author`(`name`,`birthyear`,`deathyear`) VALUES('Sean Catrone','1897','1960');
INSERT INTO `author_book`(`author`, `entryid`) VALUES ('Sean Catrone','2979');
INSERT INTO `publisher_book`(`publisher`, `entryid`) VALUES ('Haith Inc.','2979');
INSERT INTO `entry`(`entryid`,`type`) VALUES('2980','b');
INSERT INTO `book`(`title`,`entryid`,`isbn`,`type`) VALUES('Vase by the Trigonometry','2980','0478863466733','b');
INSERT INTO `genre_book`(`genre`, `entryid`) VALUES ('Education','2980');
INSERT INTO `author`(`name`,`birthyear`,`deathyear`) VALUES('Tona Gollwitzer','1887','1909');
INSERT INTO `author_book`(`author`, `entryid`) VALUES ('Tona Gollwitzer','2980');
INSERT INTO `publisher_book`(`publisher`, `entryid`) VALUES ('Siver Publishers.','2980');
INSERT INTO `entry`(`entryid`,`type`) VALUES('2981','b');
INSERT INTO `book`(`title`,`entryid`,`isbn`,`type`) VALUES('Specialist for the whiny Baboon','2981','0395138699882','b');
INSERT INTO `genre_book`(`genre`, `entryid`) VALUES ('Horror','2981');
INSERT INTO `author_book`(`author`, `entryid`) VALUES ('Kara Europe','2981');
INSERT INTO `publisher_book`(`publisher`, `entryid`) VALUES ('Harders Cooperations.','2981');
INSERT INTO `entry`(`entryid`,`type`) VALUES('2982','b');
INSERT INTO `book`(`title`,`entryid`,`isbn`,`type`) VALUES('Mexican and purposive Draw','2982','9830618775552','b');
INSERT INTO `genre_book`(`genre`, `entryid`) VALUES ('Sci-Fi','2982');
INSERT INTO `author`(`name`,`birthyear`,`deathyear`) VALUES('Augustina Grosser','1935','1964');
INSERT INTO `author_book`(`author`, `entryid`) VALUES ('Augustina Grosser','2982');
INSERT INTO `publisher_book`(`publisher`, `entryid`) VALUES ('Grabo Cooperations.','2982');
INSERT INTO `entry`(`entryid`,`type`) VALUES('2983','b');
INSERT INTO `book`(`title`,`entryid`,`isbn`,`type`) VALUES('Risk with Kayak','2983','9968791827270','j');
INSERT INTO `genre_book`(`genre`, `entryid`) VALUES ('Education','2983');
INSERT INTO `author`(`name`,`birthyear`,`deathyear`) VALUES('Kiara Hamon','1938','2032');
INSERT INTO `author_book`(`author`, `entryid`) VALUES ('Kiara Hamon','2983');
INSERT INTO `publisher_book`(`publisher`, `entryid`) VALUES ('Tutoky Cooperations.','2983');
INSERT INTO `entry`(`entryid`,`type`) VALUES('2984','b');
INSERT INTO `book`(`title`,`entryid`,`isbn`,`type`) VALUES('Diamond against unpersuadable Afternoon','2984','9468075650990','e');
INSERT INTO `genre_book`(`genre`, `entryid`) VALUES ('Horror','2984');
INSERT INTO `author`(`name`,`birthyear`,`deathyear`) VALUES('Sonia Finklea','1968','2006');
INSERT INTO `author_book`(`author`, `entryid`) VALUES ('Sonia Finklea','2984');
INSERT INTO `publisher`(`name`) VALUES ('Nelke Publishers.');
INSERT INTO `publisher_book`(`publisher`, `entryid`) VALUES ('Nelke Publishers.','2984');
INSERT INTO `entry`(`entryid`,`type`) VALUES('2985','b');
INSERT INTO `book`(`title`,`entryid`,`isbn`,`type`) VALUES('Trail in unawed Taiwan','2985','0709262116698','j');
INSERT INTO `genre_book`(`genre`, `entryid`) VALUES ('Horror','2985');
INSERT INTO `author_book`(`author`, `entryid`) VALUES ('Timothy Rasmus','2985');
INSERT INTO `publisher_book`(`publisher`, `entryid`) VALUES ('Cundy Inc.','2985');
INSERT INTO `entry`(`entryid`,`type`) VALUES('2986','b');
INSERT INTO `book`(`title`,`entryid`,`isbn`,`type`) VALUES('Cucumber against deductible Appendix','2986','0213339273262','b');
INSERT INTO `genre_book`(`genre`, `entryid`) VALUES ('Science','2986');
INSERT INTO `author_book`(`author`, `entryid`) VALUES ('Joane Ebersole','2986');
INSERT INTO `publisher_book`(`publisher`, `entryid`) VALUES ('Ellett Publishers.','2986');
INSERT INTO `entry`(`entryid`,`type`) VALUES('2987','b');
INSERT INTO `book`(`title`,`entryid`,`isbn`,`type`) VALUES('Book and the Debt','2987','9796128741958','j');
INSERT INTO `genre_book`(`genre`, `entryid`) VALUES ('Thriller','2987');
INSERT INTO `author_book`(`author`, `entryid`) VALUES ('Yuri Mercado','2987');
INSERT INTO `publisher_book`(`publisher`, `entryid`) VALUES ('Samas Publishers.','2987');
INSERT INTO `entry`(`entryid`,`type`) VALUES('2988','b');
INSERT INTO `book`(`title`,`entryid`,`isbn`,`type`) VALUES('Kilogram and the spryest Bladder','2988','9993793367518','b');
INSERT INTO `genre_book`(`genre`, `entryid`) VALUES ('Education','2988');
INSERT INTO `author`(`name`,`birthyear`,`deathyear`) VALUES('Seth Paup','1891','1916');
INSERT INTO `author_book`(`author`, `entryid`) VALUES ('Seth Paup','2988');
INSERT INTO `publisher_book`(`publisher`, `entryid`) VALUES ('Roux Publishers.','2988');
INSERT INTO `entry`(`entryid`,`type`) VALUES('2989','b');
INSERT INTO `book`(`title`,`entryid`,`isbn`,`type`) VALUES('Icicle and Cricket','2989','9937774069107','e');
INSERT INTO `genre_book`(`genre`, `entryid`) VALUES ('Education','2989');
INSERT INTO `author`(`name`,`birthyear`,`deathyear`) VALUES('Keira Digiovanni','1939','1969');
INSERT INTO `author_book`(`author`, `entryid`) VALUES ('Keira Digiovanni','2989');
INSERT INTO `publisher_book`(`publisher`, `entryid`) VALUES ('Lobosco Cooperations.','2989');
INSERT INTO `entry`(`entryid`,`type`) VALUES('2990','b');
INSERT INTO `book`(`title`,`entryid`,`isbn`,`type`) VALUES('Smash in Processing','2990','9703145696064','j');
INSERT INTO `genre_book`(`genre`, `entryid`) VALUES ('Thriller','2990');
INSERT INTO `author_book`(`author`, `entryid`) VALUES ('Min Pennington','2990');
INSERT INTO `publisher_book`(`publisher`, `entryid`) VALUES ('Danowski Publishers.','2990');
INSERT INTO `entry`(`entryid`,`type`) VALUES('2991','b');
INSERT INTO `book`(`title`,`entryid`,`isbn`,`type`) VALUES('Flute for the unrespected Pleasure','2991','9912558515704','j');
INSERT INTO `genre_book`(`genre`, `entryid`) VALUES ('Science','2991');
INSERT INTO `author_book`(`author`, `entryid`) VALUES ('Trena Micheau','2991');
INSERT INTO `publisher_book`(`publisher`, `entryid`) VALUES ('Kaplan Inc.','2991');
INSERT INTO `entry`(`entryid`,`type`) VALUES('2992','b');
INSERT INTO `book`(`title`,`entryid`,`isbn`,`type`) VALUES('Disgust for Play','2992','9078587463879','e');
INSERT INTO `genre_book`(`genre`, `entryid`) VALUES ('Romance','2992');
INSERT INTO `author_book`(`author`, `entryid`) VALUES ('Victorina Shannonhouse','2992');
INSERT INTO `publisher_book`(`publisher`, `entryid`) VALUES ('Yanik Publishers.','2992');
INSERT INTO `entry`(`entryid`,`type`) VALUES('2993','b');
INSERT INTO `book`(`title`,`entryid`,`isbn`,`type`) VALUES('Drink against the fabaceous Committee','2993','9893537152711','j');
INSERT INTO `genre_book`(`genre`, `entryid`) VALUES ('Adventure','2993');
INSERT INTO `author`(`name`,`birthyear`,`deathyear`) VALUES('Everette Ofallon','1887','1980');
INSERT INTO `author_book`(`author`, `entryid`) VALUES ('Everette Ofallon','2993');
INSERT INTO `publisher_book`(`publisher`, `entryid`) VALUES ('Hathcoat Publishers.','2993');
INSERT INTO `entry`(`entryid`,`type`) VALUES('2994','b');
INSERT INTO `book`(`title`,`entryid`,`isbn`,`type`) VALUES('Technician to the Asia','2994','9397001868372','b');
INSERT INTO `genre_book`(`genre`, `entryid`) VALUES ('Romance','2994');
INSERT INTO `author_book`(`author`, `entryid`) VALUES ('Enedina Hamme','2994');
INSERT INTO `publisher_book`(`publisher`, `entryid`) VALUES ('Gerondale Inc.','2994');
INSERT INTO `entry`(`entryid`,`type`) VALUES('2995','b');
INSERT INTO `book`(`title`,`entryid`,`isbn`,`type`) VALUES('Bomb against Mine','2995','9931811140149','e');
INSERT INTO `genre_book`(`genre`, `entryid`) VALUES ('Sci-Fi','2995');
INSERT INTO `author_book`(`author`, `entryid`) VALUES ('Stephany Saffel','2995');
INSERT INTO `publisher_book`(`publisher`, `entryid`) VALUES ('Mastera Cooperations.','2995');
INSERT INTO `entry`(`entryid`,`type`) VALUES('2996','b');
INSERT INTO `book`(`title`,`entryid`,`isbn`,`type`) VALUES('Fur for slier Fold','2996','0690087700433','b');
INSERT INTO `genre_book`(`genre`, `entryid`) VALUES ('Horror','2996');
INSERT INTO `author_book`(`author`, `entryid`) VALUES ('Gene Decarvalho','2996');
INSERT INTO `publisher_book`(`publisher`, `entryid`) VALUES ('Woodward Publishers.','2996');
INSERT INTO `entry`(`entryid`,`type`) VALUES('2997','b');
INSERT INTO `book`(`title`,`entryid`,`isbn`,`type`) VALUES('Fedelini for Bamboo','2997','0850603298461','e');
INSERT INTO `genre_book`(`genre`, `entryid`) VALUES ('Romance','2997');
INSERT INTO `author`(`name`,`birthyear`,`deathyear`) VALUES('Evangelina Mcelreavy','1978','2045');
INSERT INTO `author_book`(`author`, `entryid`) VALUES ('Evangelina Mcelreavy','2997');
INSERT INTO `publisher_book`(`publisher`, `entryid`) VALUES ('Sistek Cooperations.','2997');
INSERT INTO `entry`(`entryid`,`type`) VALUES('2998','b');
INSERT INTO `book`(`title`,`entryid`,`isbn`,`type`) VALUES('Carrot by the Hail','2998','9220276414807','b');
INSERT INTO `genre_book`(`genre`, `entryid`) VALUES ('Education','2998');
INSERT INTO `author`(`name`,`birthyear`,`deathyear`) VALUES('Rolanda Breslin','1972','2061');
INSERT INTO `author_book`(`author`, `entryid`) VALUES ('Rolanda Breslin','2998');
INSERT INTO `publisher_book`(`publisher`, `entryid`) VALUES ('Hurtgen Inc.','2998');
INSERT INTO `entry`(`entryid`,`type`) VALUES('2999','b');
INSERT INTO `book`(`title`,`entryid`,`isbn`,`type`) VALUES('Energy for the Coke','2999','0014927021580','j');
INSERT INTO `genre_book`(`genre`, `entryid`) VALUES ('Science','2999');
INSERT INTO `author_book`(`author`, `entryid`) VALUES ('Arvilla Springs','2999');
INSERT INTO `publisher_book`(`publisher`, `entryid`) VALUES ('Wehbe Cooperations.','2999');
INSERT INTO `entry`(`entryid`,`type`) VALUES('3000','b');
INSERT INTO `book`(`title`,`entryid`,`isbn`,`type`) VALUES('Curve in the following Turnip','3000','0541779659855','j');
INSERT INTO `genre_book`(`genre`, `entryid`) VALUES ('Romance','3000');
INSERT INTO `author_book`(`author`, `entryid`) VALUES ('Linsey Higgens','3000');
INSERT INTO `publisher`(`name`) VALUES ('Derenzi Publishers.');
INSERT INTO `publisher_book`(`publisher`, `entryid`) VALUES ('Derenzi Publishers.','3000');
INSERT INTO `entry`(`entryid`,`type`) VALUES('3001','b');
INSERT INTO `book`(`title`,`entryid`,`isbn`,`type`) VALUES('Nerve to laminate Objective','3001','9679271744671','b');
INSERT INTO `genre_book`(`genre`, `entryid`) VALUES ('Adventure','3001');
INSERT INTO `author_book`(`author`, `entryid`) VALUES ('Drema Maharg','3001');
INSERT INTO `publisher_book`(`publisher`, `entryid`) VALUES ('Luangamath Inc.','3001');
INSERT INTO `entry`(`entryid`,`type`) VALUES('3002','b');
INSERT INTO `book`(`title`,`entryid`,`isbn`,`type`) VALUES('Twilight for beetle Iris','3002','0871193307414','b');
INSERT INTO `genre_book`(`genre`, `entryid`) VALUES ('Thriller','3002');
INSERT INTO `author_book`(`author`, `entryid`) VALUES ('Kym Lizaola','3002');
INSERT INTO `publisher_book`(`publisher`, `entryid`) VALUES ('Poirer Cooperations.','3002');
INSERT INTO `entry`(`entryid`,`type`) VALUES('3003','b');
INSERT INTO `book`(`title`,`entryid`,`isbn`,`type`) VALUES('Step-father to the emaciated Pencil','3003','0841968051297','j');
INSERT INTO `genre_book`(`genre`, `entryid`) VALUES ('Romance','3003');
INSERT INTO `author_book`(`author`, `entryid`) VALUES ('Cheree Bachor','3003');
INSERT INTO `publisher_book`(`publisher`, `entryid`) VALUES ('Blan Inc.','3003');
INSERT INTO `entry`(`entryid`,`type`) VALUES('3004','b');
INSERT INTO `book`(`title`,`entryid`,`isbn`,`type`) VALUES('Custard by Push','3004','9818558882568','b');
INSERT INTO `genre_book`(`genre`, `entryid`) VALUES ('Adventure','3004');
INSERT INTO `author_book`(`author`, `entryid`) VALUES ('Anibal Hinman','3004');
INSERT INTO `publisher_book`(`publisher`, `entryid`) VALUES ('Garfield Publishers.','3004');
INSERT INTO `entry`(`entryid`,`type`) VALUES('3005','b');
INSERT INTO `book`(`title`,`entryid`,`isbn`,`type`) VALUES('Maid and gustative Ophthalmologist','3005','0583982855450','b');
INSERT INTO `genre_book`(`genre`, `entryid`) VALUES ('Thriller','3005');
INSERT INTO `author`(`name`,`birthyear`,`deathyear`) VALUES('Albert Dorman','1923','1945');
INSERT INTO `author_book`(`author`, `entryid`) VALUES ('Albert Dorman','3005');
INSERT INTO `publisher_book`(`publisher`, `entryid`) VALUES ('Akkerman Publishers.','3005');
INSERT INTO `entry`(`entryid`,`type`) VALUES('3006','b');
INSERT INTO `book`(`title`,`entryid`,`isbn`,`type`) VALUES('Venezuela and Cotton','3006','0791884098942','j');
INSERT INTO `genre_book`(`genre`, `entryid`) VALUES ('Adventure','3006');
INSERT INTO `author_book`(`author`, `entryid`) VALUES ('Anibal Hinman','3006');
INSERT INTO `publisher_book`(`publisher`, `entryid`) VALUES ('Tegarden Publishers.','3006');
INSERT INTO `entry`(`entryid`,`type`) VALUES('3007','b');
INSERT INTO `book`(`title`,`entryid`,`isbn`,`type`) VALUES('Copyright and southernmost Unshielded','3007','0566176277577','b');
INSERT INTO `genre_book`(`genre`, `entryid`) VALUES ('Horror','3007');
INSERT INTO `author_book`(`author`, `entryid`) VALUES ('Pinkie Corcino','3007');
INSERT INTO `publisher_book`(`publisher`, `entryid`) VALUES ('Wooderson Inc.','3007');
INSERT INTO `entry`(`entryid`,`type`) VALUES('3008','b');
INSERT INTO `book`(`title`,`entryid`,`isbn`,`type`) VALUES('Taxi for megaphonic Helicopter','3008','0108781044662','e');
INSERT INTO `genre_book`(`genre`, `entryid`) VALUES ('Science','3008');
INSERT INTO `author`(`name`,`birthyear`,`deathyear`) VALUES('Jarrett Mess','1884','1960');
INSERT INTO `author_book`(`author`, `entryid`) VALUES ('Jarrett Mess','3008');
INSERT INTO `publisher_book`(`publisher`, `entryid`) VALUES ('Mcbee Cooperations.','3008');
INSERT INTO `entry`(`entryid`,`type`) VALUES('3009','b');
INSERT INTO `book`(`title`,`entryid`,`isbn`,`type`) VALUES('Expert of the Jar','3009','0475924727001','e');
INSERT INTO `genre_book`(`genre`, `entryid`) VALUES ('Education','3009');
INSERT INTO `author`(`name`,`birthyear`,`deathyear`) VALUES('Vernice Uljevic','1921','1957');
INSERT INTO `author_book`(`author`, `entryid`) VALUES ('Vernice Uljevic','3009');
INSERT INTO `publisher`(`name`) VALUES ('Tigue Cooperations.');
INSERT INTO `publisher_book`(`publisher`, `entryid`) VALUES ('Tigue Cooperations.','3009');
INSERT INTO `entry`(`entryid`,`type`) VALUES('3010','b');
INSERT INTO `book`(`title`,`entryid`,`isbn`,`type`) VALUES('Fish in galactagogue Passbook','3010','0217945472115','e');
INSERT INTO `genre_book`(`genre`, `entryid`) VALUES ('Adventure','3010');
INSERT INTO `author`(`name`,`birthyear`,`deathyear`) VALUES('Wonda Wigginton','1949','1980');
INSERT INTO `author_book`(`author`, `entryid`) VALUES ('Wonda Wigginton','3010');
INSERT INTO `publisher_book`(`publisher`, `entryid`) VALUES ('Cudjoe Publishers.','3010');
INSERT INTO `entry`(`entryid`,`type`) VALUES('3011','b');
INSERT INTO `book`(`title`,`entryid`,`isbn`,`type`) VALUES('Underwear by the Yankee Shock','3011','9912503756477','e');
INSERT INTO `genre_book`(`genre`, `entryid`) VALUES ('Thriller','3011');
INSERT INTO `author`(`name`,`birthyear`,`deathyear`) VALUES('Emeline Vigilante','1898','1954');
INSERT INTO `author_book`(`author`, `entryid`) VALUES ('Emeline Vigilante','3011');
INSERT INTO `publisher`(`name`) VALUES ('Standback Cooperations.');
INSERT INTO `publisher_book`(`publisher`, `entryid`) VALUES ('Standback Cooperations.','3011');
INSERT INTO `entry`(`entryid`,`type`) VALUES('3012','b');
INSERT INTO `book`(`title`,`entryid`,`isbn`,`type`) VALUES('Gladiolus of sleepless Note','3012','0090507818870','e');
INSERT INTO `genre_book`(`genre`, `entryid`) VALUES ('Adventure','3012');
INSERT INTO `author_book`(`author`, `entryid`) VALUES ('Shannon Kerss','3012');
INSERT INTO `publisher`(`name`) VALUES ('Nunez Publishers.');
INSERT INTO `publisher_book`(`publisher`, `entryid`) VALUES ('Nunez Publishers.','3012');
INSERT INTO `entry`(`entryid`,`type`) VALUES('3013','b');
INSERT INTO `book`(`title`,`entryid`,`isbn`,`type`) VALUES('Creator against the Cafe','3013','9319492150504','j');
INSERT INTO `genre_book`(`genre`, `entryid`) VALUES ('Science','3013');
INSERT INTO `author_book`(`author`, `entryid`) VALUES ('Maynard Wessell','3013');
INSERT INTO `publisher_book`(`publisher`, `entryid`) VALUES ('Loveall Cooperations.','3013');
INSERT INTO `entry`(`entryid`,`type`) VALUES('3014','b');
INSERT INTO `book`(`title`,`entryid`,`isbn`,`type`) VALUES('Offence and rightist Open','3014','0656246751992','b');
INSERT INTO `genre_book`(`genre`, `entryid`) VALUES ('Horror','3014');
INSERT INTO `author_book`(`author`, `entryid`) VALUES ('Karly Riggi','3014');
INSERT INTO `publisher_book`(`publisher`, `entryid`) VALUES ('Rodrick Cooperations.','3014');
INSERT INTO `entry`(`entryid`,`type`) VALUES('3015','b');
INSERT INTO `book`(`title`,`entryid`,`isbn`,`type`) VALUES('Leek because of Building','3015','9469122311677','b');
INSERT INTO `genre_book`(`genre`, `entryid`) VALUES ('Adventure','3015');
INSERT INTO `author_book`(`author`, `entryid`) VALUES ('Allen Gottke','3015');
INSERT INTO `publisher`(`name`) VALUES ('Wesloh Inc.');
INSERT INTO `publisher_book`(`publisher`, `entryid`) VALUES ('Wesloh Inc.','3015');
INSERT INTO `entry`(`entryid`,`type`) VALUES('3016','b');
INSERT INTO `book`(`title`,`entryid`,`isbn`,`type`) VALUES('Larch because of Balloon','3016','9378807549162','b');
INSERT INTO `genre_book`(`genre`, `entryid`) VALUES ('Romance','3016');
INSERT INTO `author_book`(`author`, `entryid`) VALUES ('Carlota Dahlhauser','3016');
INSERT INTO `publisher_book`(`publisher`, `entryid`) VALUES ('Diliberti Inc.','3016');
INSERT INTO `entry`(`entryid`,`type`) VALUES('3017','b');
INSERT INTO `book`(`title`,`entryid`,`isbn`,`type`) VALUES('Wrecker for Grandmother','3017','9841254438495','b');
INSERT INTO `genre_book`(`genre`, `entryid`) VALUES ('Romance','3017');
INSERT INTO `author`(`name`,`birthyear`,`deathyear`) VALUES('Kizzy Benefield','1918','1999');
INSERT INTO `author_book`(`author`, `entryid`) VALUES ('Kizzy Benefield','3017');
INSERT INTO `publisher_book`(`publisher`, `entryid`) VALUES ('Six Publishers.','3017');
INSERT INTO `entry`(`entryid`,`type`) VALUES('3018','b');
INSERT INTO `book`(`title`,`entryid`,`isbn`,`type`) VALUES('Weather for excitable Wave','3018','0734205482489','e');
INSERT INTO `genre_book`(`genre`, `entryid`) VALUES ('Sci-Fi','3018');
INSERT INTO `author`(`name`,`birthyear`,`deathyear`) VALUES('Nathaniel Cliatt','1956','2054');
INSERT INTO `author_book`(`author`, `entryid`) VALUES ('Nathaniel Cliatt','3018');
INSERT INTO `publisher_book`(`publisher`, `entryid`) VALUES ('Batrum Inc.','3018');
INSERT INTO `entry`(`entryid`,`type`) VALUES('3019','b');
INSERT INTO `book`(`title`,`entryid`,`isbn`,`type`) VALUES('Cheese of the Roadway','3019','9441504742598','b');
INSERT INTO `genre_book`(`genre`, `entryid`) VALUES ('Horror','3019');
INSERT INTO `author_book`(`author`, `entryid`) VALUES ('Martha Rucinski','3019');
INSERT INTO `publisher_book`(`publisher`, `entryid`) VALUES ('Habeck Publishers.','3019');
INSERT INTO `entry`(`entryid`,`type`) VALUES('3020','b');
INSERT INTO `book`(`title`,`entryid`,`isbn`,`type`) VALUES('Chinese against the fierier Leather','3020','9270993411868','b');
INSERT INTO `genre_book`(`genre`, `entryid`) VALUES ('Adventure','3020');
INSERT INTO `author`(`name`,`birthyear`,`deathyear`) VALUES('Ryan Rolseth','1964','1986');
INSERT INTO `author_book`(`author`, `entryid`) VALUES ('Ryan Rolseth','3020');
INSERT INTO `publisher_book`(`publisher`, `entryid`) VALUES ('Storbeck Inc.','3020');
INSERT INTO `entry`(`entryid`,`type`) VALUES('3021','b');
INSERT INTO `book`(`title`,`entryid`,`isbn`,`type`) VALUES('Married and the confiscable Veterinarian','3021','0654073161716','b');
INSERT INTO `genre_book`(`genre`, `entryid`) VALUES ('Romance','3021');
INSERT INTO `author_book`(`author`, `entryid`) VALUES ('Everett Coronado','3021');
INSERT INTO `publisher_book`(`publisher`, `entryid`) VALUES ('Lanphere Cooperations.','3021');
INSERT INTO `entry`(`entryid`,`type`) VALUES('3022','b');
INSERT INTO `book`(`title`,`entryid`,`isbn`,`type`) VALUES('Sidewalk in the Pierian Greek','3022','9337502562765','b');
INSERT INTO `genre_book`(`genre`, `entryid`) VALUES ('Science','3022');
INSERT INTO `author`(`name`,`birthyear`,`deathyear`) VALUES('Sanjuanita Winesberry','1922','1946');
INSERT INTO `author_book`(`author`, `entryid`) VALUES ('Sanjuanita Winesberry','3022');
INSERT INTO `publisher_book`(`publisher`, `entryid`) VALUES ('Urive Publishers.','3022');
INSERT INTO `entry`(`entryid`,`type`) VALUES('3023','b');
INSERT INTO `book`(`title`,`entryid`,`isbn`,`type`) VALUES('Ostrich against chasmy Shell','3023','9699777823093','j');
INSERT INTO `genre_book`(`genre`, `entryid`) VALUES ('Adventure','3023');
INSERT INTO `author_book`(`author`, `entryid`) VALUES ('Yuette Fallo','3023');
INSERT INTO `publisher_book`(`publisher`, `entryid`) VALUES ('Mominee Inc.','3023');
INSERT INTO `entry`(`entryid`,`type`) VALUES('3024','b');
INSERT INTO `book`(`title`,`entryid`,`isbn`,`type`) VALUES('Revolve and the Cicada','3024','9568987378840','b');
INSERT INTO `genre_book`(`genre`, `entryid`) VALUES ('Adventure','3024');
INSERT INTO `author`(`name`,`birthyear`,`deathyear`) VALUES('Willa Branski','1926','2016');
INSERT INTO `author_book`(`author`, `entryid`) VALUES ('Willa Branski','3024');
INSERT INTO `publisher_book`(`publisher`, `entryid`) VALUES ('Betit Inc.','3024');
INSERT INTO `entry`(`entryid`,`type`) VALUES('3025','b');
INSERT INTO `book`(`title`,`entryid`,`isbn`,`type`) VALUES('Vessel of the alexipharmic Punishment','3025','9898725799224','b');
INSERT INTO `genre_book`(`genre`, `entryid`) VALUES ('Romance','3025');
INSERT INTO `author`(`name`,`birthyear`,`deathyear`) VALUES('Eugene Debrie','1967','1998');
INSERT INTO `author_book`(`author`, `entryid`) VALUES ('Eugene Debrie','3025');
INSERT INTO `publisher_book`(`publisher`, `entryid`) VALUES ('Angry Inc.','3025');
INSERT INTO `entry`(`entryid`,`type`) VALUES('3026','b');
INSERT INTO `book`(`title`,`entryid`,`isbn`,`type`) VALUES('Chance because of Bolt','3026','0315446819632','b');
INSERT INTO `genre_book`(`genre`, `entryid`) VALUES ('Romance','3026');
INSERT INTO `author_book`(`author`, `entryid`) VALUES ('Terrence Asamoah','3026');
INSERT INTO `publisher_book`(`publisher`, `entryid`) VALUES ('Youmans Cooperations.','3026');
INSERT INTO `entry`(`entryid`,`type`) VALUES('3027','b');
INSERT INTO `book`(`title`,`entryid`,`isbn`,`type`) VALUES('Verdict in smallish Stopwatch','3027','9819763535607','b');
INSERT INTO `genre_book`(`genre`, `entryid`) VALUES ('Thriller','3027');
INSERT INTO `author`(`name`,`birthyear`,`deathyear`) VALUES('Nicolasa Sorells','1933','2006');
INSERT INTO `author_book`(`author`, `entryid`) VALUES ('Nicolasa Sorells','3027');
INSERT INTO `publisher_book`(`publisher`, `entryid`) VALUES ('Plover Cooperations.','3027');
INSERT INTO `entry`(`entryid`,`type`) VALUES('3028','b');
INSERT INTO `book`(`title`,`entryid`,`isbn`,`type`) VALUES('Difference by the nickelous Gear','3028','0405028836828','j');
INSERT INTO `genre_book`(`genre`, `entryid`) VALUES ('Thriller','3028');
INSERT INTO `author_book`(`author`, `entryid`) VALUES ('Deandre Pankhurst','3028');
INSERT INTO `publisher_book`(`publisher`, `entryid`) VALUES ('Akkerman Publishers.','3028');
INSERT INTO `entry`(`entryid`,`type`) VALUES('3029','b');
INSERT INTO `book`(`title`,`entryid`,`isbn`,`type`) VALUES('Shade and the left Year','3029','9953806279642','e');
INSERT INTO `genre_book`(`genre`, `entryid`) VALUES ('Adventure','3029');
INSERT INTO `author`(`name`,`birthyear`,`deathyear`) VALUES('Trenton Bombaci','1939','2038');
INSERT INTO `author_book`(`author`, `entryid`) VALUES ('Trenton Bombaci','3029');
INSERT INTO `publisher`(`name`) VALUES ('Ruozzo Cooperations.');
INSERT INTO `publisher_book`(`publisher`, `entryid`) VALUES ('Ruozzo Cooperations.','3029');
INSERT INTO `entry`(`entryid`,`type`) VALUES('3030','b');
INSERT INTO `book`(`title`,`entryid`,`isbn`,`type`) VALUES('Galley in the Ankle','3030','0216922139854','b');
INSERT INTO `genre_book`(`genre`, `entryid`) VALUES ('Horror','3030');
INSERT INTO `author`(`name`,`birthyear`,`deathyear`) VALUES('Shanita Tabone','1972','2014');
INSERT INTO `author_book`(`author`, `entryid`) VALUES ('Shanita Tabone','3030');
INSERT INTO `publisher`(`name`) VALUES ('Dentel Inc.');
INSERT INTO `publisher_book`(`publisher`, `entryid`) VALUES ('Dentel Inc.','3030');
INSERT INTO `entry`(`entryid`,`type`) VALUES('3031','b');
INSERT INTO `book`(`title`,`entryid`,`isbn`,`type`) VALUES('Passenger to the Secure','3031','9345408847107','j');
INSERT INTO `genre_book`(`genre`, `entryid`) VALUES ('Romance','3031');
INSERT INTO `author_book`(`author`, `entryid`) VALUES ('Janelle Mada','3031');
INSERT INTO `publisher_book`(`publisher`, `entryid`) VALUES ('Lelli Publishers.','3031');
INSERT INTO `entry`(`entryid`,`type`) VALUES('3032','b');
INSERT INTO `book`(`title`,`entryid`,`isbn`,`type`) VALUES('Feature by Birthday','3032','0982749362115','b');
INSERT INTO `genre_book`(`genre`, `entryid`) VALUES ('Education','3032');
INSERT INTO `author_book`(`author`, `entryid`) VALUES ('Earlie Fortner','3032');
INSERT INTO `publisher_book`(`publisher`, `entryid`) VALUES ('Cygan Inc.','3032');
INSERT INTO `entry`(`entryid`,`type`) VALUES('3033','b');
INSERT INTO `book`(`title`,`entryid`,`isbn`,`type`) VALUES('Cousin to abbatial Kidney','3033','9062696269186','e');
INSERT INTO `genre_book`(`genre`, `entryid`) VALUES ('Sci-Fi','3033');
INSERT INTO `author`(`name`,`birthyear`,`deathyear`) VALUES('Shawnee Downey','1956','1977');
INSERT INTO `author_book`(`author`, `entryid`) VALUES ('Shawnee Downey','3033');
INSERT INTO `publisher_book`(`publisher`, `entryid`) VALUES ('Sala Cooperations.','3033');
INSERT INTO `entry`(`entryid`,`type`) VALUES('3034','b');
INSERT INTO `book`(`title`,`entryid`,`isbn`,`type`) VALUES('Team against estival Basketball','3034','9725380471964','e');
INSERT INTO `genre_book`(`genre`, `entryid`) VALUES ('Sci-Fi','3034');
INSERT INTO `author`(`name`,`birthyear`,`deathyear`) VALUES('Leroy Ryer','1910','1989');
INSERT INTO `author_book`(`author`, `entryid`) VALUES ('Leroy Ryer','3034');
INSERT INTO `publisher_book`(`publisher`, `entryid`) VALUES ('Coreas Inc.','3034');
INSERT INTO `entry`(`entryid`,`type`) VALUES('3035','b');
INSERT INTO `book`(`title`,`entryid`,`isbn`,`type`) VALUES('Violet against inflationary End','3035','0663604032981','e');
INSERT INTO `genre_book`(`genre`, `entryid`) VALUES ('Education','3035');
INSERT INTO `author`(`name`,`birthyear`,`deathyear`) VALUES('Basil Grenko','1881','1934');
INSERT INTO `author_book`(`author`, `entryid`) VALUES ('Basil Grenko','3035');
INSERT INTO `publisher_book`(`publisher`, `entryid`) VALUES ('Mizee Inc.','3035');
INSERT INTO `entry`(`entryid`,`type`) VALUES('3036','b');
INSERT INTO `book`(`title`,`entryid`,`isbn`,`type`) VALUES('Gender against the Herring','3036','9086120471676','b');
INSERT INTO `genre_book`(`genre`, `entryid`) VALUES ('Romance','3036');
INSERT INTO `author`(`name`,`birthyear`,`deathyear`) VALUES('Kattie Nollman','1973','2040');
INSERT INTO `author_book`(`author`, `entryid`) VALUES ('Kattie Nollman','3036');
INSERT INTO `publisher_book`(`publisher`, `entryid`) VALUES ('Tippy Publishers.','3036');
INSERT INTO `entry`(`entryid`,`type`) VALUES('3037','b');
INSERT INTO `book`(`title`,`entryid`,`isbn`,`type`) VALUES('Drive vs. jowliest Colon','3037','9021865629360','e');
INSERT INTO `genre_book`(`genre`, `entryid`) VALUES ('Education','3037');
INSERT INTO `author_book`(`author`, `entryid`) VALUES ('Keira Digiovanni','3037');
INSERT INTO `publisher_book`(`publisher`, `entryid`) VALUES ('Sala Cooperations.','3037');
INSERT INTO `entry`(`entryid`,`type`) VALUES('3038','b');
INSERT INTO `book`(`title`,`entryid`,`isbn`,`type`) VALUES('Cable by the undecomposable Waterfall','3038','0766512626685','b');
INSERT INTO `genre_book`(`genre`, `entryid`) VALUES ('Sci-Fi','3038');
INSERT INTO `author`(`name`,`birthyear`,`deathyear`) VALUES('Adell Nieves','1921','1942');
INSERT INTO `author_book`(`author`, `entryid`) VALUES ('Adell Nieves','3038');
INSERT INTO `publisher`(`name`) VALUES ('Letang Cooperations.');
INSERT INTO `publisher_book`(`publisher`, `entryid`) VALUES ('Letang Cooperations.','3038');
INSERT INTO `entry`(`entryid`,`type`) VALUES('3039','b');
INSERT INTO `book`(`title`,`entryid`,`isbn`,`type`) VALUES('Season by well-deserved Purpose','3039','9990592625986','b');
INSERT INTO `genre_book`(`genre`, `entryid`) VALUES ('Thriller','3039');
INSERT INTO `author`(`name`,`birthyear`,`deathyear`) VALUES('Kera Eberspacher','1890','1962');
INSERT INTO `author_book`(`author`, `entryid`) VALUES ('Kera Eberspacher','3039');
INSERT INTO `publisher_book`(`publisher`, `entryid`) VALUES ('Hrdlicka Inc.','3039');
INSERT INTO `entry`(`entryid`,`type`) VALUES('3040','b');
INSERT INTO `book`(`title`,`entryid`,`isbn`,`type`) VALUES('Gram to the intercrossed Piccolo','3040','9529995148050','e');
INSERT INTO `genre_book`(`genre`, `entryid`) VALUES ('Romance','3040');
INSERT INTO `author`(`name`,`birthyear`,`deathyear`) VALUES('Daryl Kuhle','1959','1993');
INSERT INTO `author_book`(`author`, `entryid`) VALUES ('Daryl Kuhle','3040');
INSERT INTO `publisher_book`(`publisher`, `entryid`) VALUES ('Dingson Publishers.','3040');
INSERT INTO `entry`(`entryid`,`type`) VALUES('3041','b');
INSERT INTO `book`(`title`,`entryid`,`isbn`,`type`) VALUES('Insurance by Format','3041','0212786476697','j');
INSERT INTO `genre_book`(`genre`, `entryid`) VALUES ('Adventure','3041');
INSERT INTO `author`(`name`,`birthyear`,`deathyear`) VALUES('Williams Alatorre','1950','2007');
INSERT INTO `author_book`(`author`, `entryid`) VALUES ('Williams Alatorre','3041');
INSERT INTO `publisher_book`(`publisher`, `entryid`) VALUES ('Bernadette Cooperations.','3041');
INSERT INTO `entry`(`entryid`,`type`) VALUES('3042','b');
INSERT INTO `book`(`title`,`entryid`,`isbn`,`type`) VALUES('Damage because of Chair','3042','0767234324562','b');
INSERT INTO `genre_book`(`genre`, `entryid`) VALUES ('Education','3042');
INSERT INTO `author`(`name`,`birthyear`,`deathyear`) VALUES('Marisa Schwister','1931','2003');
INSERT INTO `author_book`(`author`, `entryid`) VALUES ('Marisa Schwister','3042');
INSERT INTO `publisher_book`(`publisher`, `entryid`) VALUES ('Rouch Publishers.','3042');
INSERT INTO `entry`(`entryid`,`type`) VALUES('3043','b');
INSERT INTO `book`(`title`,`entryid`,`isbn`,`type`) VALUES('Vulture vs. Wool','3043','0472156839331','j');
INSERT INTO `genre_book`(`genre`, `entryid`) VALUES ('Thriller','3043');
INSERT INTO `author_book`(`author`, `entryid`) VALUES ('Tarah Yourshaw','3043');
INSERT INTO `publisher_book`(`publisher`, `entryid`) VALUES ('Cormican Inc.','3043');
INSERT INTO `entry`(`entryid`,`type`) VALUES('3044','b');
INSERT INTO `book`(`title`,`entryid`,`isbn`,`type`) VALUES('Dad of the crosstown Haircut','3044','0946290463159','b');
INSERT INTO `genre_book`(`genre`, `entryid`) VALUES ('Sci-Fi','3044');
INSERT INTO `author`(`name`,`birthyear`,`deathyear`) VALUES('Yelena Pursell','1905','1950');
INSERT INTO `author_book`(`author`, `entryid`) VALUES ('Yelena Pursell','3044');
INSERT INTO `publisher_book`(`publisher`, `entryid`) VALUES ('Sikora Cooperations.','3044');
INSERT INTO `entry`(`entryid`,`type`) VALUES('3045','b');
INSERT INTO `book`(`title`,`entryid`,`isbn`,`type`) VALUES('Lier by Plaster','3045','0361949754139','b');
INSERT INTO `genre_book`(`genre`, `entryid`) VALUES ('Education','3045');
INSERT INTO `author`(`name`,`birthyear`,`deathyear`) VALUES('Sanjuanita Maisel','1962','2015');
INSERT INTO `author_book`(`author`, `entryid`) VALUES ('Sanjuanita Maisel','3045');
INSERT INTO `publisher_book`(`publisher`, `entryid`) VALUES ('Nighswander Publishers.','3045');
INSERT INTO `entry`(`entryid`,`type`) VALUES('3046','b');
INSERT INTO `book`(`title`,`entryid`,`isbn`,`type`) VALUES('Cut with supervirulent Meal','3046','0226329766993','e');
INSERT INTO `genre_book`(`genre`, `entryid`) VALUES ('Sci-Fi','3046');
INSERT INTO `author_book`(`author`, `entryid`) VALUES ('Estrella Gruca','3046');
INSERT INTO `publisher_book`(`publisher`, `entryid`) VALUES ('Harbin Cooperations.','3046');
INSERT INTO `entry`(`entryid`,`type`) VALUES('3047','b');
INSERT INTO `book`(`title`,`entryid`,`isbn`,`type`) VALUES('Idea by Chest','3047','9281327402372','e');
INSERT INTO `genre_book`(`genre`, `entryid`) VALUES ('Education','3047');
INSERT INTO `author`(`name`,`birthyear`,`deathyear`) VALUES('Demetrius Keener','1951','1986');
INSERT INTO `author_book`(`author`, `entryid`) VALUES ('Demetrius Keener','3047');
INSERT INTO `publisher_book`(`publisher`, `entryid`) VALUES ('Estrem Inc.','3047');
INSERT INTO `entry`(`entryid`,`type`) VALUES('3048','b');
INSERT INTO `book`(`title`,`entryid`,`isbn`,`type`) VALUES('Consonant with Spot','3048','0994056597201','e');
INSERT INTO `genre_book`(`genre`, `entryid`) VALUES ('Thriller','3048');
INSERT INTO `author_book`(`author`, `entryid`) VALUES ('Gracie Monzon','3048');
INSERT INTO `publisher_book`(`publisher`, `entryid`) VALUES ('Yasurek Cooperations.','3048');
INSERT INTO `entry`(`entryid`,`type`) VALUES('3049','b');
INSERT INTO `book`(`title`,`entryid`,`isbn`,`type`) VALUES('Crayfish for conceptualistic Link','3049','0598764627148','e');
INSERT INTO `genre_book`(`genre`, `entryid`) VALUES ('Sci-Fi','3049');
INSERT INTO `author`(`name`,`birthyear`,`deathyear`) VALUES('Latrina Gariety','1923','1982');
INSERT INTO `author_book`(`author`, `entryid`) VALUES ('Latrina Gariety','3049');
INSERT INTO `publisher_book`(`publisher`, `entryid`) VALUES ('Cobden Publishers.','3049');
INSERT INTO `entry`(`entryid`,`type`) VALUES('3050','b');
INSERT INTO `book`(`title`,`entryid`,`isbn`,`type`) VALUES('Whorl against the biobibliographical Box','3050','0454090597743','b');
INSERT INTO `genre_book`(`genre`, `entryid`) VALUES ('Thriller','3050');
INSERT INTO `author_book`(`author`, `entryid`) VALUES ('Karly Riggi','3050');
INSERT INTO `publisher_book`(`publisher`, `entryid`) VALUES ('Haith Inc.','3050');
INSERT INTO `entry`(`entryid`,`type`) VALUES('3051','b');
INSERT INTO `book`(`title`,`entryid`,`isbn`,`type`) VALUES('Epoch against unsatirical Car','3051','0826521622078','j');
INSERT INTO `genre_book`(`genre`, `entryid`) VALUES ('Sci-Fi','3051');
INSERT INTO `author_book`(`author`, `entryid`) VALUES ('Rosina Erving','3051');
INSERT INTO `publisher_book`(`publisher`, `entryid`) VALUES ('Murdaugh Cooperations.','3051');
INSERT INTO `entry`(`entryid`,`type`) VALUES('3052','b');
INSERT INTO `book`(`title`,`entryid`,`isbn`,`type`) VALUES('Jason in the Tractor','3052','9765341227406','b');
INSERT INTO `genre_book`(`genre`, `entryid`) VALUES ('Thriller','3052');
INSERT INTO `author`(`name`,`birthyear`,`deathyear`) VALUES('Jeffrey Bleakley','1899','1964');
INSERT INTO `author_book`(`author`, `entryid`) VALUES ('Jeffrey Bleakley','3052');
INSERT INTO `publisher`(`name`) VALUES ('Buergel Inc.');
INSERT INTO `publisher_book`(`publisher`, `entryid`) VALUES ('Buergel Inc.','3052');
INSERT INTO `entry`(`entryid`,`type`) VALUES('3053','b');
INSERT INTO `book`(`title`,`entryid`,`isbn`,`type`) VALUES('Gearshift for the long-waisted Diamond','3053','9695625147559','j');
INSERT INTO `genre_book`(`genre`, `entryid`) VALUES ('Adventure','3053');
INSERT INTO `author_book`(`author`, `entryid`) VALUES ('Orpha Beckmann','3053');
INSERT INTO `publisher_book`(`publisher`, `entryid`) VALUES ('Massar Inc.','3053');
INSERT INTO `entry`(`entryid`,`type`) VALUES('3054','b');
INSERT INTO `book`(`title`,`entryid`,`isbn`,`type`) VALUES('Warm against the Calendar','3054','9782993630939','e');
INSERT INTO `genre_book`(`genre`, `entryid`) VALUES ('Adventure','3054');
INSERT INTO `author`(`name`,`birthyear`,`deathyear`) VALUES('Leta Jetter','1885','1972');
INSERT INTO `author_book`(`author`, `entryid`) VALUES ('Leta Jetter','3054');
INSERT INTO `publisher_book`(`publisher`, `entryid`) VALUES ('Pudenz Inc.','3054');
INSERT INTO `entry`(`entryid`,`type`) VALUES('3055','b');
INSERT INTO `book`(`title`,`entryid`,`isbn`,`type`) VALUES('Instrument to the eviscerate Mass','3055','0353702535135','e');
INSERT INTO `genre_book`(`genre`, `entryid`) VALUES ('Sci-Fi','3055');
INSERT INTO `author`(`name`,`birthyear`,`deathyear`) VALUES('Raymonde Quade','1978','2006');
INSERT INTO `author_book`(`author`, `entryid`) VALUES ('Raymonde Quade','3055');
INSERT INTO `publisher`(`name`) VALUES ('Mandril Inc.');
INSERT INTO `publisher_book`(`publisher`, `entryid`) VALUES ('Mandril Inc.','3055');
INSERT INTO `entry`(`entryid`,`type`) VALUES('3056','b');
INSERT INTO `book`(`title`,`entryid`,`isbn`,`type`) VALUES('Lier to Bumper','3056','0371976025397','b');
INSERT INTO `genre_book`(`genre`, `entryid`) VALUES ('Horror','3056');
INSERT INTO `author`(`name`,`birthyear`,`deathyear`) VALUES('James Becher','1965','2037');
INSERT INTO `author_book`(`author`, `entryid`) VALUES ('James Becher','3056');
INSERT INTO `publisher_book`(`publisher`, `entryid`) VALUES ('Trobaugh Publishers.','3056');
INSERT INTO `entry`(`entryid`,`type`) VALUES('3057','b');
INSERT INTO `book`(`title`,`entryid`,`isbn`,`type`) VALUES('Celsius and Share','3057','0296713093268','b');
INSERT INTO `genre_book`(`genre`, `entryid`) VALUES ('Adventure','3057');
INSERT INTO `author_book`(`author`, `entryid`) VALUES ('Rebekah Cohn','3057');
INSERT INTO `publisher_book`(`publisher`, `entryid`) VALUES ('Kuhlo Cooperations.','3057');
INSERT INTO `entry`(`entryid`,`type`) VALUES('3058','b');
INSERT INTO `book`(`title`,`entryid`,`isbn`,`type`) VALUES('Walk against Fighter','3058','0532447574598','e');
INSERT INTO `genre_book`(`genre`, `entryid`) VALUES ('Romance','3058');
INSERT INTO `author_book`(`author`, `entryid`) VALUES ('Gracie Monzon','3058');
INSERT INTO `publisher_book`(`publisher`, `entryid`) VALUES ('Reents Publishers.','3058');
INSERT INTO `entry`(`entryid`,`type`) VALUES('3059','b');
INSERT INTO `book`(`title`,`entryid`,`isbn`,`type`) VALUES('Sardine to the chubby Mexican','3059','9830839024778','b');
INSERT INTO `genre_book`(`genre`, `entryid`) VALUES ('Horror','3059');
INSERT INTO `author_book`(`author`, `entryid`) VALUES ('Renna Linnemann','3059');
INSERT INTO `publisher_book`(`publisher`, `entryid`) VALUES ('Gerondale Inc.','3059');
INSERT INTO `entry`(`entryid`,`type`) VALUES('3060','b');
INSERT INTO `book`(`title`,`entryid`,`isbn`,`type`) VALUES('Vest because of Doll','3060','0364848141899','j');
INSERT INTO `genre_book`(`genre`, `entryid`) VALUES ('Romance','3060');
INSERT INTO `author_book`(`author`, `entryid`) VALUES ('Jarrett Mess','3060');
INSERT INTO `publisher_book`(`publisher`, `entryid`) VALUES ('Powsey Cooperations.','3060');
INSERT INTO `entry`(`entryid`,`type`) VALUES('3061','b');
INSERT INTO `book`(`title`,`entryid`,`isbn`,`type`) VALUES('Patch in auriform Kite','3061','0397929336290','j');
INSERT INTO `genre_book`(`genre`, `entryid`) VALUES ('Sci-Fi','3061');
INSERT INTO `author_book`(`author`, `entryid`) VALUES ('Corrina Bellomy','3061');
INSERT INTO `publisher_book`(`publisher`, `entryid`) VALUES ('Duchesney Publishers.','3061');
INSERT INTO `entry`(`entryid`,`type`) VALUES('3062','b');
INSERT INTO `book`(`title`,`entryid`,`isbn`,`type`) VALUES('Diving to the lousy Fuel','3062','0460544424323','e');
INSERT INTO `genre_book`(`genre`, `entryid`) VALUES ('Education','3062');
INSERT INTO `author`(`name`,`birthyear`,`deathyear`) VALUES('Agatha Maiello','1919','1967');
INSERT INTO `author_book`(`author`, `entryid`) VALUES ('Agatha Maiello','3062');
INSERT INTO `publisher`(`name`) VALUES ('Sollors Publishers.');
INSERT INTO `publisher_book`(`publisher`, `entryid`) VALUES ('Sollors Publishers.','3062');
INSERT INTO `entry`(`entryid`,`type`) VALUES('3063','b');
INSERT INTO `book`(`title`,`entryid`,`isbn`,`type`) VALUES('Drizzle for the grisly Organ','3063','0950745745651','e');
INSERT INTO `genre_book`(`genre`, `entryid`) VALUES ('Adventure','3063');
INSERT INTO `author_book`(`author`, `entryid`) VALUES ('Leighann Metott','3063');
INSERT INTO `publisher_book`(`publisher`, `entryid`) VALUES ('Blissett Publishers.','3063');
INSERT INTO `entry`(`entryid`,`type`) VALUES('3064','b');
INSERT INTO `book`(`title`,`entryid`,`isbn`,`type`) VALUES('Quince for pyrogenic Kevin','3064','9992481302730','e');
INSERT INTO `genre_book`(`genre`, `entryid`) VALUES ('Romance','3064');
INSERT INTO `author`(`name`,`birthyear`,`deathyear`) VALUES('Carolyn Eisenstein','1884','1976');
INSERT INTO `author_book`(`author`, `entryid`) VALUES ('Carolyn Eisenstein','3064');
INSERT INTO `publisher_book`(`publisher`, `entryid`) VALUES ('Koterba Publishers.','3064');
INSERT INTO `entry`(`entryid`,`type`) VALUES('3065','b');
INSERT INTO `book`(`title`,`entryid`,`isbn`,`type`) VALUES('Typhoon to Secretary','3065','0167499936271','j');
INSERT INTO `genre_book`(`genre`, `entryid`) VALUES ('Romance','3065');
INSERT INTO `author_book`(`author`, `entryid`) VALUES ('Yadira Lansberry','3065');
INSERT INTO `publisher`(`name`) VALUES ('Hamnon Publishers.');
INSERT INTO `publisher_book`(`publisher`, `entryid`) VALUES ('Hamnon Publishers.','3065');
INSERT INTO `entry`(`entryid`,`type`) VALUES('3066','b');
INSERT INTO `book`(`title`,`entryid`,`isbn`,`type`) VALUES('Soy to glittery Bubble','3066','9384986713482','j');
INSERT INTO `genre_book`(`genre`, `entryid`) VALUES ('Sci-Fi','3066');
INSERT INTO `author`(`name`,`birthyear`,`deathyear`) VALUES('Ali Madlung','1948','2026');
INSERT INTO `author_book`(`author`, `entryid`) VALUES ('Ali Madlung','3066');
INSERT INTO `publisher_book`(`publisher`, `entryid`) VALUES ('Habeck Publishers.','3066');
INSERT INTO `entry`(`entryid`,`type`) VALUES('3067','b');
INSERT INTO `book`(`title`,`entryid`,`isbn`,`type`) VALUES('Quicksand of Racing','3067','9782691489406','j');
INSERT INTO `genre_book`(`genre`, `entryid`) VALUES ('Science','3067');
INSERT INTO `author_book`(`author`, `entryid`) VALUES ('Karoline Hersh','3067');
INSERT INTO `publisher_book`(`publisher`, `entryid`) VALUES ('Lucky Publishers.','3067');
INSERT INTO `entry`(`entryid`,`type`) VALUES('3068','b');
INSERT INTO `book`(`title`,`entryid`,`isbn`,`type`) VALUES('Canoe by desired Dugout','3068','0795273572471','e');
INSERT INTO `genre_book`(`genre`, `entryid`) VALUES ('Science','3068');
INSERT INTO `author`(`name`,`birthyear`,`deathyear`) VALUES('Lecia Chernay','1910','1983');
INSERT INTO `author_book`(`author`, `entryid`) VALUES ('Lecia Chernay','3068');
INSERT INTO `publisher_book`(`publisher`, `entryid`) VALUES ('Dubuisson Inc.','3068');
INSERT INTO `entry`(`entryid`,`type`) VALUES('3069','b');
INSERT INTO `book`(`title`,`entryid`,`isbn`,`type`) VALUES('Banker and the indexless British','3069','0806317318309','j');
INSERT INTO `genre_book`(`genre`, `entryid`) VALUES ('Science','3069');
INSERT INTO `author_book`(`author`, `entryid`) VALUES ('Nenita Morrone','3069');
INSERT INTO `publisher_book`(`publisher`, `entryid`) VALUES ('Lundblad Inc.','3069');
INSERT INTO `entry`(`entryid`,`type`) VALUES('3070','b');
INSERT INTO `book`(`title`,`entryid`,`isbn`,`type`) VALUES('Blood against Step-son','3070','9329985961381','j');
INSERT INTO `genre_book`(`genre`, `entryid`) VALUES ('Thriller','3070');
INSERT INTO `author`(`name`,`birthyear`,`deathyear`) VALUES('Christeen Simonetti','1894','1982');
INSERT INTO `author_book`(`author`, `entryid`) VALUES ('Christeen Simonetti','3070');
INSERT INTO `publisher_book`(`publisher`, `entryid`) VALUES ('Hodgeman Inc.','3070');
INSERT INTO `entry`(`entryid`,`type`) VALUES('3071','b');
INSERT INTO `book`(`title`,`entryid`,`isbn`,`type`) VALUES('Weed and the vixenish Walrus','3071','9928964186334','e');
INSERT INTO `genre_book`(`genre`, `entryid`) VALUES ('Science','3071');
INSERT INTO `author`(`name`,`birthyear`,`deathyear`) VALUES('Shawana Vancleve','1957','2051');
INSERT INTO `author_book`(`author`, `entryid`) VALUES ('Shawana Vancleve','3071');
INSERT INTO `publisher_book`(`publisher`, `entryid`) VALUES ('Beachman Cooperations.','3071');
INSERT INTO `entry`(`entryid`,`type`) VALUES('3072','b');
INSERT INTO `book`(`title`,`entryid`,`isbn`,`type`) VALUES('Run by crispiest Shingle','3072','0800966723062','e');
INSERT INTO `genre_book`(`genre`, `entryid`) VALUES ('Education','3072');
INSERT INTO `author_book`(`author`, `entryid`) VALUES ('Tarah Yourshaw','3072');
INSERT INTO `publisher_book`(`publisher`, `entryid`) VALUES ('Leydecker Inc.','3072');
INSERT INTO `entry`(`entryid`,`type`) VALUES('3073','b');
INSERT INTO `book`(`title`,`entryid`,`isbn`,`type`) VALUES('Lightning against the nosographic Wax','3073','0550421146300','b');
INSERT INTO `genre_book`(`genre`, `entryid`) VALUES ('Adventure','3073');
INSERT INTO `author_book`(`author`, `entryid`) VALUES ('Yuri Mercado','3073');
INSERT INTO `publisher_book`(`publisher`, `entryid`) VALUES ('Yonkers Cooperations.','3073');
INSERT INTO `entry`(`entryid`,`type`) VALUES('3074','b');
INSERT INTO `book`(`title`,`entryid`,`isbn`,`type`) VALUES('Columnist of hindermost Basement','3074','0844393331456','b');
INSERT INTO `genre_book`(`genre`, `entryid`) VALUES ('Thriller','3074');
INSERT INTO `author_book`(`author`, `entryid`) VALUES ('Aliza Hatcher','3074');
INSERT INTO `publisher_book`(`publisher`, `entryid`) VALUES ('Seta Inc.','3074');
INSERT INTO `entry`(`entryid`,`type`) VALUES('3075','b');
INSERT INTO `book`(`title`,`entryid`,`isbn`,`type`) VALUES('Club with Family','3075','9646633546113','j');
INSERT INTO `genre_book`(`genre`, `entryid`) VALUES ('Thriller','3075');
INSERT INTO `author_book`(`author`, `entryid`) VALUES ('Joane Ebersole','3075');
INSERT INTO `publisher_book`(`publisher`, `entryid`) VALUES ('Duchesney Publishers.','3075');
INSERT INTO `entry`(`entryid`,`type`) VALUES('3076','b');
INSERT INTO `book`(`title`,`entryid`,`isbn`,`type`) VALUES('Lift for the fell Suggestion','3076','0960426301178','b');
INSERT INTO `genre_book`(`genre`, `entryid`) VALUES ('Horror','3076');
INSERT INTO `author`(`name`,`birthyear`,`deathyear`) VALUES('Shelba Baldini','1882','1957');
INSERT INTO `author_book`(`author`, `entryid`) VALUES ('Shelba Baldini','3076');
INSERT INTO `publisher_book`(`publisher`, `entryid`) VALUES ('Antrikin Inc.','3076');
INSERT INTO `entry`(`entryid`,`type`) VALUES('3077','b');
INSERT INTO `book`(`title`,`entryid`,`isbn`,`type`) VALUES('Literature with the allowable Temple','3077','0296987139258','b');
INSERT INTO `genre_book`(`genre`, `entryid`) VALUES ('Romance','3077');
INSERT INTO `author`(`name`,`birthyear`,`deathyear`) VALUES('Sherly Preuitt','1969','2024');
INSERT INTO `author_book`(`author`, `entryid`) VALUES ('Sherly Preuitt','3077');
INSERT INTO `publisher`(`name`) VALUES ('Nierman Inc.');
INSERT INTO `publisher_book`(`publisher`, `entryid`) VALUES ('Nierman Inc.','3077');
INSERT INTO `entry`(`entryid`,`type`) VALUES('3078','b');
INSERT INTO `book`(`title`,`entryid`,`isbn`,`type`) VALUES('Pepper against schmalzier Aries','3078','9862471148117','e');
INSERT INTO `genre_book`(`genre`, `entryid`) VALUES ('Science','3078');
INSERT INTO `author`(`name`,`birthyear`,`deathyear`) VALUES('Jetta Ahlheim','1954','1975');
INSERT INTO `author_book`(`author`, `entryid`) VALUES ('Jetta Ahlheim','3078');
INSERT INTO `publisher_book`(`publisher`, `entryid`) VALUES ('Gardino Publishers.','3078');
INSERT INTO `entry`(`entryid`,`type`) VALUES('3079','b');
INSERT INTO `book`(`title`,`entryid`,`isbn`,`type`) VALUES('Niece and the Interviewer','3079','0465675353335','b');
INSERT INTO `genre_book`(`genre`, `entryid`) VALUES ('Horror','3079');
INSERT INTO `author_book`(`author`, `entryid`) VALUES ('Leanora Renk','3079');
INSERT INTO `publisher_book`(`publisher`, `entryid`) VALUES ('Allocca Cooperations.','3079');
INSERT INTO `entry`(`entryid`,`type`) VALUES('3080','b');
INSERT INTO `book`(`title`,`entryid`,`isbn`,`type`) VALUES('Fridge by the Twilight','3080','9920234345769','j');
INSERT INTO `genre_book`(`genre`, `entryid`) VALUES ('Adventure','3080');
INSERT INTO `author`(`name`,`birthyear`,`deathyear`) VALUES('Rachel Eddings','1974','2045');
INSERT INTO `author_book`(`author`, `entryid`) VALUES ('Rachel Eddings','3080');
INSERT INTO `publisher_book`(`publisher`, `entryid`) VALUES ('Grinner Inc.','3080');
INSERT INTO `entry`(`entryid`,`type`) VALUES('3081','b');
INSERT INTO `book`(`title`,`entryid`,`isbn`,`type`) VALUES('Handle by the Quilt','3081','0872457850827','b');
INSERT INTO `genre_book`(`genre`, `entryid`) VALUES ('Science','3081');
INSERT INTO `author`(`name`,`birthyear`,`deathyear`) VALUES('Marta Hazelett','1905','1996');
INSERT INTO `author_book`(`author`, `entryid`) VALUES ('Marta Hazelett','3081');
INSERT INTO `publisher_book`(`publisher`, `entryid`) VALUES ('Terrell Cooperations.','3081');
INSERT INTO `entry`(`entryid`,`type`) VALUES('3082','b');
INSERT INTO `book`(`title`,`entryid`,`isbn`,`type`) VALUES('Record to Nail','3082','9210003725636','b');
INSERT INTO `genre_book`(`genre`, `entryid`) VALUES ('Thriller','3082');
INSERT INTO `author`(`name`,`birthyear`,`deathyear`) VALUES('Loma Saurer','1912','1956');
INSERT INTO `author_book`(`author`, `entryid`) VALUES ('Loma Saurer','3082');
INSERT INTO `publisher`(`name`) VALUES ('Bayles Inc.');
INSERT INTO `publisher_book`(`publisher`, `entryid`) VALUES ('Bayles Inc.','3082');
INSERT INTO `entry`(`entryid`,`type`) VALUES('3083','b');
INSERT INTO `book`(`title`,`entryid`,`isbn`,`type`) VALUES('Lyocell for the Water','3083','0735828650645','e');
INSERT INTO `genre_book`(`genre`, `entryid`) VALUES ('Romance','3083');
INSERT INTO `author_book`(`author`, `entryid`) VALUES ('Tawana Yearta','3083');
INSERT INTO `publisher_book`(`publisher`, `entryid`) VALUES ('Garfield Publishers.','3083');
INSERT INTO `entry`(`entryid`,`type`) VALUES('3084','b');
INSERT INTO `book`(`title`,`entryid`,`isbn`,`type`) VALUES('Pumpkin in summative Squid','3084','9757186745007','j');
INSERT INTO `genre_book`(`genre`, `entryid`) VALUES ('Science','3084');
INSERT INTO `author_book`(`author`, `entryid`) VALUES ('Marsha Katten','3084');
INSERT INTO `publisher_book`(`publisher`, `entryid`) VALUES ('Weymouth Inc.','3084');
INSERT INTO `entry`(`entryid`,`type`) VALUES('3085','b');
INSERT INTO `book`(`title`,`entryid`,`isbn`,`type`) VALUES('Chalk by snowiest Diaphragm','3085','9102582028128','j');
INSERT INTO `genre_book`(`genre`, `entryid`) VALUES ('Horror','3085');
INSERT INTO `author_book`(`author`, `entryid`) VALUES ('Everett Coronado','3085');
INSERT INTO `publisher_book`(`publisher`, `entryid`) VALUES ('Armada Cooperations.','3085');
INSERT INTO `entry`(`entryid`,`type`) VALUES('3086','b');
INSERT INTO `book`(`title`,`entryid`,`isbn`,`type`) VALUES('Hell because of Temper','3086','9666990263189','e');
INSERT INTO `genre_book`(`genre`, `entryid`) VALUES ('Science','3086');
INSERT INTO `author_book`(`author`, `entryid`) VALUES ('Lora Record','3086');
INSERT INTO `publisher_book`(`publisher`, `entryid`) VALUES ('Ramiro Inc.','3086');
INSERT INTO `entry`(`entryid`,`type`) VALUES('3087','b');
INSERT INTO `book`(`title`,`entryid`,`isbn`,`type`) VALUES('Goose with the allogamous Swedish','3087','0365694705093','j');
INSERT INTO `genre_book`(`genre`, `entryid`) VALUES ('Science','3087');
INSERT INTO `author`(`name`,`birthyear`,`deathyear`) VALUES('Benito Stagliano','1948','2001');
INSERT INTO `author_book`(`author`, `entryid`) VALUES ('Benito Stagliano','3087');
INSERT INTO `publisher_book`(`publisher`, `entryid`) VALUES ('Litwin Publishers.','3087');
INSERT INTO `entry`(`entryid`,`type`) VALUES('3088','b');
INSERT INTO `book`(`title`,`entryid`,`isbn`,`type`) VALUES('Hub against Act','3088','0012920382681','e');
INSERT INTO `genre_book`(`genre`, `entryid`) VALUES ('Thriller','3088');
INSERT INTO `author`(`name`,`birthyear`,`deathyear`) VALUES('Brunilda Caridine','1896','1991');
INSERT INTO `author_book`(`author`, `entryid`) VALUES ('Brunilda Caridine','3088');
INSERT INTO `publisher_book`(`publisher`, `entryid`) VALUES ('Shamily Inc.','3088');
INSERT INTO `entry`(`entryid`,`type`) VALUES('3089','b');
INSERT INTO `book`(`title`,`entryid`,`isbn`,`type`) VALUES('Guilty against Fahrenheit','3089','9874246305956','e');
INSERT INTO `genre_book`(`genre`, `entryid`) VALUES ('Romance','3089');
INSERT INTO `author_book`(`author`, `entryid`) VALUES ('Nicolasa Sorells','3089');
INSERT INTO `publisher_book`(`publisher`, `entryid`) VALUES ('Beik Inc.','3089');
INSERT INTO `entry`(`entryid`,`type`) VALUES('3090','b');
INSERT INTO `book`(`title`,`entryid`,`isbn`,`type`) VALUES('Wrinkle for Triangle','3090','0972762867870','b');
INSERT INTO `genre_book`(`genre`, `entryid`) VALUES ('Sci-Fi','3090');
INSERT INTO `author`(`name`,`birthyear`,`deathyear`) VALUES('Kirstin Binstock','1921','1967');
INSERT INTO `author_book`(`author`, `entryid`) VALUES ('Kirstin Binstock','3090');
INSERT INTO `publisher_book`(`publisher`, `entryid`) VALUES ('Koral Publishers.','3090');
INSERT INTO `entry`(`entryid`,`type`) VALUES('3091','b');
INSERT INTO `book`(`title`,`entryid`,`isbn`,`type`) VALUES('Pest because of irrespirable Fat','3091','0974386969087','b');
INSERT INTO `genre_book`(`genre`, `entryid`) VALUES ('Thriller','3091');
INSERT INTO `author_book`(`author`, `entryid`) VALUES ('Luella Thierman','3091');
INSERT INTO `publisher_book`(`publisher`, `entryid`) VALUES ('Plover Cooperations.','3091');
INSERT INTO `entry`(`entryid`,`type`) VALUES('3092','b');
INSERT INTO `book`(`title`,`entryid`,`isbn`,`type`) VALUES('Oval and Cork','3092','9512684742269','e');
INSERT INTO `genre_book`(`genre`, `entryid`) VALUES ('Education','3092');
INSERT INTO `author_book`(`author`, `entryid`) VALUES ('Saul Traugott','3092');
INSERT INTO `publisher_book`(`publisher`, `entryid`) VALUES ('Malarkey Cooperations.','3092');
INSERT INTO `entry`(`entryid`,`type`) VALUES('3093','b');
INSERT INTO `book`(`title`,`entryid`,`isbn`,`type`) VALUES('Graphic vs. cavitied Charles','3093','9345521369853','e');
INSERT INTO `genre_book`(`genre`, `entryid`) VALUES ('Education','3093');
INSERT INTO `author_book`(`author`, `entryid`) VALUES ('Emeline Vigilante','3093');
INSERT INTO `publisher_book`(`publisher`, `entryid`) VALUES ('Konger Publishers.','3093');
INSERT INTO `entry`(`entryid`,`type`) VALUES('3094','b');
INSERT INTO `book`(`title`,`entryid`,`isbn`,`type`) VALUES('Gram to the pelagic Scent','3094','0987708086690','e');
INSERT INTO `genre_book`(`genre`, `entryid`) VALUES ('Romance','3094');
INSERT INTO `author`(`name`,`birthyear`,`deathyear`) VALUES('Lael Rhim','1955','2020');
INSERT INTO `author_book`(`author`, `entryid`) VALUES ('Lael Rhim','3094');
INSERT INTO `publisher_book`(`publisher`, `entryid`) VALUES ('Want Inc.','3094');
INSERT INTO `entry`(`entryid`,`type`) VALUES('3095','b');
INSERT INTO `book`(`title`,`entryid`,`isbn`,`type`) VALUES('Pizza by the hottish Mandolin','3095','9223154535021','j');
INSERT INTO `genre_book`(`genre`, `entryid`) VALUES ('Adventure','3095');
INSERT INTO `author`(`name`,`birthyear`,`deathyear`) VALUES('Gerald Belote','1909','1935');
INSERT INTO `author_book`(`author`, `entryid`) VALUES ('Gerald Belote','3095');
INSERT INTO `publisher_book`(`publisher`, `entryid`) VALUES ('Kindlimann Inc.','3095');
INSERT INTO `entry`(`entryid`,`type`) VALUES('3096','b');
INSERT INTO `book`(`title`,`entryid`,`isbn`,`type`) VALUES('Limit against epicedian Trick','3096','9067754989992','j');
INSERT INTO `genre_book`(`genre`, `entryid`) VALUES ('Education','3096');
INSERT INTO `author`(`name`,`birthyear`,`deathyear`) VALUES('Yuki Hurles','1953','2026');
INSERT INTO `author_book`(`author`, `entryid`) VALUES ('Yuki Hurles','3096');
INSERT INTO `publisher_book`(`publisher`, `entryid`) VALUES ('Benally Cooperations.','3096');
INSERT INTO `entry`(`entryid`,`type`) VALUES('3097','b');
INSERT INTO `book`(`title`,`entryid`,`isbn`,`type`) VALUES('Neck for the Sale','3097','9561675152712','j');
INSERT INTO `genre_book`(`genre`, `entryid`) VALUES ('Education','3097');
INSERT INTO `author`(`name`,`birthyear`,`deathyear`) VALUES('Maranda Ahumada','1889','1977');
INSERT INTO `author_book`(`author`, `entryid`) VALUES ('Maranda Ahumada','3097');
INSERT INTO `publisher_book`(`publisher`, `entryid`) VALUES ('Egley Cooperations.','3097');
INSERT INTO `entry`(`entryid`,`type`) VALUES('3098','b');
INSERT INTO `book`(`title`,`entryid`,`isbn`,`type`) VALUES('Front because of Ghana','3098','0778773335727','b');
INSERT INTO `genre_book`(`genre`, `entryid`) VALUES ('Romance','3098');
INSERT INTO `author_book`(`author`, `entryid`) VALUES ('Valerie Carlee','3098');
INSERT INTO `publisher_book`(`publisher`, `entryid`) VALUES ('Arone Inc.','3098');
INSERT INTO `entry`(`entryid`,`type`) VALUES('3099','b');
INSERT INTO `book`(`title`,`entryid`,`isbn`,`type`) VALUES('Accordion with the Servian Slip','3099','0073567792692','j');
INSERT INTO `genre_book`(`genre`, `entryid`) VALUES ('Sci-Fi','3099');
INSERT INTO `author_book`(`author`, `entryid`) VALUES ('Willian Levene','3099');
INSERT INTO `publisher_book`(`publisher`, `entryid`) VALUES ('Reinders Inc.','3099');
INSERT INTO `entry`(`entryid`,`type`) VALUES('3100','b');
INSERT INTO `book`(`title`,`entryid`,`isbn`,`type`) VALUES('Nation to the Mailbox','3100','0892194863726','b');
INSERT INTO `genre_book`(`genre`, `entryid`) VALUES ('Adventure','3100');
INSERT INTO `author_book`(`author`, `entryid`) VALUES ('Hildegarde Telesco','3100');
INSERT INTO `publisher_book`(`publisher`, `entryid`) VALUES ('Correra Cooperations.','3100');
INSERT INTO `entry`(`entryid`,`type`) VALUES('3101','b');
INSERT INTO `book`(`title`,`entryid`,`isbn`,`type`) VALUES('Animal to the Pain','3101','9635525533606','b');
INSERT INTO `genre_book`(`genre`, `entryid`) VALUES ('Sci-Fi','3101');
INSERT INTO `author`(`name`,`birthyear`,`deathyear`) VALUES('Jesse Boutwell','1957','2000');
INSERT INTO `author_book`(`author`, `entryid`) VALUES ('Jesse Boutwell','3101');
INSERT INTO `publisher_book`(`publisher`, `entryid`) VALUES ('Mandril Inc.','3101');
INSERT INTO `entry`(`entryid`,`type`) VALUES('3102','b');
INSERT INTO `book`(`title`,`entryid`,`isbn`,`type`) VALUES('Scarf by the Parcel','3102','9063003104036','j');
INSERT INTO `genre_book`(`genre`, `entryid`) VALUES ('Adventure','3102');
INSERT INTO `author_book`(`author`, `entryid`) VALUES ('Minta Pavlich','3102');
INSERT INTO `publisher_book`(`publisher`, `entryid`) VALUES ('Henscheid Cooperations.','3102');
INSERT INTO `entry`(`entryid`,`type`) VALUES('3103','b');
INSERT INTO `book`(`title`,`entryid`,`isbn`,`type`) VALUES('Forecast of the Sampan','3103','9977028121196','j');
INSERT INTO `genre_book`(`genre`, `entryid`) VALUES ('Science','3103');
INSERT INTO `author`(`name`,`birthyear`,`deathyear`) VALUES('Shani Geoffrey','1955','2008');
INSERT INTO `author_book`(`author`, `entryid`) VALUES ('Shani Geoffrey','3103');
INSERT INTO `publisher_book`(`publisher`, `entryid`) VALUES ('Nierman Inc.','3103');
INSERT INTO `entry`(`entryid`,`type`) VALUES('3104','b');
INSERT INTO `book`(`title`,`entryid`,`isbn`,`type`) VALUES('Silk of antistrophic Anteater','3104','0493136588369','j');
INSERT INTO `genre_book`(`genre`, `entryid`) VALUES ('Science','3104');
INSERT INTO `author_book`(`author`, `entryid`) VALUES ('Jody Tomlin','3104');
INSERT INTO `publisher_book`(`publisher`, `entryid`) VALUES ('Pudenz Inc.','3104');
INSERT INTO `entry`(`entryid`,`type`) VALUES('3105','b');
INSERT INTO `book`(`title`,`entryid`,`isbn`,`type`) VALUES('Armenian because of poikilitic Tax','3105','9373412112102','b');
INSERT INTO `genre_book`(`genre`, `entryid`) VALUES ('Adventure','3105');
INSERT INTO `author`(`name`,`birthyear`,`deathyear`) VALUES('Meryl Petta','1979','2025');
INSERT INTO `author_book`(`author`, `entryid`) VALUES ('Meryl Petta','3105');
INSERT INTO `publisher_book`(`publisher`, `entryid`) VALUES ('Luchenbill Inc.','3105');
INSERT INTO `entry`(`entryid`,`type`) VALUES('3106','b');
INSERT INTO `book`(`title`,`entryid`,`isbn`,`type`) VALUES('Parade against Plant','3106','9713129492589','b');
INSERT INTO `genre_book`(`genre`, `entryid`) VALUES ('Science','3106');
INSERT INTO `author`(`name`,`birthyear`,`deathyear`) VALUES('Charla Sarni','1882','1928');
INSERT INTO `author_book`(`author`, `entryid`) VALUES ('Charla Sarni','3106');
INSERT INTO `publisher_book`(`publisher`, `entryid`) VALUES ('Garfield Publishers.','3106');
INSERT INTO `entry`(`entryid`,`type`) VALUES('3107','b');
INSERT INTO `book`(`title`,`entryid`,`isbn`,`type`) VALUES('Boat and the Zoology','3107','9391832677370','j');
INSERT INTO `genre_book`(`genre`, `entryid`) VALUES ('Science','3107');
INSERT INTO `author_book`(`author`, `entryid`) VALUES ('Vernita Jensrud','3107');
INSERT INTO `publisher_book`(`publisher`, `entryid`) VALUES ('Bedson Inc.','3107');
INSERT INTO `entry`(`entryid`,`type`) VALUES('3108','b');
INSERT INTO `book`(`title`,`entryid`,`isbn`,`type`) VALUES('Condor with the Woolen','3108','9111630136829','b');
INSERT INTO `genre_book`(`genre`, `entryid`) VALUES ('Romance','3108');
INSERT INTO `author`(`name`,`birthyear`,`deathyear`) VALUES('Winona Hoye','1911','1960');
INSERT INTO `author_book`(`author`, `entryid`) VALUES ('Winona Hoye','3108');
INSERT INTO `publisher_book`(`publisher`, `entryid`) VALUES ('Wehbe Cooperations.','3108');
INSERT INTO `entry`(`entryid`,`type`) VALUES('3109','b');
INSERT INTO `book`(`title`,`entryid`,`isbn`,`type`) VALUES('Poppy for the Camel','3109','0478703293216','j');
INSERT INTO `genre_book`(`genre`, `entryid`) VALUES ('Horror','3109');
INSERT INTO `author_book`(`author`, `entryid`) VALUES ('Seth Paup','3109');
INSERT INTO `publisher_book`(`publisher`, `entryid`) VALUES ('Didyk Inc.','3109');
INSERT INTO `entry`(`entryid`,`type`) VALUES('3110','b');
INSERT INTO `book`(`title`,`entryid`,`isbn`,`type`) VALUES('Newsstand with unspoilt Pilot','3110','9627803197729','e');
INSERT INTO `genre_book`(`genre`, `entryid`) VALUES ('Thriller','3110');
INSERT INTO `author`(`name`,`birthyear`,`deathyear`) VALUES('Alyse Bose','1958','1989');
INSERT INTO `author_book`(`author`, `entryid`) VALUES ('Alyse Bose','3110');
INSERT INTO `publisher_book`(`publisher`, `entryid`) VALUES ('Mandril Inc.','3110');
INSERT INTO `entry`(`entryid`,`type`) VALUES('3111','b');
INSERT INTO `book`(`title`,`entryid`,`isbn`,`type`) VALUES('Balinese for the Objective','3111','0443712628328','e');
INSERT INTO `genre_book`(`genre`, `entryid`) VALUES ('Horror','3111');
INSERT INTO `author`(`name`,`birthyear`,`deathyear`) VALUES('Dennis Musto','1934','2031');
INSERT INTO `author_book`(`author`, `entryid`) VALUES ('Dennis Musto','3111');
INSERT INTO `publisher_book`(`publisher`, `entryid`) VALUES ('Blan Inc.','3111');
INSERT INTO `entry`(`entryid`,`type`) VALUES('3112','b');
INSERT INTO `book`(`title`,`entryid`,`isbn`,`type`) VALUES('Yogurt and the tongue-in-cheek Attic','3112','0721440860810','b');
INSERT INTO `genre_book`(`genre`, `entryid`) VALUES ('Sci-Fi','3112');
INSERT INTO `author`(`name`,`birthyear`,`deathyear`) VALUES('Kristy Cannatella','1904','1995');
INSERT INTO `author_book`(`author`, `entryid`) VALUES ('Kristy Cannatella','3112');
INSERT INTO `publisher_book`(`publisher`, `entryid`) VALUES ('Sures Publishers.','3112');
INSERT INTO `entry`(`entryid`,`type`) VALUES('3113','b');
INSERT INTO `book`(`title`,`entryid`,`isbn`,`type`) VALUES('Musician against the Syrup','3113','9650492315255','b');
INSERT INTO `genre_book`(`genre`, `entryid`) VALUES ('Sci-Fi','3113');
INSERT INTO `author_book`(`author`, `entryid`) VALUES ('Angelika Passantino','3113');
INSERT INTO `publisher_book`(`publisher`, `entryid`) VALUES ('Sistek Cooperations.','3113');
INSERT INTO `entry`(`entryid`,`type`) VALUES('3114','b');
INSERT INTO `book`(`title`,`entryid`,`isbn`,`type`) VALUES('Dancer and the Ease','3114','9721673359569','b');
INSERT INTO `genre_book`(`genre`, `entryid`) VALUES ('Adventure','3114');
INSERT INTO `author_book`(`author`, `entryid`) VALUES ('Marg Cunnington','3114');
INSERT INTO `publisher_book`(`publisher`, `entryid`) VALUES ('Klumph Inc.','3114');
INSERT INTO `entry`(`entryid`,`type`) VALUES('3115','b');
INSERT INTO `book`(`title`,`entryid`,`isbn`,`type`) VALUES('Recess for the Metal','3115','0070862330913','j');
INSERT INTO `genre_book`(`genre`, `entryid`) VALUES ('Horror','3115');
INSERT INTO `author_book`(`author`, `entryid`) VALUES ('Fe Chavies','3115');
INSERT INTO `publisher_book`(`publisher`, `entryid`) VALUES ('Reinders Inc.','3115');
INSERT INTO `entry`(`entryid`,`type`) VALUES('3116','b');
INSERT INTO `book`(`title`,`entryid`,`isbn`,`type`) VALUES('Cover in Shingle','3116','0441712721673','e');
INSERT INTO `genre_book`(`genre`, `entryid`) VALUES ('Horror','3116');
INSERT INTO `author_book`(`author`, `entryid`) VALUES ('Phylis Baughan','3116');
INSERT INTO `publisher_book`(`publisher`, `entryid`) VALUES ('Pery Cooperations.','3116');
INSERT INTO `entry`(`entryid`,`type`) VALUES('3117','b');
INSERT INTO `book`(`title`,`entryid`,`isbn`,`type`) VALUES('Wind against Ostrich','3117','0156051878813','e');
INSERT INTO `genre_book`(`genre`, `entryid`) VALUES ('Horror','3117');
INSERT INTO `author`(`name`,`birthyear`,`deathyear`) VALUES('Syble Turpen','1943','2000');
INSERT INTO `author_book`(`author`, `entryid`) VALUES ('Syble Turpen','3117');
INSERT INTO `publisher_book`(`publisher`, `entryid`) VALUES ('Cotner Cooperations.','3117');
INSERT INTO `entry`(`entryid`,`type`) VALUES('3118','b');
INSERT INTO `book`(`title`,`entryid`,`isbn`,`type`) VALUES('Spandex for the Option','3118','9178683830303','b');
INSERT INTO `genre_book`(`genre`, `entryid`) VALUES ('Education','3118');
INSERT INTO `author`(`name`,`birthyear`,`deathyear`) VALUES('Kallie Stumme','1897','1991');
INSERT INTO `author_book`(`author`, `entryid`) VALUES ('Kallie Stumme','3118');
INSERT INTO `publisher_book`(`publisher`, `entryid`) VALUES ('Fiebich Cooperations.','3118');
INSERT INTO `entry`(`entryid`,`type`) VALUES('3119','b');
INSERT INTO `book`(`title`,`entryid`,`isbn`,`type`) VALUES('Justice against the Certification','3119','9840862714242','j');
INSERT INTO `genre_book`(`genre`, `entryid`) VALUES ('Thriller','3119');
INSERT INTO `author_book`(`author`, `entryid`) VALUES ('Latarsha Tatu','3119');
INSERT INTO `publisher_book`(`publisher`, `entryid`) VALUES ('Papaleo Publishers.','3119');
INSERT INTO `entry`(`entryid`,`type`) VALUES('3120','b');
INSERT INTO `book`(`title`,`entryid`,`isbn`,`type`) VALUES('Sphynx because of exercisable Criminal','3120','9045957958410','j');
INSERT INTO `genre_book`(`genre`, `entryid`) VALUES ('Adventure','3120');
INSERT INTO `author_book`(`author`, `entryid`) VALUES ('Eva Barkema','3120');
INSERT INTO `publisher_book`(`publisher`, `entryid`) VALUES ('Stjohn Publishers.','3120');
INSERT INTO `entry`(`entryid`,`type`) VALUES('3121','b');
INSERT INTO `book`(`title`,`entryid`,`isbn`,`type`) VALUES('C-clamp against weest July','3121','9593653038178','b');
INSERT INTO `genre_book`(`genre`, `entryid`) VALUES ('Education','3121');
INSERT INTO `author`(`name`,`birthyear`,`deathyear`) VALUES('Queen Massar','1933','2022');
INSERT INTO `author_book`(`author`, `entryid`) VALUES ('Queen Massar','3121');
INSERT INTO `publisher_book`(`publisher`, `entryid`) VALUES ('Duhon Publishers.','3121');
INSERT INTO `entry`(`entryid`,`type`) VALUES('3122','b');
INSERT INTO `book`(`title`,`entryid`,`isbn`,`type`) VALUES('Fine vs. bigheaded Respect','3122','0169599867670','b');
INSERT INTO `genre_book`(`genre`, `entryid`) VALUES ('Horror','3122');
INSERT INTO `author`(`name`,`birthyear`,`deathyear`) VALUES('Paz Skildum','1920','2000');
INSERT INTO `author_book`(`author`, `entryid`) VALUES ('Paz Skildum','3122');
INSERT INTO `publisher_book`(`publisher`, `entryid`) VALUES ('Neuman Cooperations.','3122');
INSERT INTO `entry`(`entryid`,`type`) VALUES('3123','b');
INSERT INTO `book`(`title`,`entryid`,`isbn`,`type`) VALUES('Ant to Nail','3123','9689070932573','b');
INSERT INTO `genre_book`(`genre`, `entryid`) VALUES ('Adventure','3123');
INSERT INTO `author`(`name`,`birthyear`,`deathyear`) VALUES('Stacy Bacher','1963','2061');
INSERT INTO `author_book`(`author`, `entryid`) VALUES ('Stacy Bacher','3123');
INSERT INTO `publisher_book`(`publisher`, `entryid`) VALUES ('Batrum Inc.','3123');
INSERT INTO `entry`(`entryid`,`type`) VALUES('3124','b');
INSERT INTO `book`(`title`,`entryid`,`isbn`,`type`) VALUES('Art with the resistible Sleet','3124','0489895303138','b');
INSERT INTO `genre_book`(`genre`, `entryid`) VALUES ('Thriller','3124');
INSERT INTO `author`(`name`,`birthyear`,`deathyear`) VALUES('Zora Slovacek','1929','1979');
INSERT INTO `author_book`(`author`, `entryid`) VALUES ('Zora Slovacek','3124');
INSERT INTO `publisher_book`(`publisher`, `entryid`) VALUES ('Shuffstall Cooperations.','3124');
INSERT INTO `entry`(`entryid`,`type`) VALUES('3125','b');
INSERT INTO `book`(`title`,`entryid`,`isbn`,`type`) VALUES('Exchange and Suggestion','3125','0157198718608','e');
INSERT INTO `genre_book`(`genre`, `entryid`) VALUES ('Horror','3125');
INSERT INTO `author`(`name`,`birthyear`,`deathyear`) VALUES('Juanita Fulford','1927','1987');
INSERT INTO `author_book`(`author`, `entryid`) VALUES ('Juanita Fulford','3125');
INSERT INTO `publisher_book`(`publisher`, `entryid`) VALUES ('Holshovser Publishers.','3125');
INSERT INTO `entry`(`entryid`,`type`) VALUES('3126','b');
INSERT INTO `book`(`title`,`entryid`,`isbn`,`type`) VALUES('Sardine for the watered-down Archaeology','3126','0492080784224','j');
INSERT INTO `genre_book`(`genre`, `entryid`) VALUES ('Science','3126');
INSERT INTO `author`(`name`,`birthyear`,`deathyear`) VALUES('Stefania Abbenante','1888','1938');
INSERT INTO `author_book`(`author`, `entryid`) VALUES ('Stefania Abbenante','3126');
INSERT INTO `publisher_book`(`publisher`, `entryid`) VALUES ('Cygan Inc.','3126');
INSERT INTO `entry`(`entryid`,`type`) VALUES('3127','b');
INSERT INTO `book`(`title`,`entryid`,`isbn`,`type`) VALUES('Equipment by the Oxygen','3127','0973366680475','e');
INSERT INTO `genre_book`(`genre`, `entryid`) VALUES ('Sci-Fi','3127');
INSERT INTO `author_book`(`author`, `entryid`) VALUES ('Kathe Millard','3127');
INSERT INTO `publisher_book`(`publisher`, `entryid`) VALUES ('Shuffstall Cooperations.','3127');
INSERT INTO `entry`(`entryid`,`type`) VALUES('3128','b');
INSERT INTO `book`(`title`,`entryid`,`isbn`,`type`) VALUES('Bass of Cyrillic Hourglass','3128','0063914911912','b');
INSERT INTO `genre_book`(`genre`, `entryid`) VALUES ('Horror','3128');
INSERT INTO `author`(`name`,`birthyear`,`deathyear`) VALUES('Alphonse Torbeck','1948','2037');
INSERT INTO `author_book`(`author`, `entryid`) VALUES ('Alphonse Torbeck','3128');
INSERT INTO `publisher_book`(`publisher`, `entryid`) VALUES ('Norse Inc.','3128');
INSERT INTO `entry`(`entryid`,`type`) VALUES('3129','b');
INSERT INTO `book`(`title`,`entryid`,`isbn`,`type`) VALUES('Pastry for unlike Handsaw','3129','9284311387702','b');
INSERT INTO `genre_book`(`genre`, `entryid`) VALUES ('Adventure','3129');
INSERT INTO `author`(`name`,`birthyear`,`deathyear`) VALUES('Roxann Schuchard','1963','2049');
INSERT INTO `author_book`(`author`, `entryid`) VALUES ('Roxann Schuchard','3129');
INSERT INTO `publisher_book`(`publisher`, `entryid`) VALUES ('Loveall Cooperations.','3129');
INSERT INTO `entry`(`entryid`,`type`) VALUES('3130','b');
INSERT INTO `book`(`title`,`entryid`,`isbn`,`type`) VALUES('Motorcycle of ruttier Mother-in-law','3130','0364653278518','j');
INSERT INTO `genre_book`(`genre`, `entryid`) VALUES ('Thriller','3130');
INSERT INTO `author_book`(`author`, `entryid`) VALUES ('Leighann Metott','3130');
INSERT INTO `publisher`(`name`) VALUES ('Foti Cooperations.');
INSERT INTO `publisher_book`(`publisher`, `entryid`) VALUES ('Foti Cooperations.','3130');
INSERT INTO `entry`(`entryid`,`type`) VALUES('3131','b');
INSERT INTO `book`(`title`,`entryid`,`isbn`,`type`) VALUES('Richard of the Tempo','3131','9406425200041','j');
INSERT INTO `genre_book`(`genre`, `entryid`) VALUES ('Thriller','3131');
INSERT INTO `author_book`(`author`, `entryid`) VALUES ('Angel Ashkettle','3131');
INSERT INTO `publisher_book`(`publisher`, `entryid`) VALUES ('Egley Cooperations.','3131');
INSERT INTO `entry`(`entryid`,`type`) VALUES('3132','b');
INSERT INTO `book`(`title`,`entryid`,`isbn`,`type`) VALUES('Spike to Foxglove','3132','9241166092489','j');
INSERT INTO `genre_book`(`genre`, `entryid`) VALUES ('Science','3132');
INSERT INTO `author`(`name`,`birthyear`,`deathyear`) VALUES('Jeffry Stecklair','1969','2051');
INSERT INTO `author_book`(`author`, `entryid`) VALUES ('Jeffry Stecklair','3132');
INSERT INTO `publisher_book`(`publisher`, `entryid`) VALUES ('Welty Inc.','3132');
INSERT INTO `entry`(`entryid`,`type`) VALUES('3133','b');
INSERT INTO `book`(`title`,`entryid`,`isbn`,`type`) VALUES('Baby for the Ukrainian','3133','0612787147148','b');
INSERT INTO `genre_book`(`genre`, `entryid`) VALUES ('Adventure','3133');
INSERT INTO `author_book`(`author`, `entryid`) VALUES ('Shoshana Vigiano','3133');
INSERT INTO `publisher_book`(`publisher`, `entryid`) VALUES ('Armada Cooperations.','3133');
INSERT INTO `entry`(`entryid`,`type`) VALUES('3134','b');
INSERT INTO `book`(`title`,`entryid`,`isbn`,`type`) VALUES('Fowl and the Glider','3134','0237576834718','b');
INSERT INTO `genre_book`(`genre`, `entryid`) VALUES ('Education','3134');
INSERT INTO `author_book`(`author`, `entryid`) VALUES ('Keesha Tarangelo','3134');
INSERT INTO `publisher_book`(`publisher`, `entryid`) VALUES ('Gardino Publishers.','3134');
INSERT INTO `entry`(`entryid`,`type`) VALUES('3135','b');
INSERT INTO `book`(`title`,`entryid`,`isbn`,`type`) VALUES('Mine by amphictyonic Motorboat','3135','0731615276565','j');
INSERT INTO `genre_book`(`genre`, `entryid`) VALUES ('Horror','3135');
INSERT INTO `author_book`(`author`, `entryid`) VALUES ('Sachiko Higham','3135');
INSERT INTO `publisher_book`(`publisher`, `entryid`) VALUES ('Excell Inc.','3135');
INSERT INTO `entry`(`entryid`,`type`) VALUES('3136','b');
INSERT INTO `book`(`title`,`entryid`,`isbn`,`type`) VALUES('Pickle of the zoochemical Wilderness','3136','0336731246304','j');
INSERT INTO `genre_book`(`genre`, `entryid`) VALUES ('Thriller','3136');
INSERT INTO `author_book`(`author`, `entryid`) VALUES ('Danny Gilhooly','3136');
INSERT INTO `publisher_book`(`publisher`, `entryid`) VALUES ('Deckelman Cooperations.','3136');
INSERT INTO `entry`(`entryid`,`type`) VALUES('3137','b');
INSERT INTO `book`(`title`,`entryid`,`isbn`,`type`) VALUES('Children to Grape','3137','0430036223384','b');
INSERT INTO `genre_book`(`genre`, `entryid`) VALUES ('Thriller','3137');
INSERT INTO `author`(`name`,`birthyear`,`deathyear`) VALUES('Sage Knavel','1935','2022');
INSERT INTO `author_book`(`author`, `entryid`) VALUES ('Sage Knavel','3137');
INSERT INTO `publisher_book`(`publisher`, `entryid`) VALUES ('Fiebich Cooperations.','3137');
INSERT INTO `entry`(`entryid`,`type`) VALUES('3138','b');
INSERT INTO `book`(`title`,`entryid`,`isbn`,`type`) VALUES('Kiss and Package','3138','0917420229178','e');
INSERT INTO `genre_book`(`genre`, `entryid`) VALUES ('Thriller','3138');
INSERT INTO `author_book`(`author`, `entryid`) VALUES ('Napoleon Vergin','3138');
INSERT INTO `publisher_book`(`publisher`, `entryid`) VALUES ('Trapp Inc.','3138');
INSERT INTO `entry`(`entryid`,`type`) VALUES('3139','b');
INSERT INTO `book`(`title`,`entryid`,`isbn`,`type`) VALUES('Israel against the Icicle','3139','9295080466657','b');
INSERT INTO `genre_book`(`genre`, `entryid`) VALUES ('Adventure','3139');
INSERT INTO `author`(`name`,`birthyear`,`deathyear`) VALUES('Kendrick Brass','1896','1982');
INSERT INTO `author_book`(`author`, `entryid`) VALUES ('Kendrick Brass','3139');
INSERT INTO `publisher_book`(`publisher`, `entryid`) VALUES ('Bigos Inc.','3139');
INSERT INTO `entry`(`entryid`,`type`) VALUES('3140','b');
INSERT INTO `book`(`title`,`entryid`,`isbn`,`type`) VALUES('Soup for doting Starter','3140','0527090598460','j');
INSERT INTO `genre_book`(`genre`, `entryid`) VALUES ('Education','3140');
INSERT INTO `author`(`name`,`birthyear`,`deathyear`) VALUES('Hildred Prem','1952','1990');
INSERT INTO `author_book`(`author`, `entryid`) VALUES ('Hildred Prem','3140');
INSERT INTO `publisher`(`name`) VALUES ('Maxell Publishers.');
INSERT INTO `publisher_book`(`publisher`, `entryid`) VALUES ('Maxell Publishers.','3140');
INSERT INTO `entry`(`entryid`,`type`) VALUES('3141','b');
INSERT INTO `book`(`title`,`entryid`,`isbn`,`type`) VALUES('Taxicab in animate Sailboat','3141','9712085016620','b');
INSERT INTO `genre_book`(`genre`, `entryid`) VALUES ('Science','3141');
INSERT INTO `author`(`name`,`birthyear`,`deathyear`) VALUES('Elida Westerfeld','1976','2039');
INSERT INTO `author_book`(`author`, `entryid`) VALUES ('Elida Westerfeld','3141');
INSERT INTO `publisher_book`(`publisher`, `entryid`) VALUES ('Henscheid Cooperations.','3141');
INSERT INTO `entry`(`entryid`,`type`) VALUES('3142','b');
INSERT INTO `book`(`title`,`entryid`,`isbn`,`type`) VALUES('Wall to well-tried Ravioli','3142','0580006652140','b');
INSERT INTO `genre_book`(`genre`, `entryid`) VALUES ('Science','3142');
INSERT INTO `author_book`(`author`, `entryid`) VALUES ('Markita Linz','3142');
INSERT INTO `publisher_book`(`publisher`, `entryid`) VALUES ('Hrdlicka Inc.','3142');
INSERT INTO `entry`(`entryid`,`type`) VALUES('3143','b');
INSERT INTO `book`(`title`,`entryid`,`isbn`,`type`) VALUES('Wasp against Tower','3143','0777048025882','j');
INSERT INTO `genre_book`(`genre`, `entryid`) VALUES ('Science','3143');
INSERT INTO `author`(`name`,`birthyear`,`deathyear`) VALUES('Norene Strzalkowski','1906','1964');
INSERT INTO `author_book`(`author`, `entryid`) VALUES ('Norene Strzalkowski','3143');
INSERT INTO `publisher_book`(`publisher`, `entryid`) VALUES ('Storbeck Inc.','3143');
INSERT INTO `entry`(`entryid`,`type`) VALUES('3144','b');
INSERT INTO `book`(`title`,`entryid`,`isbn`,`type`) VALUES('Mexico in the Wedge','3144','9576322993818','e');
INSERT INTO `genre_book`(`genre`, `entryid`) VALUES ('Education','3144');
INSERT INTO `author`(`name`,`birthyear`,`deathyear`) VALUES('Kai Valone','1918','1968');
INSERT INTO `author_book`(`author`, `entryid`) VALUES ('Kai Valone','3144');
INSERT INTO `publisher_book`(`publisher`, `entryid`) VALUES ('Haggerty Cooperations.','3144');
INSERT INTO `entry`(`entryid`,`type`) VALUES('3145','b');
INSERT INTO `book`(`title`,`entryid`,`isbn`,`type`) VALUES('Creator by the naval Harbor','3145','9524231503970','j');
INSERT INTO `genre_book`(`genre`, `entryid`) VALUES ('Romance','3145');
INSERT INTO `author`(`name`,`birthyear`,`deathyear`) VALUES('Leone Ply','1965','2050');
INSERT INTO `author_book`(`author`, `entryid`) VALUES ('Leone Ply','3145');
INSERT INTO `publisher_book`(`publisher`, `entryid`) VALUES ('Marentez Inc.','3145');
INSERT INTO `entry`(`entryid`,`type`) VALUES('3146','b');
INSERT INTO `book`(`title`,`entryid`,`isbn`,`type`) VALUES('Wash with the centenarian Gemini','3146','0579494225256','j');
INSERT INTO `genre_book`(`genre`, `entryid`) VALUES ('Education','3146');
INSERT INTO `author`(`name`,`birthyear`,`deathyear`) VALUES('Deangelo Ossola','1938','1991');
INSERT INTO `author_book`(`author`, `entryid`) VALUES ('Deangelo Ossola','3146');
INSERT INTO `publisher_book`(`publisher`, `entryid`) VALUES ('Trnka Inc.','3146');
INSERT INTO `entry`(`entryid`,`type`) VALUES('3147','b');
INSERT INTO `book`(`title`,`entryid`,`isbn`,`type`) VALUES('Battle and the ill Rifle','3147','9465325144244','b');
INSERT INTO `genre_book`(`genre`, `entryid`) VALUES ('Education','3147');
INSERT INTO `author_book`(`author`, `entryid`) VALUES ('Jarrett Marguez','3147');
INSERT INTO `publisher_book`(`publisher`, `entryid`) VALUES ('Kotlar Publishers.','3147');
INSERT INTO `entry`(`entryid`,`type`) VALUES('3148','b');
INSERT INTO `book`(`title`,`entryid`,`isbn`,`type`) VALUES('Octagon for vaporing Poet','3148','0977931259079','b');
INSERT INTO `genre_book`(`genre`, `entryid`) VALUES ('Romance','3148');
INSERT INTO `author_book`(`author`, `entryid`) VALUES ('Yadira Lansberry','3148');
INSERT INTO `publisher_book`(`publisher`, `entryid`) VALUES ('Mascio Cooperations.','3148');
INSERT INTO `entry`(`entryid`,`type`) VALUES('3149','b');
INSERT INTO `book`(`title`,`entryid`,`isbn`,`type`) VALUES('Rabbit with the Australia','3149','9505934069423','b');
INSERT INTO `genre_book`(`genre`, `entryid`) VALUES ('Thriller','3149');
INSERT INTO `author`(`name`,`birthyear`,`deathyear`) VALUES('Dia Spraque','1961','1988');
INSERT INTO `author_book`(`author`, `entryid`) VALUES ('Dia Spraque','3149');
INSERT INTO `publisher_book`(`publisher`, `entryid`) VALUES ('Aplington Inc.','3149');
INSERT INTO `entry`(`entryid`,`type`) VALUES('3150','b');
INSERT INTO `book`(`title`,`entryid`,`isbn`,`type`) VALUES('Sex in evadable Headline','3150','9338489079416','j');
INSERT INTO `genre_book`(`genre`, `entryid`) VALUES ('Adventure','3150');
INSERT INTO `author`(`name`,`birthyear`,`deathyear`) VALUES('Theda Lanford','1928','1956');
INSERT INTO `author_book`(`author`, `entryid`) VALUES ('Theda Lanford','3150');
INSERT INTO `publisher`(`name`) VALUES ('Tanton Publishers.');
INSERT INTO `publisher_book`(`publisher`, `entryid`) VALUES ('Tanton Publishers.','3150');
INSERT INTO `entry`(`entryid`,`type`) VALUES('3151','b');
INSERT INTO `book`(`title`,`entryid`,`isbn`,`type`) VALUES('Girl in Black','3151','0782035020834','b');
INSERT INTO `genre_book`(`genre`, `entryid`) VALUES ('Romance','3151');
INSERT INTO `author_book`(`author`, `entryid`) VALUES ('Francis Stoliker','3151');
INSERT INTO `publisher_book`(`publisher`, `entryid`) VALUES ('Farber Publishers.','3151');
INSERT INTO `entry`(`entryid`,`type`) VALUES('3152','b');
INSERT INTO `book`(`title`,`entryid`,`isbn`,`type`) VALUES('Jam for the Warm','3152','0004662335523','j');
INSERT INTO `genre_book`(`genre`, `entryid`) VALUES ('Science','3152');
INSERT INTO `author`(`name`,`birthyear`,`deathyear`) VALUES('Shellie Herdes','1941','2020');
INSERT INTO `author_book`(`author`, `entryid`) VALUES ('Shellie Herdes','3152');
INSERT INTO `publisher_book`(`publisher`, `entryid`) VALUES ('Birr Publishers.','3152');
INSERT INTO `entry`(`entryid`,`type`) VALUES('3153','b');
INSERT INTO `book`(`title`,`entryid`,`isbn`,`type`) VALUES('Piccolo vs. forspent Kitchen','3153','9677873399701','e');
INSERT INTO `genre_book`(`genre`, `entryid`) VALUES ('Horror','3153');
INSERT INTO `author`(`name`,`birthyear`,`deathyear`) VALUES('Toney Heverin','1882','1963');
INSERT INTO `author_book`(`author`, `entryid`) VALUES ('Toney Heverin','3153');
INSERT INTO `publisher_book`(`publisher`, `entryid`) VALUES ('Yazzi Publishers.','3153');
INSERT INTO `entry`(`entryid`,`type`) VALUES('3154','b');
INSERT INTO `book`(`title`,`entryid`,`isbn`,`type`) VALUES('Bull against the Noise','3154','0103225988838','j');
INSERT INTO `genre_book`(`genre`, `entryid`) VALUES ('Education','3154');
INSERT INTO `author`(`name`,`birthyear`,`deathyear`) VALUES('Rene Gaytan','1978','2028');
INSERT INTO `author_book`(`author`, `entryid`) VALUES ('Rene Gaytan','3154');
INSERT INTO `publisher_book`(`publisher`, `entryid`) VALUES ('Inlow Inc.','3154');
INSERT INTO `entry`(`entryid`,`type`) VALUES('3155','b');
INSERT INTO `book`(`title`,`entryid`,`isbn`,`type`) VALUES('Band and the License','3155','0669851716997','b');
INSERT INTO `genre_book`(`genre`, `entryid`) VALUES ('Thriller','3155');
INSERT INTO `author_book`(`author`, `entryid`) VALUES ('Faviola Gehman','3155');
INSERT INTO `publisher_book`(`publisher`, `entryid`) VALUES ('Wood Inc.','3155');
INSERT INTO `entry`(`entryid`,`type`) VALUES('3156','b');
INSERT INTO `book`(`title`,`entryid`,`isbn`,`type`) VALUES('Crayon against Hardboard','3156','9006540788807','b');
INSERT INTO `genre_book`(`genre`, `entryid`) VALUES ('Adventure','3156');
INSERT INTO `author`(`name`,`birthyear`,`deathyear`) VALUES('France Bettenhausen','1926','1960');
INSERT INTO `author_book`(`author`, `entryid`) VALUES ('France Bettenhausen','3156');
INSERT INTO `publisher_book`(`publisher`, `entryid`) VALUES ('Czerniak Inc.','3156');
INSERT INTO `entry`(`entryid`,`type`) VALUES('3157','b');
INSERT INTO `book`(`title`,`entryid`,`isbn`,`type`) VALUES('Change by the direct Quilt','3157','9753857757332','b');
INSERT INTO `genre_book`(`genre`, `entryid`) VALUES ('Romance','3157');
INSERT INTO `author_book`(`author`, `entryid`) VALUES ('Bart Khalaf','3157');
INSERT INTO `publisher_book`(`publisher`, `entryid`) VALUES ('Salvatori Inc.','3157');
INSERT INTO `entry`(`entryid`,`type`) VALUES('3158','b');
INSERT INTO `book`(`title`,`entryid`,`isbn`,`type`) VALUES('Pasta in the Editorial','3158','0551353569022','b');
INSERT INTO `genre_book`(`genre`, `entryid`) VALUES ('Adventure','3158');
INSERT INTO `author`(`name`,`birthyear`,`deathyear`) VALUES('Heather Booty','1963','2011');
INSERT INTO `author_book`(`author`, `entryid`) VALUES ('Heather Booty','3158');
INSERT INTO `publisher_book`(`publisher`, `entryid`) VALUES ('Nierman Inc.','3158');
INSERT INTO `entry`(`entryid`,`type`) VALUES('3159','b');
INSERT INTO `book`(`title`,`entryid`,`isbn`,`type`) VALUES('Sandwich of unruffable Gliding','3159','9281975812745','j');
INSERT INTO `genre_book`(`genre`, `entryid`) VALUES ('Sci-Fi','3159');
INSERT INTO `author_book`(`author`, `entryid`) VALUES ('Xenia Ahrenholtz','3159');
INSERT INTO `publisher_book`(`publisher`, `entryid`) VALUES ('Cormican Inc.','3159');
INSERT INTO `entry`(`entryid`,`type`) VALUES('3160','b');
INSERT INTO `book`(`title`,`entryid`,`isbn`,`type`) VALUES('Tugboat of the Gas','3160','9395246714641','e');
INSERT INTO `genre_book`(`genre`, `entryid`) VALUES ('Horror','3160');
INSERT INTO `author_book`(`author`, `entryid`) VALUES ('Alexander Pryde','3160');
INSERT INTO `publisher_book`(`publisher`, `entryid`) VALUES ('Poirer Cooperations.','3160');
INSERT INTO `entry`(`entryid`,`type`) VALUES('3161','b');
INSERT INTO `book`(`title`,`entryid`,`isbn`,`type`) VALUES('Titanium and the Hygienic','3161','0269571199739','e');
INSERT INTO `genre_book`(`genre`, `entryid`) VALUES ('Adventure','3161');
INSERT INTO `author`(`name`,`birthyear`,`deathyear`) VALUES('Erin Beale','1916','2005');
INSERT INTO `author_book`(`author`, `entryid`) VALUES ('Erin Beale','3161');
INSERT INTO `publisher_book`(`publisher`, `entryid`) VALUES ('Kindlimann Inc.','3161');
INSERT INTO `entry`(`entryid`,`type`) VALUES('3162','b');
INSERT INTO `book`(`title`,`entryid`,`isbn`,`type`) VALUES('Gander of Tablecloth','3162','9128009939906','b');
INSERT INTO `genre_book`(`genre`, `entryid`) VALUES ('Science','3162');
INSERT INTO `author`(`name`,`birthyear`,`deathyear`) VALUES('Roscoe Donathan','1932','2022');
INSERT INTO `author_book`(`author`, `entryid`) VALUES ('Roscoe Donathan','3162');
INSERT INTO `publisher_book`(`publisher`, `entryid`) VALUES ('Shamily Inc.','3162');
INSERT INTO `entry`(`entryid`,`type`) VALUES('3163','b');
INSERT INTO `book`(`title`,`entryid`,`isbn`,`type`) VALUES('White against half-cocked Pea','3163','9936364437161','e');
INSERT INTO `genre_book`(`genre`, `entryid`) VALUES ('Adventure','3163');
INSERT INTO `author_book`(`author`, `entryid`) VALUES ('Danette Feirer','3163');
INSERT INTO `publisher_book`(`publisher`, `entryid`) VALUES ('Larman Publishers.','3163');
INSERT INTO `entry`(`entryid`,`type`) VALUES('3164','b');
INSERT INTO `book`(`title`,`entryid`,`isbn`,`type`) VALUES('Backbone of the reanimated Damage','3164','9670526920012','j');
INSERT INTO `genre_book`(`genre`, `entryid`) VALUES ('Science','3164');
INSERT INTO `author_book`(`author`, `entryid`) VALUES ('Dirk Pherigo','3164');
INSERT INTO `publisher_book`(`publisher`, `entryid`) VALUES ('Kopf Cooperations.','3164');
INSERT INTO `entry`(`entryid`,`type`) VALUES('3165','b');
INSERT INTO `book`(`title`,`entryid`,`isbn`,`type`) VALUES('Crocodile with covariant Lettuce','3165','0112620891305','j');
INSERT INTO `genre_book`(`genre`, `entryid`) VALUES ('Romance','3165');
INSERT INTO `author_book`(`author`, `entryid`) VALUES ('Kara Europe','3165');
INSERT INTO `publisher`(`name`) VALUES ('Kronenberg Publishers.');
INSERT INTO `publisher_book`(`publisher`, `entryid`) VALUES ('Kronenberg Publishers.','3165');
INSERT INTO `entry`(`entryid`,`type`) VALUES('3166','b');
INSERT INTO `book`(`title`,`entryid`,`isbn`,`type`) VALUES('Buffer of the Railway','3166','0330349206614','e');
INSERT INTO `genre_book`(`genre`, `entryid`) VALUES ('Education','3166');
INSERT INTO `author`(`name`,`birthyear`,`deathyear`) VALUES('Soila Cruise','1895','1916');
INSERT INTO `author_book`(`author`, `entryid`) VALUES ('Soila Cruise','3166');
INSERT INTO `publisher_book`(`publisher`, `entryid`) VALUES ('Akkerman Publishers.','3166');
INSERT INTO `entry`(`entryid`,`type`) VALUES('3167','b');
INSERT INTO `book`(`title`,`entryid`,`isbn`,`type`) VALUES('Doctor to Product','3167','9302950772364','b');
INSERT INTO `genre_book`(`genre`, `entryid`) VALUES ('Sci-Fi','3167');
INSERT INTO `author`(`name`,`birthyear`,`deathyear`) VALUES('Tiesha Hosea','1902','1930');
INSERT INTO `author_book`(`author`, `entryid`) VALUES ('Tiesha Hosea','3167');
INSERT INTO `publisher_book`(`publisher`, `entryid`) VALUES ('Ruozzo Cooperations.','3167');
INSERT INTO `entry`(`entryid`,`type`) VALUES('3168','b');
INSERT INTO `book`(`title`,`entryid`,`isbn`,`type`) VALUES('Coffee in corroborated Death','3168','0963938056937','e');
INSERT INTO `genre_book`(`genre`, `entryid`) VALUES ('Education','3168');
INSERT INTO `author_book`(`author`, `entryid`) VALUES ('Felice Malloy','3168');
INSERT INTO `publisher_book`(`publisher`, `entryid`) VALUES ('Blan Inc.','3168');
INSERT INTO `entry`(`entryid`,`type`) VALUES('3169','b');
INSERT INTO `book`(`title`,`entryid`,`isbn`,`type`) VALUES('Partridge of the comfortable Wish','3169','9869238177948','e');
INSERT INTO `genre_book`(`genre`, `entryid`) VALUES ('Adventure','3169');
INSERT INTO `author_book`(`author`, `entryid`) VALUES ('Emilie Casbarro','3169');
INSERT INTO `publisher_book`(`publisher`, `entryid`) VALUES ('Lundblad Inc.','3169');
INSERT INTO `entry`(`entryid`,`type`) VALUES('3170','b');
INSERT INTO `book`(`title`,`entryid`,`isbn`,`type`) VALUES('Property of the Great-grandmother','3170','0217778725469','b');
INSERT INTO `genre_book`(`genre`, `entryid`) VALUES ('Horror','3170');
INSERT INTO `author_book`(`author`, `entryid`) VALUES ('Shavonne Boundy','3170');
INSERT INTO `publisher_book`(`publisher`, `entryid`) VALUES ('Litwin Publishers.','3170');
INSERT INTO `entry`(`entryid`,`type`) VALUES('3171','b');
INSERT INTO `book`(`title`,`entryid`,`isbn`,`type`) VALUES('License against the wayward Rocket','3171','9626161972594','b');
INSERT INTO `genre_book`(`genre`, `entryid`) VALUES ('Education','3171');
INSERT INTO `author`(`name`,`birthyear`,`deathyear`) VALUES('Vernell Gauna','1906','1957');
INSERT INTO `author_book`(`author`, `entryid`) VALUES ('Vernell Gauna','3171');
INSERT INTO `publisher_book`(`publisher`, `entryid`) VALUES ('Deckelman Cooperations.','3171');
INSERT INTO `entry`(`entryid`,`type`) VALUES('3172','b');
INSERT INTO `book`(`title`,`entryid`,`isbn`,`type`) VALUES('Judge of grating Format','3172','9044848934219','j');
INSERT INTO `genre_book`(`genre`, `entryid`) VALUES ('Science','3172');
INSERT INTO `author`(`name`,`birthyear`,`deathyear`) VALUES('Ashlyn Rother','1917','2007');
INSERT INTO `author_book`(`author`, `entryid`) VALUES ('Ashlyn Rother','3172');
INSERT INTO `publisher_book`(`publisher`, `entryid`) VALUES ('Derenzi Publishers.','3172');
INSERT INTO `entry`(`entryid`,`type`) VALUES('3173','b');
INSERT INTO `book`(`title`,`entryid`,`isbn`,`type`) VALUES('Rowboat by Comfort','3173','0574976590308','j');
INSERT INTO `genre_book`(`genre`, `entryid`) VALUES ('Sci-Fi','3173');
INSERT INTO `author_book`(`author`, `entryid`) VALUES ('France Bettenhausen','3173');
INSERT INTO `publisher_book`(`publisher`, `entryid`) VALUES ('Letang Cooperations.','3173');
INSERT INTO `entry`(`entryid`,`type`) VALUES('3174','b');
INSERT INTO `book`(`title`,`entryid`,`isbn`,`type`) VALUES('Emery against House','3174','9687415782641','e');
INSERT INTO `genre_book`(`genre`, `entryid`) VALUES ('Sci-Fi','3174');
INSERT INTO `author`(`name`,`birthyear`,`deathyear`) VALUES('Lara Shrimplin','1931','1959');
INSERT INTO `author_book`(`author`, `entryid`) VALUES ('Lara Shrimplin','3174');
INSERT INTO `publisher_book`(`publisher`, `entryid`) VALUES ('Coreas Inc.','3174');
INSERT INTO `entry`(`entryid`,`type`) VALUES('3175','b');
INSERT INTO `book`(`title`,`entryid`,`isbn`,`type`) VALUES('Notebook because of unfelled Correspondent','3175','0390511889335','b');
INSERT INTO `genre_book`(`genre`, `entryid`) VALUES ('Science','3175');
INSERT INTO `author_book`(`author`, `entryid`) VALUES ('Eulah Lalonde','3175');
INSERT INTO `publisher_book`(`publisher`, `entryid`) VALUES ('Derenzi Publishers.','3175');
INSERT INTO `entry`(`entryid`,`type`) VALUES('3176','b');
INSERT INTO `book`(`title`,`entryid`,`isbn`,`type`) VALUES('Paperback and funereal Trial','3176','0587748350235','e');
INSERT INTO `genre_book`(`genre`, `entryid`) VALUES ('Education','3176');
INSERT INTO `author`(`name`,`birthyear`,`deathyear`) VALUES('Mistie Bentson','1945','2010');
INSERT INTO `author_book`(`author`, `entryid`) VALUES ('Mistie Bentson','3176');
INSERT INTO `publisher_book`(`publisher`, `entryid`) VALUES ('Lanphere Cooperations.','3176');
INSERT INTO `entry`(`entryid`,`type`) VALUES('3177','b');
INSERT INTO `book`(`title`,`entryid`,`isbn`,`type`) VALUES('Taxicab against Columnist','3177','9812318073995','b');
INSERT INTO `genre_book`(`genre`, `entryid`) VALUES ('Thriller','3177');
INSERT INTO `author_book`(`author`, `entryid`) VALUES ('Chau Redden','3177');
INSERT INTO `publisher_book`(`publisher`, `entryid`) VALUES ('Moraitis Inc.','3177');
INSERT INTO `entry`(`entryid`,`type`) VALUES('3178','b');
INSERT INTO `book`(`title`,`entryid`,`isbn`,`type`) VALUES('Loan to the colloquial Cushion','3178','9037292226664','e');
INSERT INTO `genre_book`(`genre`, `entryid`) VALUES ('Thriller','3178');
INSERT INTO `author_book`(`author`, `entryid`) VALUES ('Debrah Arndorfer','3178');
INSERT INTO `publisher_book`(`publisher`, `entryid`) VALUES ('Durousseau Inc.','3178');
INSERT INTO `entry`(`entryid`,`type`) VALUES('3179','b');
INSERT INTO `book`(`title`,`entryid`,`isbn`,`type`) VALUES('Sack and overall Crayfish','3179','0197418780173','b');
INSERT INTO `genre_book`(`genre`, `entryid`) VALUES ('Sci-Fi','3179');
INSERT INTO `author`(`name`,`birthyear`,`deathyear`) VALUES('Wynell Ploense','1920','2000');
INSERT INTO `author_book`(`author`, `entryid`) VALUES ('Wynell Ploense','3179');
INSERT INTO `publisher_book`(`publisher`, `entryid`) VALUES ('Luangamath Inc.','3179');
INSERT INTO `entry`(`entryid`,`type`) VALUES('3180','b');
INSERT INTO `book`(`title`,`entryid`,`isbn`,`type`) VALUES('Betty of three-way Kitten','3180','0758378388184','b');
INSERT INTO `genre_book`(`genre`, `entryid`) VALUES ('Romance','3180');
INSERT INTO `author_book`(`author`, `entryid`) VALUES ('Basil Grenko','3180');
INSERT INTO `publisher_book`(`publisher`, `entryid`) VALUES ('Todaro Cooperations.','3180');
INSERT INTO `entry`(`entryid`,`type`) VALUES('3181','b');
INSERT INTO `book`(`title`,`entryid`,`isbn`,`type`) VALUES('Soil because of Teucrian Minibus','3181','0790130016079','j');
INSERT INTO `genre_book`(`genre`, `entryid`) VALUES ('Romance','3181');
INSERT INTO `author_book`(`author`, `entryid`) VALUES ('Josefine Erschen','3181');
INSERT INTO `publisher_book`(`publisher`, `entryid`) VALUES ('Filyan Inc.','3181');
INSERT INTO `entry`(`entryid`,`type`) VALUES('3182','b');
INSERT INTO `book`(`title`,`entryid`,`isbn`,`type`) VALUES('Trout by the Processing','3182','0817513342417','j');
INSERT INTO `genre_book`(`genre`, `entryid`) VALUES ('Romance','3182');
INSERT INTO `author_book`(`author`, `entryid`) VALUES ('Eva Moya','3182');
INSERT INTO `publisher_book`(`publisher`, `entryid`) VALUES ('Dubuisson Inc.','3182');
INSERT INTO `entry`(`entryid`,`type`) VALUES('3183','b');
INSERT INTO `book`(`title`,`entryid`,`isbn`,`type`) VALUES('Person for monozygotic Tent','3183','0812503426256','e');
INSERT INTO `genre_book`(`genre`, `entryid`) VALUES ('Thriller','3183');
INSERT INTO `author`(`name`,`birthyear`,`deathyear`) VALUES('Carma Engebretsen','1968','1996');
INSERT INTO `author_book`(`author`, `entryid`) VALUES ('Carma Engebretsen','3183');
INSERT INTO `publisher_book`(`publisher`, `entryid`) VALUES ('Statton Inc.','3183');
INSERT INTO `entry`(`entryid`,`type`) VALUES('3184','b');
INSERT INTO `book`(`title`,`entryid`,`isbn`,`type`) VALUES('Environment and Periodical','3184','0197045857716','b');
INSERT INTO `genre_book`(`genre`, `entryid`) VALUES ('Romance','3184');
INSERT INTO `author_book`(`author`, `entryid`) VALUES ('Sherrell Kalb','3184');
INSERT INTO `publisher_book`(`publisher`, `entryid`) VALUES ('Bronk Cooperations.','3184');
INSERT INTO `entry`(`entryid`,`type`) VALUES('3185','b');
INSERT INTO `book`(`title`,`entryid`,`isbn`,`type`) VALUES('Walrus against the discontent Objective','3185','0201872624626','j');
INSERT INTO `genre_book`(`genre`, `entryid`) VALUES ('Thriller','3185');
INSERT INTO `author_book`(`author`, `entryid`) VALUES ('Andrew Gauntt','3185');
INSERT INTO `publisher_book`(`publisher`, `entryid`) VALUES ('Kotlar Publishers.','3185');
INSERT INTO `entry`(`entryid`,`type`) VALUES('3186','b');
INSERT INTO `book`(`title`,`entryid`,`isbn`,`type`) VALUES('Agreement in Forehead','3186','0604928054648','j');
INSERT INTO `genre_book`(`genre`, `entryid`) VALUES ('Sci-Fi','3186');
INSERT INTO `author_book`(`author`, `entryid`) VALUES ('Izola Tramonte','3186');
INSERT INTO `publisher_book`(`publisher`, `entryid`) VALUES ('Scriuner Publishers.','3186');
INSERT INTO `entry`(`entryid`,`type`) VALUES('3187','b');
INSERT INTO `book`(`title`,`entryid`,`isbn`,`type`) VALUES('Gliding by epidemiological Orchestra','3187','9894009510958','e');
INSERT INTO `genre_book`(`genre`, `entryid`) VALUES ('Education','3187');
INSERT INTO `author_book`(`author`, `entryid`) VALUES ('Xavier Adelsberg','3187');
INSERT INTO `publisher_book`(`publisher`, `entryid`) VALUES ('Brownsworth Inc.','3187');
INSERT INTO `entry`(`entryid`,`type`) VALUES('3188','b');
INSERT INTO `book`(`title`,`entryid`,`isbn`,`type`) VALUES('Silver because of Direction','3188','9786792693235','j');
INSERT INTO `genre_book`(`genre`, `entryid`) VALUES ('Science','3188');
INSERT INTO `author`(`name`,`birthyear`,`deathyear`) VALUES('Rosemary Ohlund','1961','2048');
INSERT INTO `author_book`(`author`, `entryid`) VALUES ('Rosemary Ohlund','3188');
INSERT INTO `publisher_book`(`publisher`, `entryid`) VALUES ('Grinner Inc.','3188');
INSERT INTO `entry`(`entryid`,`type`) VALUES('3189','b');
INSERT INTO `book`(`title`,`entryid`,`isbn`,`type`) VALUES('Dogsled against the Distributor','3189','0329335787713','b');
INSERT INTO `genre_book`(`genre`, `entryid`) VALUES ('Horror','3189');
INSERT INTO `author_book`(`author`, `entryid`) VALUES ('Sean Kassebaum','3189');
INSERT INTO `publisher_book`(`publisher`, `entryid`) VALUES ('Nelke Publishers.','3189');
INSERT INTO `entry`(`entryid`,`type`) VALUES('3190','b');
INSERT INTO `book`(`title`,`entryid`,`isbn`,`type`) VALUES('Wednesday against the Nancy','3190','0392886183609','e');
INSERT INTO `genre_book`(`genre`, `entryid`) VALUES ('Science','3190');
INSERT INTO `author`(`name`,`birthyear`,`deathyear`) VALUES('Alisia Mcglohon','1902','1972');
INSERT INTO `author_book`(`author`, `entryid`) VALUES ('Alisia Mcglohon','3190');
INSERT INTO `publisher_book`(`publisher`, `entryid`) VALUES ('Mominee Inc.','3190');
INSERT INTO `entry`(`entryid`,`type`) VALUES('3191','b');
INSERT INTO `book`(`title`,`entryid`,`isbn`,`type`) VALUES('Coast against the conceptive Money','3191','0927843347697','e');
INSERT INTO `genre_book`(`genre`, `entryid`) VALUES ('Sci-Fi','3191');
INSERT INTO `author_book`(`author`, `entryid`) VALUES ('Tyisha Sommerville','3191');
INSERT INTO `publisher_book`(`publisher`, `entryid`) VALUES ('Klumph Inc.','3191');
INSERT INTO `entry`(`entryid`,`type`) VALUES('3192','b');
INSERT INTO `book`(`title`,`entryid`,`isbn`,`type`) VALUES('Wood and black-a-vised Plough','3192','9003679162685','j');
INSERT INTO `genre_book`(`genre`, `entryid`) VALUES ('Adventure','3192');
INSERT INTO `author_book`(`author`, `entryid`) VALUES ('Jenifer Sehl','3192');
INSERT INTO `publisher_book`(`publisher`, `entryid`) VALUES ('Hollner Publishers.','3192');
INSERT INTO `entry`(`entryid`,`type`) VALUES('3193','b');
INSERT INTO `book`(`title`,`entryid`,`isbn`,`type`) VALUES('Hockey for the Stream','3193','0757176664193','e');
INSERT INTO `genre_book`(`genre`, `entryid`) VALUES ('Science','3193');
INSERT INTO `author`(`name`,`birthyear`,`deathyear`) VALUES('Pat Barkhimer','1904','1966');
INSERT INTO `author_book`(`author`, `entryid`) VALUES ('Pat Barkhimer','3193');
INSERT INTO `publisher_book`(`publisher`, `entryid`) VALUES ('Henscheid Cooperations.','3193');
INSERT INTO `entry`(`entryid`,`type`) VALUES('3194','b');
INSERT INTO `book`(`title`,`entryid`,`isbn`,`type`) VALUES('Event in the discussible Pendulum','3194','9715238719060','j');
INSERT INTO `genre_book`(`genre`, `entryid`) VALUES ('Horror','3194');
INSERT INTO `author`(`name`,`birthyear`,`deathyear`) VALUES('Berniece Griswell','1979','2000');
INSERT INTO `author_book`(`author`, `entryid`) VALUES ('Berniece Griswell','3194');
INSERT INTO `publisher_book`(`publisher`, `entryid`) VALUES ('Horman Inc.','3194');
INSERT INTO `entry`(`entryid`,`type`) VALUES('3195','b');
INSERT INTO `book`(`title`,`entryid`,`isbn`,`type`) VALUES('Form in the soul-destroying Prepared','3195','0766238463342','b');
INSERT INTO `genre_book`(`genre`, `entryid`) VALUES ('Education','3195');
INSERT INTO `author_book`(`author`, `entryid`) VALUES ('Clemente Woosley','3195');
INSERT INTO `publisher_book`(`publisher`, `entryid`) VALUES ('Oieda Inc.','3195');
INSERT INTO `entry`(`entryid`,`type`) VALUES('3196','b');
INSERT INTO `book`(`title`,`entryid`,`isbn`,`type`) VALUES('Emery with folded Clutch','3196','0858270108640','e');
INSERT INTO `genre_book`(`genre`, `entryid`) VALUES ('Thriller','3196');
INSERT INTO `author_book`(`author`, `entryid`) VALUES ('Elliott Drehobl','3196');
INSERT INTO `publisher_book`(`publisher`, `entryid`) VALUES ('Tymon Inc.','3196');
INSERT INTO `entry`(`entryid`,`type`) VALUES('3197','b');
INSERT INTO `book`(`title`,`entryid`,`isbn`,`type`) VALUES('Harbor by the Difference','3197','9378669574203','e');
INSERT INTO `genre_book`(`genre`, `entryid`) VALUES ('Adventure','3197');
INSERT INTO `author_book`(`author`, `entryid`) VALUES ('Alex Kingshott','3197');
INSERT INTO `publisher_book`(`publisher`, `entryid`) VALUES ('Scotty Inc.','3197');
INSERT INTO `entry`(`entryid`,`type`) VALUES('3198','b');
INSERT INTO `book`(`title`,`entryid`,`isbn`,`type`) VALUES('Perch in the shamanic Professor','3198','0637739228526','b');
INSERT INTO `genre_book`(`genre`, `entryid`) VALUES ('Horror','3198');
INSERT INTO `author_book`(`author`, `entryid`) VALUES ('Toney Heverin','3198');
INSERT INTO `publisher`(`name`) VALUES ('Sieger Inc.');
INSERT INTO `publisher_book`(`publisher`, `entryid`) VALUES ('Sieger Inc.','3198');
INSERT INTO `entry`(`entryid`,`type`) VALUES('3199','b');
INSERT INTO `book`(`title`,`entryid`,`isbn`,`type`) VALUES('Pink in the heterosexual Modem','3199','0852869015797','b');
INSERT INTO `genre_book`(`genre`, `entryid`) VALUES ('Science','3199');
INSERT INTO `author`(`name`,`birthyear`,`deathyear`) VALUES('Lonnie Oropesa','1936','2018');
INSERT INTO `author_book`(`author`, `entryid`) VALUES ('Lonnie Oropesa','3199');
INSERT INTO `publisher_book`(`publisher`, `entryid`) VALUES ('Hengel Inc.','3199');
INSERT INTO `entry`(`entryid`,`type`) VALUES('3200','b');
INSERT INTO `book`(`title`,`entryid`,`isbn`,`type`) VALUES('Onion and Bay','3200','9086234080009','e');
INSERT INTO `genre_book`(`genre`, `entryid`) VALUES ('Adventure','3200');
INSERT INTO `author`(`name`,`birthyear`,`deathyear`) VALUES('Paulene Knap','1909','1966');
INSERT INTO `author_book`(`author`, `entryid`) VALUES ('Paulene Knap','3200');
INSERT INTO `publisher_book`(`publisher`, `entryid`) VALUES ('Medford Inc.','3200');
INSERT INTO `entry`(`entryid`,`type`) VALUES('3201','b');
INSERT INTO `book`(`title`,`entryid`,`isbn`,`type`) VALUES('Drake for Health','3201','9830307880214','b');
INSERT INTO `genre_book`(`genre`, `entryid`) VALUES ('Romance','3201');
INSERT INTO `author`(`name`,`birthyear`,`deathyear`) VALUES('Margie Sellman','1919','2007');
INSERT INTO `author_book`(`author`, `entryid`) VALUES ('Margie Sellman','3201');
INSERT INTO `publisher_book`(`publisher`, `entryid`) VALUES ('Lobosco Cooperations.','3201');
INSERT INTO `entry`(`entryid`,`type`) VALUES('3202','b');
INSERT INTO `book`(`title`,`entryid`,`isbn`,`type`) VALUES('Hemp by innoxious Windscreen','3202','0777608444884','e');
INSERT INTO `genre_book`(`genre`, `entryid`) VALUES ('Sci-Fi','3202');
INSERT INTO `author`(`name`,`birthyear`,`deathyear`) VALUES('Kenna Iacobucci','1899','1990');
INSERT INTO `author_book`(`author`, `entryid`) VALUES ('Kenna Iacobucci','3202');
INSERT INTO `publisher_book`(`publisher`, `entryid`) VALUES ('Yasurek Cooperations.','3202');
INSERT INTO `entry`(`entryid`,`type`) VALUES('3203','b');
INSERT INTO `book`(`title`,`entryid`,`isbn`,`type`) VALUES('Granddaughter of the tragic Deal','3203','0874935619728','b');
INSERT INTO `genre_book`(`genre`, `entryid`) VALUES ('Science','3203');
INSERT INTO `author_book`(`author`, `entryid`) VALUES ('Yelena Pursell','3203');
INSERT INTO `publisher_book`(`publisher`, `entryid`) VALUES ('Lundblad Inc.','3203');
INSERT INTO `entry`(`entryid`,`type`) VALUES('3204','b');
INSERT INTO `book`(`title`,`entryid`,`isbn`,`type`) VALUES('Wilderness and the dysphoric Pipe','3204','9159794218914','e');
INSERT INTO `genre_book`(`genre`, `entryid`) VALUES ('Thriller','3204');
INSERT INTO `author_book`(`author`, `entryid`) VALUES ('Helen Henedia','3204');
INSERT INTO `publisher_book`(`publisher`, `entryid`) VALUES ('Kressierer Inc.','3204');
INSERT INTO `entry`(`entryid`,`type`) VALUES('3205','b');
INSERT INTO `book`(`title`,`entryid`,`isbn`,`type`) VALUES('Mexico in the Malaysia','3205','9483005559730','j');
INSERT INTO `genre_book`(`genre`, `entryid`) VALUES ('Thriller','3205');
INSERT INTO `author_book`(`author`, `entryid`) VALUES ('Korey Acy','3205');
INSERT INTO `publisher_book`(`publisher`, `entryid`) VALUES ('Rothery Cooperations.','3205');
INSERT INTO `entry`(`entryid`,`type`) VALUES('3206','b');
INSERT INTO `book`(`title`,`entryid`,`isbn`,`type`) VALUES('Gemini against the Cream','3206','9783338753219','b');
INSERT INTO `genre_book`(`genre`, `entryid`) VALUES ('Education','3206');
INSERT INTO `author`(`name`,`birthyear`,`deathyear`) VALUES('Daron Birdine','1887','1964');
INSERT INTO `author_book`(`author`, `entryid`) VALUES ('Daron Birdine','3206');
INSERT INTO `publisher_book`(`publisher`, `entryid`) VALUES ('Bronk Cooperations.','3206');
INSERT INTO `entry`(`entryid`,`type`) VALUES('3207','b');
INSERT INTO `book`(`title`,`entryid`,`isbn`,`type`) VALUES('Minute of Firewall','3207','9773878116935','e');
INSERT INTO `genre_book`(`genre`, `entryid`) VALUES ('Sci-Fi','3207');
INSERT INTO `author_book`(`author`, `entryid`) VALUES ('Heather Booty','3207');
INSERT INTO `publisher_book`(`publisher`, `entryid`) VALUES ('Beik Inc.','3207');
INSERT INTO `entry`(`entryid`,`type`) VALUES('3208','b');
INSERT INTO `book`(`title`,`entryid`,`isbn`,`type`) VALUES('Mind with snobbish Mark','3208','0395286868441','b');
INSERT INTO `genre_book`(`genre`, `entryid`) VALUES ('Adventure','3208');
INSERT INTO `author_book`(`author`, `entryid`) VALUES ('Keena Wieto','3208');
INSERT INTO `publisher_book`(`publisher`, `entryid`) VALUES ('Kleis Inc.','3208');
INSERT INTO `entry`(`entryid`,`type`) VALUES('3209','b');
INSERT INTO `book`(`title`,`entryid`,`isbn`,`type`) VALUES('Creditor against the Barge','3209','9644996132182','b');
INSERT INTO `genre_book`(`genre`, `entryid`) VALUES ('Sci-Fi','3209');
INSERT INTO `author_book`(`author`, `entryid`) VALUES ('Napoleon Vergin','3209');
INSERT INTO `publisher_book`(`publisher`, `entryid`) VALUES ('Samas Publishers.','3209');
INSERT INTO `entry`(`entryid`,`type`) VALUES('3210','b');
INSERT INTO `book`(`title`,`entryid`,`isbn`,`type`) VALUES('Tugboat vs. crackjaw Sneeze','3210','0692696172823','e');
INSERT INTO `genre_book`(`genre`, `entryid`) VALUES ('Adventure','3210');
INSERT INTO `author`(`name`,`birthyear`,`deathyear`) VALUES('Bridget Heffelbower','1896','1981');
INSERT INTO `author_book`(`author`, `entryid`) VALUES ('Bridget Heffelbower','3210');
INSERT INTO `publisher_book`(`publisher`, `entryid`) VALUES ('Sures Publishers.','3210');
INSERT INTO `entry`(`entryid`,`type`) VALUES('3211','b');
INSERT INTO `book`(`title`,`entryid`,`isbn`,`type`) VALUES('Production and the Greek','3211','0672051469923','b');
INSERT INTO `genre_book`(`genre`, `entryid`) VALUES ('Thriller','3211');
INSERT INTO `author_book`(`author`, `entryid`) VALUES ('Elvera Hurt','3211');
INSERT INTO `publisher_book`(`publisher`, `entryid`) VALUES ('Whalen Inc.','3211');
INSERT INTO `entry`(`entryid`,`type`) VALUES('3212','b');
INSERT INTO `book`(`title`,`entryid`,`isbn`,`type`) VALUES('Supply in Octave','3212','9707221827475','b');
INSERT INTO `genre_book`(`genre`, `entryid`) VALUES ('Sci-Fi','3212');
INSERT INTO `author_book`(`author`, `entryid`) VALUES ('Camellia Steigerwald','3212');
INSERT INTO `publisher_book`(`publisher`, `entryid`) VALUES ('Giantonio Publishers.','3212');
INSERT INTO `entry`(`entryid`,`type`) VALUES('3213','b');
INSERT INTO `book`(`title`,`entryid`,`isbn`,`type`) VALUES('Japanese to Whip','3213','9448102692574','b');
INSERT INTO `genre_book`(`genre`, `entryid`) VALUES ('Horror','3213');
INSERT INTO `author`(`name`,`birthyear`,`deathyear`) VALUES('Caren Konieczny','1905','1960');
INSERT INTO `author_book`(`author`, `entryid`) VALUES ('Caren Konieczny','3213');
INSERT INTO `publisher_book`(`publisher`, `entryid`) VALUES ('Murtagh Inc.','3213');
INSERT INTO `entry`(`entryid`,`type`) VALUES('3214','b');
INSERT INTO `book`(`title`,`entryid`,`isbn`,`type`) VALUES('Golf because of masculine Ethernet','3214','0981620148580','e');
INSERT INTO `genre_book`(`genre`, `entryid`) VALUES ('Education','3214');
INSERT INTO `author_book`(`author`, `entryid`) VALUES ('Mathew Idrovo','3214');
INSERT INTO `publisher_book`(`publisher`, `entryid`) VALUES ('Correra Cooperations.','3214');
INSERT INTO `entry`(`entryid`,`type`) VALUES('3215','b');
INSERT INTO `book`(`title`,`entryid`,`isbn`,`type`) VALUES('Nitrogen of radiosensitive Flugelhorn','3215','9371149913615','e');
INSERT INTO `genre_book`(`genre`, `entryid`) VALUES ('Romance','3215');
INSERT INTO `author_book`(`author`, `entryid`) VALUES ('Meaghan Crace','3215');
INSERT INTO `publisher_book`(`publisher`, `entryid`) VALUES ('Kuhlo Cooperations.','3215');
INSERT INTO `entry`(`entryid`,`type`) VALUES('3216','b');
INSERT INTO `book`(`title`,`entryid`,`isbn`,`type`) VALUES('Passenger and lanceolate Foot','3216','9265978842578','j');
INSERT INTO `genre_book`(`genre`, `entryid`) VALUES ('Science','3216');
INSERT INTO `author_book`(`author`, `entryid`) VALUES ('Margareta Mee','3216');
INSERT INTO `publisher_book`(`publisher`, `entryid`) VALUES ('Murdaugh Cooperations.','3216');
INSERT INTO `entry`(`entryid`,`type`) VALUES('3217','b');
INSERT INTO `book`(`title`,`entryid`,`isbn`,`type`) VALUES('Golf for the Mass','3217','0752275142009','j');
INSERT INTO `genre_book`(`genre`, `entryid`) VALUES ('Education','3217');
INSERT INTO `author_book`(`author`, `entryid`) VALUES ('Janina Giczewski','3217');
INSERT INTO `publisher_book`(`publisher`, `entryid`) VALUES ('Duchesney Publishers.','3217');
INSERT INTO `entry`(`entryid`,`type`) VALUES('3218','b');
INSERT INTO `book`(`title`,`entryid`,`isbn`,`type`) VALUES('Sidewalk for the Bush','3218','9743522159943','b');
INSERT INTO `genre_book`(`genre`, `entryid`) VALUES ('Horror','3218');
INSERT INTO `author`(`name`,`birthyear`,`deathyear`) VALUES('Brigida Cordone','1889','1929');
INSERT INTO `author_book`(`author`, `entryid`) VALUES ('Brigida Cordone','3218');
INSERT INTO `publisher_book`(`publisher`, `entryid`) VALUES ('Hollner Publishers.','3218');
INSERT INTO `entry`(`entryid`,`type`) VALUES('3219','b');
INSERT INTO `book`(`title`,`entryid`,`isbn`,`type`) VALUES('Cause of the waste Armchair','3219','0614317340313','e');
INSERT INTO `genre_book`(`genre`, `entryid`) VALUES ('Romance','3219');
INSERT INTO `author`(`name`,`birthyear`,`deathyear`) VALUES('Loraine Vbiles','1912','1943');
INSERT INTO `author_book`(`author`, `entryid`) VALUES ('Loraine Vbiles','3219');
INSERT INTO `publisher_book`(`publisher`, `entryid`) VALUES ('Aslett Publishers.','3219');
INSERT INTO `entry`(`entryid`,`type`) VALUES('3220','b');
INSERT INTO `book`(`title`,`entryid`,`isbn`,`type`) VALUES('Beef by the approximate Army','3220','0361692478288','b');
INSERT INTO `genre_book`(`genre`, `entryid`) VALUES ('Adventure','3220');
INSERT INTO `author`(`name`,`birthyear`,`deathyear`) VALUES('Cassi Berdes','1946','2026');
INSERT INTO `author_book`(`author`, `entryid`) VALUES ('Cassi Berdes','3220');
INSERT INTO `publisher_book`(`publisher`, `entryid`) VALUES ('Travieso Inc.','3220');
INSERT INTO `entry`(`entryid`,`type`) VALUES('3221','b');
INSERT INTO `book`(`title`,`entryid`,`isbn`,`type`) VALUES('Politician with Candle','3221','0424797798733','e');
INSERT INTO `genre_book`(`genre`, `entryid`) VALUES ('Romance','3221');
INSERT INTO `author`(`name`,`birthyear`,`deathyear`) VALUES('Ramona Lampitt','1905','1984');
INSERT INTO `author_book`(`author`, `entryid`) VALUES ('Ramona Lampitt','3221');
INSERT INTO `publisher_book`(`publisher`, `entryid`) VALUES ('Czerniak Inc.','3221');
INSERT INTO `entry`(`entryid`,`type`) VALUES('3222','b');
INSERT INTO `book`(`title`,`entryid`,`isbn`,`type`) VALUES('Imprisonment against deep-laid Tray','3222','0867093057779','j');
INSERT INTO `genre_book`(`genre`, `entryid`) VALUES ('Sci-Fi','3222');
INSERT INTO `author`(`name`,`birthyear`,`deathyear`) VALUES('Geraldine Herrera','1949','2027');
INSERT INTO `author_book`(`author`, `entryid`) VALUES ('Geraldine Herrera','3222');
INSERT INTO `publisher_book`(`publisher`, `entryid`) VALUES ('Allocca Cooperations.','3222');
INSERT INTO `entry`(`entryid`,`type`) VALUES('3223','b');
INSERT INTO `book`(`title`,`entryid`,`isbn`,`type`) VALUES('Birthday vs. anthelmintic Birch','3223','0588221037818','j');
INSERT INTO `genre_book`(`genre`, `entryid`) VALUES ('Education','3223');
INSERT INTO `author`(`name`,`birthyear`,`deathyear`) VALUES('Danuta Mandahl','1893','1919');
INSERT INTO `author_book`(`author`, `entryid`) VALUES ('Danuta Mandahl','3223');
INSERT INTO `publisher_book`(`publisher`, `entryid`) VALUES ('Turnbow Cooperations.','3223');
INSERT INTO `entry`(`entryid`,`type`) VALUES('3224','b');
INSERT INTO `book`(`title`,`entryid`,`isbn`,`type`) VALUES('North in the warded Shape','3224','0455140737029','e');
INSERT INTO `genre_book`(`genre`, `entryid`) VALUES ('Romance','3224');
INSERT INTO `author`(`name`,`birthyear`,`deathyear`) VALUES('Carry Nakagawa','1934','1958');
INSERT INTO `author_book`(`author`, `entryid`) VALUES ('Carry Nakagawa','3224');
INSERT INTO `publisher_book`(`publisher`, `entryid`) VALUES ('Yasso Cooperations.','3224');
INSERT INTO `entry`(`entryid`,`type`) VALUES('3225','b');
INSERT INTO `book`(`title`,`entryid`,`isbn`,`type`) VALUES('Custard with the Stool','3225','9726004501780','j');
INSERT INTO `genre_book`(`genre`, `entryid`) VALUES ('Science','3225');
INSERT INTO `author_book`(`author`, `entryid`) VALUES ('Nola Haley','3225');
INSERT INTO `publisher_book`(`publisher`, `entryid`) VALUES ('Hurtgen Inc.','3225');
INSERT INTO `entry`(`entryid`,`type`) VALUES('3226','b');
INSERT INTO `book`(`title`,`entryid`,`isbn`,`type`) VALUES('Factory against northerly Fairies','3226','0772123251758','b');
INSERT INTO `genre_book`(`genre`, `entryid`) VALUES ('Science','3226');
INSERT INTO `author_book`(`author`, `entryid`) VALUES ('Daisy Wasson','3226');
INSERT INTO `publisher_book`(`publisher`, `entryid`) VALUES ('Todaro Cooperations.','3226');
INSERT INTO `entry`(`entryid`,`type`) VALUES('3227','b');
INSERT INTO `book`(`title`,`entryid`,`isbn`,`type`) VALUES('William vs. long-lived Laura','3227','0082696851371','b');
INSERT INTO `genre_book`(`genre`, `entryid`) VALUES ('Horror','3227');
INSERT INTO `author_book`(`author`, `entryid`) VALUES ('Lacresha Mathena','3227');
INSERT INTO `publisher_book`(`publisher`, `entryid`) VALUES ('Gasior Cooperations.','3227');
INSERT INTO `entry`(`entryid`,`type`) VALUES('3228','b');
INSERT INTO `book`(`title`,`entryid`,`isbn`,`type`) VALUES('Epoch with faradic Store','3228','0811781315952','e');
INSERT INTO `genre_book`(`genre`, `entryid`) VALUES ('Sci-Fi','3228');
INSERT INTO `author_book`(`author`, `entryid`) VALUES ('Esperanza Dose','3228');
INSERT INTO `publisher_book`(`publisher`, `entryid`) VALUES ('Wedin Cooperations.','3228');
INSERT INTO `entry`(`entryid`,`type`) VALUES('3229','b');
INSERT INTO `book`(`title`,`entryid`,`isbn`,`type`) VALUES('Noise against Knife','3229','9820427513877','j');
INSERT INTO `genre_book`(`genre`, `entryid`) VALUES ('Thriller','3229');
INSERT INTO `author`(`name`,`birthyear`,`deathyear`) VALUES('Lanny Toribio','1926','2015');
INSERT INTO `author_book`(`author`, `entryid`) VALUES ('Lanny Toribio','3229');
INSERT INTO `publisher_book`(`publisher`, `entryid`) VALUES ('Malovich Inc.','3229');
INSERT INTO `entry`(`entryid`,`type`) VALUES('3230','b');
INSERT INTO `book`(`title`,`entryid`,`isbn`,`type`) VALUES('Turnip with the Chain','3230','0582304606628','e');
INSERT INTO `genre_book`(`genre`, `entryid`) VALUES ('Science','3230');
INSERT INTO `author_book`(`author`, `entryid`) VALUES ('Jamaal Hazelbush','3230');
INSERT INTO `publisher_book`(`publisher`, `entryid`) VALUES ('Rodrick Cooperations.','3230');
INSERT INTO `entry`(`entryid`,`type`) VALUES('3231','b');
INSERT INTO `book`(`title`,`entryid`,`isbn`,`type`) VALUES('November because of handwritten Diving','3231','9120769073990','e');
INSERT INTO `genre_book`(`genre`, `entryid`) VALUES ('Education','3231');
INSERT INTO `author_book`(`author`, `entryid`) VALUES ('Candelaria Carry','3231');
INSERT INTO `publisher_book`(`publisher`, `entryid`) VALUES ('Meja Cooperations.','3231');
INSERT INTO `entry`(`entryid`,`type`) VALUES('3232','b');
INSERT INTO `book`(`title`,`entryid`,`isbn`,`type`) VALUES('Control and bracteate Fine','3232','0900679663050','j');
INSERT INTO `genre_book`(`genre`, `entryid`) VALUES ('Sci-Fi','3232');
INSERT INTO `author_book`(`author`, `entryid`) VALUES ('Ramona Lampitt','3232');
INSERT INTO `publisher_book`(`publisher`, `entryid`) VALUES ('Hauley Publishers.','3232');
INSERT INTO `entry`(`entryid`,`type`) VALUES('3233','b');
INSERT INTO `book`(`title`,`entryid`,`isbn`,`type`) VALUES('Weight in rentable Possibility','3233','9752548650704','j');
INSERT INTO `genre_book`(`genre`, `entryid`) VALUES ('Sci-Fi','3233');
INSERT INTO `author`(`name`,`birthyear`,`deathyear`) VALUES('Delia Sulivan','1937','2028');
INSERT INTO `author_book`(`author`, `entryid`) VALUES ('Delia Sulivan','3233');
INSERT INTO `publisher_book`(`publisher`, `entryid`) VALUES ('Wojtowich Publishers.','3233');
INSERT INTO `entry`(`entryid`,`type`) VALUES('3234','b');
INSERT INTO `book`(`title`,`entryid`,`isbn`,`type`) VALUES('Pollution against undiscussable Jar','3234','9411773429752','e');
INSERT INTO `genre_book`(`genre`, `entryid`) VALUES ('Education','3234');
INSERT INTO `author_book`(`author`, `entryid`) VALUES ('Evangelina Mcelreavy','3234');
INSERT INTO `publisher_book`(`publisher`, `entryid`) VALUES ('Deaville Inc.','3234');
INSERT INTO `entry`(`entryid`,`type`) VALUES('3235','b');
INSERT INTO `book`(`title`,`entryid`,`isbn`,`type`) VALUES('Forgery against the instinctual Snow','3235','0086346241368','b');
INSERT INTO `genre_book`(`genre`, `entryid`) VALUES ('Romance','3235');
INSERT INTO `author_book`(`author`, `entryid`) VALUES ('Kylee Wabasha','3235');
INSERT INTO `publisher_book`(`publisher`, `entryid`) VALUES ('Amtower Inc.','3235');
INSERT INTO `entry`(`entryid`,`type`) VALUES('3236','b');
INSERT INTO `book`(`title`,`entryid`,`isbn`,`type`) VALUES('Emery to the Dipstick','3236','9588702391727','b');
INSERT INTO `genre_book`(`genre`, `entryid`) VALUES ('Education','3236');
INSERT INTO `author`(`name`,`birthyear`,`deathyear`) VALUES('Lucile Kolp','1978','1999');
INSERT INTO `author_book`(`author`, `entryid`) VALUES ('Lucile Kolp','3236');
INSERT INTO `publisher_book`(`publisher`, `entryid`) VALUES ('Peel Inc.','3236');
INSERT INTO `entry`(`entryid`,`type`) VALUES('3237','b');
INSERT INTO `book`(`title`,`entryid`,`isbn`,`type`) VALUES('Castanet by the Mephistophelian Dolphin','3237','0125988428849','e');
INSERT INTO `genre_book`(`genre`, `entryid`) VALUES ('Science','3237');
INSERT INTO `author_book`(`author`, `entryid`) VALUES ('Mickey Payant','3237');
INSERT INTO `publisher_book`(`publisher`, `entryid`) VALUES ('Letang Cooperations.','3237');
INSERT INTO `entry`(`entryid`,`type`) VALUES('3238','b');
INSERT INTO `book`(`title`,`entryid`,`isbn`,`type`) VALUES('Rate vs. Cuticle','3238','0856893538820','e');
INSERT INTO `genre_book`(`genre`, `entryid`) VALUES ('Horror','3238');
INSERT INTO `author`(`name`,`birthyear`,`deathyear`) VALUES('Tomiko Kuehnel','1894','1937');
INSERT INTO `author_book`(`author`, `entryid`) VALUES ('Tomiko Kuehnel','3238');
INSERT INTO `publisher_book`(`publisher`, `entryid`) VALUES ('Ezelle Publishers.','3238');
INSERT INTO `entry`(`entryid`,`type`) VALUES('3239','b');
INSERT INTO `book`(`title`,`entryid`,`isbn`,`type`) VALUES('Account in the high-octane Feedback','3239','9951133045439','e');
INSERT INTO `genre_book`(`genre`, `entryid`) VALUES ('Science','3239');
INSERT INTO `author`(`name`,`birthyear`,`deathyear`) VALUES('Lettie Pigford','1889','1930');
INSERT INTO `author_book`(`author`, `entryid`) VALUES ('Lettie Pigford','3239');
INSERT INTO `publisher_book`(`publisher`, `entryid`) VALUES ('Akkerman Publishers.','3239');
INSERT INTO `entry`(`entryid`,`type`) VALUES('3240','b');
INSERT INTO `book`(`title`,`entryid`,`isbn`,`type`) VALUES('Hygienic in Distributor','3240','0485916500192','b');
INSERT INTO `genre_book`(`genre`, `entryid`) VALUES ('Thriller','3240');
INSERT INTO `author_book`(`author`, `entryid`) VALUES ('Tinisha Mountain','3240');
INSERT INTO `publisher_book`(`publisher`, `entryid`) VALUES ('Whalen Inc.','3240');
INSERT INTO `entry`(`entryid`,`type`) VALUES('3241','b');
INSERT INTO `book`(`title`,`entryid`,`isbn`,`type`) VALUES('Xylophone to Technician','3241','0200438809452','j');
INSERT INTO `genre_book`(`genre`, `entryid`) VALUES ('Thriller','3241');
INSERT INTO `author_book`(`author`, `entryid`) VALUES ('Arnetta Wernert','3241');
INSERT INTO `publisher_book`(`publisher`, `entryid`) VALUES ('Vote Publishers.','3241');
INSERT INTO `entry`(`entryid`,`type`) VALUES('3242','b');
INSERT INTO `book`(`title`,`entryid`,`isbn`,`type`) VALUES('Begonia for Surgeon','3242','0902914403023','b');
INSERT INTO `genre_book`(`genre`, `entryid`) VALUES ('Romance','3242');
INSERT INTO `author_book`(`author`, `entryid`) VALUES ('Gwenn Bernal','3242');
INSERT INTO `publisher`(`name`) VALUES ('Pooser Publishers.');
INSERT INTO `publisher_book`(`publisher`, `entryid`) VALUES ('Pooser Publishers.','3242');
INSERT INTO `entry`(`entryid`,`type`) VALUES('3243','b');
INSERT INTO `book`(`title`,`entryid`,`isbn`,`type`) VALUES('Lamb by the inserted Siamese','3243','0605004844022','j');
INSERT INTO `genre_book`(`genre`, `entryid`) VALUES ('Thriller','3243');
INSERT INTO `author_book`(`author`, `entryid`) VALUES ('Hayley Eure','3243');
INSERT INTO `publisher_book`(`publisher`, `entryid`) VALUES ('Aslett Publishers.','3243');
INSERT INTO `entry`(`entryid`,`type`) VALUES('3244','b');
INSERT INTO `book`(`title`,`entryid`,`isbn`,`type`) VALUES('Susan by the reformatory Capital','3244','9046676160529','b');
INSERT INTO `genre_book`(`genre`, `entryid`) VALUES ('Education','3244');
INSERT INTO `author_book`(`author`, `entryid`) VALUES ('Jetta Korewdit','3244');
INSERT INTO `publisher_book`(`publisher`, `entryid`) VALUES ('Yanik Publishers.','3244');
INSERT INTO `entry`(`entryid`,`type`) VALUES('3245','b');
INSERT INTO `book`(`title`,`entryid`,`isbn`,`type`) VALUES('Wool and heliographic Cartoon','3245','0844217720410','j');
INSERT INTO `genre_book`(`genre`, `entryid`) VALUES ('Science','3245');
INSERT INTO `author_book`(`author`, `entryid`) VALUES ('Lizbeth Langworthy','3245');
INSERT INTO `publisher_book`(`publisher`, `entryid`) VALUES ('Tymon Inc.','3245');
INSERT INTO `entry`(`entryid`,`type`) VALUES('3246','b');
INSERT INTO `book`(`title`,`entryid`,`isbn`,`type`) VALUES('Substance with the selfishness Statement','3246','0794754304024','e');
INSERT INTO `genre_book`(`genre`, `entryid`) VALUES ('Romance','3246');
INSERT INTO `author_book`(`author`, `entryid`) VALUES ('Janelle Mada','3246');
INSERT INTO `publisher_book`(`publisher`, `entryid`) VALUES ('Angry Inc.','3246');
INSERT INTO `entry`(`entryid`,`type`) VALUES('3247','b');
INSERT INTO `book`(`title`,`entryid`,`isbn`,`type`) VALUES('Broker with Leg','3247','9478964353491','j');
INSERT INTO `genre_book`(`genre`, `entryid`) VALUES ('Science','3247');
INSERT INTO `author`(`name`,`birthyear`,`deathyear`) VALUES('Dedra Coddington','1949','2042');
INSERT INTO `author_book`(`author`, `entryid`) VALUES ('Dedra Coddington','3247');
INSERT INTO `publisher_book`(`publisher`, `entryid`) VALUES ('Welty Inc.','3247');
INSERT INTO `entry`(`entryid`,`type`) VALUES('3248','b');
INSERT INTO `book`(`title`,`entryid`,`isbn`,`type`) VALUES('Dedication and Train','3248','0523389195798','j');
INSERT INTO `genre_book`(`genre`, `entryid`) VALUES ('Adventure','3248');
INSERT INTO `author`(`name`,`birthyear`,`deathyear`) VALUES('Marhta Daily','1929','2003');
INSERT INTO `author_book`(`author`, `entryid`) VALUES ('Marhta Daily','3248');
INSERT INTO `publisher_book`(`publisher`, `entryid`) VALUES ('Haggerty Cooperations.','3248');
INSERT INTO `entry`(`entryid`,`type`) VALUES('3249','b');
INSERT INTO `book`(`title`,`entryid`,`isbn`,`type`) VALUES('Gosling and Spandex','3249','0344953146202','e');
INSERT INTO `genre_book`(`genre`, `entryid`) VALUES ('Education','3249');
INSERT INTO `author`(`name`,`birthyear`,`deathyear`) VALUES('Nisha Amsley','1944','2043');
INSERT INTO `author_book`(`author`, `entryid`) VALUES ('Nisha Amsley','3249');
INSERT INTO `publisher_book`(`publisher`, `entryid`) VALUES ('Lucious Publishers.','3249');
INSERT INTO `entry`(`entryid`,`type`) VALUES('3250','b');
INSERT INTO `book`(`title`,`entryid`,`isbn`,`type`) VALUES('Granddaughter and the Zoo','3250','9319453259470','b');
INSERT INTO `genre_book`(`genre`, `entryid`) VALUES ('Education','3250');
INSERT INTO `author`(`name`,`birthyear`,`deathyear`) VALUES('Tameika Derkach','1976','2017');
INSERT INTO `author_book`(`author`, `entryid`) VALUES ('Tameika Derkach','3250');
INSERT INTO `publisher_book`(`publisher`, `entryid`) VALUES ('Samas Publishers.','3250');
INSERT INTO `entry`(`entryid`,`type`) VALUES('3251','b');
INSERT INTO `book`(`title`,`entryid`,`isbn`,`type`) VALUES('Plantation for the Iris','3251','0801573036999','j');
INSERT INTO `genre_book`(`genre`, `entryid`) VALUES ('Romance','3251');
INSERT INTO `author_book`(`author`, `entryid`) VALUES ('Cassi Berdes','3251');
INSERT INTO `publisher_book`(`publisher`, `entryid`) VALUES ('Mainolfi Cooperations.','3251');
INSERT INTO `entry`(`entryid`,`type`) VALUES('3252','b');
INSERT INTO `book`(`title`,`entryid`,`isbn`,`type`) VALUES('Hobbies to well-desired Soup','3252','0555956756187','e');
INSERT INTO `genre_book`(`genre`, `entryid`) VALUES ('Adventure','3252');
INSERT INTO `author_book`(`author`, `entryid`) VALUES ('Caren Konieczny','3252');
INSERT INTO `publisher_book`(`publisher`, `entryid`) VALUES ('Kleis Inc.','3252');
INSERT INTO `entry`(`entryid`,`type`) VALUES('3253','b');
INSERT INTO `book`(`title`,`entryid`,`isbn`,`type`) VALUES('Pear by self-deceived Sponge','3253','9423967811407','b');
INSERT INTO `genre_book`(`genre`, `entryid`) VALUES ('Education','3253');
INSERT INTO `author_book`(`author`, `entryid`) VALUES ('Shantelle Schoo','3253');
INSERT INTO `publisher_book`(`publisher`, `entryid`) VALUES ('Difalco Cooperations.','3253');
INSERT INTO `entry`(`entryid`,`type`) VALUES('3254','b');
INSERT INTO `book`(`title`,`entryid`,`isbn`,`type`) VALUES('Mist by Chest','3254','0120799357445','j');
INSERT INTO `genre_book`(`genre`, `entryid`) VALUES ('Thriller','3254');
INSERT INTO `author`(`name`,`birthyear`,`deathyear`) VALUES('Kendall Merrit','1935','1992');
INSERT INTO `author_book`(`author`, `entryid`) VALUES ('Kendall Merrit','3254');
INSERT INTO `publisher_book`(`publisher`, `entryid`) VALUES ('Roux Publishers.','3254');
INSERT INTO `entry`(`entryid`,`type`) VALUES('3255','b');
INSERT INTO `book`(`title`,`entryid`,`isbn`,`type`) VALUES('Unit of the Iraqi Missile','3255','9905908597219','b');
INSERT INTO `genre_book`(`genre`, `entryid`) VALUES ('Thriller','3255');
INSERT INTO `author`(`name`,`birthyear`,`deathyear`) VALUES('Petronila Horesco','1912','1982');
INSERT INTO `author_book`(`author`, `entryid`) VALUES ('Petronila Horesco','3255');
INSERT INTO `publisher_book`(`publisher`, `entryid`) VALUES ('Difalco Cooperations.','3255');
INSERT INTO `entry`(`entryid`,`type`) VALUES('3256','b');
INSERT INTO `book`(`title`,`entryid`,`isbn`,`type`) VALUES('Half-brother with multiped Shadow','3256','9470028630427','j');
INSERT INTO `genre_book`(`genre`, `entryid`) VALUES ('Education','3256');
INSERT INTO `author_book`(`author`, `entryid`) VALUES ('Mistie Bentson','3256');
INSERT INTO `publisher_book`(`publisher`, `entryid`) VALUES ('Bolick Inc.','3256');
INSERT INTO `entry`(`entryid`,`type`) VALUES('3257','b');
INSERT INTO `book`(`title`,`entryid`,`isbn`,`type`) VALUES('Perch in the recognisable Composer','3257','0775989515805','e');
INSERT INTO `genre_book`(`genre`, `entryid`) VALUES ('Science','3257');
INSERT INTO `author_book`(`author`, `entryid`) VALUES ('Tilda Barickman','3257');
INSERT INTO `publisher_book`(`publisher`, `entryid`) VALUES ('Aiava Publishers.','3257');
INSERT INTO `entry`(`entryid`,`type`) VALUES('3258','b');
INSERT INTO `book`(`title`,`entryid`,`isbn`,`type`) VALUES('Tramp and Joke','3258','0765942782033','j');
INSERT INTO `genre_book`(`genre`, `entryid`) VALUES ('Thriller','3258');
INSERT INTO `author_book`(`author`, `entryid`) VALUES ('Exie Magwood','3258');
INSERT INTO `publisher_book`(`publisher`, `entryid`) VALUES ('Mainolfi Cooperations.','3258');
INSERT INTO `entry`(`entryid`,`type`) VALUES('3259','b');
INSERT INTO `book`(`title`,`entryid`,`isbn`,`type`) VALUES('Animal because of Locust','3259','0882458132507','j');
INSERT INTO `genre_book`(`genre`, `entryid`) VALUES ('Horror','3259');
INSERT INTO `author_book`(`author`, `entryid`) VALUES ('Rene Gaytan','3259');
INSERT INTO `publisher_book`(`publisher`, `entryid`) VALUES ('Giantonio Publishers.','3259');
INSERT INTO `entry`(`entryid`,`type`) VALUES('3260','b');
INSERT INTO `book`(`title`,`entryid`,`isbn`,`type`) VALUES('Burn against the mantled Mine','3260','0976729596577','j');
INSERT INTO `genre_book`(`genre`, `entryid`) VALUES ('Adventure','3260');
INSERT INTO `author`(`name`,`birthyear`,`deathyear`) VALUES('Allyn Proa','1898','1979');
INSERT INTO `author_book`(`author`, `entryid`) VALUES ('Allyn Proa','3260');
INSERT INTO `publisher_book`(`publisher`, `entryid`) VALUES ('Golladay Publishers.','3260');
INSERT INTO `entry`(`entryid`,`type`) VALUES('3261','b');
INSERT INTO `book`(`title`,`entryid`,`isbn`,`type`) VALUES('Deodorant by the Footnote','3261','9288436397554','b');
INSERT INTO `genre_book`(`genre`, `entryid`) VALUES ('Education','3261');
INSERT INTO `author_book`(`author`, `entryid`) VALUES ('Meaghan Kun','3261');
INSERT INTO `publisher_book`(`publisher`, `entryid`) VALUES ('Blan Inc.','3261');
INSERT INTO `entry`(`entryid`,`type`) VALUES('3262','b');
INSERT INTO `book`(`title`,`entryid`,`isbn`,`type`) VALUES('Lentil to Swallow','3262','0473269040108','e');
INSERT INTO `genre_book`(`genre`, `entryid`) VALUES ('Science','3262');
INSERT INTO `author`(`name`,`birthyear`,`deathyear`) VALUES('Julene Louwagie','1962','2033');
INSERT INTO `author_book`(`author`, `entryid`) VALUES ('Julene Louwagie','3262');
INSERT INTO `publisher_book`(`publisher`, `entryid`) VALUES ('Six Publishers.','3262');
INSERT INTO `entry`(`entryid`,`type`) VALUES('3263','b');
INSERT INTO `book`(`title`,`entryid`,`isbn`,`type`) VALUES('Gong of clavicorn Soy','3263','9816734811071','j');
INSERT INTO `genre_book`(`genre`, `entryid`) VALUES ('Sci-Fi','3263');
INSERT INTO `author`(`name`,`birthyear`,`deathyear`) VALUES('Lorita Crask','1899','1927');
INSERT INTO `author_book`(`author`, `entryid`) VALUES ('Lorita Crask','3263');
INSERT INTO `publisher_book`(`publisher`, `entryid`) VALUES ('Murdaugh Cooperations.','3263');
INSERT INTO `entry`(`entryid`,`type`) VALUES('3264','b');
INSERT INTO `book`(`title`,`entryid`,`isbn`,`type`) VALUES('Sponge with the flowerless Van','3264','0119793100592','b');
INSERT INTO `genre_book`(`genre`, `entryid`) VALUES ('Sci-Fi','3264');
INSERT INTO `author`(`name`,`birthyear`,`deathyear`) VALUES('Olga Pol','1916','1992');
INSERT INTO `author_book`(`author`, `entryid`) VALUES ('Olga Pol','3264');
INSERT INTO `publisher_book`(`publisher`, `entryid`) VALUES ('Garfield Publishers.','3264');
INSERT INTO `entry`(`entryid`,`type`) VALUES('3265','b');
INSERT INTO `book`(`title`,`entryid`,`isbn`,`type`) VALUES('Commission by the Ship','3265','9461751708280','j');
INSERT INTO `genre_book`(`genre`, `entryid`) VALUES ('Romance','3265');
INSERT INTO `author`(`name`,`birthyear`,`deathyear`) VALUES('Leeanne Nowitzke','1967','2052');
INSERT INTO `author_book`(`author`, `entryid`) VALUES ('Leeanne Nowitzke','3265');
INSERT INTO `publisher_book`(`publisher`, `entryid`) VALUES ('Trickel Inc.','3265');
INSERT INTO `entry`(`entryid`,`type`) VALUES('3266','b');
INSERT INTO `book`(`title`,`entryid`,`isbn`,`type`) VALUES('Cockroach against Grandmother','3266','9863612999054','b');
INSERT INTO `genre_book`(`genre`, `entryid`) VALUES ('Adventure','3266');
INSERT INTO `author_book`(`author`, `entryid`) VALUES ('Rosalie Bunkers','3266');
INSERT INTO `publisher_book`(`publisher`, `entryid`) VALUES ('Rohanna Publishers.','3266');
INSERT INTO `entry`(`entryid`,`type`) VALUES('3267','b');
INSERT INTO `book`(`title`,`entryid`,`isbn`,`type`) VALUES('River for lime Aries','3267','0521996161392','j');
INSERT INTO `genre_book`(`genre`, `entryid`) VALUES ('Education','3267');
INSERT INTO `author_book`(`author`, `entryid`) VALUES ('Torie Winesett','3267');
INSERT INTO `publisher_book`(`publisher`, `entryid`) VALUES ('Davalos Inc.','3267');
INSERT INTO `entry`(`entryid`,`type`) VALUES('3268','b');
INSERT INTO `book`(`title`,`entryid`,`isbn`,`type`) VALUES('Veterinarian by Crime','3268','9788686798953','e');
INSERT INTO `genre_book`(`genre`, `entryid`) VALUES ('Education','3268');
INSERT INTO `author_book`(`author`, `entryid`) VALUES ('Thora Walbert','3268');
INSERT INTO `publisher_book`(`publisher`, `entryid`) VALUES ('Wood Inc.','3268');
INSERT INTO `entry`(`entryid`,`type`) VALUES('3269','b');
INSERT INTO `book`(`title`,`entryid`,`isbn`,`type`) VALUES('Vegetarian with the Russian','3269','0817071870257','e');
INSERT INTO `genre_book`(`genre`, `entryid`) VALUES ('Horror','3269');
INSERT INTO `author_book`(`author`, `entryid`) VALUES ('Myrl Koyama','3269');
INSERT INTO `publisher_book`(`publisher`, `entryid`) VALUES ('Pery Cooperations.','3269');
INSERT INTO `entry`(`entryid`,`type`) VALUES('3270','b');
INSERT INTO `book`(`title`,`entryid`,`isbn`,`type`) VALUES('Quiet with Stool','3270','0784228320390','e');
INSERT INTO `genre_book`(`genre`, `entryid`) VALUES ('Horror','3270');
INSERT INTO `author_book`(`author`, `entryid`) VALUES ('Wilton Eklund','3270');
INSERT INTO `publisher`(`name`) VALUES ('Vanarsdall Cooperations.');
INSERT INTO `publisher_book`(`publisher`, `entryid`) VALUES ('Vanarsdall Cooperations.','3270');
INSERT INTO `entry`(`entryid`,`type`) VALUES('3271','b');
INSERT INTO `book`(`title`,`entryid`,`isbn`,`type`) VALUES('Thing to the circulating Squid','3271','0246934404076','e');
INSERT INTO `genre_book`(`genre`, `entryid`) VALUES ('Adventure','3271');
INSERT INTO `author_book`(`author`, `entryid`) VALUES ('Murray Gaiters','3271');
INSERT INTO `publisher_book`(`publisher`, `entryid`) VALUES ('Sunder Publishers.','3271');
INSERT INTO `entry`(`entryid`,`type`) VALUES('3272','b');
INSERT INTO `book`(`title`,`entryid`,`isbn`,`type`) VALUES('Motorboat in unwifely Suggestion','3272','0217094364977','b');
INSERT INTO `genre_book`(`genre`, `entryid`) VALUES ('Thriller','3272');
INSERT INTO `author`(`name`,`birthyear`,`deathyear`) VALUES('Cornell Sinnett','1897','1989');
INSERT INTO `author_book`(`author`, `entryid`) VALUES ('Cornell Sinnett','3272');
INSERT INTO `publisher_book`(`publisher`, `entryid`) VALUES ('Rickels Cooperations.','3272');
INSERT INTO `entry`(`entryid`,`type`) VALUES('3273','b');
INSERT INTO `book`(`title`,`entryid`,`isbn`,`type`) VALUES('Spear of balconied Bite','3273','0550951741974','b');
INSERT INTO `genre_book`(`genre`, `entryid`) VALUES ('Horror','3273');
INSERT INTO `author`(`name`,`birthyear`,`deathyear`) VALUES('Tamela Skutt','1939','2003');
INSERT INTO `author_book`(`author`, `entryid`) VALUES ('Tamela Skutt','3273');
INSERT INTO `publisher_book`(`publisher`, `entryid`) VALUES ('Ukich Cooperations.','3273');
INSERT INTO `entry`(`entryid`,`type`) VALUES('3274','b');
INSERT INTO `book`(`title`,`entryid`,`isbn`,`type`) VALUES('Snowstorm in the navigable Swiss','3274','9747285514294','e');
INSERT INTO `genre_book`(`genre`, `entryid`) VALUES ('Thriller','3274');
INSERT INTO `author_book`(`author`, `entryid`) VALUES ('Tyisha Sommerville','3274');
INSERT INTO `publisher_book`(`publisher`, `entryid`) VALUES ('Rohanna Publishers.','3274');
INSERT INTO `entry`(`entryid`,`type`) VALUES('3275','b');
INSERT INTO `book`(`title`,`entryid`,`isbn`,`type`) VALUES('English against Step-aunt','3275','9790166376591','b');
INSERT INTO `genre_book`(`genre`, `entryid`) VALUES ('Sci-Fi','3275');
INSERT INTO `author_book`(`author`, `entryid`) VALUES ('Jamaal Hazelbush','3275');
INSERT INTO `publisher_book`(`publisher`, `entryid`) VALUES ('Scantlen Inc.','3275');
INSERT INTO `entry`(`entryid`,`type`) VALUES('3276','b');
INSERT INTO `book`(`title`,`entryid`,`isbn`,`type`) VALUES('Hair because of undiplomatic Exhaust','3276','0301537696713','e');
INSERT INTO `genre_book`(`genre`, `entryid`) VALUES ('Science','3276');
INSERT INTO `author`(`name`,`birthyear`,`deathyear`) VALUES('Ivelisse Rosenthall','1959','1998');
INSERT INTO `author_book`(`author`, `entryid`) VALUES ('Ivelisse Rosenthall','3276');
INSERT INTO `publisher_book`(`publisher`, `entryid`) VALUES ('Giantonio Publishers.','3276');
INSERT INTO `entry`(`entryid`,`type`) VALUES('3277','b');
INSERT INTO `book`(`title`,`entryid`,`isbn`,`type`) VALUES('Gear against Guilty','3277','0027323593465','b');
INSERT INTO `genre_book`(`genre`, `entryid`) VALUES ('Thriller','3277');
INSERT INTO `author_book`(`author`, `entryid`) VALUES ('Dorothea Pribnow','3277');
INSERT INTO `publisher_book`(`publisher`, `entryid`) VALUES ('Filyan Inc.','3277');
INSERT INTO `entry`(`entryid`,`type`) VALUES('3278','b');
INSERT INTO `book`(`title`,`entryid`,`isbn`,`type`) VALUES('Factory against the Aunt','3278','0117821263843','e');
INSERT INTO `genre_book`(`genre`, `entryid`) VALUES ('Education','3278');
INSERT INTO `author_book`(`author`, `entryid`) VALUES ('Armandina Bird','3278');
INSERT INTO `publisher_book`(`publisher`, `entryid`) VALUES ('Fenceroy Publishers.','3278');
INSERT INTO `entry`(`entryid`,`type`) VALUES('3279','b');
INSERT INTO `book`(`title`,`entryid`,`isbn`,`type`) VALUES('Toast against the Crowd','3279','0730670923833','e');
INSERT INTO `genre_book`(`genre`, `entryid`) VALUES ('Science','3279');
INSERT INTO `author_book`(`author`, `entryid`) VALUES ('Greg Zadd','3279');
INSERT INTO `publisher_book`(`publisher`, `entryid`) VALUES ('Domino Inc.','3279');
INSERT INTO `entry`(`entryid`,`type`) VALUES('3280','b');
INSERT INTO `book`(`title`,`entryid`,`isbn`,`type`) VALUES('Watch with Plantation','3280','0472891449373','b');
INSERT INTO `genre_book`(`genre`, `entryid`) VALUES ('Sci-Fi','3280');
INSERT INTO `author_book`(`author`, `entryid`) VALUES ('Armandina Bird','3280');
INSERT INTO `publisher_book`(`publisher`, `entryid`) VALUES ('Wooderson Inc.','3280');
INSERT INTO `entry`(`entryid`,`type`) VALUES('3281','b');
INSERT INTO `book`(`title`,`entryid`,`isbn`,`type`) VALUES('Gold vs. Closet','3281','9825606252724','j');
INSERT INTO `genre_book`(`genre`, `entryid`) VALUES ('Science','3281');
INSERT INTO `author_book`(`author`, `entryid`) VALUES ('Soila Cruise','3281');
INSERT INTO `publisher_book`(`publisher`, `entryid`) VALUES ('Mizee Inc.','3281');
INSERT INTO `entry`(`entryid`,`type`) VALUES('3282','b');
INSERT INTO `book`(`title`,`entryid`,`isbn`,`type`) VALUES('Panty against sportless Rooster','3282','9181789137984','e');
INSERT INTO `genre_book`(`genre`, `entryid`) VALUES ('Thriller','3282');
INSERT INTO `author_book`(`author`, `entryid`) VALUES ('Min Pennington','3282');
INSERT INTO `publisher_book`(`publisher`, `entryid`) VALUES ('Rothery Cooperations.','3282');
INSERT INTO `entry`(`entryid`,`type`) VALUES('3283','b');
INSERT INTO `book`(`title`,`entryid`,`isbn`,`type`) VALUES('Snowplow and the oppugnant Lead','3283','0877844510394','e');
INSERT INTO `genre_book`(`genre`, `entryid`) VALUES ('Romance','3283');
INSERT INTO `author`(`name`,`birthyear`,`deathyear`) VALUES('Bernita Mccleave','1896','1959');
INSERT INTO `author_book`(`author`, `entryid`) VALUES ('Bernita Mccleave','3283');
INSERT INTO `publisher_book`(`publisher`, `entryid`) VALUES ('Salvatori Inc.','3283');
INSERT INTO `entry`(`entryid`,`type`) VALUES('3284','b');
INSERT INTO `book`(`title`,`entryid`,`isbn`,`type`) VALUES('Timbale of the faulty Stove','3284','0969943723781','e');
INSERT INTO `genre_book`(`genre`, `entryid`) VALUES ('Horror','3284');
INSERT INTO `author_book`(`author`, `entryid`) VALUES ('Irwin Dasovich','3284');
INSERT INTO `publisher_book`(`publisher`, `entryid`) VALUES ('Wesloh Inc.','3284');
INSERT INTO `entry`(`entryid`,`type`) VALUES('3285','b');
INSERT INTO `book`(`title`,`entryid`,`isbn`,`type`) VALUES('Risk against Frown','3285','0300775823859','e');
INSERT INTO `genre_book`(`genre`, `entryid`) VALUES ('Romance','3285');
INSERT INTO `author`(`name`,`birthyear`,`deathyear`) VALUES('Lilli Fata','1953','2002');
INSERT INTO `author_book`(`author`, `entryid`) VALUES ('Lilli Fata','3285');
INSERT INTO `publisher_book`(`publisher`, `entryid`) VALUES ('Kanda Publishers.','3285');
INSERT INTO `entry`(`entryid`,`type`) VALUES('3286','b');
INSERT INTO `book`(`title`,`entryid`,`isbn`,`type`) VALUES('Network with Tempo','3286','0641202381509','j');
INSERT INTO `genre_book`(`genre`, `entryid`) VALUES ('Thriller','3286');
INSERT INTO `author_book`(`author`, `entryid`) VALUES ('Edda Cobham','3286');
INSERT INTO `publisher_book`(`publisher`, `entryid`) VALUES ('Footer Inc.','3286');
INSERT INTO `entry`(`entryid`,`type`) VALUES('3287','b');
INSERT INTO `book`(`title`,`entryid`,`isbn`,`type`) VALUES('Tea with intercessional Haircut','3287','0140174307187','b');
INSERT INTO `genre_book`(`genre`, `entryid`) VALUES ('Sci-Fi','3287');
INSERT INTO `author`(`name`,`birthyear`,`deathyear`) VALUES('Iesha Beitel','1888','1930');
INSERT INTO `author_book`(`author`, `entryid`) VALUES ('Iesha Beitel','3287');
INSERT INTO `publisher`(`name`) VALUES ('Getchius Inc.');
INSERT INTO `publisher_book`(`publisher`, `entryid`) VALUES ('Getchius Inc.','3287');
INSERT INTO `entry`(`entryid`,`type`) VALUES('3288','b');
INSERT INTO `book`(`title`,`entryid`,`isbn`,`type`) VALUES('Saw and the Toy','3288','9187757549230','e');
INSERT INTO `genre_book`(`genre`, `entryid`) VALUES ('Science','3288');
INSERT INTO `author_book`(`author`, `entryid`) VALUES ('Ayako Lebeda','3288');
INSERT INTO `publisher_book`(`publisher`, `entryid`) VALUES ('Vanwyck Publishers.','3288');
INSERT INTO `entry`(`entryid`,`type`) VALUES('3289','b');
INSERT INTO `book`(`title`,`entryid`,`isbn`,`type`) VALUES('Beet with the Swimming','3289','0928958614221','e');
INSERT INTO `genre_book`(`genre`, `entryid`) VALUES ('Science','3289');
INSERT INTO `author_book`(`author`, `entryid`) VALUES ('Maximo Sarault','3289');
INSERT INTO `publisher_book`(`publisher`, `entryid`) VALUES ('Harbin Cooperations.','3289');
INSERT INTO `entry`(`entryid`,`type`) VALUES('3290','b');
INSERT INTO `book`(`title`,`entryid`,`isbn`,`type`) VALUES('Bay in the genitive Composition','3290','9834547774029','e');
INSERT INTO `genre_book`(`genre`, `entryid`) VALUES ('Education','3290');
INSERT INTO `author`(`name`,`birthyear`,`deathyear`) VALUES('Migdalia Chiszar','1976','2019');
INSERT INTO `author_book`(`author`, `entryid`) VALUES ('Migdalia Chiszar','3290');
INSERT INTO `publisher_book`(`publisher`, `entryid`) VALUES ('Hamnon Publishers.','3290');
INSERT INTO `entry`(`entryid`,`type`) VALUES('3291','b');
INSERT INTO `book`(`title`,`entryid`,`isbn`,`type`) VALUES('Copyright in Vulture','3291','9351270473886','b');
INSERT INTO `genre_book`(`genre`, `entryid`) VALUES ('Education','3291');
INSERT INTO `author`(`name`,`birthyear`,`deathyear`) VALUES('Caterina Santacruz','1918','1982');
INSERT INTO `author_book`(`author`, `entryid`) VALUES ('Caterina Santacruz','3291');
INSERT INTO `publisher_book`(`publisher`, `entryid`) VALUES ('Reshard Cooperations.','3291');
INSERT INTO `entry`(`entryid`,`type`) VALUES('3292','b');
INSERT INTO `book`(`title`,`entryid`,`isbn`,`type`) VALUES('Inventory to Fortnight','3292','0775488437741','b');
INSERT INTO `genre_book`(`genre`, `entryid`) VALUES ('Education','3292');
INSERT INTO `author`(`name`,`birthyear`,`deathyear`) VALUES('Angelyn Krzeminski','1915','2000');
INSERT INTO `author_book`(`author`, `entryid`) VALUES ('Angelyn Krzeminski','3292');
INSERT INTO `publisher_book`(`publisher`, `entryid`) VALUES ('Whalen Inc.','3292');
INSERT INTO `entry`(`entryid`,`type`) VALUES('3293','b');
INSERT INTO `book`(`title`,`entryid`,`isbn`,`type`) VALUES('Town in the haematopoietic Minibus','3293','0429824478261','j');
INSERT INTO `genre_book`(`genre`, `entryid`) VALUES ('Romance','3293');
INSERT INTO `author`(`name`,`birthyear`,`deathyear`) VALUES('Margene Kwasniewski','1923','1970');
INSERT INTO `author_book`(`author`, `entryid`) VALUES ('Margene Kwasniewski','3293');
INSERT INTO `publisher_book`(`publisher`, `entryid`) VALUES ('Guillotte Inc.','3293');
INSERT INTO `entry`(`entryid`,`type`) VALUES('3294','b');
INSERT INTO `book`(`title`,`entryid`,`isbn`,`type`) VALUES('Slip for the unscholarly Basket','3294','0901460546519','b');
INSERT INTO `genre_book`(`genre`, `entryid`) VALUES ('Sci-Fi','3294');
INSERT INTO `author_book`(`author`, `entryid`) VALUES ('Basilia Schoenhals','3294');
INSERT INTO `publisher_book`(`publisher`, `entryid`) VALUES ('Luangamath Inc.','3294');
INSERT INTO `entry`(`entryid`,`type`) VALUES('3295','b');
INSERT INTO `book`(`title`,`entryid`,`isbn`,`type`) VALUES('Chronometer by the Badger','3295','0892007716780','j');
INSERT INTO `genre_book`(`genre`, `entryid`) VALUES ('Romance','3295');
INSERT INTO `author`(`name`,`birthyear`,`deathyear`) VALUES('Danyell Waskow','1894','1974');
INSERT INTO `author_book`(`author`, `entryid`) VALUES ('Danyell Waskow','3295');
INSERT INTO `publisher_book`(`publisher`, `entryid`) VALUES ('Shuffstall Cooperations.','3295');
INSERT INTO `entry`(`entryid`,`type`) VALUES('3296','b');
INSERT INTO `book`(`title`,`entryid`,`isbn`,`type`) VALUES('Cow in the overgrown Israel','3296','0826855342167','b');
INSERT INTO `genre_book`(`genre`, `entryid`) VALUES ('Science','3296');
INSERT INTO `author`(`name`,`birthyear`,`deathyear`) VALUES('Delinda Becena','1951','2027');
INSERT INTO `author_book`(`author`, `entryid`) VALUES ('Delinda Becena','3296');
INSERT INTO `publisher_book`(`publisher`, `entryid`) VALUES ('Trinkl Inc.','3296');
INSERT INTO `entry`(`entryid`,`type`) VALUES('3297','b');
INSERT INTO `book`(`title`,`entryid`,`isbn`,`type`) VALUES('Foam to the obsequious Fly','3297','9815809567243','j');
INSERT INTO `genre_book`(`genre`, `entryid`) VALUES ('Sci-Fi','3297');
INSERT INTO `author`(`name`,`birthyear`,`deathyear`) VALUES('Timmy Picazo','1968','1997');
INSERT INTO `author_book`(`author`, `entryid`) VALUES ('Timmy Picazo','3297');
INSERT INTO `publisher_book`(`publisher`, `entryid`) VALUES ('Lansdowne Inc.','3297');
INSERT INTO `entry`(`entryid`,`type`) VALUES('3298','b');
INSERT INTO `book`(`title`,`entryid`,`isbn`,`type`) VALUES('Forest vs. Balance','3298','0223097307591','b');
INSERT INTO `genre_book`(`genre`, `entryid`) VALUES ('Adventure','3298');
INSERT INTO `author_book`(`author`, `entryid`) VALUES ('Margie Sellman','3298');
INSERT INTO `publisher_book`(`publisher`, `entryid`) VALUES ('Zorns Inc.','3298');
INSERT INTO `entry`(`entryid`,`type`) VALUES('3299','b');
INSERT INTO `book`(`title`,`entryid`,`isbn`,`type`) VALUES('Rocket for the Pastry','3299','0907354713701','b');
INSERT INTO `genre_book`(`genre`, `entryid`) VALUES ('Romance','3299');
INSERT INTO `author`(`name`,`birthyear`,`deathyear`) VALUES('Jeanmarie Stubler','1884','1912');
INSERT INTO `author_book`(`author`, `entryid`) VALUES ('Jeanmarie Stubler','3299');
INSERT INTO `publisher_book`(`publisher`, `entryid`) VALUES ('Vanwyck Publishers.','3299');
INSERT INTO `entry`(`entryid`,`type`) VALUES('3300','b');
INSERT INTO `book`(`title`,`entryid`,`isbn`,`type`) VALUES('Path to the Shark','3300','0308679790859','j');
INSERT INTO `genre_book`(`genre`, `entryid`) VALUES ('Horror','3300');
INSERT INTO `author_book`(`author`, `entryid`) VALUES ('Lorette Huddleson','3300');
INSERT INTO `publisher_book`(`publisher`, `entryid`) VALUES ('Salvatori Inc.','3300');
INSERT INTO `entry`(`entryid`,`type`) VALUES('3301','b');
INSERT INTO `book`(`title`,`entryid`,`isbn`,`type`) VALUES('Cave to the Way','3301','9582357552478','j');
INSERT INTO `genre_book`(`genre`, `entryid`) VALUES ('Thriller','3301');
INSERT INTO `author`(`name`,`birthyear`,`deathyear`) VALUES('Lorean Barrows','1900','1926');
INSERT INTO `author_book`(`author`, `entryid`) VALUES ('Lorean Barrows','3301');
INSERT INTO `publisher_book`(`publisher`, `entryid`) VALUES ('Rasco Inc.','3301');
INSERT INTO `entry`(`entryid`,`type`) VALUES('3302','b');
INSERT INTO `book`(`title`,`entryid`,`isbn`,`type`) VALUES('Alto for the worst Ophthalmologist','3302','0941739183991','j');
INSERT INTO `genre_book`(`genre`, `entryid`) VALUES ('Romance','3302');
INSERT INTO `author_book`(`author`, `entryid`) VALUES ('Golda Szopinski','3302');
INSERT INTO `publisher_book`(`publisher`, `entryid`) VALUES ('Maxell Publishers.','3302');
INSERT INTO `entry`(`entryid`,`type`) VALUES('3303','b');
INSERT INTO `book`(`title`,`entryid`,`isbn`,`type`) VALUES('Kenya by the abundant Daisy','3303','0149165008970','e');
INSERT INTO `genre_book`(`genre`, `entryid`) VALUES ('Education','3303');
INSERT INTO `author_book`(`author`, `entryid`) VALUES ('Josefine Erschen','3303');
INSERT INTO `publisher`(`name`) VALUES ('Rayman Publishers.');
INSERT INTO `publisher_book`(`publisher`, `entryid`) VALUES ('Rayman Publishers.','3303');
INSERT INTO `entry`(`entryid`,`type`) VALUES('3304','b');
INSERT INTO `book`(`title`,`entryid`,`isbn`,`type`) VALUES('Sail in the humoursome Polyester','3304','9955572873836','j');
INSERT INTO `genre_book`(`genre`, `entryid`) VALUES ('Romance','3304');
INSERT INTO `author_book`(`author`, `entryid`) VALUES ('Andra Bonneville','3304');
INSERT INTO `publisher_book`(`publisher`, `entryid`) VALUES ('Franken Publishers.','3304');
INSERT INTO `entry`(`entryid`,`type`) VALUES('3305','b');
INSERT INTO `book`(`title`,`entryid`,`isbn`,`type`) VALUES('Motorboat for mucid Barbara','3305','0306877321577','e');
INSERT INTO `genre_book`(`genre`, `entryid`) VALUES ('Thriller','3305');
INSERT INTO `author`(`name`,`birthyear`,`deathyear`) VALUES('Dacia Creacy','1962','2053');
INSERT INTO `author_book`(`author`, `entryid`) VALUES ('Dacia Creacy','3305');
INSERT INTO `publisher_book`(`publisher`, `entryid`) VALUES ('Cotner Cooperations.','3305');
INSERT INTO `entry`(`entryid`,`type`) VALUES('3306','b');
INSERT INTO `book`(`title`,`entryid`,`isbn`,`type`) VALUES('Sheet of rickety Babies','3306','9011967733224','e');
INSERT INTO `genre_book`(`genre`, `entryid`) VALUES ('Romance','3306');
INSERT INTO `author_book`(`author`, `entryid`) VALUES ('Ilana Geck','3306');
INSERT INTO `publisher_book`(`publisher`, `entryid`) VALUES ('Inlow Inc.','3306');
INSERT INTO `entry`(`entryid`,`type`) VALUES('3307','b');
INSERT INTO `book`(`title`,`entryid`,`isbn`,`type`) VALUES('Effect of the choky Printer','3307','9029033663139','e');
INSERT INTO `genre_book`(`genre`, `entryid`) VALUES ('Romance','3307');
INSERT INTO `author`(`name`,`birthyear`,`deathyear`) VALUES('Vivien Magnusson','1955','2054');
INSERT INTO `author_book`(`author`, `entryid`) VALUES ('Vivien Magnusson','3307');
INSERT INTO `publisher_book`(`publisher`, `entryid`) VALUES ('Guillotte Inc.','3307');
INSERT INTO `entry`(`entryid`,`type`) VALUES('3308','b');
INSERT INTO `book`(`title`,`entryid`,`isbn`,`type`) VALUES('Lathe against cubiform Root','3308','9669535189255','e');
INSERT INTO `genre_book`(`genre`, `entryid`) VALUES ('Education','3308');
INSERT INTO `author_book`(`author`, `entryid`) VALUES ('Esperanza Dose','3308');
INSERT INTO `publisher_book`(`publisher`, `entryid`) VALUES ('Ruozzo Cooperations.','3308');
INSERT INTO `entry`(`entryid`,`type`) VALUES('3309','b');
INSERT INTO `book`(`title`,`entryid`,`isbn`,`type`) VALUES('Perch of predicate Piano','3309','9143607270176','b');
INSERT INTO `genre_book`(`genre`, `entryid`) VALUES ('Romance','3309');
INSERT INTO `author_book`(`author`, `entryid`) VALUES ('Charlott Boos','3309');
INSERT INTO `publisher_book`(`publisher`, `entryid`) VALUES ('Six Publishers.','3309');
INSERT INTO `entry`(`entryid`,`type`) VALUES('3310','b');
INSERT INTO `book`(`title`,`entryid`,`isbn`,`type`) VALUES('Archaeology in the Hat','3310','0680168554878','j');
INSERT INTO `genre_book`(`genre`, `entryid`) VALUES ('Thriller','3310');
INSERT INTO `author`(`name`,`birthyear`,`deathyear`) VALUES('Aleen Cundy','1913','1945');
INSERT INTO `author_book`(`author`, `entryid`) VALUES ('Aleen Cundy','3310');
INSERT INTO `publisher_book`(`publisher`, `entryid`) VALUES ('Bolick Inc.','3310');
INSERT INTO `entry`(`entryid`,`type`) VALUES('3311','b');
INSERT INTO `book`(`title`,`entryid`,`isbn`,`type`) VALUES('Fuel for the disclosed Hexagon','3311','0694680568850','b');
INSERT INTO `genre_book`(`genre`, `entryid`) VALUES ('Education','3311');
INSERT INTO `author_book`(`author`, `entryid`) VALUES ('Nydia Duhe','3311');
INSERT INTO `publisher_book`(`publisher`, `entryid`) VALUES ('Oieda Inc.','3311');
INSERT INTO `entry`(`entryid`,`type`) VALUES('3312','b');
INSERT INTO `book`(`title`,`entryid`,`isbn`,`type`) VALUES('Sofa and Waterfall','3312','0810770389081','b');
INSERT INTO `genre_book`(`genre`, `entryid`) VALUES ('Thriller','3312');
INSERT INTO `author_book`(`author`, `entryid`) VALUES ('Mavis Sodomka','3312');
INSERT INTO `publisher_book`(`publisher`, `entryid`) VALUES ('Kotlar Publishers.','3312');
INSERT INTO `entry`(`entryid`,`type`) VALUES('3313','b');
INSERT INTO `book`(`title`,`entryid`,`isbn`,`type`) VALUES('Stove because of Link','3313','9079796961321','b');
INSERT INTO `genre_book`(`genre`, `entryid`) VALUES ('Romance','3313');
INSERT INTO `author`(`name`,`birthyear`,`deathyear`) VALUES('Adella Elsa','1961','2058');
INSERT INTO `author_book`(`author`, `entryid`) VALUES ('Adella Elsa','3313');
INSERT INTO `publisher_book`(`publisher`, `entryid`) VALUES ('Yasurek Cooperations.','3313');
INSERT INTO `entry`(`entryid`,`type`) VALUES('3314','b');
INSERT INTO `book`(`title`,`entryid`,`isbn`,`type`) VALUES('Authorization of the load-bearing Snowboarding','3314','9282034328859','e');
INSERT INTO `genre_book`(`genre`, `entryid`) VALUES ('Thriller','3314');
INSERT INTO `author_book`(`author`, `entryid`) VALUES ('Shoshana Vigiano','3314');
INSERT INTO `publisher_book`(`publisher`, `entryid`) VALUES ('Excell Inc.','3314');
INSERT INTO `entry`(`entryid`,`type`) VALUES('3315','b');
INSERT INTO `book`(`title`,`entryid`,`isbn`,`type`) VALUES('Continent of the glowing Fragrance','3315','0103692302274','b');
INSERT INTO `genre_book`(`genre`, `entryid`) VALUES ('Sci-Fi','3315');
INSERT INTO `author`(`name`,`birthyear`,`deathyear`) VALUES('Walker Gurrola','1888','1986');
INSERT INTO `author_book`(`author`, `entryid`) VALUES ('Walker Gurrola','3315');
INSERT INTO `publisher_book`(`publisher`, `entryid`) VALUES ('Takemoto Inc.','3315');
INSERT INTO `entry`(`entryid`,`type`) VALUES('3316','b');
INSERT INTO `book`(`title`,`entryid`,`isbn`,`type`) VALUES('Desert to the wised Good-bye','3316','0095082121159','e');
INSERT INTO `genre_book`(`genre`, `entryid`) VALUES ('Education','3316');
INSERT INTO `author`(`name`,`birthyear`,`deathyear`) VALUES('Sumiko Opara','1904','1940');
INSERT INTO `author_book`(`author`, `entryid`) VALUES ('Sumiko Opara','3316');
INSERT INTO `publisher_book`(`publisher`, `entryid`) VALUES ('Bogan Cooperations.','3316');
INSERT INTO `entry`(`entryid`,`type`) VALUES('3317','b');
INSERT INTO `book`(`title`,`entryid`,`isbn`,`type`) VALUES('Thomas and the thank-you Millimeter','3317','9388704747296','e');
INSERT INTO `genre_book`(`genre`, `entryid`) VALUES ('Horror','3317');
INSERT INTO `author`(`name`,`birthyear`,`deathyear`) VALUES('Kenia Hochschild','1894','1921');
INSERT INTO `author_book`(`author`, `entryid`) VALUES ('Kenia Hochschild','3317');
INSERT INTO `publisher_book`(`publisher`, `entryid`) VALUES ('Terrell Cooperations.','3317');
INSERT INTO `entry`(`entryid`,`type`) VALUES('3318','b');
INSERT INTO `book`(`title`,`entryid`,`isbn`,`type`) VALUES('Menu to the Musician','3318','0360156005822','b');
INSERT INTO `genre_book`(`genre`, `entryid`) VALUES ('Science','3318');
INSERT INTO `author_book`(`author`, `entryid`) VALUES ('Virgie Kunin','3318');
INSERT INTO `publisher_book`(`publisher`, `entryid`) VALUES ('Fendt Publishers.','3318');
INSERT INTO `entry`(`entryid`,`type`) VALUES('3319','b');
INSERT INTO `book`(`title`,`entryid`,`isbn`,`type`) VALUES('Glue for the preparatory Plier','3319','0703172831796','b');
INSERT INTO `genre_book`(`genre`, `entryid`) VALUES ('Thriller','3319');
INSERT INTO `author`(`name`,`birthyear`,`deathyear`) VALUES('Tobie Countryman','1955','2009');
INSERT INTO `author_book`(`author`, `entryid`) VALUES ('Tobie Countryman','3319');
INSERT INTO `publisher_book`(`publisher`, `entryid`) VALUES ('Bernadette Cooperations.','3319');
INSERT INTO `entry`(`entryid`,`type`) VALUES('3320','b');
INSERT INTO `book`(`title`,`entryid`,`isbn`,`type`) VALUES('Niece and the unbaked Geese','3320','9812099959852','b');
INSERT INTO `genre_book`(`genre`, `entryid`) VALUES ('Horror','3320');
INSERT INTO `author_book`(`author`, `entryid`) VALUES ('Kai Valone','3320');
INSERT INTO `publisher_book`(`publisher`, `entryid`) VALUES ('Cerrito Inc.','3320');
INSERT INTO `entry`(`entryid`,`type`) VALUES('3321','b');
INSERT INTO `book`(`title`,`entryid`,`isbn`,`type`) VALUES('Fender vs. knotless Cold','3321','0937610242353','b');
INSERT INTO `genre_book`(`genre`, `entryid`) VALUES ('Education','3321');
INSERT INTO `author`(`name`,`birthyear`,`deathyear`) VALUES('Ed Kewal','1980','2041');
INSERT INTO `author_book`(`author`, `entryid`) VALUES ('Ed Kewal','3321');
INSERT INTO `publisher_book`(`publisher`, `entryid`) VALUES ('Withfield Inc.','3321');
INSERT INTO `entry`(`entryid`,`type`) VALUES('3322','b');
INSERT INTO `book`(`title`,`entryid`,`isbn`,`type`) VALUES('Bill by circular Rhinoceros','3322','9387509082123','e');
INSERT INTO `genre_book`(`genre`, `entryid`) VALUES ('Sci-Fi','3322');
INSERT INTO `author_book`(`author`, `entryid`) VALUES ('Migdalia Sberna','3322');
INSERT INTO `publisher_book`(`publisher`, `entryid`) VALUES ('Duhon Publishers.','3322');
INSERT INTO `entry`(`entryid`,`type`) VALUES('3323','b');
INSERT INTO `book`(`title`,`entryid`,`isbn`,`type`) VALUES('Dimple to the Street','3323','0889081123040','e');
INSERT INTO `genre_book`(`genre`, `entryid`) VALUES ('Sci-Fi','3323');
INSERT INTO `author_book`(`author`, `entryid`) VALUES ('Cassi Berdes','3323');
INSERT INTO `publisher_book`(`publisher`, `entryid`) VALUES ('Raetz Publishers.','3323');
INSERT INTO `entry`(`entryid`,`type`) VALUES('3324','b');
INSERT INTO `book`(`title`,`entryid`,`isbn`,`type`) VALUES('Gram for the Larch','3324','0772154785926','e');
INSERT INTO `genre_book`(`genre`, `entryid`) VALUES ('Science','3324');
INSERT INTO `author`(`name`,`birthyear`,`deathyear`) VALUES('Delicia Soloman','1920','1985');
INSERT INTO `author_book`(`author`, `entryid`) VALUES ('Delicia Soloman','3324');
INSERT INTO `publisher_book`(`publisher`, `entryid`) VALUES ('Holshovser Publishers.','3324');
INSERT INTO `entry`(`entryid`,`type`) VALUES('3325','b');
INSERT INTO `book`(`title`,`entryid`,`isbn`,`type`) VALUES('Side with the convenient Orange','3325','0491744118085','j');
INSERT INTO `genre_book`(`genre`, `entryid`) VALUES ('Education','3325');
INSERT INTO `author`(`name`,`birthyear`,`deathyear`) VALUES('Harold Bries','1890','1944');
INSERT INTO `author_book`(`author`, `entryid`) VALUES ('Harold Bries','3325');
INSERT INTO `publisher_book`(`publisher`, `entryid`) VALUES ('Scantlen Inc.','3325');
INSERT INTO `entry`(`entryid`,`type`) VALUES('3326','b');
INSERT INTO `book`(`title`,`entryid`,`isbn`,`type`) VALUES('Decision in rath Macaroni','3326','0175520130069','e');
INSERT INTO `genre_book`(`genre`, `entryid`) VALUES ('Romance','3326');
INSERT INTO `author`(`name`,`birthyear`,`deathyear`) VALUES('Colene Takaoka','1905','1947');
INSERT INTO `author_book`(`author`, `entryid`) VALUES ('Colene Takaoka','3326');
INSERT INTO `publisher_book`(`publisher`, `entryid`) VALUES ('Manzanero Inc.','3326');
INSERT INTO `entry`(`entryid`,`type`) VALUES('3327','b');
INSERT INTO `book`(`title`,`entryid`,`isbn`,`type`) VALUES('Eight by the Account','3327','0137198650953','e');
INSERT INTO `genre_book`(`genre`, `entryid`) VALUES ('Education','3327');
INSERT INTO `author`(`name`,`birthyear`,`deathyear`) VALUES('Luanne Folgar','1934','1987');
INSERT INTO `author_book`(`author`, `entryid`) VALUES ('Luanne Folgar','3327');
INSERT INTO `publisher_book`(`publisher`, `entryid`) VALUES ('Fiebich Cooperations.','3327');
INSERT INTO `entry`(`entryid`,`type`) VALUES('3328','b');
INSERT INTO `book`(`title`,`entryid`,`isbn`,`type`) VALUES('Advantage in Event','3328','9609236566670','b');
INSERT INTO `genre_book`(`genre`, `entryid`) VALUES ('Science','3328');
INSERT INTO `author`(`name`,`birthyear`,`deathyear`) VALUES('Ronni Strauhal','1943','2039');
INSERT INTO `author_book`(`author`, `entryid`) VALUES ('Ronni Strauhal','3328');
INSERT INTO `publisher_book`(`publisher`, `entryid`) VALUES ('Lanagan Inc.','3328');
INSERT INTO `entry`(`entryid`,`type`) VALUES('3329','b');
INSERT INTO `book`(`title`,`entryid`,`isbn`,`type`) VALUES('Occupation against Defense','3329','9646661904762','b');
INSERT INTO `genre_book`(`genre`, `entryid`) VALUES ('Horror','3329');
INSERT INTO `author_book`(`author`, `entryid`) VALUES ('Melody Vrias','3329');
INSERT INTO `publisher_book`(`publisher`, `entryid`) VALUES ('Peel Inc.','3329');
INSERT INTO `entry`(`entryid`,`type`) VALUES('3330','b');
INSERT INTO `book`(`title`,`entryid`,`isbn`,`type`) VALUES('Cost because of Liver','3330','0842589515115','j');
INSERT INTO `genre_book`(`genre`, `entryid`) VALUES ('Horror','3330');
INSERT INTO `author_book`(`author`, `entryid`) VALUES ('Syble Turpen','3330');
INSERT INTO `publisher_book`(`publisher`, `entryid`) VALUES ('Aplington Inc.','3330');
INSERT INTO `entry`(`entryid`,`type`) VALUES('3331','b');
INSERT INTO `book`(`title`,`entryid`,`isbn`,`type`) VALUES('Bath by the uric Frown','3331','9139395311046','j');
INSERT INTO `genre_book`(`genre`, `entryid`) VALUES ('Romance','3331');
INSERT INTO `author`(`name`,`birthyear`,`deathyear`) VALUES('Winston Siano','1969','2065');
INSERT INTO `author_book`(`author`, `entryid`) VALUES ('Winston Siano','3331');
INSERT INTO `publisher_book`(`publisher`, `entryid`) VALUES ('Kedley Cooperations.','3331');
INSERT INTO `entry`(`entryid`,`type`) VALUES('3332','b');
INSERT INTO `book`(`title`,`entryid`,`isbn`,`type`) VALUES('Football by the Propane','3332','0669657170394','b');
INSERT INTO `genre_book`(`genre`, `entryid`) VALUES ('Romance','3332');
INSERT INTO `author_book`(`author`, `entryid`) VALUES ('Slyvia Bonifacio','3332');
INSERT INTO `publisher_book`(`publisher`, `entryid`) VALUES ('Sollis Inc.','3332');
INSERT INTO `entry`(`entryid`,`type`) VALUES('3333','b');
INSERT INTO `book`(`title`,`entryid`,`isbn`,`type`) VALUES('Art for the Lunch','3333','0793913548052','b');
INSERT INTO `genre_book`(`genre`, `entryid`) VALUES ('Horror','3333');
INSERT INTO `author`(`name`,`birthyear`,`deathyear`) VALUES('Maxine Biscoe','1965','1988');
INSERT INTO `author_book`(`author`, `entryid`) VALUES ('Maxine Biscoe','3333');
INSERT INTO `publisher_book`(`publisher`, `entryid`) VALUES ('Standback Cooperations.','3333');
INSERT INTO `entry`(`entryid`,`type`) VALUES('3334','b');
INSERT INTO `book`(`title`,`entryid`,`isbn`,`type`) VALUES('Gore-tex of the Ceiling','3334','0218281107083','e');
INSERT INTO `genre_book`(`genre`, `entryid`) VALUES ('Adventure','3334');
INSERT INTO `author`(`name`,`birthyear`,`deathyear`) VALUES('Alberto Samuelsen','1892','1989');
INSERT INTO `author_book`(`author`, `entryid`) VALUES ('Alberto Samuelsen','3334');
INSERT INTO `publisher_book`(`publisher`, `entryid`) VALUES ('Hamnon Publishers.','3334');
INSERT INTO `entry`(`entryid`,`type`) VALUES('3335','b');
INSERT INTO `book`(`title`,`entryid`,`isbn`,`type`) VALUES('Titanium in the characteristic Battery','3335','0949863282811','b');
INSERT INTO `genre_book`(`genre`, `entryid`) VALUES ('Horror','3335');
INSERT INTO `author_book`(`author`, `entryid`) VALUES ('Emmy Samuell','3335');
INSERT INTO `publisher_book`(`publisher`, `entryid`) VALUES ('Mccardell Cooperations.','3335');
INSERT INTO `entry`(`entryid`,`type`) VALUES('3336','b');
INSERT INTO `book`(`title`,`entryid`,`isbn`,`type`) VALUES('Prosecution because of uncovered Bow','3336','0839506253437','b');
INSERT INTO `genre_book`(`genre`, `entryid`) VALUES ('Sci-Fi','3336');
INSERT INTO `author_book`(`author`, `entryid`) VALUES ('Dannie Speyer','3336');
INSERT INTO `publisher_book`(`publisher`, `entryid`) VALUES ('Fonte Inc.','3336');
INSERT INTO `entry`(`entryid`,`type`) VALUES('3337','b');
INSERT INTO `book`(`title`,`entryid`,`isbn`,`type`) VALUES('Fender of ungodliest Group','3337','9668026591158','b');
INSERT INTO `genre_book`(`genre`, `entryid`) VALUES ('Adventure','3337');
INSERT INTO `author`(`name`,`birthyear`,`deathyear`) VALUES('Herschel Fyksen','1963','2043');
INSERT INTO `author_book`(`author`, `entryid`) VALUES ('Herschel Fyksen','3337');
INSERT INTO `publisher_book`(`publisher`, `entryid`) VALUES ('Kronenberg Publishers.','3337');
INSERT INTO `entry`(`entryid`,`type`) VALUES('3338','b');
INSERT INTO `book`(`title`,`entryid`,`isbn`,`type`) VALUES('Blinker of pithy Organisation','3338','9665394696273','e');
INSERT INTO `genre_book`(`genre`, `entryid`) VALUES ('Adventure','3338');
INSERT INTO `author_book`(`author`, `entryid`) VALUES ('Renee Kiker','3338');
INSERT INTO `publisher_book`(`publisher`, `entryid`) VALUES ('Betit Inc.','3338');
INSERT INTO `entry`(`entryid`,`type`) VALUES('3339','b');
INSERT INTO `book`(`title`,`entryid`,`isbn`,`type`) VALUES('Bit and the Street','3339','9672144425213','j');
INSERT INTO `genre_book`(`genre`, `entryid`) VALUES ('Sci-Fi','3339');
INSERT INTO `author_book`(`author`, `entryid`) VALUES ('Allyn Proa','3339');
INSERT INTO `publisher_book`(`publisher`, `entryid`) VALUES ('Toste Publishers.','3339');
INSERT INTO `entry`(`entryid`,`type`) VALUES('3340','b');
INSERT INTO `book`(`title`,`entryid`,`isbn`,`type`) VALUES('Gas by unregulated Angle','3340','9786644005170','e');
INSERT INTO `genre_book`(`genre`, `entryid`) VALUES ('Thriller','3340');
INSERT INTO `author`(`name`,`birthyear`,`deathyear`) VALUES('Georgina Goolesby','1959','2038');
INSERT INTO `author_book`(`author`, `entryid`) VALUES ('Georgina Goolesby','3340');
INSERT INTO `publisher_book`(`publisher`, `entryid`) VALUES ('Dietlin Cooperations.','3340');
INSERT INTO `entry`(`entryid`,`type`) VALUES('3341','b');
INSERT INTO `book`(`title`,`entryid`,`isbn`,`type`) VALUES('Head and Body','3341','0569090780288','j');
INSERT INTO `genre_book`(`genre`, `entryid`) VALUES ('Science','3341');
INSERT INTO `author_book`(`author`, `entryid`) VALUES ('Cheree Bachor','3341');
INSERT INTO `publisher_book`(`publisher`, `entryid`) VALUES ('Gerondale Inc.','3341');
INSERT INTO `entry`(`entryid`,`type`) VALUES('3342','b');
INSERT INTO `book`(`title`,`entryid`,`isbn`,`type`) VALUES('Element in the Gander','3342','9798517077282','b');
INSERT INTO `genre_book`(`genre`, `entryid`) VALUES ('Romance','3342');
INSERT INTO `author`(`name`,`birthyear`,`deathyear`) VALUES('Nathan Mendizabal','1927','2001');
INSERT INTO `author_book`(`author`, `entryid`) VALUES ('Nathan Mendizabal','3342');
INSERT INTO `publisher_book`(`publisher`, `entryid`) VALUES ('Lampson Inc.','3342');
INSERT INTO `entry`(`entryid`,`type`) VALUES('3343','b');
INSERT INTO `book`(`title`,`entryid`,`isbn`,`type`) VALUES('Crocodile to the Question','3343','9365362413801','j');
INSERT INTO `genre_book`(`genre`, `entryid`) VALUES ('Adventure','3343');
INSERT INTO `author_book`(`author`, `entryid`) VALUES ('Bree Greaux','3343');
INSERT INTO `publisher_book`(`publisher`, `entryid`) VALUES ('Sollors Publishers.','3343');
INSERT INTO `entry`(`entryid`,`type`) VALUES('3344','b');
INSERT INTO `book`(`title`,`entryid`,`isbn`,`type`) VALUES('Kettledrum against the Department','3344','0623017247881','j');
INSERT INTO `genre_book`(`genre`, `entryid`) VALUES ('Adventure','3344');
INSERT INTO `author_book`(`author`, `entryid`) VALUES ('Herschel Fyksen','3344');
INSERT INTO `publisher_book`(`publisher`, `entryid`) VALUES ('Brassard Inc.','3344');
INSERT INTO `entry`(`entryid`,`type`) VALUES('3345','b');
INSERT INTO `book`(`title`,`entryid`,`isbn`,`type`) VALUES('Fender to the wooden Puffin','3345','0339432865119','j');
INSERT INTO `genre_book`(`genre`, `entryid`) VALUES ('Science','3345');
INSERT INTO `author_book`(`author`, `entryid`) VALUES ('Jarrett Mess','3345');
INSERT INTO `publisher_book`(`publisher`, `entryid`) VALUES ('Bumby Inc.','3345');
INSERT INTO `entry`(`entryid`,`type`) VALUES('3346','b');
INSERT INTO `book`(`title`,`entryid`,`isbn`,`type`) VALUES('Makeup against Self','3346','9923975159363','e');
INSERT INTO `genre_book`(`genre`, `entryid`) VALUES ('Education','3346');
INSERT INTO `author_book`(`author`, `entryid`) VALUES ('Milagros Pollen','3346');
INSERT INTO `publisher_book`(`publisher`, `entryid`) VALUES ('Woskobojnik Inc.','3346');
INSERT INTO `entry`(`entryid`,`type`) VALUES('3347','b');
INSERT INTO `book`(`title`,`entryid`,`isbn`,`type`) VALUES('Capital and the Oil','3347','9115461574712','e');
INSERT INTO `genre_book`(`genre`, `entryid`) VALUES ('Adventure','3347');
INSERT INTO `author_book`(`author`, `entryid`) VALUES ('Georgette Heroth','3347');
INSERT INTO `publisher_book`(`publisher`, `entryid`) VALUES ('Devon Inc.','3347');
INSERT INTO `entry`(`entryid`,`type`) VALUES('3348','b');
INSERT INTO `book`(`title`,`entryid`,`isbn`,`type`) VALUES('Ashtray against the Shield','3348','0193781210934','b');
INSERT INTO `genre_book`(`genre`, `entryid`) VALUES ('Education','3348');
INSERT INTO `author_book`(`author`, `entryid`) VALUES ('Willa Branski','3348');
INSERT INTO `publisher_book`(`publisher`, `entryid`) VALUES ('Culpepper Cooperations.','3348');
INSERT INTO `entry`(`entryid`,`type`) VALUES('3349','b');
INSERT INTO `book`(`title`,`entryid`,`isbn`,`type`) VALUES('Cold in uncontroverted Quit','3349','0297261341428','b');
INSERT INTO `genre_book`(`genre`, `entryid`) VALUES ('Thriller','3349');
INSERT INTO `author_book`(`author`, `entryid`) VALUES ('Etsuko Hitchings','3349');
INSERT INTO `publisher_book`(`publisher`, `entryid`) VALUES ('Dubuisson Inc.','3349');
INSERT INTO `entry`(`entryid`,`type`) VALUES('3350','b');
INSERT INTO `book`(`title`,`entryid`,`isbn`,`type`) VALUES('Unit with depressible Tulip','3350','0276432501336','j');
INSERT INTO `genre_book`(`genre`, `entryid`) VALUES ('Thriller','3350');
INSERT INTO `author`(`name`,`birthyear`,`deathyear`) VALUES('Consuela Singhisen','1910','1980');
INSERT INTO `author_book`(`author`, `entryid`) VALUES ('Consuela Singhisen','3350');
INSERT INTO `publisher`(`name`) VALUES ('Ginty Cooperations.');
INSERT INTO `publisher_book`(`publisher`, `entryid`) VALUES ('Ginty Cooperations.','3350');
INSERT INTO `entry`(`entryid`,`type`) VALUES('3351','b');
INSERT INTO `book`(`title`,`entryid`,`isbn`,`type`) VALUES('Beggar by vulturous Plasterboard','3351','0385985031530','b');
INSERT INTO `genre_book`(`genre`, `entryid`) VALUES ('Education','3351');
INSERT INTO `author`(`name`,`birthyear`,`deathyear`) VALUES('Mara Zelasco','1941','1974');
INSERT INTO `author_book`(`author`, `entryid`) VALUES ('Mara Zelasco','3351');
INSERT INTO `publisher_book`(`publisher`, `entryid`) VALUES ('Mccarvill Inc.','3351');
INSERT INTO `entry`(`entryid`,`type`) VALUES('3352','b');
INSERT INTO `book`(`title`,`entryid`,`isbn`,`type`) VALUES('Employee vs. sliding Lead','3352','9422793600553','e');
INSERT INTO `genre_book`(`genre`, `entryid`) VALUES ('Sci-Fi','3352');
INSERT INTO `author_book`(`author`, `entryid`) VALUES ('Ozella Comeau','3352');
INSERT INTO `publisher_book`(`publisher`, `entryid`) VALUES ('Antrikin Inc.','3352');
INSERT INTO `entry`(`entryid`,`type`) VALUES('3353','b');
INSERT INTO `book`(`title`,`entryid`,`isbn`,`type`) VALUES('Gondola by bughouse Surprise','3353','9559287104470','e');
INSERT INTO `genre_book`(`genre`, `entryid`) VALUES ('Thriller','3353');
INSERT INTO `author`(`name`,`birthyear`,`deathyear`) VALUES('Joeann Brage','1918','2014');
INSERT INTO `author_book`(`author`, `entryid`) VALUES ('Joeann Brage','3353');
INSERT INTO `publisher_book`(`publisher`, `entryid`) VALUES ('Tanton Publishers.','3353');
INSERT INTO `entry`(`entryid`,`type`) VALUES('3354','b');
INSERT INTO `book`(`title`,`entryid`,`isbn`,`type`) VALUES('Walrus by glycolic Root','3354','0104002868401','b');
INSERT INTO `genre_book`(`genre`, `entryid`) VALUES ('Science','3354');
INSERT INTO `author_book`(`author`, `entryid`) VALUES ('Arnulfo Michand','3354');
INSERT INTO `publisher_book`(`publisher`, `entryid`) VALUES ('Munaz Publishers.','3354');
INSERT INTO `entry`(`entryid`,`type`) VALUES('3355','b');
INSERT INTO `book`(`title`,`entryid`,`isbn`,`type`) VALUES('Argentina of sacrosanct Family','3355','9779698214592','e');
INSERT INTO `genre_book`(`genre`, `entryid`) VALUES ('Horror','3355');
INSERT INTO `author_book`(`author`, `entryid`) VALUES ('Seth Paup','3355');
INSERT INTO `publisher_book`(`publisher`, `entryid`) VALUES ('Ginty Cooperations.','3355');
INSERT INTO `entry`(`entryid`,`type`) VALUES('3356','b');
INSERT INTO `book`(`title`,`entryid`,`isbn`,`type`) VALUES('Balloon and splenic Barometer','3356','9814183973205','e');
INSERT INTO `genre_book`(`genre`, `entryid`) VALUES ('Science','3356');
INSERT INTO `author`(`name`,`birthyear`,`deathyear`) VALUES('Tena Guitierez','1938','2010');
INSERT INTO `author_book`(`author`, `entryid`) VALUES ('Tena Guitierez','3356');
INSERT INTO `publisher_book`(`publisher`, `entryid`) VALUES ('Callam Inc.','3356');
INSERT INTO `entry`(`entryid`,`type`) VALUES('3357','b');
INSERT INTO `book`(`title`,`entryid`,`isbn`,`type`) VALUES('Sink of statuary Snail','3357','9598620672637','e');
INSERT INTO `genre_book`(`genre`, `entryid`) VALUES ('Thriller','3357');
INSERT INTO `author`(`name`,`birthyear`,`deathyear`) VALUES('Caryl Jay','1972','2050');
INSERT INTO `author_book`(`author`, `entryid`) VALUES ('Caryl Jay','3357');
INSERT INTO `publisher_book`(`publisher`, `entryid`) VALUES ('Farber Publishers.','3357');
INSERT INTO `entry`(`entryid`,`type`) VALUES('3358','b');
INSERT INTO `book`(`title`,`entryid`,`isbn`,`type`) VALUES('Sail against the unremitted Mini-skirt','3358','9670467719094','e');
INSERT INTO `genre_book`(`genre`, `entryid`) VALUES ('Horror','3358');
INSERT INTO `author`(`name`,`birthyear`,`deathyear`) VALUES('Arthur Craawford','1894','1967');
INSERT INTO `author_book`(`author`, `entryid`) VALUES ('Arthur Craawford','3358');
INSERT INTO `publisher_book`(`publisher`, `entryid`) VALUES ('Rasco Inc.','3358');
INSERT INTO `entry`(`entryid`,`type`) VALUES('3359','b');
INSERT INTO `book`(`title`,`entryid`,`isbn`,`type`) VALUES('Accelerator with the Chill','3359','0103870926959','e');
INSERT INTO `genre_book`(`genre`, `entryid`) VALUES ('Education','3359');
INSERT INTO `author_book`(`author`, `entryid`) VALUES ('Miki Garufi','3359');
INSERT INTO `publisher_book`(`publisher`, `entryid`) VALUES ('Hurtgen Inc.','3359');
INSERT INTO `entry`(`entryid`,`type`) VALUES('3360','b');
INSERT INTO `book`(`title`,`entryid`,`isbn`,`type`) VALUES('Bill for Alcohol','3360','0326905672646','b');
INSERT INTO `genre_book`(`genre`, `entryid`) VALUES ('Sci-Fi','3360');
INSERT INTO `author`(`name`,`birthyear`,`deathyear`) VALUES('Lawana Bauerlein','1895','1952');
INSERT INTO `author_book`(`author`, `entryid`) VALUES ('Lawana Bauerlein','3360');
INSERT INTO `publisher_book`(`publisher`, `entryid`) VALUES ('Poirer Cooperations.','3360');
INSERT INTO `entry`(`entryid`,`type`) VALUES('3361','b');
INSERT INTO `book`(`title`,`entryid`,`isbn`,`type`) VALUES('Answer with hitchy Bat','3361','0584076755304','b');
INSERT INTO `genre_book`(`genre`, `entryid`) VALUES ('Science','3361');
INSERT INTO `author`(`name`,`birthyear`,`deathyear`) VALUES('Loyce Maten','1965','2048');
INSERT INTO `author_book`(`author`, `entryid`) VALUES ('Loyce Maten','3361');
INSERT INTO `publisher_book`(`publisher`, `entryid`) VALUES ('Gorney Publishers.','3361');
INSERT INTO `entry`(`entryid`,`type`) VALUES('3362','b');
INSERT INTO `book`(`title`,`entryid`,`isbn`,`type`) VALUES('Animal with dilettante Bongo','3362','0168140831853','b');
INSERT INTO `genre_book`(`genre`, `entryid`) VALUES ('Education','3362');
INSERT INTO `author_book`(`author`, `entryid`) VALUES ('Alverta Souser','3362');
INSERT INTO `publisher_book`(`publisher`, `entryid`) VALUES ('Brassard Inc.','3362');
INSERT INTO `entry`(`entryid`,`type`) VALUES('3363','b');
INSERT INTO `book`(`title`,`entryid`,`isbn`,`type`) VALUES('Debt in Bun','3363','9242737668175','j');
INSERT INTO `genre_book`(`genre`, `entryid`) VALUES ('Science','3363');
INSERT INTO `author_book`(`author`, `entryid`) VALUES ('Jan Mintos','3363');
INSERT INTO `publisher_book`(`publisher`, `entryid`) VALUES ('Lobosco Cooperations.','3363');
INSERT INTO `entry`(`entryid`,`type`) VALUES('3364','b');
INSERT INTO `book`(`title`,`entryid`,`isbn`,`type`) VALUES('Change vs. Support','3364','9542780885110','j');
INSERT INTO `genre_book`(`genre`, `entryid`) VALUES ('Science','3364');
INSERT INTO `author_book`(`author`, `entryid`) VALUES ('Meda Kuman','3364');
INSERT INTO `publisher_book`(`publisher`, `entryid`) VALUES ('Inlow Inc.','3364');
INSERT INTO `entry`(`entryid`,`type`) VALUES('3365','b');
INSERT INTO `book`(`title`,`entryid`,`isbn`,`type`) VALUES('Pair of clerkly Locket','3365','0586716893060','b');
INSERT INTO `genre_book`(`genre`, `entryid`) VALUES ('Horror','3365');
INSERT INTO `author_book`(`author`, `entryid`) VALUES ('Erlinda Gartin','3365');
INSERT INTO `publisher_book`(`publisher`, `entryid`) VALUES ('Yasurek Cooperations.','3365');
INSERT INTO `entry`(`entryid`,`type`) VALUES('3366','b');
INSERT INTO `book`(`title`,`entryid`,`isbn`,`type`) VALUES('Gore-tex against the desired Shrine','3366','0829647577025','e');
INSERT INTO `genre_book`(`genre`, `entryid`) VALUES ('Thriller','3366');
INSERT INTO `author`(`name`,`birthyear`,`deathyear`) VALUES('Kerry Willams','1977','2042');
INSERT INTO `author_book`(`author`, `entryid`) VALUES ('Kerry Willams','3366');
INSERT INTO `publisher_book`(`publisher`, `entryid`) VALUES ('Woodward Publishers.','3366');
INSERT INTO `entry`(`entryid`,`type`) VALUES('3367','b');
INSERT INTO `book`(`title`,`entryid`,`isbn`,`type`) VALUES('Noodle of ill-defined Kitty','3367','9809889915257','j');
INSERT INTO `genre_book`(`genre`, `entryid`) VALUES ('Science','3367');
INSERT INTO `author_book`(`author`, `entryid`) VALUES ('Christoper Reos','3367');
INSERT INTO `publisher_book`(`publisher`, `entryid`) VALUES ('Bokanovich Publishers.','3367');
INSERT INTO `entry`(`entryid`,`type`) VALUES('3368','b');
INSERT INTO `book`(`title`,`entryid`,`isbn`,`type`) VALUES('Buffet against derogative Witch','3368','9934562854161','b');
INSERT INTO `genre_book`(`genre`, `entryid`) VALUES ('Science','3368');
INSERT INTO `author_book`(`author`, `entryid`) VALUES ('Sumiko Opara','3368');
INSERT INTO `publisher_book`(`publisher`, `entryid`) VALUES ('Rayman Publishers.','3368');
INSERT INTO `entry`(`entryid`,`type`) VALUES('3369','b');
INSERT INTO `book`(`title`,`entryid`,`isbn`,`type`) VALUES('Gorilla of the penitentiary Dryer','3369','0440410953008','b');
INSERT INTO `genre_book`(`genre`, `entryid`) VALUES ('Romance','3369');
INSERT INTO `author`(`name`,`birthyear`,`deathyear`) VALUES('Tommy Gudino','1966','1992');
INSERT INTO `author_book`(`author`, `entryid`) VALUES ('Tommy Gudino','3369');
INSERT INTO `publisher_book`(`publisher`, `entryid`) VALUES ('Nighswander Publishers.','3369');
INSERT INTO `entry`(`entryid`,`type`) VALUES('3370','b');
INSERT INTO `book`(`title`,`entryid`,`isbn`,`type`) VALUES('Medicine and the Asiatic Argument','3370','0478353197818','j');
INSERT INTO `genre_book`(`genre`, `entryid`) VALUES ('Romance','3370');
INSERT INTO `author_book`(`author`, `entryid`) VALUES ('Shanita Tabone','3370');
INSERT INTO `publisher_book`(`publisher`, `entryid`) VALUES ('Draffin Publishers.','3370');
INSERT INTO `entry`(`entryid`,`type`) VALUES('3371','b');
INSERT INTO `book`(`title`,`entryid`,`isbn`,`type`) VALUES('Quince to the Wrinkle','3371','0674528490288','j');
INSERT INTO `genre_book`(`genre`, `entryid`) VALUES ('Romance','3371');
INSERT INTO `author_book`(`author`, `entryid`) VALUES ('Felice Malloy','3371');
INSERT INTO `publisher_book`(`publisher`, `entryid`) VALUES ('Plover Cooperations.','3371');
INSERT INTO `entry`(`entryid`,`type`) VALUES('3372','b');
INSERT INTO `book`(`title`,`entryid`,`isbn`,`type`) VALUES('Network in the Work','3372','9118535046601','j');
INSERT INTO `genre_book`(`genre`, `entryid`) VALUES ('Romance','3372');
INSERT INTO `author_book`(`author`, `entryid`) VALUES ('Paulene Knap','3372');
INSERT INTO `publisher_book`(`publisher`, `entryid`) VALUES ('Farber Publishers.','3372');
INSERT INTO `entry`(`entryid`,`type`) VALUES('3373','b');
INSERT INTO `book`(`title`,`entryid`,`isbn`,`type`) VALUES('Rat by Richard','3373','9512070991756','j');
INSERT INTO `genre_book`(`genre`, `entryid`) VALUES ('Education','3373');
INSERT INTO `author`(`name`,`birthyear`,`deathyear`) VALUES('Brianne Siprasoeuth','1942','2025');
INSERT INTO `author_book`(`author`, `entryid`) VALUES ('Brianne Siprasoeuth','3373');
INSERT INTO `publisher_book`(`publisher`, `entryid`) VALUES ('Marcelino Inc.','3373');
INSERT INTO `entry`(`entryid`,`type`) VALUES('3374','b');
INSERT INTO `book`(`title`,`entryid`,`isbn`,`type`) VALUES('Thunder by the brushless Duck','3374','0582966860346','j');
INSERT INTO `genre_book`(`genre`, `entryid`) VALUES ('Science','3374');
INSERT INTO `author_book`(`author`, `entryid`) VALUES ('Irwin Dasovich','3374');
INSERT INTO `publisher_book`(`publisher`, `entryid`) VALUES ('Aleman Inc.','3374');
INSERT INTO `entry`(`entryid`,`type`) VALUES('3375','b');
INSERT INTO `book`(`title`,`entryid`,`isbn`,`type`) VALUES('Treatment vs. rolled Aquarius','3375','9066316771109','b');
INSERT INTO `genre_book`(`genre`, `entryid`) VALUES ('Thriller','3375');
INSERT INTO `author`(`name`,`birthyear`,`deathyear`) VALUES('Al Tourigny','1883','1964');
INSERT INTO `author_book`(`author`, `entryid`) VALUES ('Al Tourigny','3375');
INSERT INTO `publisher_book`(`publisher`, `entryid`) VALUES ('Wesloh Inc.','3375');
INSERT INTO `entry`(`entryid`,`type`) VALUES('3376','b');
INSERT INTO `book`(`title`,`entryid`,`isbn`,`type`) VALUES('Algeria of the Carlovingian Gladiolus','3376','9294146458470','e');
INSERT INTO `genre_book`(`genre`, `entryid`) VALUES ('Science','3376');
INSERT INTO `author_book`(`author`, `entryid`) VALUES ('Leroy Ryer','3376');
INSERT INTO `publisher_book`(`publisher`, `entryid`) VALUES ('Chamorro Publishers.','3376');
INSERT INTO `entry`(`entryid`,`type`) VALUES('3377','b');
INSERT INTO `book`(`title`,`entryid`,`isbn`,`type`) VALUES('Barber for the unsalaried Marimba','3377','9488746097341','j');
INSERT INTO `genre_book`(`genre`, `entryid`) VALUES ('Science','3377');
INSERT INTO `author_book`(`author`, `entryid`) VALUES ('Debora Velzy','3377');
INSERT INTO `publisher_book`(`publisher`, `entryid`) VALUES ('Cerrito Inc.','3377');
INSERT INTO `entry`(`entryid`,`type`) VALUES('3378','b');
INSERT INTO `book`(`title`,`entryid`,`isbn`,`type`) VALUES('Yoke by Goose','3378','0664578542392','b');
INSERT INTO `genre_book`(`genre`, `entryid`) VALUES ('Thriller','3378');
INSERT INTO `author`(`name`,`birthyear`,`deathyear`) VALUES('Somer Couser','1957','1983');
INSERT INTO `author_book`(`author`, `entryid`) VALUES ('Somer Couser','3378');
INSERT INTO `publisher_book`(`publisher`, `entryid`) VALUES ('Oieda Inc.','3378');
INSERT INTO `entry`(`entryid`,`type`) VALUES('3379','b');
INSERT INTO `book`(`title`,`entryid`,`isbn`,`type`) VALUES('Damage with the tickling Flugelhorn','3379','9035997721226','e');
INSERT INTO `genre_book`(`genre`, `entryid`) VALUES ('Thriller','3379');
INSERT INTO `author`(`name`,`birthyear`,`deathyear`) VALUES('Rosy Stumpo','1935','1988');
INSERT INTO `author_book`(`author`, `entryid`) VALUES ('Rosy Stumpo','3379');
INSERT INTO `publisher_book`(`publisher`, `entryid`) VALUES ('Hamnon Publishers.','3379');
INSERT INTO `entry`(`entryid`,`type`) VALUES('3380','b');
INSERT INTO `book`(`title`,`entryid`,`isbn`,`type`) VALUES('Sousaphone of Algebra','3380','0737412950436','j');
INSERT INTO `genre_book`(`genre`, `entryid`) VALUES ('Science','3380');
INSERT INTO `author_book`(`author`, `entryid`) VALUES ('Bev Buckless','3380');
INSERT INTO `publisher_book`(`publisher`, `entryid`) VALUES ('Silevinac Inc.','3380');
INSERT INTO `entry`(`entryid`,`type`) VALUES('3381','b');
INSERT INTO `book`(`title`,`entryid`,`isbn`,`type`) VALUES('Cirrus against the Mole','3381','9224312765506','b');
INSERT INTO `genre_book`(`genre`, `entryid`) VALUES ('Science','3381');
INSERT INTO `author`(`name`,`birthyear`,`deathyear`) VALUES('Earnestine Poisel','1911','2011');
INSERT INTO `author_book`(`author`, `entryid`) VALUES ('Earnestine Poisel','3381');
INSERT INTO `publisher_book`(`publisher`, `entryid`) VALUES ('Wehbe Cooperations.','3381');
INSERT INTO `entry`(`entryid`,`type`) VALUES('3382','b');
INSERT INTO `book`(`title`,`entryid`,`isbn`,`type`) VALUES('Bus vs. dermatoplastic Production','3382','9008250613684','b');
INSERT INTO `genre_book`(`genre`, `entryid`) VALUES ('Education','3382');
INSERT INTO `author`(`name`,`birthyear`,`deathyear`) VALUES('Renata Quicksall','1969','2055');
INSERT INTO `author_book`(`author`, `entryid`) VALUES ('Renata Quicksall','3382');
INSERT INTO `publisher_book`(`publisher`, `entryid`) VALUES ('Graffney Inc.','3382');
INSERT INTO `entry`(`entryid`,`type`) VALUES('3383','b');
INSERT INTO `book`(`title`,`entryid`,`isbn`,`type`) VALUES('Beer by includable Attention','3383','0305985623808','j');
INSERT INTO `genre_book`(`genre`, `entryid`) VALUES ('Sci-Fi','3383');
INSERT INTO `author_book`(`author`, `entryid`) VALUES ('Kurtis Salama','3383');
INSERT INTO `publisher_book`(`publisher`, `entryid`) VALUES ('Antrikin Inc.','3383');
INSERT INTO `entry`(`entryid`,`type`) VALUES('3384','b');
INSERT INTO `book`(`title`,`entryid`,`isbn`,`type`) VALUES('Damage for exsiccative Atm','3384','9123287336711','e');
INSERT INTO `genre_book`(`genre`, `entryid`) VALUES ('Education','3384');
INSERT INTO `author_book`(`author`, `entryid`) VALUES ('Lorean Barrows','3384');
INSERT INTO `publisher_book`(`publisher`, `entryid`) VALUES ('Callam Inc.','3384');
INSERT INTO `entry`(`entryid`,`type`) VALUES('3385','b');
INSERT INTO `book`(`title`,`entryid`,`isbn`,`type`) VALUES('Step-aunt of the Bagel','3385','0953104226272','e');
INSERT INTO `genre_book`(`genre`, `entryid`) VALUES ('Romance','3385');
INSERT INTO `author_book`(`author`, `entryid`) VALUES ('Hildegarde Telesco','3385');
INSERT INTO `publisher_book`(`publisher`, `entryid`) VALUES ('Grabo Cooperations.','3385');
INSERT INTO `entry`(`entryid`,`type`) VALUES('3386','b');
INSERT INTO `book`(`title`,`entryid`,`isbn`,`type`) VALUES('Target with Deer','3386','9019417707089','b');
INSERT INTO `genre_book`(`genre`, `entryid`) VALUES ('Sci-Fi','3386');
INSERT INTO `author`(`name`,`birthyear`,`deathyear`) VALUES('Deann Haven','1934','2006');
INSERT INTO `author_book`(`author`, `entryid`) VALUES ('Deann Haven','3386');
INSERT INTO `publisher_book`(`publisher`, `entryid`) VALUES ('Cudjoe Publishers.','3386');
INSERT INTO `entry`(`entryid`,`type`) VALUES('3387','b');
INSERT INTO `book`(`title`,`entryid`,`isbn`,`type`) VALUES('Cheque against causative Illegal','3387','9830903166996','b');
INSERT INTO `genre_book`(`genre`, `entryid`) VALUES ('Horror','3387');
INSERT INTO `author_book`(`author`, `entryid`) VALUES ('Leone Ply','3387');
INSERT INTO `publisher_book`(`publisher`, `entryid`) VALUES ('Mainolfi Cooperations.','3387');
INSERT INTO `entry`(`entryid`,`type`) VALUES('3388','b');
INSERT INTO `book`(`title`,`entryid`,`isbn`,`type`) VALUES('Position to the life-and-death Decimal','3388','9464123970508','e');
INSERT INTO `genre_book`(`genre`, `entryid`) VALUES ('Horror','3388');
INSERT INTO `author`(`name`,`birthyear`,`deathyear`) VALUES('Royal Nevills','1925','1965');
INSERT INTO `author_book`(`author`, `entryid`) VALUES ('Royal Nevills','3388');
INSERT INTO `publisher_book`(`publisher`, `entryid`) VALUES ('Meacham Cooperations.','3388');
INSERT INTO `entry`(`entryid`,`type`) VALUES('3389','b');
INSERT INTO `book`(`title`,`entryid`,`isbn`,`type`) VALUES('Peripheral by Propane','3389','0371444361887','b');
INSERT INTO `genre_book`(`genre`, `entryid`) VALUES ('Horror','3389');
INSERT INTO `author_book`(`author`, `entryid`) VALUES ('Danyell Waskow','3389');
INSERT INTO `publisher_book`(`publisher`, `entryid`) VALUES ('Brownsworth Inc.','3389');
INSERT INTO `entry`(`entryid`,`type`) VALUES('3390','b');
INSERT INTO `book`(`title`,`entryid`,`isbn`,`type`) VALUES('Syrup because of Ball','3390','0016262861184','b');
INSERT INTO `genre_book`(`genre`, `entryid`) VALUES ('Horror','3390');
INSERT INTO `author_book`(`author`, `entryid`) VALUES ('Tamesha Rosher','3390');
INSERT INTO `publisher_book`(`publisher`, `entryid`) VALUES ('Armada Cooperations.','3390');
INSERT INTO `entry`(`entryid`,`type`) VALUES('3391','b');
INSERT INTO `book`(`title`,`entryid`,`isbn`,`type`) VALUES('Eagle because of abridgable Carnation','3391','9041110064653','j');
INSERT INTO `genre_book`(`genre`, `entryid`) VALUES ('Science','3391');
INSERT INTO `author_book`(`author`, `entryid`) VALUES ('Emilie Casbarro','3391');
INSERT INTO `publisher_book`(`publisher`, `entryid`) VALUES ('Hodgeman Inc.','3391');
INSERT INTO `entry`(`entryid`,`type`) VALUES('3392','b');
INSERT INTO `book`(`title`,`entryid`,`isbn`,`type`) VALUES('Dance because of white-haired Camel','3392','0313810701767','j');
INSERT INTO `genre_book`(`genre`, `entryid`) VALUES ('Romance','3392');
INSERT INTO `author_book`(`author`, `entryid`) VALUES ('Eunice Masri','3392');
INSERT INTO `publisher_book`(`publisher`, `entryid`) VALUES ('Shamily Inc.','3392');
INSERT INTO `entry`(`entryid`,`type`) VALUES('3393','b');
INSERT INTO `book`(`title`,`entryid`,`isbn`,`type`) VALUES('Hope by Orchestra','3393','9772761317129','b');
INSERT INTO `genre_book`(`genre`, `entryid`) VALUES ('Sci-Fi','3393');
INSERT INTO `author`(`name`,`birthyear`,`deathyear`) VALUES('Lori Walseth','1912','1959');
INSERT INTO `author_book`(`author`, `entryid`) VALUES ('Lori Walseth','3393');
INSERT INTO `publisher_book`(`publisher`, `entryid`) VALUES ('Rohr Cooperations.','3393');
INSERT INTO `entry`(`entryid`,`type`) VALUES('3394','b');
INSERT INTO `book`(`title`,`entryid`,`isbn`,`type`) VALUES('Need against the hermitical Exchange','3394','0921791905373','e');
INSERT INTO `genre_book`(`genre`, `entryid`) VALUES ('Horror','3394');
INSERT INTO `author`(`name`,`birthyear`,`deathyear`) VALUES('Inocencia Shutes','1974','2027');
INSERT INTO `author_book`(`author`, `entryid`) VALUES ('Inocencia Shutes','3394');
INSERT INTO `publisher_book`(`publisher`, `entryid`) VALUES ('Beachman Cooperations.','3394');
INSERT INTO `entry`(`entryid`,`type`) VALUES('3395','b');
INSERT INTO `book`(`title`,`entryid`,`isbn`,`type`) VALUES('Egg with Galwegian Fender','3395','0409755517864','j');
INSERT INTO `genre_book`(`genre`, `entryid`) VALUES ('Education','3395');
INSERT INTO `author`(`name`,`birthyear`,`deathyear`) VALUES('Matha Runfola','1893','1969');
INSERT INTO `author_book`(`author`, `entryid`) VALUES ('Matha Runfola','3395');
INSERT INTO `publisher_book`(`publisher`, `entryid`) VALUES ('Briley Publishers.','3395');
INSERT INTO `entry`(`entryid`,`type`) VALUES('3396','b');
INSERT INTO `book`(`title`,`entryid`,`isbn`,`type`) VALUES('Nancy in the scurry Umbrella','3396','9623171394370','j');
INSERT INTO `genre_book`(`genre`, `entryid`) VALUES ('Adventure','3396');
INSERT INTO `author`(`name`,`birthyear`,`deathyear`) VALUES('Shandi Menzies','1946','2033');
INSERT INTO `author_book`(`author`, `entryid`) VALUES ('Shandi Menzies','3396');
INSERT INTO `publisher_book`(`publisher`, `entryid`) VALUES ('Seta Inc.','3396');
INSERT INTO `entry`(`entryid`,`type`) VALUES('3397','b');
INSERT INTO `book`(`title`,`entryid`,`isbn`,`type`) VALUES('Syria and Dollar','3397','0506431015549','b');
INSERT INTO `genre_book`(`genre`, `entryid`) VALUES ('Science','3397');
INSERT INTO `author_book`(`author`, `entryid`) VALUES ('Terrence Asamoah','3397');
INSERT INTO `publisher_book`(`publisher`, `entryid`) VALUES ('Toste Publishers.','3397');
INSERT INTO `entry`(`entryid`,`type`) VALUES('3398','b');
INSERT INTO `book`(`title`,`entryid`,`isbn`,`type`) VALUES('Ex-husband in Creator','3398','9816230596565','e');
INSERT INTO `genre_book`(`genre`, `entryid`) VALUES ('Science','3398');
INSERT INTO `author`(`name`,`birthyear`,`deathyear`) VALUES('Numbers Zipp','1938','1989');
INSERT INTO `author_book`(`author`, `entryid`) VALUES ('Numbers Zipp','3398');
INSERT INTO `publisher_book`(`publisher`, `entryid`) VALUES ('Pudenz Inc.','3398');
INSERT INTO `entry`(`entryid`,`type`) VALUES('3399','b');
INSERT INTO `book`(`title`,`entryid`,`isbn`,`type`) VALUES('Fowl by Brick','3399','9458122427266','j');
INSERT INTO `genre_book`(`genre`, `entryid`) VALUES ('Romance','3399');
INSERT INTO `author_book`(`author`, `entryid`) VALUES ('Claribel Norrington','3399');
INSERT INTO `publisher_book`(`publisher`, `entryid`) VALUES ('Hendershott Publishers.','3399');
INSERT INTO `entry`(`entryid`,`type`) VALUES('3400','b');
INSERT INTO `book`(`title`,`entryid`,`isbn`,`type`) VALUES('Sturgeon against the ethmoid Cirrus','3400','9768408949912','j');
INSERT INTO `genre_book`(`genre`, `entryid`) VALUES ('Education','3400');
INSERT INTO `author`(`name`,`birthyear`,`deathyear`) VALUES('Cameron Tino','1948','2017');
INSERT INTO `author_book`(`author`, `entryid`) VALUES ('Cameron Tino','3400');
INSERT INTO `publisher_book`(`publisher`, `entryid`) VALUES ('Blissett Publishers.','3400');
INSERT INTO `entry`(`entryid`,`type`) VALUES('3401','b');
INSERT INTO `book`(`title`,`entryid`,`isbn`,`type`) VALUES('Crow of Mimosa','3401','0882558471786','j');
INSERT INTO `genre_book`(`genre`, `entryid`) VALUES ('Romance','3401');
INSERT INTO `author_book`(`author`, `entryid`) VALUES ('Loura Savelli','3401');
INSERT INTO `publisher_book`(`publisher`, `entryid`) VALUES ('Rudolph Cooperations.','3401');
INSERT INTO `entry`(`entryid`,`type`) VALUES('3402','b');
INSERT INTO `book`(`title`,`entryid`,`isbn`,`type`) VALUES('Chill in the Ice','3402','0647790851743','j');
INSERT INTO `genre_book`(`genre`, `entryid`) VALUES ('Horror','3402');
INSERT INTO `author`(`name`,`birthyear`,`deathyear`) VALUES('Gail Naugle','1899','1927');
INSERT INTO `author_book`(`author`, `entryid`) VALUES ('Gail Naugle','3402');
INSERT INTO `publisher_book`(`publisher`, `entryid`) VALUES ('Durousseau Inc.','3402');
INSERT INTO `entry`(`entryid`,`type`) VALUES('3403','b');
INSERT INTO `book`(`title`,`entryid`,`isbn`,`type`) VALUES('Care in Wave','3403','0699664554967','j');
INSERT INTO `genre_book`(`genre`, `entryid`) VALUES ('Education','3403');
INSERT INTO `author`(`name`,`birthyear`,`deathyear`) VALUES('Shaunte Melkonian','1931','2000');
INSERT INTO `author_book`(`author`, `entryid`) VALUES ('Shaunte Melkonian','3403');
INSERT INTO `publisher_book`(`publisher`, `entryid`) VALUES ('Giampaolo Cooperations.','3403');
INSERT INTO `entry`(`entryid`,`type`) VALUES('3404','b');
INSERT INTO `book`(`title`,`entryid`,`isbn`,`type`) VALUES('Sister with the adactylous Otter','3404','0852622404328','e');
INSERT INTO `genre_book`(`genre`, `entryid`) VALUES ('Romance','3404');
INSERT INTO `author_book`(`author`, `entryid`) VALUES ('Pearlene Wiechert','3404');
INSERT INTO `publisher_book`(`publisher`, `entryid`) VALUES ('Gasior Cooperations.','3404');
INSERT INTO `entry`(`entryid`,`type`) VALUES('3405','b');
INSERT INTO `book`(`title`,`entryid`,`isbn`,`type`) VALUES('Quart because of quietist Cloth','3405','0381658570904','b');
INSERT INTO `genre_book`(`genre`, `entryid`) VALUES ('Sci-Fi','3405');
INSERT INTO `author_book`(`author`, `entryid`) VALUES ('Danny Gilhooly','3405');
INSERT INTO `publisher_book`(`publisher`, `entryid`) VALUES ('Hrdlicka Inc.','3405');
INSERT INTO `entry`(`entryid`,`type`) VALUES('3406','b');
INSERT INTO `book`(`title`,`entryid`,`isbn`,`type`) VALUES('Shell for the Thunder','3406','0493708297706','j');
INSERT INTO `genre_book`(`genre`, `entryid`) VALUES ('Science','3406');
INSERT INTO `author_book`(`author`, `entryid`) VALUES ('Olevia Manues','3406');
INSERT INTO `publisher_book`(`publisher`, `entryid`) VALUES ('Correra Cooperations.','3406');
INSERT INTO `entry`(`entryid`,`type`) VALUES('3407','b');
INSERT INTO `book`(`title`,`entryid`,`isbn`,`type`) VALUES('Shock against Gallon','3407','9214002408417','j');
INSERT INTO `genre_book`(`genre`, `entryid`) VALUES ('Education','3407');
INSERT INTO `author_book`(`author`, `entryid`) VALUES ('Claris Malito','3407');
INSERT INTO `publisher_book`(`publisher`, `entryid`) VALUES ('Coltman Inc.','3407');
INSERT INTO `entry`(`entryid`,`type`) VALUES('3408','b');
INSERT INTO `book`(`title`,`entryid`,`isbn`,`type`) VALUES('Hemp in kittenish Snail','3408','9410083153758','j');
INSERT INTO `genre_book`(`genre`, `entryid`) VALUES ('Horror','3408');
INSERT INTO `author_book`(`author`, `entryid`) VALUES ('Neville Baltzley','3408');
INSERT INTO `publisher_book`(`publisher`, `entryid`) VALUES ('Wesloh Inc.','3408');
INSERT INTO `entry`(`entryid`,`type`) VALUES('3409','b');
INSERT INTO `book`(`title`,`entryid`,`isbn`,`type`) VALUES('Ravioli by pregnant Millisecond','3409','0253147250672','j');
INSERT INTO `genre_book`(`genre`, `entryid`) VALUES ('Romance','3409');
INSERT INTO `author`(`name`,`birthyear`,`deathyear`) VALUES('Tegan Mccranie','1924','1947');
INSERT INTO `author_book`(`author`, `entryid`) VALUES ('Tegan Mccranie','3409');
INSERT INTO `publisher_book`(`publisher`, `entryid`) VALUES ('Ezelle Publishers.','3409');
INSERT INTO `entry`(`entryid`,`type`) VALUES('3410','b');
INSERT INTO `book`(`title`,`entryid`,`isbn`,`type`) VALUES('Bakery to subdermal Street','3410','9654074490666','b');
INSERT INTO `genre_book`(`genre`, `entryid`) VALUES ('Romance','3410');
INSERT INTO `author_book`(`author`, `entryid`) VALUES ('Etha Trucchio','3410');
INSERT INTO `publisher_book`(`publisher`, `entryid`) VALUES ('Caspi Inc.','3410');
INSERT INTO `entry`(`entryid`,`type`) VALUES('3411','b');
INSERT INTO `book`(`title`,`entryid`,`isbn`,`type`) VALUES('Armadillo vs. spired Herring','3411','9153222102153','b');
INSERT INTO `genre_book`(`genre`, `entryid`) VALUES ('Romance','3411');
INSERT INTO `author`(`name`,`birthyear`,`deathyear`) VALUES('Debora Jentzsch','1943','2028');
INSERT INTO `author_book`(`author`, `entryid`) VALUES ('Debora Jentzsch','3411');
INSERT INTO `publisher_book`(`publisher`, `entryid`) VALUES ('Sures Publishers.','3411');
INSERT INTO `entry`(`entryid`,`type`) VALUES('3412','b');
INSERT INTO `book`(`title`,`entryid`,`isbn`,`type`) VALUES('Plate to extrusive Skirt','3412','0368686162305','j');
INSERT INTO `genre_book`(`genre`, `entryid`) VALUES ('Science','3412');
INSERT INTO `author_book`(`author`, `entryid`) VALUES ('Odelia Rucky','3412');
INSERT INTO `publisher_book`(`publisher`, `entryid`) VALUES ('Salvatori Inc.','3412');
INSERT INTO `entry`(`entryid`,`type`) VALUES('3413','b');
INSERT INTO `book`(`title`,`entryid`,`isbn`,`type`) VALUES('Grasshopper by the obtuse-angled Lettuce','3413','9280563551724','j');
INSERT INTO `genre_book`(`genre`, `entryid`) VALUES ('Adventure','3413');
INSERT INTO `author_book`(`author`, `entryid`) VALUES ('Breanna Vogelsang','3413');
INSERT INTO `publisher_book`(`publisher`, `entryid`) VALUES ('Kuhse Inc.','3413');
INSERT INTO `entry`(`entryid`,`type`) VALUES('3414','b');
INSERT INTO `book`(`title`,`entryid`,`isbn`,`type`) VALUES('Action for the Respect','3414','0808964432183','j');
INSERT INTO `genre_book`(`genre`, `entryid`) VALUES ('Thriller','3414');
INSERT INTO `author`(`name`,`birthyear`,`deathyear`) VALUES('Keiko Delao','1903','1965');
INSERT INTO `author_book`(`author`, `entryid`) VALUES ('Keiko Delao','3414');
INSERT INTO `publisher_book`(`publisher`, `entryid`) VALUES ('Gardino Publishers.','3414');
INSERT INTO `entry`(`entryid`,`type`) VALUES('3415','b');
INSERT INTO `book`(`title`,`entryid`,`isbn`,`type`) VALUES('Block vs. favourable Ferry','3415','0768995957573','b');
INSERT INTO `genre_book`(`genre`, `entryid`) VALUES ('Thriller','3415');
INSERT INTO `author`(`name`,`birthyear`,`deathyear`) VALUES('Darryl Sten','1905','1958');
INSERT INTO `author_book`(`author`, `entryid`) VALUES ('Darryl Sten','3415');
INSERT INTO `publisher_book`(`publisher`, `entryid`) VALUES ('Kasa Publishers.','3415');
INSERT INTO `entry`(`entryid`,`type`) VALUES('3416','b');
INSERT INTO `book`(`title`,`entryid`,`isbn`,`type`) VALUES('Salad and the Begonia','3416','0983841002387','e');
INSERT INTO `genre_book`(`genre`, `entryid`) VALUES ('Sci-Fi','3416');
INSERT INTO `author_book`(`author`, `entryid`) VALUES ('Sachiko Higham','3416');
INSERT INTO `publisher_book`(`publisher`, `entryid`) VALUES ('Sikora Cooperations.','3416');
INSERT INTO `entry`(`entryid`,`type`) VALUES('3417','b');
INSERT INTO `book`(`title`,`entryid`,`isbn`,`type`) VALUES('Base against antemeridian Oyster','3417','9856143021363','j');
INSERT INTO `genre_book`(`genre`, `entryid`) VALUES ('Horror','3417');
INSERT INTO `author_book`(`author`, `entryid`) VALUES ('Mathew Idrovo','3417');
INSERT INTO `publisher_book`(`publisher`, `entryid`) VALUES ('Loveall Cooperations.','3417');
INSERT INTO `entry`(`entryid`,`type`) VALUES('3418','b');
INSERT INTO `book`(`title`,`entryid`,`isbn`,`type`) VALUES('Caravan against radiological Temper','3418','9400836795943','e');
INSERT INTO `genre_book`(`genre`, `entryid`) VALUES ('Thriller','3418');
INSERT INTO `author_book`(`author`, `entryid`) VALUES ('Jerold Taing','3418');
INSERT INTO `publisher_book`(`publisher`, `entryid`) VALUES ('Ridders Inc.','3418');
INSERT INTO `entry`(`entryid`,`type`) VALUES('3419','b');
INSERT INTO `book`(`title`,`entryid`,`isbn`,`type`) VALUES('Timbale by Reminder','3419','0497628263097','b');
INSERT INTO `genre_book`(`genre`, `entryid`) VALUES ('Sci-Fi','3419');
INSERT INTO `author`(`name`,`birthyear`,`deathyear`) VALUES('Katy Gotham','1953','1987');
INSERT INTO `author_book`(`author`, `entryid`) VALUES ('Katy Gotham','3419');
INSERT INTO `publisher_book`(`publisher`, `entryid`) VALUES ('Archibeque Publishers.','3419');
INSERT INTO `entry`(`entryid`,`type`) VALUES('3420','b');
INSERT INTO `book`(`title`,`entryid`,`isbn`,`type`) VALUES('Pollution with undependable Possibility','3420','9562956061318','b');
INSERT INTO `genre_book`(`genre`, `entryid`) VALUES ('Horror','3420');
INSERT INTO `author`(`name`,`birthyear`,`deathyear`) VALUES('Mark Benck','1896','1925');
INSERT INTO `author_book`(`author`, `entryid`) VALUES ('Mark Benck','3420');
INSERT INTO `publisher_book`(`publisher`, `entryid`) VALUES ('Victoria Cooperations.','3420');
INSERT INTO `entry`(`entryid`,`type`) VALUES('3421','b');
INSERT INTO `book`(`title`,`entryid`,`isbn`,`type`) VALUES('Answer against macrurous Editor','3421','0024854242954','b');
INSERT INTO `genre_book`(`genre`, `entryid`) VALUES ('Adventure','3421');
INSERT INTO `author_book`(`author`, `entryid`) VALUES ('Sheldon Katechis','3421');
INSERT INTO `publisher_book`(`publisher`, `entryid`) VALUES ('Arroyd Inc.','3421');
INSERT INTO `entry`(`entryid`,`type`) VALUES('3422','b');
INSERT INTO `book`(`title`,`entryid`,`isbn`,`type`) VALUES('Canoe and the sanious Bangle','3422','9605432556441','e');
INSERT INTO `genre_book`(`genre`, `entryid`) VALUES ('Thriller','3422');
INSERT INTO `author_book`(`author`, `entryid`) VALUES ('Yelena Pursell','3422');
INSERT INTO `publisher_book`(`publisher`, `entryid`) VALUES ('Habeck Publishers.','3422');
INSERT INTO `entry`(`entryid`,`type`) VALUES('3423','b');
INSERT INTO `book`(`title`,`entryid`,`isbn`,`type`) VALUES('Mechanic against Atom','3423','9312773401263','j');
INSERT INTO `genre_book`(`genre`, `entryid`) VALUES ('Romance','3423');
INSERT INTO `author_book`(`author`, `entryid`) VALUES ('Frances Korff','3423');
INSERT INTO `publisher_book`(`publisher`, `entryid`) VALUES ('Batrum Inc.','3423');
INSERT INTO `entry`(`entryid`,`type`) VALUES('3424','b');
INSERT INTO `book`(`title`,`entryid`,`isbn`,`type`) VALUES('Eyebrow and the Mosquito','3424','9715746239341','j');
INSERT INTO `genre_book`(`genre`, `entryid`) VALUES ('Science','3424');
INSERT INTO `author_book`(`author`, `entryid`) VALUES ('Yuette Fallo','3424');
INSERT INTO `publisher_book`(`publisher`, `entryid`) VALUES ('Aiava Publishers.','3424');
INSERT INTO `entry`(`entryid`,`type`) VALUES('3425','b');
INSERT INTO `book`(`title`,`entryid`,`isbn`,`type`) VALUES('Supply because of milk-white Moustache','3425','9136977372524','j');
INSERT INTO `genre_book`(`genre`, `entryid`) VALUES ('Adventure','3425');
INSERT INTO `author`(`name`,`birthyear`,`deathyear`) VALUES('Merideth Scheider','1960','2053');
INSERT INTO `author_book`(`author`, `entryid`) VALUES ('Merideth Scheider','3425');
INSERT INTO `publisher_book`(`publisher`, `entryid`) VALUES ('Haken Inc.','3425');
INSERT INTO `entry`(`entryid`,`type`) VALUES('3426','b');
INSERT INTO `book`(`title`,`entryid`,`isbn`,`type`) VALUES('Ceiling by Hardboard','3426','0457960825043','e');
INSERT INTO `genre_book`(`genre`, `entryid`) VALUES ('Thriller','3426');
INSERT INTO `author_book`(`author`, `entryid`) VALUES ('Claretta Dunk','3426');
INSERT INTO `publisher_book`(`publisher`, `entryid`) VALUES ('Savic Inc.','3426');
INSERT INTO `entry`(`entryid`,`type`) VALUES('3427','b');
INSERT INTO `book`(`title`,`entryid`,`isbn`,`type`) VALUES('Quit because of Quiver','3427','9382442708320','b');
INSERT INTO `genre_book`(`genre`, `entryid`) VALUES ('Sci-Fi','3427');
INSERT INTO `author_book`(`author`, `entryid`) VALUES ('Toney Wisely','3427');
INSERT INTO `publisher_book`(`publisher`, `entryid`) VALUES ('Batrum Inc.','3427');
INSERT INTO `entry`(`entryid`,`type`) VALUES('3428','b');
INSERT INTO `book`(`title`,`entryid`,`isbn`,`type`) VALUES('Utensil by Reduction','3428','0797982207319','b');
INSERT INTO `genre_book`(`genre`, `entryid`) VALUES ('Thriller','3428');
INSERT INTO `author_book`(`author`, `entryid`) VALUES ('Harold Bries','3428');
INSERT INTO `publisher_book`(`publisher`, `entryid`) VALUES ('Tymon Inc.','3428');
INSERT INTO `entry`(`entryid`,`type`) VALUES('3429','b');
INSERT INTO `book`(`title`,`entryid`,`isbn`,`type`) VALUES('Throat and the Tulip','3429','0077602702704','b');
INSERT INTO `genre_book`(`genre`, `entryid`) VALUES ('Sci-Fi','3429');
INSERT INTO `author`(`name`,`birthyear`,`deathyear`) VALUES('Dionna Landefeld','1954','2047');
INSERT INTO `author_book`(`author`, `entryid`) VALUES ('Dionna Landefeld','3429');
INSERT INTO `publisher`(`name`) VALUES ('Beja Publishers.');
INSERT INTO `publisher_book`(`publisher`, `entryid`) VALUES ('Beja Publishers.','3429');
INSERT INTO `entry`(`entryid`,`type`) VALUES('3430','b');
INSERT INTO `book`(`title`,`entryid`,`isbn`,`type`) VALUES('Flugelhorn and the peptic Coast','3430','0513853541036','b');
INSERT INTO `genre_book`(`genre`, `entryid`) VALUES ('Sci-Fi','3430');
INSERT INTO `author_book`(`author`, `entryid`) VALUES ('Geraldine Herrera','3430');
INSERT INTO `publisher_book`(`publisher`, `entryid`) VALUES ('Mccarvill Inc.','3430');
INSERT INTO `entry`(`entryid`,`type`) VALUES('3431','b');
INSERT INTO `book`(`title`,`entryid`,`isbn`,`type`) VALUES('Shadow to outboard Notify','3431','9179594378158','j');
INSERT INTO `genre_book`(`genre`, `entryid`) VALUES ('Sci-Fi','3431');
INSERT INTO `author`(`name`,`birthyear`,`deathyear`) VALUES('Louie Vincent','1954','2036');
INSERT INTO `author_book`(`author`, `entryid`) VALUES ('Louie Vincent','3431');
INSERT INTO `publisher`(`name`) VALUES ('Pettinella Inc.');
INSERT INTO `publisher_book`(`publisher`, `entryid`) VALUES ('Pettinella Inc.','3431');
INSERT INTO `entry`(`entryid`,`type`) VALUES('3432','b');
INSERT INTO `book`(`title`,`entryid`,`isbn`,`type`) VALUES('Playroom with the proletarian Force','3432','0550998855225','e');
INSERT INTO `genre_book`(`genre`, `entryid`) VALUES ('Sci-Fi','3432');
INSERT INTO `author_book`(`author`, `entryid`) VALUES ('Christin Sharifi','3432');
INSERT INTO `publisher_book`(`publisher`, `entryid`) VALUES ('Wolfer Cooperations.','3432');
INSERT INTO `entry`(`entryid`,`type`) VALUES('3433','b');
INSERT INTO `book`(`title`,`entryid`,`isbn`,`type`) VALUES('Conifer to the eleemosynary Clerk','3433','0544610758546','j');
INSERT INTO `genre_book`(`genre`, `entryid`) VALUES ('Science','3433');
INSERT INTO `author`(`name`,`birthyear`,`deathyear`) VALUES('Serina Zangari','1920','1961');
INSERT INTO `author_book`(`author`, `entryid`) VALUES ('Serina Zangari','3433');
INSERT INTO `publisher_book`(`publisher`, `entryid`) VALUES ('Yazzi Publishers.','3433');
INSERT INTO `entry`(`entryid`,`type`) VALUES('3434','b');
INSERT INTO `book`(`title`,`entryid`,`isbn`,`type`) VALUES('Holiday and Plywood','3434','0715040180690','j');
INSERT INTO `genre_book`(`genre`, `entryid`) VALUES ('Sci-Fi','3434');
INSERT INTO `author`(`name`,`birthyear`,`deathyear`) VALUES('Lauri Silvey','1958','1992');
INSERT INTO `author_book`(`author`, `entryid`) VALUES ('Lauri Silvey','3434');
INSERT INTO `publisher_book`(`publisher`, `entryid`) VALUES ('Hengel Inc.','3434');
INSERT INTO `entry`(`entryid`,`type`) VALUES('3435','b');
INSERT INTO `book`(`title`,`entryid`,`isbn`,`type`) VALUES('Gasoline for the Yam','3435','0208805338614','j');
INSERT INTO `genre_book`(`genre`, `entryid`) VALUES ('Adventure','3435');
INSERT INTO `author_book`(`author`, `entryid`) VALUES ('Corrina Huffstutter','3435');
INSERT INTO `publisher_book`(`publisher`, `entryid`) VALUES ('Mizee Inc.','3435');
INSERT INTO `entry`(`entryid`,`type`) VALUES('3436','b');
INSERT INTO `book`(`title`,`entryid`,`isbn`,`type`) VALUES('Peanut for the Mailbox','3436','9344312666201','j');
INSERT INTO `genre_book`(`genre`, `entryid`) VALUES ('Science','3436');
INSERT INTO `author`(`name`,`birthyear`,`deathyear`) VALUES('Edith Stegner','1957','2008');
INSERT INTO `author_book`(`author`, `entryid`) VALUES ('Edith Stegner','3436');
INSERT INTO `publisher_book`(`publisher`, `entryid`) VALUES ('Hodgeman Inc.','3436');
INSERT INTO `entry`(`entryid`,`type`) VALUES('3437','b');
INSERT INTO `book`(`title`,`entryid`,`isbn`,`type`) VALUES('Saxophone to Beach','3437','0563710254720','b');
INSERT INTO `genre_book`(`genre`, `entryid`) VALUES ('Horror','3437');
INSERT INTO `author_book`(`author`, `entryid`) VALUES ('Dacia Creacy','3437');
INSERT INTO `publisher_book`(`publisher`, `entryid`) VALUES ('Brotman Inc.','3437');
INSERT INTO `entry`(`entryid`,`type`) VALUES('3438','b');
INSERT INTO `book`(`title`,`entryid`,`isbn`,`type`) VALUES('Fat and the insatiable Dancer','3438','0356988155080','e');
INSERT INTO `genre_book`(`genre`, `entryid`) VALUES ('Adventure','3438');
INSERT INTO `author`(`name`,`birthyear`,`deathyear`) VALUES('Arianne Murillo','1918','1940');
INSERT INTO `author_book`(`author`, `entryid`) VALUES ('Arianne Murillo','3438');
INSERT INTO `publisher_book`(`publisher`, `entryid`) VALUES ('Trickel Inc.','3438');
INSERT INTO `entry`(`entryid`,`type`) VALUES('3439','b');
INSERT INTO `book`(`title`,`entryid`,`isbn`,`type`) VALUES('Fork against the Tornado','3439','0330208323552','b');
INSERT INTO `genre_book`(`genre`, `entryid`) VALUES ('Horror','3439');
INSERT INTO `author`(`name`,`birthyear`,`deathyear`) VALUES('Annie Rotkowski','1945','2017');
INSERT INTO `author_book`(`author`, `entryid`) VALUES ('Annie Rotkowski','3439');
INSERT INTO `publisher_book`(`publisher`, `entryid`) VALUES ('Scotty Inc.','3439');
INSERT INTO `entry`(`entryid`,`type`) VALUES('3440','b');
INSERT INTO `book`(`title`,`entryid`,`isbn`,`type`) VALUES('Cable because of encumbered Jump','3440','0009263456538','j');
INSERT INTO `genre_book`(`genre`, `entryid`) VALUES ('Romance','3440');
INSERT INTO `author_book`(`author`, `entryid`) VALUES ('Lisha Radke','3440');
INSERT INTO `publisher_book`(`publisher`, `entryid`) VALUES ('Malarkey Cooperations.','3440');
INSERT INTO `entry`(`entryid`,`type`) VALUES('3441','b');
INSERT INTO `book`(`title`,`entryid`,`isbn`,`type`) VALUES('Accordion for stretchable Cabinet','3441','9712312911969','e');
INSERT INTO `genre_book`(`genre`, `entryid`) VALUES ('Sci-Fi','3441');
INSERT INTO `author`(`name`,`birthyear`,`deathyear`) VALUES('Pearl Broner','1908','2001');
INSERT INTO `author_book`(`author`, `entryid`) VALUES ('Pearl Broner','3441');
INSERT INTO `publisher_book`(`publisher`, `entryid`) VALUES ('Rohanna Publishers.','3441');
INSERT INTO `entry`(`entryid`,`type`) VALUES('3442','b');
INSERT INTO `book`(`title`,`entryid`,`isbn`,`type`) VALUES('Oval by the Wasp','3442','0368184624373','e');
INSERT INTO `genre_book`(`genre`, `entryid`) VALUES ('Sci-Fi','3442');
INSERT INTO `author_book`(`author`, `entryid`) VALUES ('Eugene Debrie','3442');
INSERT INTO `publisher_book`(`publisher`, `entryid`) VALUES ('Garrington Cooperations.','3442');
INSERT INTO `entry`(`entryid`,`type`) VALUES('3443','b');
INSERT INTO `book`(`title`,`entryid`,`isbn`,`type`) VALUES('Knife for wayfaring Hockey','3443','9201407393976','b');
INSERT INTO `genre_book`(`genre`, `entryid`) VALUES ('Science','3443');
INSERT INTO `author_book`(`author`, `entryid`) VALUES ('Sumiko Opara','3443');
INSERT INTO `publisher_book`(`publisher`, `entryid`) VALUES ('Cudjoe Publishers.','3443');
INSERT INTO `entry`(`entryid`,`type`) VALUES('3444','b');
INSERT INTO `book`(`title`,`entryid`,`isbn`,`type`) VALUES('Multi-hop of the Save','3444','9268445199079','e');
INSERT INTO `genre_book`(`genre`, `entryid`) VALUES ('Sci-Fi','3444');
INSERT INTO `author_book`(`author`, `entryid`) VALUES ('Misty Sax','3444');
INSERT INTO `publisher_book`(`publisher`, `entryid`) VALUES ('Mcbee Cooperations.','3444');
INSERT INTO `entry`(`entryid`,`type`) VALUES('3445','b');
INSERT INTO `book`(`title`,`entryid`,`isbn`,`type`) VALUES('Signature against the Sunday','3445','0893586216223','e');
INSERT INTO `genre_book`(`genre`, `entryid`) VALUES ('Education','3445');
INSERT INTO `author_book`(`author`, `entryid`) VALUES ('Hildegarde Telesco','3445');
INSERT INTO `publisher_book`(`publisher`, `entryid`) VALUES ('Siver Publishers.','3445');
INSERT INTO `entry`(`entryid`,`type`) VALUES('3446','b');
INSERT INTO `book`(`title`,`entryid`,`isbn`,`type`) VALUES('Ferry of the impelling Poppy','3446','0151689896649','b');
INSERT INTO `genre_book`(`genre`, `entryid`) VALUES ('Science','3446');
INSERT INTO `author_book`(`author`, `entryid`) VALUES ('Perry Frieze','3446');
INSERT INTO `publisher_book`(`publisher`, `entryid`) VALUES ('Cerrito Inc.','3446');
INSERT INTO `entry`(`entryid`,`type`) VALUES('3447','b');
INSERT INTO `book`(`title`,`entryid`,`isbn`,`type`) VALUES('Pleasure and weldless Oak','3447','9932380474922','j');
INSERT INTO `genre_book`(`genre`, `entryid`) VALUES ('Science','3447');
INSERT INTO `author_book`(`author`, `entryid`) VALUES ('Candice Ridinger','3447');
INSERT INTO `publisher_book`(`publisher`, `entryid`) VALUES ('Bogan Cooperations.','3447');
INSERT INTO `entry`(`entryid`,`type`) VALUES('3448','b');
INSERT INTO `book`(`title`,`entryid`,`isbn`,`type`) VALUES('Slipper of the choice Train','3448','0106420016134','j');
INSERT INTO `genre_book`(`genre`, `entryid`) VALUES ('Education','3448');
INSERT INTO `author_book`(`author`, `entryid`) VALUES ('Allyn Proa','3448');
INSERT INTO `publisher_book`(`publisher`, `entryid`) VALUES ('Powsey Cooperations.','3448');
INSERT INTO `entry`(`entryid`,`type`) VALUES('3449','b');
INSERT INTO `book`(`title`,`entryid`,`isbn`,`type`) VALUES('Beast by the unrehearsed Mall','3449','9538689517599','e');
INSERT INTO `genre_book`(`genre`, `entryid`) VALUES ('Romance','3449');
INSERT INTO `author_book`(`author`, `entryid`) VALUES ('Caren Konieczny','3449');
INSERT INTO `publisher_book`(`publisher`, `entryid`) VALUES ('Degaetano Publishers.','3449');
INSERT INTO `entry`(`entryid`,`type`) VALUES('3450','b');
INSERT INTO `book`(`title`,`entryid`,`isbn`,`type`) VALUES('Ray to the teetotal Decrease','3450','0596149819249','b');
INSERT INTO `genre_book`(`genre`, `entryid`) VALUES ('Science','3450');
INSERT INTO `author_book`(`author`, `entryid`) VALUES ('Allyn Proa','3450');
INSERT INTO `publisher_book`(`publisher`, `entryid`) VALUES ('Stallman Inc.','3450');
INSERT INTO `entry`(`entryid`,`type`) VALUES('3451','b');
INSERT INTO `book`(`title`,`entryid`,`isbn`,`type`) VALUES('Water for Top','3451','9394688148966','j');
INSERT INTO `genre_book`(`genre`, `entryid`) VALUES ('Adventure','3451');
INSERT INTO `author_book`(`author`, `entryid`) VALUES ('Larry Rius','3451');
INSERT INTO `publisher_book`(`publisher`, `entryid`) VALUES ('Aplington Inc.','3451');
INSERT INTO `entry`(`entryid`,`type`) VALUES('3452','b');
INSERT INTO `book`(`title`,`entryid`,`isbn`,`type`) VALUES('Fruit for the Advantage','3452','0653071591854','e');
INSERT INTO `genre_book`(`genre`, `entryid`) VALUES ('Adventure','3452');
INSERT INTO `author`(`name`,`birthyear`,`deathyear`) VALUES('Reta Guillaume','1972','2039');
INSERT INTO `author_book`(`author`, `entryid`) VALUES ('Reta Guillaume','3452');
INSERT INTO `publisher_book`(`publisher`, `entryid`) VALUES ('Bumby Inc.','3452');
INSERT INTO `entry`(`entryid`,`type`) VALUES('3453','b');
INSERT INTO `book`(`title`,`entryid`,`isbn`,`type`) VALUES('Dry and the Windshield','3453','9920513158529','b');
INSERT INTO `genre_book`(`genre`, `entryid`) VALUES ('Adventure','3453');
INSERT INTO `author_book`(`author`, `entryid`) VALUES ('Allena Unser','3453');
INSERT INTO `publisher_book`(`publisher`, `entryid`) VALUES ('Goldhaber Publishers.','3453');
INSERT INTO `entry`(`entryid`,`type`) VALUES('3454','b');
INSERT INTO `book`(`title`,`entryid`,`isbn`,`type`) VALUES('Furniture by the Dinner','3454','0192407769975','j');
INSERT INTO `genre_book`(`genre`, `entryid`) VALUES ('Horror','3454');
INSERT INTO `author_book`(`author`, `entryid`) VALUES ('Thora Walbert','3454');
INSERT INTO `publisher_book`(`publisher`, `entryid`) VALUES ('Scriuner Publishers.','3454');
INSERT INTO `entry`(`entryid`,`type`) VALUES('3455','b');
INSERT INTO `book`(`title`,`entryid`,`isbn`,`type`) VALUES('Cathedral vs. recidivism Truck','3455','9603119906563','j');
INSERT INTO `genre_book`(`genre`, `entryid`) VALUES ('Sci-Fi','3455');
INSERT INTO `author_book`(`author`, `entryid`) VALUES ('Meda Kuman','3455');
INSERT INTO `publisher_book`(`publisher`, `entryid`) VALUES ('Czerniak Inc.','3455');
INSERT INTO `entry`(`entryid`,`type`) VALUES('3456','b');
INSERT INTO `book`(`title`,`entryid`,`isbn`,`type`) VALUES('Clover because of Break','3456','0857944547296','e');
INSERT INTO `genre_book`(`genre`, `entryid`) VALUES ('Romance','3456');
INSERT INTO `author_book`(`author`, `entryid`) VALUES ('Vance Muran','3456');
INSERT INTO `publisher_book`(`publisher`, `entryid`) VALUES ('Yasso Cooperations.','3456');
INSERT INTO `entry`(`entryid`,`type`) VALUES('3457','b');
INSERT INTO `book`(`title`,`entryid`,`isbn`,`type`) VALUES('Semicircle of the mythologic Billboard','3457','0872273335511','b');
INSERT INTO `genre_book`(`genre`, `entryid`) VALUES ('Education','3457');
INSERT INTO `author_book`(`author`, `entryid`) VALUES ('Theresia Crossan','3457');
INSERT INTO `publisher_book`(`publisher`, `entryid`) VALUES ('Karvonen Inc.','3457');
INSERT INTO `entry`(`entryid`,`type`) VALUES('3458','b');
INSERT INTO `book`(`title`,`entryid`,`isbn`,`type`) VALUES('Cymbal and the Oil','3458','9596971659960','j');
INSERT INTO `genre_book`(`genre`, `entryid`) VALUES ('Horror','3458');
INSERT INTO `author_book`(`author`, `entryid`) VALUES ('Mari Vandewater','3458');
INSERT INTO `publisher_book`(`publisher`, `entryid`) VALUES ('Stjohn Publishers.','3458');
INSERT INTO `entry`(`entryid`,`type`) VALUES('3459','b');
INSERT INTO `book`(`title`,`entryid`,`isbn`,`type`) VALUES('Phone for unfurnished Helium','3459','9689425257999','j');
INSERT INTO `genre_book`(`genre`, `entryid`) VALUES ('Horror','3459');
INSERT INTO `author_book`(`author`, `entryid`) VALUES ('Vanesa Rauh','3459');
INSERT INTO `publisher_book`(`publisher`, `entryid`) VALUES ('Hodgeman Inc.','3459');
INSERT INTO `entry`(`entryid`,`type`) VALUES('3460','b');
INSERT INTO `book`(`title`,`entryid`,`isbn`,`type`) VALUES('Yarn by unliterary Radio','3460','9462363200223','b');
INSERT INTO `genre_book`(`genre`, `entryid`) VALUES ('Science','3460');
INSERT INTO `author_book`(`author`, `entryid`) VALUES ('Kendall Folks','3460');
INSERT INTO `publisher_book`(`publisher`, `entryid`) VALUES ('Todaro Cooperations.','3460');
INSERT INTO `entry`(`entryid`,`type`) VALUES('3461','b');
INSERT INTO `book`(`title`,`entryid`,`isbn`,`type`) VALUES('Chick by Community','3461','9102513030968','b');
INSERT INTO `genre_book`(`genre`, `entryid`) VALUES ('Education','3461');
INSERT INTO `author_book`(`author`, `entryid`) VALUES ('Luetta Barrientes','3461');
INSERT INTO `publisher_book`(`publisher`, `entryid`) VALUES ('Grabo Cooperations.','3461');
INSERT INTO `entry`(`entryid`,`type`) VALUES('3462','b');
INSERT INTO `book`(`title`,`entryid`,`isbn`,`type`) VALUES('Street to Mile','3462','0486301096379','b');
INSERT INTO `genre_book`(`genre`, `entryid`) VALUES ('Adventure','3462');
INSERT INTO `author_book`(`author`, `entryid`) VALUES ('Augustina Grosser','3462');
INSERT INTO `publisher_book`(`publisher`, `entryid`) VALUES ('Rayman Publishers.','3462');
INSERT INTO `entry`(`entryid`,`type`) VALUES('3463','b');
INSERT INTO `book`(`title`,`entryid`,`isbn`,`type`) VALUES('Snail to Popcorn','3463','9071112345817','j');
INSERT INTO `genre_book`(`genre`, `entryid`) VALUES ('Adventure','3463');
INSERT INTO `author_book`(`author`, `entryid`) VALUES ('Ross Freehling','3463');
INSERT INTO `publisher_book`(`publisher`, `entryid`) VALUES ('Derizzio Inc.','3463');
INSERT INTO `entry`(`entryid`,`type`) VALUES('3464','b');
INSERT INTO `book`(`title`,`entryid`,`isbn`,`type`) VALUES('Postage because of Bongo','3464','0075683416174','b');
INSERT INTO `genre_book`(`genre`, `entryid`) VALUES ('Science','3464');
INSERT INTO `author`(`name`,`birthyear`,`deathyear`) VALUES('Moon Magrann','1933','1961');
INSERT INTO `author_book`(`author`, `entryid`) VALUES ('Moon Magrann','3464');
INSERT INTO `publisher_book`(`publisher`, `entryid`) VALUES ('Dietlin Cooperations.','3464');
INSERT INTO `entry`(`entryid`,`type`) VALUES('3465','b');
INSERT INTO `book`(`title`,`entryid`,`isbn`,`type`) VALUES('Swan to goyish Attack','3465','0044752938057','b');
INSERT INTO `genre_book`(`genre`, `entryid`) VALUES ('Adventure','3465');
INSERT INTO `author`(`name`,`birthyear`,`deathyear`) VALUES('Wanda Kocourek','1959','1995');
INSERT INTO `author_book`(`author`, `entryid`) VALUES ('Wanda Kocourek','3465');
INSERT INTO `publisher_book`(`publisher`, `entryid`) VALUES ('Henscheid Cooperations.','3465');
INSERT INTO `entry`(`entryid`,`type`) VALUES('3466','b');
INSERT INTO `book`(`title`,`entryid`,`isbn`,`type`) VALUES('Reminder and the Step-brother','3466','0782330118208','e');
INSERT INTO `genre_book`(`genre`, `entryid`) VALUES ('Horror','3466');
INSERT INTO `author_book`(`author`, `entryid`) VALUES ('Lecia Chernay','3466');
INSERT INTO `publisher_book`(`publisher`, `entryid`) VALUES ('Archibeque Publishers.','3466');
INSERT INTO `entry`(`entryid`,`type`) VALUES('3467','b');
INSERT INTO `book`(`title`,`entryid`,`isbn`,`type`) VALUES('Outrigger vs. deltoid Property','3467','9979924464441','j');
INSERT INTO `genre_book`(`genre`, `entryid`) VALUES ('Romance','3467');
INSERT INTO `author`(`name`,`birthyear`,`deathyear`) VALUES('Jimmy Snapp','1909','1945');
INSERT INTO `author_book`(`author`, `entryid`) VALUES ('Jimmy Snapp','3467');
INSERT INTO `publisher_book`(`publisher`, `entryid`) VALUES ('Capurro Publishers.','3467');
INSERT INTO `entry`(`entryid`,`type`) VALUES('3468','b');
INSERT INTO `book`(`title`,`entryid`,`isbn`,`type`) VALUES('Nut against the Diploma','3468','0330939755555','j');
INSERT INTO `genre_book`(`genre`, `entryid`) VALUES ('Horror','3468');
INSERT INTO `author_book`(`author`, `entryid`) VALUES ('Latonia Erholm','3468');
INSERT INTO `publisher_book`(`publisher`, `entryid`) VALUES ('Hathcoat Publishers.','3468');
INSERT INTO `entry`(`entryid`,`type`) VALUES('3469','b');
INSERT INTO `book`(`title`,`entryid`,`isbn`,`type`) VALUES('Technician with the Mountain','3469','9190584110998','j');
INSERT INTO `genre_book`(`genre`, `entryid`) VALUES ('Adventure','3469');
INSERT INTO `author_book`(`author`, `entryid`) VALUES ('Ines Bodle','3469');
INSERT INTO `publisher_book`(`publisher`, `entryid`) VALUES ('Marcelino Inc.','3469');
INSERT INTO `entry`(`entryid`,`type`) VALUES('3470','b');
INSERT INTO `book`(`title`,`entryid`,`isbn`,`type`) VALUES('Ghana in the Study','3470','9162946412766','b');
INSERT INTO `genre_book`(`genre`, `entryid`) VALUES ('Romance','3470');
INSERT INTO `author_book`(`author`, `entryid`) VALUES ('Mariana Congleton','3470');
INSERT INTO `publisher_book`(`publisher`, `entryid`) VALUES ('Leppert Inc.','3470');
INSERT INTO `entry`(`entryid`,`type`) VALUES('3471','b');
INSERT INTO `book`(`title`,`entryid`,`isbn`,`type`) VALUES('Sheep with Pastor','3471','9741966629493','j');
INSERT INTO `genre_book`(`genre`, `entryid`) VALUES ('Romance','3471');
INSERT INTO `author_book`(`author`, `entryid`) VALUES ('Javier Pieper','3471');
INSERT INTO `publisher_book`(`publisher`, `entryid`) VALUES ('Manzanero Inc.','3471');
INSERT INTO `entry`(`entryid`,`type`) VALUES('3472','b');
INSERT INTO `book`(`title`,`entryid`,`isbn`,`type`) VALUES('Blinker with fascicular Pressure','3472','0914187097537','b');
INSERT INTO `genre_book`(`genre`, `entryid`) VALUES ('Romance','3472');
INSERT INTO `author_book`(`author`, `entryid`) VALUES ('Esperanza Dose','3472');
INSERT INTO `publisher_book`(`publisher`, `entryid`) VALUES ('Feigh Cooperations.','3472');
INSERT INTO `entry`(`entryid`,`type`) VALUES('3473','b');
INSERT INTO `book`(`title`,`entryid`,`isbn`,`type`) VALUES('Swamp because of Lier','3473','9851155245838','e');
INSERT INTO `genre_book`(`genre`, `entryid`) VALUES ('Romance','3473');
INSERT INTO `author_book`(`author`, `entryid`) VALUES ('Vivien Magnusson','3473');
INSERT INTO `publisher`(`name`) VALUES ('Goswick Inc.');
INSERT INTO `publisher_book`(`publisher`, `entryid`) VALUES ('Goswick Inc.','3473');
INSERT INTO `entry`(`entryid`,`type`) VALUES('3474','b');
INSERT INTO `book`(`title`,`entryid`,`isbn`,`type`) VALUES('Drive because of Freckle','3474','9465517765170','b');
INSERT INTO `genre_book`(`genre`, `entryid`) VALUES ('Science','3474');
INSERT INTO `author`(`name`,`birthyear`,`deathyear`) VALUES('Alonzo Wildes','1903','1941');
INSERT INTO `author_book`(`author`, `entryid`) VALUES ('Alonzo Wildes','3474');
INSERT INTO `publisher`(`name`) VALUES ('Vattikuti Publishers.');
INSERT INTO `publisher_book`(`publisher`, `entryid`) VALUES ('Vattikuti Publishers.','3474');
INSERT INTO `entry`(`entryid`,`type`) VALUES('3475','b');
INSERT INTO `book`(`title`,`entryid`,`isbn`,`type`) VALUES('Search of discharged Earth','3475','9861272833821','j');
INSERT INTO `genre_book`(`genre`, `entryid`) VALUES ('Science','3475');
INSERT INTO `author_book`(`author`, `entryid`) VALUES ('Cristobal Coonfare','3475');
INSERT INTO `publisher_book`(`publisher`, `entryid`) VALUES ('Haggerty Cooperations.','3475');
INSERT INTO `entry`(`entryid`,`type`) VALUES('3476','b');
INSERT INTO `book`(`title`,`entryid`,`isbn`,`type`) VALUES('Message to the Fertilizer','3476','9399604526304','e');
INSERT INTO `genre_book`(`genre`, `entryid`) VALUES ('Science','3476');
INSERT INTO `author_book`(`author`, `entryid`) VALUES ('Nydia Duhe','3476');
INSERT INTO `publisher_book`(`publisher`, `entryid`) VALUES ('Mcgranor Cooperations.','3476');
INSERT INTO `entry`(`entryid`,`type`) VALUES('3477','b');
INSERT INTO `book`(`title`,`entryid`,`isbn`,`type`) VALUES('Men of the epidotic Play','3477','0361382650081','e');
INSERT INTO `genre_book`(`genre`, `entryid`) VALUES ('Thriller','3477');
INSERT INTO `author_book`(`author`, `entryid`) VALUES ('Louie Vincent','3477');
INSERT INTO `publisher_book`(`publisher`, `entryid`) VALUES ('Seeber Publishers.','3477');
INSERT INTO `entry`(`entryid`,`type`) VALUES('3478','b');
INSERT INTO `book`(`title`,`entryid`,`isbn`,`type`) VALUES('Swordfish for the Passenger','3478','0578323826512','j');
INSERT INTO `genre_book`(`genre`, `entryid`) VALUES ('Adventure','3478');
INSERT INTO `author_book`(`author`, `entryid`) VALUES ('Bart Khalaf','3478');
INSERT INTO `publisher_book`(`publisher`, `entryid`) VALUES ('Bolick Inc.','3478');
INSERT INTO `entry`(`entryid`,`type`) VALUES('3479','b');
INSERT INTO `book`(`title`,`entryid`,`isbn`,`type`) VALUES('Kangaroo to the unstooping Sousaphone','3479','9450224932075','j');
INSERT INTO `genre_book`(`genre`, `entryid`) VALUES ('Romance','3479');
INSERT INTO `author`(`name`,`birthyear`,`deathyear`) VALUES('Miquel Doung','1956','2022');
INSERT INTO `author_book`(`author`, `entryid`) VALUES ('Miquel Doung','3479');
INSERT INTO `publisher_book`(`publisher`, `entryid`) VALUES ('Ruggero Cooperations.','3479');
INSERT INTO `entry`(`entryid`,`type`) VALUES('3480','b');
INSERT INTO `book`(`title`,`entryid`,`isbn`,`type`) VALUES('Wedge against Shell','3480','0465728026935','b');
INSERT INTO `genre_book`(`genre`, `entryid`) VALUES ('Romance','3480');
INSERT INTO `author_book`(`author`, `entryid`) VALUES ('Petrina Lommel','3480');
INSERT INTO `publisher_book`(`publisher`, `entryid`) VALUES ('Lampson Inc.','3480');
INSERT INTO `entry`(`entryid`,`type`) VALUES('3481','b');
INSERT INTO `book`(`title`,`entryid`,`isbn`,`type`) VALUES('Bedroom by the Brain','3481','9358887980430','e');
INSERT INTO `genre_book`(`genre`, `entryid`) VALUES ('Thriller','3481');
INSERT INTO `author`(`name`,`birthyear`,`deathyear`) VALUES('Alica Eisenhart','1978','2078');
INSERT INTO `author_book`(`author`, `entryid`) VALUES ('Alica Eisenhart','3481');
INSERT INTO `publisher_book`(`publisher`, `entryid`) VALUES ('Nuzum Inc.','3481');
INSERT INTO `entry`(`entryid`,`type`) VALUES('3482','b');
INSERT INTO `book`(`title`,`entryid`,`isbn`,`type`) VALUES('Latex against organisable Mailbox','3482','9949325741078','j');
INSERT INTO `genre_book`(`genre`, `entryid`) VALUES ('Sci-Fi','3482');
INSERT INTO `author`(`name`,`birthyear`,`deathyear`) VALUES('Arnoldo Prieur','1947','2041');
INSERT INTO `author_book`(`author`, `entryid`) VALUES ('Arnoldo Prieur','3482');
INSERT INTO `publisher_book`(`publisher`, `entryid`) VALUES ('Heritage Publishers.','3482');
INSERT INTO `entry`(`entryid`,`type`) VALUES('3483','b');
INSERT INTO `book`(`title`,`entryid`,`isbn`,`type`) VALUES('Beech with the Aluminum','3483','9422864050306','b');
INSERT INTO `genre_book`(`genre`, `entryid`) VALUES ('Thriller','3483');
INSERT INTO `author_book`(`author`, `entryid`) VALUES ('Corey Laconte','3483');
INSERT INTO `publisher_book`(`publisher`, `entryid`) VALUES ('Lanphere Cooperations.','3483');
INSERT INTO `entry`(`entryid`,`type`) VALUES('3484','b');
INSERT INTO `book`(`title`,`entryid`,`isbn`,`type`) VALUES('Locust of the Blinker','3484','9056774020059','e');
INSERT INTO `genre_book`(`genre`, `entryid`) VALUES ('Education','3484');
INSERT INTO `author`(`name`,`birthyear`,`deathyear`) VALUES('Omer Hedler','1906','1982');
INSERT INTO `author_book`(`author`, `entryid`) VALUES ('Omer Hedler','3484');
INSERT INTO `publisher_book`(`publisher`, `entryid`) VALUES ('Woodward Publishers.','3484');
INSERT INTO `entry`(`entryid`,`type`) VALUES('3485','b');
INSERT INTO `book`(`title`,`entryid`,`isbn`,`type`) VALUES('Rayon and the Interest','3485','0990432183774','j');
INSERT INTO `genre_book`(`genre`, `entryid`) VALUES ('Education','3485');
INSERT INTO `author`(`name`,`birthyear`,`deathyear`) VALUES('Zulma Cluxton','1975','2027');
INSERT INTO `author_book`(`author`, `entryid`) VALUES ('Zulma Cluxton','3485');
INSERT INTO `publisher_book`(`publisher`, `entryid`) VALUES ('Batrum Inc.','3485');
INSERT INTO `entry`(`entryid`,`type`) VALUES('3486','b');
INSERT INTO `book`(`title`,`entryid`,`isbn`,`type`) VALUES('Archeology for the condylar Sail','3486','0771615226528','e');
INSERT INTO `genre_book`(`genre`, `entryid`) VALUES ('Horror','3486');
INSERT INTO `author_book`(`author`, `entryid`) VALUES ('Richelle Newcombe','3486');
INSERT INTO `publisher_book`(`publisher`, `entryid`) VALUES ('Shuffstall Cooperations.','3486');
INSERT INTO `entry`(`entryid`,`type`) VALUES('3487','b');
INSERT INTO `book`(`title`,`entryid`,`isbn`,`type`) VALUES('Message in shill Birth','3487','9080145984697','b');
INSERT INTO `genre_book`(`genre`, `entryid`) VALUES ('Romance','3487');
INSERT INTO `author_book`(`author`, `entryid`) VALUES ('Esperanza Dose','3487');
INSERT INTO `publisher_book`(`publisher`, `entryid`) VALUES ('Tippy Publishers.','3487');
INSERT INTO `entry`(`entryid`,`type`) VALUES('3488','b');
INSERT INTO `book`(`title`,`entryid`,`isbn`,`type`) VALUES('Money by Crook','3488','9388304753633','b');
INSERT INTO `genre_book`(`genre`, `entryid`) VALUES ('Romance','3488');
INSERT INTO `author_book`(`author`, `entryid`) VALUES ('Colby Telega','3488');
INSERT INTO `publisher_book`(`publisher`, `entryid`) VALUES ('Reinders Inc.','3488');
INSERT INTO `entry`(`entryid`,`type`) VALUES('3489','b');
INSERT INTO `book`(`title`,`entryid`,`isbn`,`type`) VALUES('Bowl against Shingle','3489','0439509783304','j');
INSERT INTO `genre_book`(`genre`, `entryid`) VALUES ('Science','3489');
INSERT INTO `author_book`(`author`, `entryid`) VALUES ('Monte Dimpfl','3489');
INSERT INTO `publisher_book`(`publisher`, `entryid`) VALUES ('Laraby Publishers.','3489');
INSERT INTO `entry`(`entryid`,`type`) VALUES('3490','b');
INSERT INTO `book`(`title`,`entryid`,`isbn`,`type`) VALUES('Donald for the essive Denim','3490','9458801378804','e');
INSERT INTO `genre_book`(`genre`, `entryid`) VALUES ('Adventure','3490');
INSERT INTO `author`(`name`,`birthyear`,`deathyear`) VALUES('William Sumrow','1926','1946');
INSERT INTO `author_book`(`author`, `entryid`) VALUES ('William Sumrow','3490');
INSERT INTO `publisher_book`(`publisher`, `entryid`) VALUES ('Henscheid Cooperations.','3490');
INSERT INTO `entry`(`entryid`,`type`) VALUES('3491','b');
INSERT INTO `book`(`title`,`entryid`,`isbn`,`type`) VALUES('Cycle because of prostrate Panther','3491','0934286670626','e');
INSERT INTO `genre_book`(`genre`, `entryid`) VALUES ('Horror','3491');
INSERT INTO `author_book`(`author`, `entryid`) VALUES ('Kendall Merrit','3491');
INSERT INTO `publisher_book`(`publisher`, `entryid`) VALUES ('Salvatori Inc.','3491');
INSERT INTO `entry`(`entryid`,`type`) VALUES('3492','b');
INSERT INTO `book`(`title`,`entryid`,`isbn`,`type`) VALUES('Tree against the unrouged Copper','3492','0181412167804','e');
INSERT INTO `genre_book`(`genre`, `entryid`) VALUES ('Horror','3492');
INSERT INTO `author_book`(`author`, `entryid`) VALUES ('Tana Colavito','3492');
INSERT INTO `publisher_book`(`publisher`, `entryid`) VALUES ('Stallman Inc.','3492');
INSERT INTO `entry`(`entryid`,`type`) VALUES('3493','b');
INSERT INTO `book`(`title`,`entryid`,`isbn`,`type`) VALUES('View to the cerebric Garlic','3493','9419834064518','e');
INSERT INTO `genre_book`(`genre`, `entryid`) VALUES ('Adventure','3493');
INSERT INTO `author_book`(`author`, `entryid`) VALUES ('Stuart Imhof','3493');
INSERT INTO `publisher_book`(`publisher`, `entryid`) VALUES ('Hults Cooperations.','3493');
INSERT INTO `entry`(`entryid`,`type`) VALUES('3494','b');
INSERT INTO `book`(`title`,`entryid`,`isbn`,`type`) VALUES('Viscose against priest-ridden Spandex','3494','9303628739589','e');
INSERT INTO `genre_book`(`genre`, `entryid`) VALUES ('Education','3494');
INSERT INTO `author_book`(`author`, `entryid`) VALUES ('An Abt','3494');
INSERT INTO `publisher_book`(`publisher`, `entryid`) VALUES ('Todaro Cooperations.','3494');
INSERT INTO `entry`(`entryid`,`type`) VALUES('3495','b');
INSERT INTO `book`(`title`,`entryid`,`isbn`,`type`) VALUES('Starter with Rhythm','3495','9558760203516','j');
INSERT INTO `genre_book`(`genre`, `entryid`) VALUES ('Adventure','3495');
INSERT INTO `author_book`(`author`, `entryid`) VALUES ('Esperanza Dose','3495');
INSERT INTO `publisher_book`(`publisher`, `entryid`) VALUES ('Simcox Publishers.','3495');
INSERT INTO `entry`(`entryid`,`type`) VALUES('3496','b');
INSERT INTO `book`(`title`,`entryid`,`isbn`,`type`) VALUES('Bonsai of the bootlicking Bite','3496','0411721120566','j');
INSERT INTO `genre_book`(`genre`, `entryid`) VALUES ('Adventure','3496');
INSERT INTO `author`(`name`,`birthyear`,`deathyear`) VALUES('Slyvia Summarell','1937','1957');
INSERT INTO `author_book`(`author`, `entryid`) VALUES ('Slyvia Summarell','3496');
INSERT INTO `publisher`(`name`) VALUES ('Cordas Inc.');
INSERT INTO `publisher_book`(`publisher`, `entryid`) VALUES ('Cordas Inc.','3496');
INSERT INTO `entry`(`entryid`,`type`) VALUES('3497','b');
INSERT INTO `book`(`title`,`entryid`,`isbn`,`type`) VALUES('Basket vs. carbuncular Mole','3497','9972397598916','e');
INSERT INTO `genre_book`(`genre`, `entryid`) VALUES ('Education','3497');
INSERT INTO `author_book`(`author`, `entryid`) VALUES ('Alexa Gleaves','3497');
INSERT INTO `publisher_book`(`publisher`, `entryid`) VALUES ('Carter Inc.','3497');
INSERT INTO `entry`(`entryid`,`type`) VALUES('3498','b');
INSERT INTO `book`(`title`,`entryid`,`isbn`,`type`) VALUES('Market with daylong Bill','3498','9773490715763','b');
INSERT INTO `genre_book`(`genre`, `entryid`) VALUES ('Romance','3498');
INSERT INTO `author`(`name`,`birthyear`,`deathyear`) VALUES('Honey Twidwell','1974','2009');
INSERT INTO `author_book`(`author`, `entryid`) VALUES ('Honey Twidwell','3498');
INSERT INTO `publisher_book`(`publisher`, `entryid`) VALUES ('Tymon Inc.','3498');
INSERT INTO `entry`(`entryid`,`type`) VALUES('3499','b');
INSERT INTO `book`(`title`,`entryid`,`isbn`,`type`) VALUES('Bead for the Step-grandfather','3499','0642042514235','b');
INSERT INTO `genre_book`(`genre`, `entryid`) VALUES ('Adventure','3499');
INSERT INTO `author_book`(`author`, `entryid`) VALUES ('Etha Kobis','3499');
INSERT INTO `publisher_book`(`publisher`, `entryid`) VALUES ('Beik Inc.','3499');
INSERT INTO `entry`(`entryid`,`type`) VALUES('3500','b');
INSERT INTO `book`(`title`,`entryid`,`isbn`,`type`) VALUES('Eight because of discovered Experience','3500','9245811877996','b');
INSERT INTO `genre_book`(`genre`, `entryid`) VALUES ('Thriller','3500');
INSERT INTO `author_book`(`author`, `entryid`) VALUES ('Martin Caudle','3500');
INSERT INTO `publisher_book`(`publisher`, `entryid`) VALUES ('Casaceli Inc.','3500');
INSERT INTO `entry`(`entryid`,`type`) VALUES('3501','b');
INSERT INTO `book`(`title`,`entryid`,`isbn`,`type`) VALUES('Botany in the Keyboard','3501','0972506138163','e');
INSERT INTO `genre_book`(`genre`, `entryid`) VALUES ('Horror','3501');
INSERT INTO `author_book`(`author`, `entryid`) VALUES ('Virgie Kunin','3501');
INSERT INTO `publisher_book`(`publisher`, `entryid`) VALUES ('Inlow Inc.','3501');
INSERT INTO `entry`(`entryid`,`type`) VALUES('3502','b');
INSERT INTO `book`(`title`,`entryid`,`isbn`,`type`) VALUES('Vinyl of the lithologic Michelle','3502','0473069739175','j');
INSERT INTO `genre_book`(`genre`, `entryid`) VALUES ('Romance','3502');
INSERT INTO `author`(`name`,`birthyear`,`deathyear`) VALUES('Tina Dangel','1972','2019');
INSERT INTO `author_book`(`author`, `entryid`) VALUES ('Tina Dangel','3502');
INSERT INTO `publisher_book`(`publisher`, `entryid`) VALUES ('Warnock Cooperations.','3502');
INSERT INTO `entry`(`entryid`,`type`) VALUES('3503','b');
INSERT INTO `book`(`title`,`entryid`,`isbn`,`type`) VALUES('Crib vs. meningococcic Transport','3503','9715733700942','e');
INSERT INTO `genre_book`(`genre`, `entryid`) VALUES ('Romance','3503');
INSERT INTO `author_book`(`author`, `entryid`) VALUES ('Maxine Biscoe','3503');
INSERT INTO `publisher_book`(`publisher`, `entryid`) VALUES ('Seta Inc.','3503');
INSERT INTO `entry`(`entryid`,`type`) VALUES('3504','b');
INSERT INTO `book`(`title`,`entryid`,`isbn`,`type`) VALUES('Step-brother with the nonsensical Friend','3504','9626017572727','e');
INSERT INTO `genre_book`(`genre`, `entryid`) VALUES ('Horror','3504');
INSERT INTO `author_book`(`author`, `entryid`) VALUES ('Stephanie Brez','3504');
INSERT INTO `publisher_book`(`publisher`, `entryid`) VALUES ('Cobden Publishers.','3504');
INSERT INTO `entry`(`entryid`,`type`) VALUES('3505','b');
INSERT INTO `book`(`title`,`entryid`,`isbn`,`type`) VALUES('Copyright and Time','3505','9324938193033','j');
INSERT INTO `genre_book`(`genre`, `entryid`) VALUES ('Adventure','3505');
INSERT INTO `author_book`(`author`, `entryid`) VALUES ('Jocelyn Daguio','3505');
INSERT INTO `publisher_book`(`publisher`, `entryid`) VALUES ('Reents Publishers.','3505');
INSERT INTO `entry`(`entryid`,`type`) VALUES('3506','b');
INSERT INTO `book`(`title`,`entryid`,`isbn`,`type`) VALUES('Yew against choosy Saw','3506','9637419599551','e');
INSERT INTO `genre_book`(`genre`, `entryid`) VALUES ('Sci-Fi','3506');
INSERT INTO `author_book`(`author`, `entryid`) VALUES ('Minerva Branam','3506');
INSERT INTO `publisher_book`(`publisher`, `entryid`) VALUES ('Trickel Inc.','3506');
INSERT INTO `entry`(`entryid`,`type`) VALUES('3507','b');
INSERT INTO `book`(`title`,`entryid`,`isbn`,`type`) VALUES('Almanac by unilluminating Windscreen','3507','0890206032081','b');
INSERT INTO `genre_book`(`genre`, `entryid`) VALUES ('Education','3507');
INSERT INTO `author_book`(`author`, `entryid`) VALUES ('Numbers Zipp','3507');
INSERT INTO `publisher_book`(`publisher`, `entryid`) VALUES ('Jestes Inc.','3507');
INSERT INTO `entry`(`entryid`,`type`) VALUES('3508','b');
INSERT INTO `book`(`title`,`entryid`,`isbn`,`type`) VALUES('Pajama of transmittable Fire','3508','9189080392848','e');
INSERT INTO `genre_book`(`genre`, `entryid`) VALUES ('Science','3508');
INSERT INTO `author_book`(`author`, `entryid`) VALUES ('Norris Cogen','3508');
INSERT INTO `publisher_book`(`publisher`, `entryid`) VALUES ('Samas Publishers.','3508');
INSERT INTO `entry`(`entryid`,`type`) VALUES('3509','b');
INSERT INTO `book`(`title`,`entryid`,`isbn`,`type`) VALUES('Medicine and the adopted Apparatus','3509','0384529200411','e');
INSERT INTO `genre_book`(`genre`, `entryid`) VALUES ('Thriller','3509');
INSERT INTO `author_book`(`author`, `entryid`) VALUES ('Daisy Wasson','3509');
INSERT INTO `publisher_book`(`publisher`, `entryid`) VALUES ('Haggerty Cooperations.','3509');
INSERT INTO `entry`(`entryid`,`type`) VALUES('3510','b');
INSERT INTO `book`(`title`,`entryid`,`isbn`,`type`) VALUES('Dill by the enraged Gymnast','3510','9829837015597','e');
INSERT INTO `genre_book`(`genre`, `entryid`) VALUES ('Adventure','3510');
INSERT INTO `author_book`(`author`, `entryid`) VALUES ('Shanon Frishman','3510');
INSERT INTO `publisher_book`(`publisher`, `entryid`) VALUES ('Caspi Inc.','3510');
INSERT INTO `entry`(`entryid`,`type`) VALUES('3511','b');
INSERT INTO `book`(`title`,`entryid`,`isbn`,`type`) VALUES('Puppy by mezzo-rilievo Cheese','3511','0525999612772','j');
INSERT INTO `genre_book`(`genre`, `entryid`) VALUES ('Education','3511');
INSERT INTO `author_book`(`author`, `entryid`) VALUES ('Gerry Sovich','3511');
INSERT INTO `publisher_book`(`publisher`, `entryid`) VALUES ('Seta Inc.','3511');
INSERT INTO `entry`(`entryid`,`type`) VALUES('3512','b');
INSERT INTO `book`(`title`,`entryid`,`isbn`,`type`) VALUES('Samurai in Pot','3512','0575852176565','e');
INSERT INTO `genre_book`(`genre`, `entryid`) VALUES ('Education','3512');
INSERT INTO `author`(`name`,`birthyear`,`deathyear`) VALUES('Shelba Helmly','1975','2021');
INSERT INTO `author_book`(`author`, `entryid`) VALUES ('Shelba Helmly','3512');
INSERT INTO `publisher_book`(`publisher`, `entryid`) VALUES ('Siver Publishers.','3512');
INSERT INTO `entry`(`entryid`,`type`) VALUES('3513','b');
INSERT INTO `book`(`title`,`entryid`,`isbn`,`type`) VALUES('Support and the reciprocating Headline','3513','9687425762112','j');
INSERT INTO `genre_book`(`genre`, `entryid`) VALUES ('Horror','3513');
INSERT INTO `author`(`name`,`birthyear`,`deathyear`) VALUES('Lucile Horne','1962','2006');
INSERT INTO `author_book`(`author`, `entryid`) VALUES ('Lucile Horne','3513');
INSERT INTO `publisher_book`(`publisher`, `entryid`) VALUES ('Fiebich Cooperations.','3513');
INSERT INTO `entry`(`entryid`,`type`) VALUES('3514','b');
INSERT INTO `book`(`title`,`entryid`,`isbn`,`type`) VALUES('Stock and carbonic Kendo','3514','0669187882045','e');
INSERT INTO `genre_book`(`genre`, `entryid`) VALUES ('Education','3514');
INSERT INTO `author`(`name`,`birthyear`,`deathyear`) VALUES('Gussie Babiracki','1929','2021');
INSERT INTO `author_book`(`author`, `entryid`) VALUES ('Gussie Babiracki','3514');
INSERT INTO `publisher_book`(`publisher`, `entryid`) VALUES ('Bogan Cooperations.','3514');
INSERT INTO `entry`(`entryid`,`type`) VALUES('3515','b');
INSERT INTO `book`(`title`,`entryid`,`isbn`,`type`) VALUES('Plier vs. Cupboard','3515','0774150674918','j');
INSERT INTO `genre_book`(`genre`, `entryid`) VALUES ('Sci-Fi','3515');
INSERT INTO `author_book`(`author`, `entryid`) VALUES ('Shaneka Calk','3515');
INSERT INTO `publisher_book`(`publisher`, `entryid`) VALUES ('Buergel Inc.','3515');
INSERT INTO `entry`(`entryid`,`type`) VALUES('3516','b');
INSERT INTO `book`(`title`,`entryid`,`isbn`,`type`) VALUES('Chief in Addition','3516','9559220094517','b');
INSERT INTO `genre_book`(`genre`, `entryid`) VALUES ('Horror','3516');
INSERT INTO `author_book`(`author`, `entryid`) VALUES ('Pat Barkhimer','3516');
INSERT INTO `publisher_book`(`publisher`, `entryid`) VALUES ('Albini Cooperations.','3516');
INSERT INTO `entry`(`entryid`,`type`) VALUES('3517','b');
INSERT INTO `book`(`title`,`entryid`,`isbn`,`type`) VALUES('Glass in the Odometer','3517','0407930750187','b');
INSERT INTO `genre_book`(`genre`, `entryid`) VALUES ('Romance','3517');
INSERT INTO `author_book`(`author`, `entryid`) VALUES ('Francis Stoliker','3517');
INSERT INTO `publisher_book`(`publisher`, `entryid`) VALUES ('Bedre Publishers.','3517');
INSERT INTO `entry`(`entryid`,`type`) VALUES('3518','b');
INSERT INTO `book`(`title`,`entryid`,`isbn`,`type`) VALUES('Opera against decrescendo Step-daughter','3518','0750120357482','j');
INSERT INTO `genre_book`(`genre`, `entryid`) VALUES ('Adventure','3518');
INSERT INTO `author`(`name`,`birthyear`,`deathyear`) VALUES('Ingeborg Rauzman','1949','2023');
INSERT INTO `author_book`(`author`, `entryid`) VALUES ('Ingeborg Rauzman','3518');
INSERT INTO `publisher_book`(`publisher`, `entryid`) VALUES ('Garfield Publishers.','3518');
INSERT INTO `entry`(`entryid`,`type`) VALUES('3519','b');
INSERT INTO `book`(`title`,`entryid`,`isbn`,`type`) VALUES('Conga in lurid Reminder','3519','9783506629717','j');
INSERT INTO `genre_book`(`genre`, `entryid`) VALUES ('Science','3519');
INSERT INTO `author`(`name`,`birthyear`,`deathyear`) VALUES('Loren Zarn','1943','2026');
INSERT INTO `author_book`(`author`, `entryid`) VALUES ('Loren Zarn','3519');
INSERT INTO `publisher_book`(`publisher`, `entryid`) VALUES ('Mcbee Cooperations.','3519');
INSERT INTO `entry`(`entryid`,`type`) VALUES('3520','b');
INSERT INTO `book`(`title`,`entryid`,`isbn`,`type`) VALUES('Pink because of Crook','3520','0039840741485','j');
INSERT INTO `genre_book`(`genre`, `entryid`) VALUES ('Education','3520');
INSERT INTO `author_book`(`author`, `entryid`) VALUES ('Milagros Pollen','3520');
INSERT INTO `publisher_book`(`publisher`, `entryid`) VALUES ('Sieger Inc.','3520');
INSERT INTO `entry`(`entryid`,`type`) VALUES('3521','b');
INSERT INTO `book`(`title`,`entryid`,`isbn`,`type`) VALUES('Plough with brevipennate Argument','3521','0344635412477','e');
INSERT INTO `genre_book`(`genre`, `entryid`) VALUES ('Adventure','3521');
INSERT INTO `author_book`(`author`, `entryid`) VALUES ('Merrill Brauner','3521');
INSERT INTO `publisher_book`(`publisher`, `entryid`) VALUES ('Brassard Inc.','3521');
INSERT INTO `entry`(`entryid`,`type`) VALUES('3522','b');
INSERT INTO `book`(`title`,`entryid`,`isbn`,`type`) VALUES('Deadline for ophthalmic Message','3522','9725873853449','j');
INSERT INTO `genre_book`(`genre`, `entryid`) VALUES ('Education','3522');
INSERT INTO `author`(`name`,`birthyear`,`deathyear`) VALUES('Rosalie Spika','1924','1974');
INSERT INTO `author_book`(`author`, `entryid`) VALUES ('Rosalie Spika','3522');
INSERT INTO `publisher_book`(`publisher`, `entryid`) VALUES ('Habeck Publishers.','3522');
INSERT INTO `entry`(`entryid`,`type`) VALUES('3523','b');
INSERT INTO `book`(`title`,`entryid`,`isbn`,`type`) VALUES('October and Psychiatrist','3523','0667118421862','e');
INSERT INTO `genre_book`(`genre`, `entryid`) VALUES ('Education','3523');
INSERT INTO `author_book`(`author`, `entryid`) VALUES ('Christoper Reos','3523');
INSERT INTO `publisher_book`(`publisher`, `entryid`) VALUES ('Martinek Cooperations.','3523');
INSERT INTO `entry`(`entryid`,`type`) VALUES('3524','b');
INSERT INTO `book`(`title`,`entryid`,`isbn`,`type`) VALUES('Beetle with Cinema','3524','0331113384802','b');
INSERT INTO `genre_book`(`genre`, `entryid`) VALUES ('Horror','3524');
INSERT INTO `author_book`(`author`, `entryid`) VALUES ('Tonda Kuether','3524');
INSERT INTO `publisher`(`name`) VALUES ('Wanamaker Cooperations.');
INSERT INTO `publisher_book`(`publisher`, `entryid`) VALUES ('Wanamaker Cooperations.','3524');
INSERT INTO `entry`(`entryid`,`type`) VALUES('3525','b');
INSERT INTO `book`(`title`,`entryid`,`isbn`,`type`) VALUES('Seal against Element','3525','9955931538988','j');
INSERT INTO `genre_book`(`genre`, `entryid`) VALUES ('Science','3525');
INSERT INTO `author`(`name`,`birthyear`,`deathyear`) VALUES('Liana Every','1931','1989');
INSERT INTO `author_book`(`author`, `entryid`) VALUES ('Liana Every','3525');
INSERT INTO `publisher_book`(`publisher`, `entryid`) VALUES ('Davalos Inc.','3525');
INSERT INTO `entry`(`entryid`,`type`) VALUES('3526','b');
INSERT INTO `book`(`title`,`entryid`,`isbn`,`type`) VALUES('Grandfather vs. Doctor','3526','9033464177137','e');
INSERT INTO `genre_book`(`genre`, `entryid`) VALUES ('Thriller','3526');
INSERT INTO `author_book`(`author`, `entryid`) VALUES ('Fleta Minier','3526');
INSERT INTO `publisher_book`(`publisher`, `entryid`) VALUES ('Heritage Publishers.','3526');
INSERT INTO `entry`(`entryid`,`type`) VALUES('3527','b');
INSERT INTO `book`(`title`,`entryid`,`isbn`,`type`) VALUES('Refrigerator to the thermionic Slash','3527','0382257923833','e');
INSERT INTO `genre_book`(`genre`, `entryid`) VALUES ('Romance','3527');
INSERT INTO `author`(`name`,`birthyear`,`deathyear`) VALUES('Astrid Mcgunnigle','1972','1992');
INSERT INTO `author_book`(`author`, `entryid`) VALUES ('Astrid Mcgunnigle','3527');
INSERT INTO `publisher_book`(`publisher`, `entryid`) VALUES ('Trumbo Publishers.','3527');
INSERT INTO `entry`(`entryid`,`type`) VALUES('3528','b');
INSERT INTO `book`(`title`,`entryid`,`isbn`,`type`) VALUES('Authorisation with the Adjustment','3528','9871937645910','b');
INSERT INTO `genre_book`(`genre`, `entryid`) VALUES ('Thriller','3528');
INSERT INTO `author_book`(`author`, `entryid`) VALUES ('Mariano Pitchford','3528');
INSERT INTO `publisher_book`(`publisher`, `entryid`) VALUES ('Trapp Inc.','3528');
INSERT INTO `entry`(`entryid`,`type`) VALUES('3529','b');
INSERT INTO `book`(`title`,`entryid`,`isbn`,`type`) VALUES('Christopher by buxom Circulation','3529','9929789775011','e');
INSERT INTO `genre_book`(`genre`, `entryid`) VALUES ('Adventure','3529');
INSERT INTO `author_book`(`author`, `entryid`) VALUES ('Willian Levene','3529');
INSERT INTO `publisher_book`(`publisher`, `entryid`) VALUES ('Bouvier Cooperations.','3529');
INSERT INTO `entry`(`entryid`,`type`) VALUES('3530','b');
INSERT INTO `book`(`title`,`entryid`,`isbn`,`type`) VALUES('Geometry because of canopied Flame','3530','0585946456193','e');
INSERT INTO `genre_book`(`genre`, `entryid`) VALUES ('Horror','3530');
INSERT INTO `author_book`(`author`, `entryid`) VALUES ('Nila Wunderly','3530');
INSERT INTO `publisher_book`(`publisher`, `entryid`) VALUES ('Benally Cooperations.','3530');
INSERT INTO `entry`(`entryid`,`type`) VALUES('3531','b');
INSERT INTO `book`(`title`,`entryid`,`isbn`,`type`) VALUES('Zinc by agog Ghost','3531','9006537288491','b');
INSERT INTO `genre_book`(`genre`, `entryid`) VALUES ('Horror','3531');
INSERT INTO `author_book`(`author`, `entryid`) VALUES ('Roman Zajc','3531');
INSERT INTO `publisher_book`(`publisher`, `entryid`) VALUES ('Yasurek Cooperations.','3531');
INSERT INTO `entry`(`entryid`,`type`) VALUES('3532','b');
INSERT INTO `book`(`title`,`entryid`,`isbn`,`type`) VALUES('Lathe with Supply','3532','9287192597195','e');
INSERT INTO `genre_book`(`genre`, `entryid`) VALUES ('Science','3532');
INSERT INTO `author_book`(`author`, `entryid`) VALUES ('Eva Barkema','3532');
INSERT INTO `publisher_book`(`publisher`, `entryid`) VALUES ('Weagraff Cooperations.','3532');
INSERT INTO `entry`(`entryid`,`type`) VALUES('3533','b');
INSERT INTO `book`(`title`,`entryid`,`isbn`,`type`) VALUES('Hardware by nymphomaniacal Tower','3533','0641022179986','e');
INSERT INTO `genre_book`(`genre`, `entryid`) VALUES ('Education','3533');
INSERT INTO `author`(`name`,`birthyear`,`deathyear`) VALUES('Lanell Slightam','1978','2077');
INSERT INTO `author_book`(`author`, `entryid`) VALUES ('Lanell Slightam','3533');
INSERT INTO `publisher_book`(`publisher`, `entryid`) VALUES ('Shuffstall Cooperations.','3533');
INSERT INTO `entry`(`entryid`,`type`) VALUES('3534','b');
INSERT INTO `book`(`title`,`entryid`,`isbn`,`type`) VALUES('Sushi against the Secretary','3534','0608945676089','e');
INSERT INTO `genre_book`(`genre`, `entryid`) VALUES ('Thriller','3534');
INSERT INTO `author`(`name`,`birthyear`,`deathyear`) VALUES('Delora Heydt','1943','2012');
INSERT INTO `author_book`(`author`, `entryid`) VALUES ('Delora Heydt','3534');
INSERT INTO `publisher_book`(`publisher`, `entryid`) VALUES ('Kuhse Inc.','3534');
INSERT INTO `entry`(`entryid`,`type`) VALUES('3535','b');
INSERT INTO `book`(`title`,`entryid`,`isbn`,`type`) VALUES('April to the Numeric','3535','9156003040429','e');
INSERT INTO `genre_book`(`genre`, `entryid`) VALUES ('Science','3535');
INSERT INTO `author_book`(`author`, `entryid`) VALUES ('Rolande Copass','3535');
INSERT INTO `publisher_book`(`publisher`, `entryid`) VALUES ('Filyan Inc.','3535');
INSERT INTO `entry`(`entryid`,`type`) VALUES('3536','b');
INSERT INTO `book`(`title`,`entryid`,`isbn`,`type`) VALUES('Maid because of Ear','3536','9057730913675','e');
INSERT INTO `genre_book`(`genre`, `entryid`) VALUES ('Thriller','3536');
INSERT INTO `author_book`(`author`, `entryid`) VALUES ('Vena Rieser','3536');
INSERT INTO `publisher_book`(`publisher`, `entryid`) VALUES ('Kindlimann Inc.','3536');
INSERT INTO `entry`(`entryid`,`type`) VALUES('3537','b');
INSERT INTO `book`(`title`,`entryid`,`isbn`,`type`) VALUES('Egg for the vendible String','3537','9785249399964','e');
INSERT INTO `genre_book`(`genre`, `entryid`) VALUES ('Education','3537');
INSERT INTO `author_book`(`author`, `entryid`) VALUES ('Rosina Erving','3537');
INSERT INTO `publisher_book`(`publisher`, `entryid`) VALUES ('Meja Cooperations.','3537');
INSERT INTO `entry`(`entryid`,`type`) VALUES('3538','b');
INSERT INTO `book`(`title`,`entryid`,`isbn`,`type`) VALUES('Goose and the extremist Baritone','3538','9127286618490','j');
INSERT INTO `genre_book`(`genre`, `entryid`) VALUES ('Horror','3538');
INSERT INTO `author`(`name`,`birthyear`,`deathyear`) VALUES('Doug Benson','1887','1934');
INSERT INTO `author_book`(`author`, `entryid`) VALUES ('Doug Benson','3538');
INSERT INTO `publisher_book`(`publisher`, `entryid`) VALUES ('Trobaugh Publishers.','3538');
INSERT INTO `entry`(`entryid`,`type`) VALUES('3539','b');
INSERT INTO `book`(`title`,`entryid`,`isbn`,`type`) VALUES('Cardigan in fledgier Curve','3539','9254564528956','e');
INSERT INTO `genre_book`(`genre`, `entryid`) VALUES ('Education','3539');
INSERT INTO `author`(`name`,`birthyear`,`deathyear`) VALUES('Scott Allaman','1964','2041');
INSERT INTO `author_book`(`author`, `entryid`) VALUES ('Scott Allaman','3539');
INSERT INTO `publisher_book`(`publisher`, `entryid`) VALUES ('Habeck Publishers.','3539');
INSERT INTO `entry`(`entryid`,`type`) VALUES('3540','b');
INSERT INTO `book`(`title`,`entryid`,`isbn`,`type`) VALUES('Rain because of Scarecrow','3540','0340197007103','b');
INSERT INTO `genre_book`(`genre`, `entryid`) VALUES ('Horror','3540');
INSERT INTO `author_book`(`author`, `entryid`) VALUES ('Angelique Sebesta','3540');
INSERT INTO `publisher_book`(`publisher`, `entryid`) VALUES ('Bouvier Cooperations.','3540');
INSERT INTO `entry`(`entryid`,`type`) VALUES('3541','b');
INSERT INTO `book`(`title`,`entryid`,`isbn`,`type`) VALUES('Submarine and the rowdy Group','3541','9306465196279','j');
INSERT INTO `genre_book`(`genre`, `entryid`) VALUES ('Adventure','3541');
INSERT INTO `author_book`(`author`, `entryid`) VALUES ('Eulah Lalonde','3541');
INSERT INTO `publisher_book`(`publisher`, `entryid`) VALUES ('Duchesney Publishers.','3541');
INSERT INTO `entry`(`entryid`,`type`) VALUES('3542','b');
INSERT INTO `book`(`title`,`entryid`,`isbn`,`type`) VALUES('Jail and Bicycle','3542','9631934997409','e');
INSERT INTO `genre_book`(`genre`, `entryid`) VALUES ('Thriller','3542');
INSERT INTO `author_book`(`author`, `entryid`) VALUES ('Thelma Liebelt','3542');
INSERT INTO `publisher_book`(`publisher`, `entryid`) VALUES ('Fendt Publishers.','3542');
INSERT INTO `entry`(`entryid`,`type`) VALUES('3543','b');
INSERT INTO `book`(`title`,`entryid`,`isbn`,`type`) VALUES('Rowboat of the Result','3543','0165281514117','b');
INSERT INTO `genre_book`(`genre`, `entryid`) VALUES ('Sci-Fi','3543');
INSERT INTO `author_book`(`author`, `entryid`) VALUES ('Chloe Poke','3543');
INSERT INTO `publisher_book`(`publisher`, `entryid`) VALUES ('Martinek Cooperations.','3543');
INSERT INTO `entry`(`entryid`,`type`) VALUES('3544','b');
INSERT INTO `book`(`title`,`entryid`,`isbn`,`type`) VALUES('Glass and elderly Sauce','3544','9114121596282','j');
INSERT INTO `genre_book`(`genre`, `entryid`) VALUES ('Education','3544');
INSERT INTO `author_book`(`author`, `entryid`) VALUES ('Zoila Perrez','3544');
INSERT INTO `publisher_book`(`publisher`, `entryid`) VALUES ('Poirer Cooperations.','3544');
INSERT INTO `entry`(`entryid`,`type`) VALUES('3545','b');
INSERT INTO `book`(`title`,`entryid`,`isbn`,`type`) VALUES('Ukraine to the Lobster','3545','0121694874225','j');
INSERT INTO `genre_book`(`genre`, `entryid`) VALUES ('Adventure','3545');
INSERT INTO `author_book`(`author`, `entryid`) VALUES ('Sebrina Clarkson','3545');
INSERT INTO `publisher_book`(`publisher`, `entryid`) VALUES ('Kronenberg Publishers.','3545');
INSERT INTO `entry`(`entryid`,`type`) VALUES('3546','b');
INSERT INTO `book`(`title`,`entryid`,`isbn`,`type`) VALUES('Cabbage in unpaid Fork','3546','0136656285294','b');
INSERT INTO `genre_book`(`genre`, `entryid`) VALUES ('Romance','3546');
INSERT INTO `author_book`(`author`, `entryid`) VALUES ('Halley Gainor','3546');
INSERT INTO `publisher_book`(`publisher`, `entryid`) VALUES ('Sollis Inc.','3546');
INSERT INTO `entry`(`entryid`,`type`) VALUES('3547','b');
INSERT INTO `book`(`title`,`entryid`,`isbn`,`type`) VALUES('Shock to Bone','3547','9535383977700','b');
INSERT INTO `genre_book`(`genre`, `entryid`) VALUES ('Romance','3547');
INSERT INTO `author`(`name`,`birthyear`,`deathyear`) VALUES('Gay Gorden','1905','1967');
INSERT INTO `author_book`(`author`, `entryid`) VALUES ('Gay Gorden','3547');
INSERT INTO `publisher_book`(`publisher`, `entryid`) VALUES ('Gerondale Inc.','3547');
INSERT INTO `entry`(`entryid`,`type`) VALUES('3548','b');
INSERT INTO `book`(`title`,`entryid`,`isbn`,`type`) VALUES('Team with flaky Pound','3548','0695625425551','b');
INSERT INTO `genre_book`(`genre`, `entryid`) VALUES ('Science','3548');
INSERT INTO `author_book`(`author`, `entryid`) VALUES ('Audrea Teece','3548');
INSERT INTO `publisher_book`(`publisher`, `entryid`) VALUES ('Brotherson Inc.','3548');
INSERT INTO `entry`(`entryid`,`type`) VALUES('3549','b');
INSERT INTO `book`(`title`,`entryid`,`isbn`,`type`) VALUES('Pancreas vs. Card','3549','0729651881682','b');
INSERT INTO `genre_book`(`genre`, `entryid`) VALUES ('Thriller','3549');
INSERT INTO `author_book`(`author`, `entryid`) VALUES ('Maynard Wessell','3549');
INSERT INTO `publisher_book`(`publisher`, `entryid`) VALUES ('Henscheid Cooperations.','3549');
INSERT INTO `entry`(`entryid`,`type`) VALUES('3550','b');
INSERT INTO `book`(`title`,`entryid`,`isbn`,`type`) VALUES('Turkey because of permeated Boundary','3550','0875656860291','j');
INSERT INTO `genre_book`(`genre`, `entryid`) VALUES ('Romance','3550');
INSERT INTO `author_book`(`author`, `entryid`) VALUES ('Halley Gainor','3550');
INSERT INTO `publisher_book`(`publisher`, `entryid`) VALUES ('Callam Inc.','3550');
INSERT INTO `entry`(`entryid`,`type`) VALUES('3551','b');
INSERT INTO `book`(`title`,`entryid`,`isbn`,`type`) VALUES('Suit by the Education','3551','0677795949407','b');
INSERT INTO `genre_book`(`genre`, `entryid`) VALUES ('Science','3551');
INSERT INTO `author_book`(`author`, `entryid`) VALUES ('Ozella Comeau','3551');
INSERT INTO `publisher_book`(`publisher`, `entryid`) VALUES ('Maxell Publishers.','3551');
INSERT INTO `entry`(`entryid`,`type`) VALUES('3552','b');
INSERT INTO `book`(`title`,`entryid`,`isbn`,`type`) VALUES('Worm to downstairs Profit','3552','0206280370935','e');
INSERT INTO `genre_book`(`genre`, `entryid`) VALUES ('Adventure','3552');
INSERT INTO `author_book`(`author`, `entryid`) VALUES ('Joe Zuziak','3552');
INSERT INTO `publisher_book`(`publisher`, `entryid`) VALUES ('Varas Publishers.','3552');
INSERT INTO `entry`(`entryid`,`type`) VALUES('3553','b');
INSERT INTO `book`(`title`,`entryid`,`isbn`,`type`) VALUES('Duck and the bestowed Fact','3553','0472135198353','j');
INSERT INTO `genre_book`(`genre`, `entryid`) VALUES ('Sci-Fi','3553');
INSERT INTO `author_book`(`author`, `entryid`) VALUES ('Ashlyn Rother','3553');
INSERT INTO `publisher_book`(`publisher`, `entryid`) VALUES ('Lansdowne Inc.','3553');
INSERT INTO `entry`(`entryid`,`type`) VALUES('3554','b');
INSERT INTO `book`(`title`,`entryid`,`isbn`,`type`) VALUES('Millisecond with the Boat','3554','0139075794233','j');
INSERT INTO `genre_book`(`genre`, `entryid`) VALUES ('Horror','3554');
INSERT INTO `author_book`(`author`, `entryid`) VALUES ('Petrina Lommel','3554');
INSERT INTO `publisher_book`(`publisher`, `entryid`) VALUES ('Bigos Inc.','3554');
INSERT INTO `entry`(`entryid`,`type`) VALUES('3555','b');
INSERT INTO `book`(`title`,`entryid`,`isbn`,`type`) VALUES('Semicircle with segmental Gallon','3555','0360494381185','e');
INSERT INTO `genre_book`(`genre`, `entryid`) VALUES ('Thriller','3555');
INSERT INTO `author`(`name`,`birthyear`,`deathyear`) VALUES('Bruna Hopkinson','1892','1971');
INSERT INTO `author_book`(`author`, `entryid`) VALUES ('Bruna Hopkinson','3555');
INSERT INTO `publisher_book`(`publisher`, `entryid`) VALUES ('Callam Inc.','3555');
INSERT INTO `entry`(`entryid`,`type`) VALUES('3556','b');
INSERT INTO `book`(`title`,`entryid`,`isbn`,`type`) VALUES('Tongue to the depredatory Starter','3556','0929958370372','e');
INSERT INTO `genre_book`(`genre`, `entryid`) VALUES ('Adventure','3556');
INSERT INTO `author_book`(`author`, `entryid`) VALUES ('Mac Southall','3556');
INSERT INTO `publisher_book`(`publisher`, `entryid`) VALUES ('Bedre Publishers.','3556');
INSERT INTO `entry`(`entryid`,`type`) VALUES('3557','b');
INSERT INTO `book`(`title`,`entryid`,`isbn`,`type`) VALUES('Police for the Server','3557','9261839229743','e');
INSERT INTO `genre_book`(`genre`, `entryid`) VALUES ('Education','3557');
INSERT INTO `author`(`name`,`birthyear`,`deathyear`) VALUES('Meghan Humbarger','1898','1995');
INSERT INTO `author_book`(`author`, `entryid`) VALUES ('Meghan Humbarger','3557');
INSERT INTO `publisher_book`(`publisher`, `entryid`) VALUES ('Loveall Cooperations.','3557');
INSERT INTO `entry`(`entryid`,`type`) VALUES('3558','b');
INSERT INTO `book`(`title`,`entryid`,`isbn`,`type`) VALUES('Bathroom in Dime','3558','0501277228136','b');
INSERT INTO `genre_book`(`genre`, `entryid`) VALUES ('Thriller','3558');
INSERT INTO `author_book`(`author`, `entryid`) VALUES ('Etha Trucchio','3558');
INSERT INTO `publisher_book`(`publisher`, `entryid`) VALUES ('Carrea Inc.','3558');
INSERT INTO `entry`(`entryid`,`type`) VALUES('3559','b');
INSERT INTO `book`(`title`,`entryid`,`isbn`,`type`) VALUES('Keyboarding against Step-brother','3559','9008653968521','e');
INSERT INTO `genre_book`(`genre`, `entryid`) VALUES ('Education','3559');
INSERT INTO `author_book`(`author`, `entryid`) VALUES ('Somer Couser','3559');
INSERT INTO `publisher_book`(`publisher`, `entryid`) VALUES ('Loveall Cooperations.','3559');
INSERT INTO `entry`(`entryid`,`type`) VALUES('3560','b');
INSERT INTO `book`(`title`,`entryid`,`isbn`,`type`) VALUES('Dahlia by the centigrade Plasterboard','3560','0474307301202','j');
INSERT INTO `genre_book`(`genre`, `entryid`) VALUES ('Horror','3560');
INSERT INTO `author`(`name`,`birthyear`,`deathyear`) VALUES('Erich Bonaventure','1935','1992');
INSERT INTO `author_book`(`author`, `entryid`) VALUES ('Erich Bonaventure','3560');
INSERT INTO `publisher_book`(`publisher`, `entryid`) VALUES ('Standback Cooperations.','3560');
INSERT INTO `entry`(`entryid`,`type`) VALUES('3561','b');
INSERT INTO `book`(`title`,`entryid`,`isbn`,`type`) VALUES('Zoology with the Fold','3561','9620479436620','b');
INSERT INTO `genre_book`(`genre`, `entryid`) VALUES ('Thriller','3561');
INSERT INTO `author_book`(`author`, `entryid`) VALUES ('Lessie Mas','3561');
INSERT INTO `publisher_book`(`publisher`, `entryid`) VALUES ('Aplington Inc.','3561');
INSERT INTO `entry`(`entryid`,`type`) VALUES('3562','b');
INSERT INTO `book`(`title`,`entryid`,`isbn`,`type`) VALUES('Hair by Step-father','3562','0073069957059','j');
INSERT INTO `genre_book`(`genre`, `entryid`) VALUES ('Sci-Fi','3562');
INSERT INTO `author_book`(`author`, `entryid`) VALUES ('Mable Junge','3562');
INSERT INTO `publisher_book`(`publisher`, `entryid`) VALUES ('Mesecar Publishers.','3562');
INSERT INTO `entry`(`entryid`,`type`) VALUES('3563','b');
INSERT INTO `book`(`title`,`entryid`,`isbn`,`type`) VALUES('Marimba in tripping Tub','3563','9732677253305','j');
INSERT INTO `genre_book`(`genre`, `entryid`) VALUES ('Science','3563');
INSERT INTO `author`(`name`,`birthyear`,`deathyear`) VALUES('Mara Layer','1880','1903');
INSERT INTO `author_book`(`author`, `entryid`) VALUES ('Mara Layer','3563');
INSERT INTO `publisher_book`(`publisher`, `entryid`) VALUES ('Schap Publishers.','3563');
INSERT INTO `entry`(`entryid`,`type`) VALUES('3564','b');
INSERT INTO `book`(`title`,`entryid`,`isbn`,`type`) VALUES('Bobcat of Throat','3564','0908859631737','b');
INSERT INTO `genre_book`(`genre`, `entryid`) VALUES ('Sci-Fi','3564');
INSERT INTO `author`(`name`,`birthyear`,`deathyear`) VALUES('Janita Ludy','1897','1983');
INSERT INTO `author_book`(`author`, `entryid`) VALUES ('Janita Ludy','3564');
INSERT INTO `publisher_book`(`publisher`, `entryid`) VALUES ('Sieger Inc.','3564');
INSERT INTO `entry`(`entryid`,`type`) VALUES('3565','b');
INSERT INTO `book`(`title`,`entryid`,`isbn`,`type`) VALUES('Helicopter to the United kingdom','3565','0362108817897','b');
INSERT INTO `genre_book`(`genre`, `entryid`) VALUES ('Education','3565');
INSERT INTO `author_book`(`author`, `entryid`) VALUES ('Inge Heggen','3565');
INSERT INTO `publisher_book`(`publisher`, `entryid`) VALUES ('Bogan Cooperations.','3565');
INSERT INTO `entry`(`entryid`,`type`) VALUES('3566','b');
INSERT INTO `book`(`title`,`entryid`,`isbn`,`type`) VALUES('Margaret by crackajack Class','3566','9647261595881','j');
INSERT INTO `genre_book`(`genre`, `entryid`) VALUES ('Romance','3566');
INSERT INTO `author_book`(`author`, `entryid`) VALUES ('Iesha Beitel','3566');
INSERT INTO `publisher_book`(`publisher`, `entryid`) VALUES ('Davalos Inc.','3566');
INSERT INTO `entry`(`entryid`,`type`) VALUES('3567','b');
INSERT INTO `book`(`title`,`entryid`,`isbn`,`type`) VALUES('Elizabeth in tineal Faucet','3567','0487544402094','j');
INSERT INTO `genre_book`(`genre`, `entryid`) VALUES ('Thriller','3567');
INSERT INTO `author_book`(`author`, `entryid`) VALUES ('Marilyn Treder','3567');
INSERT INTO `publisher_book`(`publisher`, `entryid`) VALUES ('Sollis Inc.','3567');
INSERT INTO `entry`(`entryid`,`type`) VALUES('3568','b');
INSERT INTO `book`(`title`,`entryid`,`isbn`,`type`) VALUES('Venezuela with the sleetiest Grouse','3568','9412543987249','j');
INSERT INTO `genre_book`(`genre`, `entryid`) VALUES ('Romance','3568');
INSERT INTO `author`(`name`,`birthyear`,`deathyear`) VALUES('Jeffie Blach','1905','1953');
INSERT INTO `author_book`(`author`, `entryid`) VALUES ('Jeffie Blach','3568');
INSERT INTO `publisher_book`(`publisher`, `entryid`) VALUES ('Ezelle Publishers.','3568');
INSERT INTO `entry`(`entryid`,`type`) VALUES('3569','b');
INSERT INTO `book`(`title`,`entryid`,`isbn`,`type`) VALUES('Dill against Mark','3569','9245107488988','b');
INSERT INTO `genre_book`(`genre`, `entryid`) VALUES ('Romance','3569');
INSERT INTO `author`(`name`,`birthyear`,`deathyear`) VALUES('Lucia Rowen','1916','1965');
INSERT INTO `author_book`(`author`, `entryid`) VALUES ('Lucia Rowen','3569');
INSERT INTO `publisher_book`(`publisher`, `entryid`) VALUES ('Brotman Inc.','3569');
INSERT INTO `entry`(`entryid`,`type`) VALUES('3570','b');
INSERT INTO `book`(`title`,`entryid`,`isbn`,`type`) VALUES('Riverbed vs. Toothpaste','3570','0975218628719','j');
INSERT INTO `genre_book`(`genre`, `entryid`) VALUES ('Horror','3570');
INSERT INTO `author`(`name`,`birthyear`,`deathyear`) VALUES('Flo Muramoto','1938','1985');
INSERT INTO `author_book`(`author`, `entryid`) VALUES ('Flo Muramoto','3570');
INSERT INTO `publisher_book`(`publisher`, `entryid`) VALUES ('Reinders Inc.','3570');
INSERT INTO `entry`(`entryid`,`type`) VALUES('3571','b');
INSERT INTO `book`(`title`,`entryid`,`isbn`,`type`) VALUES('Permission against the foaming Wolf','3571','0152858430817','b');
INSERT INTO `genre_book`(`genre`, `entryid`) VALUES ('Sci-Fi','3571');
INSERT INTO `author`(`name`,`birthyear`,`deathyear`) VALUES('Marylynn Lapinski','1887','1962');
INSERT INTO `author_book`(`author`, `entryid`) VALUES ('Marylynn Lapinski','3571');
INSERT INTO `publisher_book`(`publisher`, `entryid`) VALUES ('Dismukes Cooperations.','3571');
INSERT INTO `entry`(`entryid`,`type`) VALUES('3572','b');
INSERT INTO `book`(`title`,`entryid`,`isbn`,`type`) VALUES('Action in Oak','3572','0059573144676','b');
INSERT INTO `genre_book`(`genre`, `entryid`) VALUES ('Sci-Fi','3572');
INSERT INTO `author_book`(`author`, `entryid`) VALUES ('Rosamaria Mirsch','3572');
INSERT INTO `publisher_book`(`publisher`, `entryid`) VALUES ('Simcox Publishers.','3572');
INSERT INTO `entry`(`entryid`,`type`) VALUES('3573','b');
INSERT INTO `book`(`title`,`entryid`,`isbn`,`type`) VALUES('Headlight against Sled','3573','0792274025845','e');
INSERT INTO `genre_book`(`genre`, `entryid`) VALUES ('Adventure','3573');
INSERT INTO `author_book`(`author`, `entryid`) VALUES ('Halley Gainor','3573');
INSERT INTO `publisher_book`(`publisher`, `entryid`) VALUES ('Cervone Cooperations.','3573');
INSERT INTO `entry`(`entryid`,`type`) VALUES('3574','b');
INSERT INTO `book`(`title`,`entryid`,`isbn`,`type`) VALUES('Database for Literature','3574','9206490086358','j');
INSERT INTO `genre_book`(`genre`, `entryid`) VALUES ('Sci-Fi','3574');
INSERT INTO `author`(`name`,`birthyear`,`deathyear`) VALUES('Shawnta Badolato','1907','1997');
INSERT INTO `author_book`(`author`, `entryid`) VALUES ('Shawnta Badolato','3574');
INSERT INTO `publisher_book`(`publisher`, `entryid`) VALUES ('Munaz Publishers.','3574');
INSERT INTO `entry`(`entryid`,`type`) VALUES('3575','b');
INSERT INTO `book`(`title`,`entryid`,`isbn`,`type`) VALUES('Meat vs. Competitor','3575','0332850932723','e');
INSERT INTO `genre_book`(`genre`, `entryid`) VALUES ('Adventure','3575');
INSERT INTO `author_book`(`author`, `entryid`) VALUES ('Tiesha Hosea','3575');
INSERT INTO `publisher_book`(`publisher`, `entryid`) VALUES ('Wendorff Inc.','3575');
INSERT INTO `entry`(`entryid`,`type`) VALUES('3576','b');
INSERT INTO `book`(`title`,`entryid`,`isbn`,`type`) VALUES('Second of the tuneless Character','3576','0127401913476','j');
INSERT INTO `genre_book`(`genre`, `entryid`) VALUES ('Romance','3576');
INSERT INTO `author`(`name`,`birthyear`,`deathyear`) VALUES('Ivana Moya','1948','1978');
INSERT INTO `author_book`(`author`, `entryid`) VALUES ('Ivana Moya','3576');
INSERT INTO `publisher_book`(`publisher`, `entryid`) VALUES ('Kronenberg Publishers.','3576');
INSERT INTO `entry`(`entryid`,`type`) VALUES('3577','b');
INSERT INTO `book`(`title`,`entryid`,`isbn`,`type`) VALUES('Cupcake in Home','3577','9142956647691','e');
INSERT INTO `genre_book`(`genre`, `entryid`) VALUES ('Romance','3577');
INSERT INTO `author_book`(`author`, `entryid`) VALUES ('Berenice Mayans','3577');
INSERT INTO `publisher_book`(`publisher`, `entryid`) VALUES ('Sieger Inc.','3577');
INSERT INTO `entry`(`entryid`,`type`) VALUES('3578','b');
INSERT INTO `book`(`title`,`entryid`,`isbn`,`type`) VALUES('Typhoon with the unspiritualised Pancake','3578','9130511840737','j');
INSERT INTO `genre_book`(`genre`, `entryid`) VALUES ('Science','3578');
INSERT INTO `author`(`name`,`birthyear`,`deathyear`) VALUES('Harley Carmack','1920','1950');
INSERT INTO `author_book`(`author`, `entryid`) VALUES ('Harley Carmack','3578');
INSERT INTO `publisher_book`(`publisher`, `entryid`) VALUES ('Varas Publishers.','3578');
INSERT INTO `entry`(`entryid`,`type`) VALUES('3579','b');
INSERT INTO `book`(`title`,`entryid`,`isbn`,`type`) VALUES('Turkey with the Ray','3579','9088806249509','b');
INSERT INTO `genre_book`(`genre`, `entryid`) VALUES ('Thriller','3579');
INSERT INTO `author_book`(`author`, `entryid`) VALUES ('Cathrine Drutman','3579');
INSERT INTO `publisher_book`(`publisher`, `entryid`) VALUES ('Moraitis Inc.','3579');
INSERT INTO `entry`(`entryid`,`type`) VALUES('3580','b');
INSERT INTO `book`(`title`,`entryid`,`isbn`,`type`) VALUES('Pansy by the infertile Bomber','3580','9320970621903','e');
INSERT INTO `genre_book`(`genre`, `entryid`) VALUES ('Romance','3580');
INSERT INTO `author_book`(`author`, `entryid`) VALUES ('Julieann Barnaby','3580');
INSERT INTO `publisher_book`(`publisher`, `entryid`) VALUES ('Bogan Cooperations.','3580');
INSERT INTO `entry`(`entryid`,`type`) VALUES('3581','b');
INSERT INTO `book`(`title`,`entryid`,`isbn`,`type`) VALUES('Bagel by the perpetuable Captain','3581','9771161129052','j');
INSERT INTO `genre_book`(`genre`, `entryid`) VALUES ('Horror','3581');
INSERT INTO `author_book`(`author`, `entryid`) VALUES ('Wilton Eklund','3581');
INSERT INTO `publisher_book`(`publisher`, `entryid`) VALUES ('Bokanovich Publishers.','3581');
INSERT INTO `entry`(`entryid`,`type`) VALUES('3582','b');
INSERT INTO `book`(`title`,`entryid`,`isbn`,`type`) VALUES('Rub by the impregnable Step-grandfather','3582','9226997343523','j');
INSERT INTO `genre_book`(`genre`, `entryid`) VALUES ('Sci-Fi','3582');
INSERT INTO `author`(`name`,`birthyear`,`deathyear`) VALUES('Elida Levoy','1959','2056');
INSERT INTO `author_book`(`author`, `entryid`) VALUES ('Elida Levoy','3582');
INSERT INTO `publisher_book`(`publisher`, `entryid`) VALUES ('Victoria Cooperations.','3582');
INSERT INTO `entry`(`entryid`,`type`) VALUES('3583','b');
INSERT INTO `book`(`title`,`entryid`,`isbn`,`type`) VALUES('Polo for ogreish Steel','3583','0931945949805','j');
INSERT INTO `genre_book`(`genre`, `entryid`) VALUES ('Adventure','3583');
INSERT INTO `author_book`(`author`, `entryid`) VALUES ('Felice Malloy','3583');
INSERT INTO `publisher_book`(`publisher`, `entryid`) VALUES ('Cygan Inc.','3583');
INSERT INTO `entry`(`entryid`,`type`) VALUES('3584','b');
INSERT INTO `book`(`title`,`entryid`,`isbn`,`type`) VALUES('Canada and the andesitic Bite','3584','9309962123178','e');
INSERT INTO `genre_book`(`genre`, `entryid`) VALUES ('Thriller','3584');
INSERT INTO `author`(`name`,`birthyear`,`deathyear`) VALUES('Adena Rossotto','1972','1996');
INSERT INTO `author_book`(`author`, `entryid`) VALUES ('Adena Rossotto','3584');
INSERT INTO `publisher_book`(`publisher`, `entryid`) VALUES ('Armada Cooperations.','3584');
INSERT INTO `entry`(`entryid`,`type`) VALUES('3585','b');
INSERT INTO `book`(`title`,`entryid`,`isbn`,`type`) VALUES('Control for Sphere','3585','9168449664155','j');
INSERT INTO `genre_book`(`genre`, `entryid`) VALUES ('Thriller','3585');
INSERT INTO `author`(`name`,`birthyear`,`deathyear`) VALUES('Kina Maren','1915','2014');
INSERT INTO `author_book`(`author`, `entryid`) VALUES ('Kina Maren','3585');
INSERT INTO `publisher_book`(`publisher`, `entryid`) VALUES ('Diliberti Inc.','3585');
INSERT INTO `entry`(`entryid`,`type`) VALUES('3586','b');
INSERT INTO `book`(`title`,`entryid`,`isbn`,`type`) VALUES('Team by the Streetcar','3586','9827504447751','e');
INSERT INTO `genre_book`(`genre`, `entryid`) VALUES ('Sci-Fi','3586');
INSERT INTO `author_book`(`author`, `entryid`) VALUES ('Monte Dimpfl','3586');
INSERT INTO `publisher_book`(`publisher`, `entryid`) VALUES ('Ellett Publishers.','3586');
INSERT INTO `entry`(`entryid`,`type`) VALUES('3587','b');
INSERT INTO `book`(`title`,`entryid`,`isbn`,`type`) VALUES('Vise of the Mail','3587','0070335661803','e');
INSERT INTO `genre_book`(`genre`, `entryid`) VALUES ('Horror','3587');
INSERT INTO `author_book`(`author`, `entryid`) VALUES ('Tameka Defries','3587');
INSERT INTO `publisher_book`(`publisher`, `entryid`) VALUES ('Dentel Inc.','3587');
INSERT INTO `entry`(`entryid`,`type`) VALUES('3588','b');
INSERT INTO `book`(`title`,`entryid`,`isbn`,`type`) VALUES('Text of the Tennis','3588','0023079388834','b');
INSERT INTO `genre_book`(`genre`, `entryid`) VALUES ('Thriller','3588');
INSERT INTO `author_book`(`author`, `entryid`) VALUES ('Tawana Yearta','3588');
INSERT INTO `publisher_book`(`publisher`, `entryid`) VALUES ('Schwamberger Inc.','3588');
INSERT INTO `entry`(`entryid`,`type`) VALUES('3589','b');
INSERT INTO `book`(`title`,`entryid`,`isbn`,`type`) VALUES('Kitten for Handle','3589','0831797776332','e');
INSERT INTO `genre_book`(`genre`, `entryid`) VALUES ('Adventure','3589');
INSERT INTO `author_book`(`author`, `entryid`) VALUES ('Meda Kuman','3589');
INSERT INTO `publisher_book`(`publisher`, `entryid`) VALUES ('Terrell Cooperations.','3589');
INSERT INTO `entry`(`entryid`,`type`) VALUES('3590','b');
INSERT INTO `book`(`title`,`entryid`,`isbn`,`type`) VALUES('Gym with the unbelieving Scene','3590','9255547530005','b');
INSERT INTO `genre_book`(`genre`, `entryid`) VALUES ('Horror','3590');
INSERT INTO `author_book`(`author`, `entryid`) VALUES ('Jospeh Rigsby','3590');
INSERT INTO `publisher_book`(`publisher`, `entryid`) VALUES ('Goswick Inc.','3590');
INSERT INTO `entry`(`entryid`,`type`) VALUES('3591','b');
INSERT INTO `book`(`title`,`entryid`,`isbn`,`type`) VALUES('Drawer by the hexadic Skin','3591','9209667618853','j');
INSERT INTO `genre_book`(`genre`, `entryid`) VALUES ('Sci-Fi','3591');
INSERT INTO `author_book`(`author`, `entryid`) VALUES ('Eva Barkema','3591');
INSERT INTO `publisher_book`(`publisher`, `entryid`) VALUES ('Arroyd Inc.','3591');
INSERT INTO `entry`(`entryid`,`type`) VALUES('3592','b');
INSERT INTO `book`(`title`,`entryid`,`isbn`,`type`) VALUES('Link for Shallot','3592','0603956321086','j');
INSERT INTO `genre_book`(`genre`, `entryid`) VALUES ('Romance','3592');
INSERT INTO `author_book`(`author`, `entryid`) VALUES ('Marylou Reisinger','3592');
INSERT INTO `publisher_book`(`publisher`, `entryid`) VALUES ('Viejo Publishers.','3592');
INSERT INTO `entry`(`entryid`,`type`) VALUES('3593','b');
INSERT INTO `book`(`title`,`entryid`,`isbn`,`type`) VALUES('Motorcycle against colour Pickle','3593','0628491040413','j');
INSERT INTO `genre_book`(`genre`, `entryid`) VALUES ('Thriller','3593');
INSERT INTO `author_book`(`author`, `entryid`) VALUES ('Kallie Stumme','3593');
INSERT INTO `publisher_book`(`publisher`, `entryid`) VALUES ('Haith Inc.','3593');
INSERT INTO `entry`(`entryid`,`type`) VALUES('3594','b');
INSERT INTO `book`(`title`,`entryid`,`isbn`,`type`) VALUES('Weather for the Stage','3594','0896125565106','b');
INSERT INTO `genre_book`(`genre`, `entryid`) VALUES ('Adventure','3594');
INSERT INTO `author`(`name`,`birthyear`,`deathyear`) VALUES('Sharri Mailhot','1899','1960');
INSERT INTO `author_book`(`author`, `entryid`) VALUES ('Sharri Mailhot','3594');
INSERT INTO `publisher_book`(`publisher`, `entryid`) VALUES ('Excell Inc.','3594');
INSERT INTO `entry`(`entryid`,`type`) VALUES('3595','b');
INSERT INTO `book`(`title`,`entryid`,`isbn`,`type`) VALUES('David because of flashiest Router','3595','0132153958738','b');
INSERT INTO `genre_book`(`genre`, `entryid`) VALUES ('Thriller','3595');
INSERT INTO `author_book`(`author`, `entryid`) VALUES ('Adrianne Masini','3595');
INSERT INTO `publisher_book`(`publisher`, `entryid`) VALUES ('Mastera Cooperations.','3595');
INSERT INTO `entry`(`entryid`,`type`) VALUES('3596','b');
INSERT INTO `book`(`title`,`entryid`,`isbn`,`type`) VALUES('Knife to Accordion','3596','9898664734437','b');
INSERT INTO `genre_book`(`genre`, `entryid`) VALUES ('Thriller','3596');
INSERT INTO `author_book`(`author`, `entryid`) VALUES ('Andra Bonneville','3596');
INSERT INTO `publisher_book`(`publisher`, `entryid`) VALUES ('Turnbow Cooperations.','3596');
INSERT INTO `entry`(`entryid`,`type`) VALUES('3597','b');
INSERT INTO `book`(`title`,`entryid`,`isbn`,`type`) VALUES('Result in flavorous Boundary','3597','9682574664272','e');
INSERT INTO `genre_book`(`genre`, `entryid`) VALUES ('Romance','3597');
INSERT INTO `author_book`(`author`, `entryid`) VALUES ('Lorelei Basbas','3597');
INSERT INTO `publisher_book`(`publisher`, `entryid`) VALUES ('Brotman Inc.','3597');
INSERT INTO `entry`(`entryid`,`type`) VALUES('3598','b');
INSERT INTO `book`(`title`,`entryid`,`isbn`,`type`) VALUES('Pigeon to low-down Cheek','3598','9374506042325','e');
INSERT INTO `genre_book`(`genre`, `entryid`) VALUES ('Education','3598');
INSERT INTO `author_book`(`author`, `entryid`) VALUES ('Isobel Truesdale','3598');
INSERT INTO `publisher_book`(`publisher`, `entryid`) VALUES ('Ridders Inc.','3598');
INSERT INTO `entry`(`entryid`,`type`) VALUES('3599','b');
INSERT INTO `book`(`title`,`entryid`,`isbn`,`type`) VALUES('Shape because of Equinox','3599','0649968911775','b');
INSERT INTO `genre_book`(`genre`, `entryid`) VALUES ('Adventure','3599');
INSERT INTO `author`(`name`,`birthyear`,`deathyear`) VALUES('Ellena Zieber','1958','2047');
INSERT INTO `author_book`(`author`, `entryid`) VALUES ('Ellena Zieber','3599');
INSERT INTO `publisher_book`(`publisher`, `entryid`) VALUES ('Mandril Inc.','3599');
INSERT INTO `entry`(`entryid`,`type`) VALUES('3600','b');
INSERT INTO `book`(`title`,`entryid`,`isbn`,`type`) VALUES('Appendix for the waveless Land','3600','0137342638586','e');
INSERT INTO `genre_book`(`genre`, `entryid`) VALUES ('Horror','3600');
INSERT INTO `author_book`(`author`, `entryid`) VALUES ('Dorothea Pribnow','3600');
INSERT INTO `publisher_book`(`publisher`, `entryid`) VALUES ('Sistek Cooperations.','3600');
INSERT INTO `entry`(`entryid`,`type`) VALUES('3601','b');
INSERT INTO `book`(`title`,`entryid`,`isbn`,`type`) VALUES('Cord with the Thursday','3601','0063184258571','j');
INSERT INTO `genre_book`(`genre`, `entryid`) VALUES ('Romance','3601');
INSERT INTO `author_book`(`author`, `entryid`) VALUES ('Alita Sandt','3601');
INSERT INTO `publisher_book`(`publisher`, `entryid`) VALUES ('Capistran Cooperations.','3601');
INSERT INTO `entry`(`entryid`,`type`) VALUES('3602','b');
INSERT INTO `book`(`title`,`entryid`,`isbn`,`type`) VALUES('Hall and the Spy','3602','9958175619023','b');
INSERT INTO `genre_book`(`genre`, `entryid`) VALUES ('Sci-Fi','3602');
INSERT INTO `author_book`(`author`, `entryid`) VALUES ('Stephanie Brez','3602');
INSERT INTO `publisher_book`(`publisher`, `entryid`) VALUES ('Brisbon Publishers.','3602');
INSERT INTO `entry`(`entryid`,`type`) VALUES('3603','b');
INSERT INTO `book`(`title`,`entryid`,`isbn`,`type`) VALUES('Sweatshirt because of ironed Frown','3603','0681279282786','b');
INSERT INTO `genre_book`(`genre`, `entryid`) VALUES ('Horror','3603');
INSERT INTO `author_book`(`author`, `entryid`) VALUES ('Cornell Sinnett','3603');
INSERT INTO `publisher_book`(`publisher`, `entryid`) VALUES ('Lund Inc.','3603');
INSERT INTO `entry`(`entryid`,`type`) VALUES('3604','b');
INSERT INTO `book`(`title`,`entryid`,`isbn`,`type`) VALUES('Company to Prison','3604','0144358336658','b');
INSERT INTO `genre_book`(`genre`, `entryid`) VALUES ('Science','3604');
INSERT INTO `author_book`(`author`, `entryid`) VALUES ('Soila Cruise','3604');
INSERT INTO `publisher_book`(`publisher`, `entryid`) VALUES ('Cregeen Inc.','3604');
INSERT INTO `entry`(`entryid`,`type`) VALUES('3605','b');
INSERT INTO `book`(`title`,`entryid`,`isbn`,`type`) VALUES('Impulse and the unchastisable Orchid','3605','0659919928345','b');
INSERT INTO `genre_book`(`genre`, `entryid`) VALUES ('Thriller','3605');
INSERT INTO `author_book`(`author`, `entryid`) VALUES ('Bryant Rodwell','3605');
INSERT INTO `publisher_book`(`publisher`, `entryid`) VALUES ('Casimir Cooperations.','3605');
INSERT INTO `entry`(`entryid`,`type`) VALUES('3606','b');
INSERT INTO `book`(`title`,`entryid`,`isbn`,`type`) VALUES('Wheel of the paramount Permission','3606','0953564406529','e');
INSERT INTO `genre_book`(`genre`, `entryid`) VALUES ('Adventure','3606');
INSERT INTO `author_book`(`author`, `entryid`) VALUES ('Martine Rood','3606');
INSERT INTO `publisher_book`(`publisher`, `entryid`) VALUES ('Holleran Cooperations.','3606');
INSERT INTO `entry`(`entryid`,`type`) VALUES('3607','b');
INSERT INTO `book`(`title`,`entryid`,`isbn`,`type`) VALUES('Wednesday vs. Cheese','3607','0182124129295','j');
INSERT INTO `genre_book`(`genre`, `entryid`) VALUES ('Adventure','3607');
INSERT INTO `author`(`name`,`birthyear`,`deathyear`) VALUES('Juliana Tufnell','1974','2034');
INSERT INTO `author_book`(`author`, `entryid`) VALUES ('Juliana Tufnell','3607');
INSERT INTO `publisher_book`(`publisher`, `entryid`) VALUES ('Kotlar Publishers.','3607');
INSERT INTO `entry`(`entryid`,`type`) VALUES('3608','b');
INSERT INTO `book`(`title`,`entryid`,`isbn`,`type`) VALUES('Beauty to mycelial Quicksand','3608','0525993065839','b');
INSERT INTO `genre_book`(`genre`, `entryid`) VALUES ('Adventure','3608');
INSERT INTO `author_book`(`author`, `entryid`) VALUES ('Colene Takaoka','3608');
INSERT INTO `publisher_book`(`publisher`, `entryid`) VALUES ('Danowski Publishers.','3608');
INSERT INTO `entry`(`entryid`,`type`) VALUES('3609','b');
INSERT INTO `book`(`title`,`entryid`,`isbn`,`type`) VALUES('Crayfish for the vicious Airmail','3609','9813031989146','j');
INSERT INTO `genre_book`(`genre`, `entryid`) VALUES ('Science','3609');
INSERT INTO `author_book`(`author`, `entryid`) VALUES ('Bridget Heffelbower','3609');
INSERT INTO `publisher_book`(`publisher`, `entryid`) VALUES ('Chamorro Publishers.','3609');
INSERT INTO `entry`(`entryid`,`type`) VALUES('3610','b');
INSERT INTO `book`(`title`,`entryid`,`isbn`,`type`) VALUES('Caterpillar of Hourglass','3610','9709236690069','j');
INSERT INTO `genre_book`(`genre`, `entryid`) VALUES ('Horror','3610');
INSERT INTO `author`(`name`,`birthyear`,`deathyear`) VALUES('Jimmy Dross','1940','1961');
INSERT INTO `author_book`(`author`, `entryid`) VALUES ('Jimmy Dross','3610');
INSERT INTO `publisher_book`(`publisher`, `entryid`) VALUES ('Beachman Cooperations.','3610');
INSERT INTO `entry`(`entryid`,`type`) VALUES('3611','b');
INSERT INTO `book`(`title`,`entryid`,`isbn`,`type`) VALUES('Foxglove for the dratted Sing','3611','9137204161351','e');
INSERT INTO `genre_book`(`genre`, `entryid`) VALUES ('Sci-Fi','3611');
INSERT INTO `author_book`(`author`, `entryid`) VALUES ('Danuta Mandahl','3611');
INSERT INTO `publisher_book`(`publisher`, `entryid`) VALUES ('Powsey Cooperations.','3611');
INSERT INTO `entry`(`entryid`,`type`) VALUES('3612','b');
INSERT INTO `book`(`title`,`entryid`,`isbn`,`type`) VALUES('Week in Pot','3612','0448321327493','b');
INSERT INTO `genre_book`(`genre`, `entryid`) VALUES ('Romance','3612');
INSERT INTO `author`(`name`,`birthyear`,`deathyear`) VALUES('Lorene Landucci','1939','1986');
INSERT INTO `author_book`(`author`, `entryid`) VALUES ('Lorene Landucci','3612');
INSERT INTO `publisher_book`(`publisher`, `entryid`) VALUES ('Farber Publishers.','3612');
INSERT INTO `entry`(`entryid`,`type`) VALUES('3613','b');
INSERT INTO `book`(`title`,`entryid`,`isbn`,`type`) VALUES('Committee by zincographical File','3613','9139074257499','e');
INSERT INTO `genre_book`(`genre`, `entryid`) VALUES ('Thriller','3613');
INSERT INTO `author`(`name`,`birthyear`,`deathyear`) VALUES('Renato Karle','1893','1949');
INSERT INTO `author_book`(`author`, `entryid`) VALUES ('Renato Karle','3613');
INSERT INTO `publisher_book`(`publisher`, `entryid`) VALUES ('Hendershott Publishers.','3613');
INSERT INTO `entry`(`entryid`,`type`) VALUES('3614','b');
INSERT INTO `book`(`title`,`entryid`,`isbn`,`type`) VALUES('Degree vs. Rule','3614','9034824544686','j');
INSERT INTO `genre_book`(`genre`, `entryid`) VALUES ('Thriller','3614');
INSERT INTO `author_book`(`author`, `entryid`) VALUES ('Tonda Kuether','3614');
INSERT INTO `publisher_book`(`publisher`, `entryid`) VALUES ('Rodrick Cooperations.','3614');
INSERT INTO `entry`(`entryid`,`type`) VALUES('3615','b');
INSERT INTO `book`(`title`,`entryid`,`isbn`,`type`) VALUES('Textbook in wrought-iron Brandy','3615','0613313956608','b');
INSERT INTO `genre_book`(`genre`, `entryid`) VALUES ('Romance','3615');
INSERT INTO `author`(`name`,`birthyear`,`deathyear`) VALUES('Wm Schwartze','1958','2039');
INSERT INTO `author_book`(`author`, `entryid`) VALUES ('Wm Schwartze','3615');
INSERT INTO `publisher_book`(`publisher`, `entryid`) VALUES ('Mccardell Cooperations.','3615');
INSERT INTO `entry`(`entryid`,`type`) VALUES('3616','b');
INSERT INTO `book`(`title`,`entryid`,`isbn`,`type`) VALUES('Woman and the Border','3616','0098382284518','e');
INSERT INTO `genre_book`(`genre`, `entryid`) VALUES ('Thriller','3616');
INSERT INTO `author`(`name`,`birthyear`,`deathyear`) VALUES('Merissa Chalifour','1882','1958');
INSERT INTO `author_book`(`author`, `entryid`) VALUES ('Merissa Chalifour','3616');
INSERT INTO `publisher_book`(`publisher`, `entryid`) VALUES ('Garrington Cooperations.','3616');
INSERT INTO `entry`(`entryid`,`type`) VALUES('3617','b');
INSERT INTO `book`(`title`,`entryid`,`isbn`,`type`) VALUES('Wealth of grippiest Cancer','3617','9420074370515','b');
INSERT INTO `genre_book`(`genre`, `entryid`) VALUES ('Sci-Fi','3617');
INSERT INTO `author`(`name`,`birthyear`,`deathyear`) VALUES('Carlota Shoptaw','1947','1985');
INSERT INTO `author_book`(`author`, `entryid`) VALUES ('Carlota Shoptaw','3617');
INSERT INTO `publisher_book`(`publisher`, `entryid`) VALUES ('Urive Publishers.','3617');
INSERT INTO `entry`(`entryid`,`type`) VALUES('3618','b');
INSERT INTO `book`(`title`,`entryid`,`isbn`,`type`) VALUES('Partridge and History','3618','9498707534438','j');
INSERT INTO `genre_book`(`genre`, `entryid`) VALUES ('Sci-Fi','3618');
INSERT INTO `author_book`(`author`, `entryid`) VALUES ('Lori Walseth','3618');
INSERT INTO `publisher_book`(`publisher`, `entryid`) VALUES ('Mcgranor Cooperations.','3618');
INSERT INTO `entry`(`entryid`,`type`) VALUES('3619','b');
INSERT INTO `book`(`title`,`entryid`,`isbn`,`type`) VALUES('Facilities to the cloistered Digger','3619','9943063707662','j');
INSERT INTO `genre_book`(`genre`, `entryid`) VALUES ('Adventure','3619');
INSERT INTO `author_book`(`author`, `entryid`) VALUES ('Royal Nevills','3619');
INSERT INTO `publisher_book`(`publisher`, `entryid`) VALUES ('Chavez Publishers.','3619');
INSERT INTO `entry`(`entryid`,`type`) VALUES('3620','b');
INSERT INTO `book`(`title`,`entryid`,`isbn`,`type`) VALUES('Magazine of Gymnast','3620','0657752863296','b');
INSERT INTO `genre_book`(`genre`, `entryid`) VALUES ('Science','3620');
INSERT INTO `author`(`name`,`birthyear`,`deathyear`) VALUES('Lorrie Ritzel','1900','1992');
INSERT INTO `author_book`(`author`, `entryid`) VALUES ('Lorrie Ritzel','3620');
INSERT INTO `publisher_book`(`publisher`, `entryid`) VALUES ('Scotty Inc.','3620');
INSERT INTO `entry`(`entryid`,`type`) VALUES('3621','b');
INSERT INTO `book`(`title`,`entryid`,`isbn`,`type`) VALUES('Brazil and jerkwater Birch','3621','0735333134157','b');
INSERT INTO `genre_book`(`genre`, `entryid`) VALUES ('Thriller','3621');
INSERT INTO `author`(`name`,`birthyear`,`deathyear`) VALUES('Olimpia Delahoya','1965','2065');
INSERT INTO `author_book`(`author`, `entryid`) VALUES ('Olimpia Delahoya','3621');
INSERT INTO `publisher_book`(`publisher`, `entryid`) VALUES ('Malovich Inc.','3621');
INSERT INTO `entry`(`entryid`,`type`) VALUES('3622','b');
INSERT INTO `book`(`title`,`entryid`,`isbn`,`type`) VALUES('Mexico and niobous Fan','3622','9322998439534','j');
INSERT INTO `genre_book`(`genre`, `entryid`) VALUES ('Sci-Fi','3622');
INSERT INTO `author_book`(`author`, `entryid`) VALUES ('Ayako Lebeda','3622');
INSERT INTO `publisher_book`(`publisher`, `entryid`) VALUES ('Schwamberger Inc.','3622');
INSERT INTO `entry`(`entryid`,`type`) VALUES('3623','b');
INSERT INTO `book`(`title`,`entryid`,`isbn`,`type`) VALUES('Coach to erratic Greece','3623','0394585395454','e');
INSERT INTO `genre_book`(`genre`, `entryid`) VALUES ('Adventure','3623');
INSERT INTO `author_book`(`author`, `entryid`) VALUES ('Venessa Mcknight','3623');
INSERT INTO `publisher_book`(`publisher`, `entryid`) VALUES ('Ellett Publishers.','3623');
INSERT INTO `entry`(`entryid`,`type`) VALUES('3624','b');
INSERT INTO `book`(`title`,`entryid`,`isbn`,`type`) VALUES('Bongo against complex Entrance','3624','9645147977878','b');
INSERT INTO `genre_book`(`genre`, `entryid`) VALUES ('Thriller','3624');
INSERT INTO `author_book`(`author`, `entryid`) VALUES ('Ellena Zieber','3624');
INSERT INTO `publisher_book`(`publisher`, `entryid`) VALUES ('Rouch Publishers.','3624');
INSERT INTO `entry`(`entryid`,`type`) VALUES('3625','b');
INSERT INTO `book`(`title`,`entryid`,`isbn`,`type`) VALUES('Almanac against the Dime','3625','9685038251558','e');
INSERT INTO `genre_book`(`genre`, `entryid`) VALUES ('Horror','3625');
INSERT INTO `author_book`(`author`, `entryid`) VALUES ('Kendall Merrit','3625');
INSERT INTO `publisher_book`(`publisher`, `entryid`) VALUES ('Lund Inc.','3625');
INSERT INTO `entry`(`entryid`,`type`) VALUES('3626','b');
INSERT INTO `book`(`title`,`entryid`,`isbn`,`type`) VALUES('Title with phonier Burn','3626','9763067243899','e');
INSERT INTO `genre_book`(`genre`, `entryid`) VALUES ('Adventure','3626');
INSERT INTO `author_book`(`author`, `entryid`) VALUES ('Carla Botros','3626');
INSERT INTO `publisher_book`(`publisher`, `entryid`) VALUES ('Domino Inc.','3626');
INSERT INTO `entry`(`entryid`,`type`) VALUES('3627','b');
INSERT INTO `book`(`title`,`entryid`,`isbn`,`type`) VALUES('Hood against the Shakespearean Tennis','3627','9607183312227','b');
INSERT INTO `genre_book`(`genre`, `entryid`) VALUES ('Thriller','3627');
INSERT INTO `author_book`(`author`, `entryid`) VALUES ('Kera Eberspacher','3627');
INSERT INTO `publisher_book`(`publisher`, `entryid`) VALUES ('Sowden Publishers.','3627');
INSERT INTO `entry`(`entryid`,`type`) VALUES('3628','b');
INSERT INTO `book`(`title`,`entryid`,`isbn`,`type`) VALUES('Dugout and the Skill','3628','0860431146332','e');
INSERT INTO `genre_book`(`genre`, `entryid`) VALUES ('Adventure','3628');
INSERT INTO `author_book`(`author`, `entryid`) VALUES ('Lawana Bauerlein','3628');
INSERT INTO `publisher_book`(`publisher`, `entryid`) VALUES ('Cudjoe Publishers.','3628');
INSERT INTO `entry`(`entryid`,`type`) VALUES('3629','b');
INSERT INTO `book`(`title`,`entryid`,`isbn`,`type`) VALUES('Daniel to the Gym','3629','9115917673665','j');
INSERT INTO `genre_book`(`genre`, `entryid`) VALUES ('Romance','3629');
INSERT INTO `author_book`(`author`, `entryid`) VALUES ('Lizbeth Langworthy','3629');
INSERT INTO `publisher_book`(`publisher`, `entryid`) VALUES ('Ruozzo Cooperations.','3629');
INSERT INTO `entry`(`entryid`,`type`) VALUES('3630','b');
INSERT INTO `book`(`title`,`entryid`,`isbn`,`type`) VALUES('Storm and the portable Handle','3630','9500817442193','b');
INSERT INTO `genre_book`(`genre`, `entryid`) VALUES ('Thriller','3630');
INSERT INTO `author_book`(`author`, `entryid`) VALUES ('Petronila Horesco','3630');
INSERT INTO `publisher_book`(`publisher`, `entryid`) VALUES ('Marcelino Inc.','3630');
INSERT INTO `entry`(`entryid`,`type`) VALUES('3631','b');
INSERT INTO `book`(`title`,`entryid`,`isbn`,`type`) VALUES('English because of flapperish Close','3631','0382513423094','e');
INSERT INTO `genre_book`(`genre`, `entryid`) VALUES ('Romance','3631');
INSERT INTO `author_book`(`author`, `entryid`) VALUES ('Bulah Mavai','3631');
INSERT INTO `publisher_book`(`publisher`, `entryid`) VALUES ('Salvatori Inc.','3631');
INSERT INTO `entry`(`entryid`,`type`) VALUES('3632','b');
INSERT INTO `book`(`title`,`entryid`,`isbn`,`type`) VALUES('France in the Earthquake','3632','9395172857863','e');
INSERT INTO `genre_book`(`genre`, `entryid`) VALUES ('Thriller','3632');
INSERT INTO `author`(`name`,`birthyear`,`deathyear`) VALUES('Alyson Desler','1880','1970');
INSERT INTO `author_book`(`author`, `entryid`) VALUES ('Alyson Desler','3632');
INSERT INTO `publisher_book`(`publisher`, `entryid`) VALUES ('Tanton Publishers.','3632');
INSERT INTO `entry`(`entryid`,`type`) VALUES('3633','b');
INSERT INTO `book`(`title`,`entryid`,`isbn`,`type`) VALUES('Turn for the flea-bitten Tub','3633','9684045186374','b');
INSERT INTO `genre_book`(`genre`, `entryid`) VALUES ('Adventure','3633');
INSERT INTO `author_book`(`author`, `entryid`) VALUES ('Alonzo Wildes','3633');
INSERT INTO `publisher_book`(`publisher`, `entryid`) VALUES ('Kronenberg Publishers.','3633');
INSERT INTO `entry`(`entryid`,`type`) VALUES('3634','b');
INSERT INTO `book`(`title`,`entryid`,`isbn`,`type`) VALUES('Person and the continuative Juice','3634','0382990678668','j');
INSERT INTO `genre_book`(`genre`, `entryid`) VALUES ('Adventure','3634');
INSERT INTO `author_book`(`author`, `entryid`) VALUES ('Huey Guiberteau','3634');
INSERT INTO `publisher_book`(`publisher`, `entryid`) VALUES ('Hurtgen Inc.','3634');
INSERT INTO `entry`(`entryid`,`type`) VALUES('3635','b');
INSERT INTO `book`(`title`,`entryid`,`isbn`,`type`) VALUES('Chalk of the Handle','3635','0888678803345','e');
INSERT INTO `genre_book`(`genre`, `entryid`) VALUES ('Sci-Fi','3635');
INSERT INTO `author`(`name`,`birthyear`,`deathyear`) VALUES('Marilu Gesner','1945','1991');
INSERT INTO `author_book`(`author`, `entryid`) VALUES ('Marilu Gesner','3635');
INSERT INTO `publisher_book`(`publisher`, `entryid`) VALUES ('Maury Publishers.','3635');
INSERT INTO `entry`(`entryid`,`type`) VALUES('3636','b');
INSERT INTO `book`(`title`,`entryid`,`isbn`,`type`) VALUES('Hedge against twopenny Man','3636','9052627283784','b');
INSERT INTO `genre_book`(`genre`, `entryid`) VALUES ('Thriller','3636');
INSERT INTO `author_book`(`author`, `entryid`) VALUES ('Lashawnda Koczera','3636');
INSERT INTO `publisher_book`(`publisher`, `entryid`) VALUES ('Kasa Publishers.','3636');
INSERT INTO `entry`(`entryid`,`type`) VALUES('3637','b');
INSERT INTO `book`(`title`,`entryid`,`isbn`,`type`) VALUES('Chime and the Nic','3637','0358648128590','e');
INSERT INTO `genre_book`(`genre`, `entryid`) VALUES ('Sci-Fi','3637');
INSERT INTO `author_book`(`author`, `entryid`) VALUES ('Omer Hedler','3637');
INSERT INTO `publisher_book`(`publisher`, `entryid`) VALUES ('Ezelle Publishers.','3637');
INSERT INTO `entry`(`entryid`,`type`) VALUES('3638','b');
INSERT INTO `book`(`title`,`entryid`,`isbn`,`type`) VALUES('Revolve with Mustard','3638','0634915939573','j');
INSERT INTO `genre_book`(`genre`, `entryid`) VALUES ('Education','3638');
INSERT INTO `author_book`(`author`, `entryid`) VALUES ('Corey Ynocencio','3638');
INSERT INTO `publisher_book`(`publisher`, `entryid`) VALUES ('Balin Publishers.','3638');
INSERT INTO `entry`(`entryid`,`type`) VALUES('3639','b');
INSERT INTO `book`(`title`,`entryid`,`isbn`,`type`) VALUES('Cat and the coraciiform Cable','3639','9378035554683','j');
INSERT INTO `genre_book`(`genre`, `entryid`) VALUES ('Horror','3639');
INSERT INTO `author_book`(`author`, `entryid`) VALUES ('Theda Lanford','3639');
INSERT INTO `publisher_book`(`publisher`, `entryid`) VALUES ('Mccarvill Inc.','3639');
INSERT INTO `entry`(`entryid`,`type`) VALUES('3640','b');
INSERT INTO `book`(`title`,`entryid`,`isbn`,`type`) VALUES('Trout because of Step-son','3640','9058620490923','e');
INSERT INTO `genre_book`(`genre`, `entryid`) VALUES ('Education','3640');
INSERT INTO `author_book`(`author`, `entryid`) VALUES ('Arthur Craawford','3640');
INSERT INTO `publisher_book`(`publisher`, `entryid`) VALUES ('Pollinger Inc.','3640');
INSERT INTO `entry`(`entryid`,`type`) VALUES('3641','b');
INSERT INTO `book`(`title`,`entryid`,`isbn`,`type`) VALUES('Bath and Afternoon','3641','9519503405022','e');
INSERT INTO `genre_book`(`genre`, `entryid`) VALUES ('Sci-Fi','3641');
INSERT INTO `author_book`(`author`, `entryid`) VALUES ('Honey Twidwell','3641');
INSERT INTO `publisher_book`(`publisher`, `entryid`) VALUES ('Mccardell Cooperations.','3641');
INSERT INTO `entry`(`entryid`,`type`) VALUES('3642','b');
INSERT INTO `book`(`title`,`entryid`,`isbn`,`type`) VALUES('Paul with Cat','3642','0948804707791','j');
INSERT INTO `genre_book`(`genre`, `entryid`) VALUES ('Horror','3642');
INSERT INTO `author_book`(`author`, `entryid`) VALUES ('Alica Eisenhart','3642');
INSERT INTO `publisher_book`(`publisher`, `entryid`) VALUES ('Buergel Inc.','3642');
INSERT INTO `entry`(`entryid`,`type`) VALUES('3643','b');
INSERT INTO `book`(`title`,`entryid`,`isbn`,`type`) VALUES('Landmine to whittling Vacation','3643','0950104074242','e');
INSERT INTO `genre_book`(`genre`, `entryid`) VALUES ('Thriller','3643');
INSERT INTO `author`(`name`,`birthyear`,`deathyear`) VALUES('Bret Sualevai','1910','1951');
INSERT INTO `author_book`(`author`, `entryid`) VALUES ('Bret Sualevai','3643');
INSERT INTO `publisher_book`(`publisher`, `entryid`) VALUES ('Chavez Publishers.','3643');
INSERT INTO `entry`(`entryid`,`type`) VALUES('3644','b');
INSERT INTO `book`(`title`,`entryid`,`isbn`,`type`) VALUES('Pink in the Shop','3644','9574612461504','b');
INSERT INTO `genre_book`(`genre`, `entryid`) VALUES ('Horror','3644');
INSERT INTO `author_book`(`author`, `entryid`) VALUES ('Tinisha Mountain','3644');
INSERT INTO `publisher_book`(`publisher`, `entryid`) VALUES ('Czapiewski Inc.','3644');
INSERT INTO `entry`(`entryid`,`type`) VALUES('3645','b');
INSERT INTO `book`(`title`,`entryid`,`isbn`,`type`) VALUES('Monday by the rascal Gray','3645','0649054775290','j');
INSERT INTO `genre_book`(`genre`, `entryid`) VALUES ('Romance','3645');
INSERT INTO `author_book`(`author`, `entryid`) VALUES ('Juliette Thorburn','3645');
INSERT INTO `publisher_book`(`publisher`, `entryid`) VALUES ('Tymon Inc.','3645');
INSERT INTO `entry`(`entryid`,`type`) VALUES('3646','b');
INSERT INTO `book`(`title`,`entryid`,`isbn`,`type`) VALUES('Pin by the Soap','3646','0461616618024','e');
INSERT INTO `genre_book`(`genre`, `entryid`) VALUES ('Sci-Fi','3646');
INSERT INTO `author_book`(`author`, `entryid`) VALUES ('Isreal Syversen','3646');
INSERT INTO `publisher_book`(`publisher`, `entryid`) VALUES ('Powsey Cooperations.','3646');
INSERT INTO `entry`(`entryid`,`type`) VALUES('3647','b');
INSERT INTO `book`(`title`,`entryid`,`isbn`,`type`) VALUES('Oyster vs. overcritical Seaplane','3647','0640548428760','j');
INSERT INTO `genre_book`(`genre`, `entryid`) VALUES ('Science','3647');
INSERT INTO `author_book`(`author`, `entryid`) VALUES ('Leighann Metott','3647');
INSERT INTO `publisher_book`(`publisher`, `entryid`) VALUES ('Durousseau Inc.','3647');
INSERT INTO `entry`(`entryid`,`type`) VALUES('3648','b');
INSERT INTO `book`(`title`,`entryid`,`isbn`,`type`) VALUES('Digital in Explanation','3648','0347261086943','b');
INSERT INTO `genre_book`(`genre`, `entryid`) VALUES ('Romance','3648');
INSERT INTO `author`(`name`,`birthyear`,`deathyear`) VALUES('Martina Soteros','1945','1996');
INSERT INTO `author_book`(`author`, `entryid`) VALUES ('Martina Soteros','3648');
INSERT INTO `publisher_book`(`publisher`, `entryid`) VALUES ('Culpepper Cooperations.','3648');
INSERT INTO `entry`(`entryid`,`type`) VALUES('3649','b');
INSERT INTO `book`(`title`,`entryid`,`isbn`,`type`) VALUES('Invoice for the venose Pastry','3649','0219025710252','e');
INSERT INTO `genre_book`(`genre`, `entryid`) VALUES ('Adventure','3649');
INSERT INTO `author_book`(`author`, `entryid`) VALUES ('Kina Maren','3649');
INSERT INTO `publisher_book`(`publisher`, `entryid`) VALUES ('Blan Inc.','3649');
INSERT INTO `entry`(`entryid`,`type`) VALUES('3650','b');
INSERT INTO `book`(`title`,`entryid`,`isbn`,`type`) VALUES('Bulldozer of the Authorization','3650','0652994583601','b');
INSERT INTO `genre_book`(`genre`, `entryid`) VALUES ('Education','3650');
INSERT INTO `author_book`(`author`, `entryid`) VALUES ('Jesse Boutwell','3650');
INSERT INTO `publisher_book`(`publisher`, `entryid`) VALUES ('Rudolph Cooperations.','3650');
INSERT INTO `entry`(`entryid`,`type`) VALUES('3651','b');
INSERT INTO `book`(`title`,`entryid`,`isbn`,`type`) VALUES('Garden by the hack War','3651','9360522209028','b');
INSERT INTO `genre_book`(`genre`, `entryid`) VALUES ('Science','3651');
INSERT INTO `author`(`name`,`birthyear`,`deathyear`) VALUES('Kermit Derringer','1936','1971');
INSERT INTO `author_book`(`author`, `entryid`) VALUES ('Kermit Derringer','3651');
INSERT INTO `publisher_book`(`publisher`, `entryid`) VALUES ('Koral Publishers.','3651');
INSERT INTO `entry`(`entryid`,`type`) VALUES('3652','b');
INSERT INTO `book`(`title`,`entryid`,`isbn`,`type`) VALUES('Radish of mobile Denim','3652','9646212171738','j');
INSERT INTO `genre_book`(`genre`, `entryid`) VALUES ('Sci-Fi','3652');
INSERT INTO `author_book`(`author`, `entryid`) VALUES ('Imogene Kesinger','3652');
INSERT INTO `publisher_book`(`publisher`, `entryid`) VALUES ('Gallegos Publishers.','3652');
INSERT INTO `entry`(`entryid`,`type`) VALUES('3653','b');
INSERT INTO `book`(`title`,`entryid`,`isbn`,`type`) VALUES('Uzbekistan with the Second','3653','0124055770952','e');
INSERT INTO `genre_book`(`genre`, `entryid`) VALUES ('Thriller','3653');
INSERT INTO `author_book`(`author`, `entryid`) VALUES ('Rhea Hardey','3653');
INSERT INTO `publisher_book`(`publisher`, `entryid`) VALUES ('Vanwyck Publishers.','3653');
INSERT INTO `entry`(`entryid`,`type`) VALUES('3654','b');
INSERT INTO `book`(`title`,`entryid`,`isbn`,`type`) VALUES('Beginner of the available Robin','3654','0031658469890','e');
INSERT INTO `genre_book`(`genre`, `entryid`) VALUES ('Sci-Fi','3654');
INSERT INTO `author`(`name`,`birthyear`,`deathyear`) VALUES('Angelic Troop','1904','1967');
INSERT INTO `author_book`(`author`, `entryid`) VALUES ('Angelic Troop','3654');
INSERT INTO `publisher_book`(`publisher`, `entryid`) VALUES ('Deaville Inc.','3654');
INSERT INTO `entry`(`entryid`,`type`) VALUES('3655','b');
INSERT INTO `book`(`title`,`entryid`,`isbn`,`type`) VALUES('Bread by Water','3655','9118099853909','e');
INSERT INTO `genre_book`(`genre`, `entryid`) VALUES ('Science','3655');
INSERT INTO `author_book`(`author`, `entryid`) VALUES ('Cassi Berdes','3655');
INSERT INTO `publisher_book`(`publisher`, `entryid`) VALUES ('Wendorff Inc.','3655');
INSERT INTO `entry`(`entryid`,`type`) VALUES('3656','b');
INSERT INTO `book`(`title`,`entryid`,`isbn`,`type`) VALUES('Range against Shears','3656','0975560064297','j');
INSERT INTO `genre_book`(`genre`, `entryid`) VALUES ('Sci-Fi','3656');
INSERT INTO `author_book`(`author`, `entryid`) VALUES ('Eva Moya','3656');
INSERT INTO `publisher_book`(`publisher`, `entryid`) VALUES ('Ruggero Cooperations.','3656');
INSERT INTO `entry`(`entryid`,`type`) VALUES('3657','b');
INSERT INTO `book`(`title`,`entryid`,`isbn`,`type`) VALUES('Dressing against Vietnam','3657','9708730033434','j');
INSERT INTO `genre_book`(`genre`, `entryid`) VALUES ('Sci-Fi','3657');
INSERT INTO `author_book`(`author`, `entryid`) VALUES ('Alyson Gauer','3657');
INSERT INTO `publisher_book`(`publisher`, `entryid`) VALUES ('Trapp Inc.','3657');
INSERT INTO `entry`(`entryid`,`type`) VALUES('3658','b');
INSERT INTO `book`(`title`,`entryid`,`isbn`,`type`) VALUES('Australian by Sword','3658','9513938207620','b');
INSERT INTO `genre_book`(`genre`, `entryid`) VALUES ('Sci-Fi','3658');
INSERT INTO `author_book`(`author`, `entryid`) VALUES ('Clemente Woosley','3658');
INSERT INTO `publisher_book`(`publisher`, `entryid`) VALUES ('Hults Cooperations.','3658');
INSERT INTO `entry`(`entryid`,`type`) VALUES('3659','b');
INSERT INTO `book`(`title`,`entryid`,`isbn`,`type`) VALUES('Bush of the Pint','3659','9003496227573','b');
INSERT INTO `genre_book`(`genre`, `entryid`) VALUES ('Romance','3659');
INSERT INTO `author_book`(`author`, `entryid`) VALUES ('Adella Elsa','3659');
INSERT INTO `publisher_book`(`publisher`, `entryid`) VALUES ('Luangamath Inc.','3659');
INSERT INTO `entry`(`entryid`,`type`) VALUES('3660','b');
INSERT INTO `book`(`title`,`entryid`,`isbn`,`type`) VALUES('Drain vs. almond-eyed Fat','3660','0573001934444','e');
INSERT INTO `genre_book`(`genre`, `entryid`) VALUES ('Thriller','3660');
INSERT INTO `author_book`(`author`, `entryid`) VALUES ('Ayako Lebeda','3660');
INSERT INTO `publisher_book`(`publisher`, `entryid`) VALUES ('Bogan Cooperations.','3660');
INSERT INTO `entry`(`entryid`,`type`) VALUES('3661','b');
INSERT INTO `book`(`title`,`entryid`,`isbn`,`type`) VALUES('Drawer to the transalpine Leaf','3661','0751542031643','b');
INSERT INTO `genre_book`(`genre`, `entryid`) VALUES ('Horror','3661');
INSERT INTO `author`(`name`,`birthyear`,`deathyear`) VALUES('Jeniffer Fenstermaker','1895','1939');
INSERT INTO `author_book`(`author`, `entryid`) VALUES ('Jeniffer Fenstermaker','3661');
INSERT INTO `publisher_book`(`publisher`, `entryid`) VALUES ('Brassard Inc.','3661');
INSERT INTO `entry`(`entryid`,`type`) VALUES('3662','b');
INSERT INTO `book`(`title`,`entryid`,`isbn`,`type`) VALUES('Delivery for happy-go-lucky Shake','3662','0129224874674','j');
INSERT INTO `genre_book`(`genre`, `entryid`) VALUES ('Romance','3662');
INSERT INTO `author`(`name`,`birthyear`,`deathyear`) VALUES('Olin Ishee','1967','2008');
INSERT INTO `author_book`(`author`, `entryid`) VALUES ('Olin Ishee','3662');
INSERT INTO `publisher_book`(`publisher`, `entryid`) VALUES ('Filyan Inc.','3662');
INSERT INTO `entry`(`entryid`,`type`) VALUES('3663','b');
INSERT INTO `book`(`title`,`entryid`,`isbn`,`type`) VALUES('Hell by the gambrel Tire','3663','0298166807710','e');
INSERT INTO `genre_book`(`genre`, `entryid`) VALUES ('Science','3663');
INSERT INTO `author_book`(`author`, `entryid`) VALUES ('Jocelyn Daguio','3663');
INSERT INTO `publisher_book`(`publisher`, `entryid`) VALUES ('Bokanovich Publishers.','3663');
INSERT INTO `entry`(`entryid`,`type`) VALUES('3664','b');
INSERT INTO `book`(`title`,`entryid`,`isbn`,`type`) VALUES('Cupboard with Museum','3664','0533371796661','b');
INSERT INTO `genre_book`(`genre`, `entryid`) VALUES ('Sci-Fi','3664');
INSERT INTO `author_book`(`author`, `entryid`) VALUES ('Bev Buckless','3664');
INSERT INTO `publisher_book`(`publisher`, `entryid`) VALUES ('Vattikuti Publishers.','3664');
INSERT INTO `entry`(`entryid`,`type`) VALUES('3665','b');
INSERT INTO `book`(`title`,`entryid`,`isbn`,`type`) VALUES('Tanker against the Sandra','3665','9931500202661','j');
INSERT INTO `genre_book`(`genre`, `entryid`) VALUES ('Adventure','3665');
INSERT INTO `author`(`name`,`birthyear`,`deathyear`) VALUES('Ethel Mcgeary','1935','2004');
INSERT INTO `author_book`(`author`, `entryid`) VALUES ('Ethel Mcgeary','3665');
INSERT INTO `publisher_book`(`publisher`, `entryid`) VALUES ('Draffin Publishers.','3665');
INSERT INTO `entry`(`entryid`,`type`) VALUES('3666','b');
INSERT INTO `book`(`title`,`entryid`,`isbn`,`type`) VALUES('Stool for Shrine','3666','9716374276614','j');
INSERT INTO `genre_book`(`genre`, `entryid`) VALUES ('Sci-Fi','3666');
INSERT INTO `author_book`(`author`, `entryid`) VALUES ('Kimiko Zastawny','3666');
INSERT INTO `publisher_book`(`publisher`, `entryid`) VALUES ('Cundy Inc.','3666');
INSERT INTO `entry`(`entryid`,`type`) VALUES('3667','b');
INSERT INTO `book`(`title`,`entryid`,`isbn`,`type`) VALUES('November by the accostable Bedroom','3667','0123142804424','j');
INSERT INTO `genre_book`(`genre`, `entryid`) VALUES ('Thriller','3667');
INSERT INTO `author_book`(`author`, `entryid`) VALUES ('Clifford Zamparini','3667');
INSERT INTO `publisher_book`(`publisher`, `entryid`) VALUES ('Pery Cooperations.','3667');
INSERT INTO `entry`(`entryid`,`type`) VALUES('3668','b');
INSERT INTO `book`(`title`,`entryid`,`isbn`,`type`) VALUES('Malaysia for the undefaced Sock','3668','0933100478407','j');
INSERT INTO `genre_book`(`genre`, `entryid`) VALUES ('Education','3668');
INSERT INTO `author`(`name`,`birthyear`,`deathyear`) VALUES('Alba Laky','1911','1955');
INSERT INTO `author_book`(`author`, `entryid`) VALUES ('Alba Laky','3668');
INSERT INTO `publisher_book`(`publisher`, `entryid`) VALUES ('Tippy Publishers.','3668');
INSERT INTO `entry`(`entryid`,`type`) VALUES('3669','b');
INSERT INTO `book`(`title`,`entryid`,`isbn`,`type`) VALUES('Mother against Acheulian Sleet','3669','0909789631084','b');
INSERT INTO `genre_book`(`genre`, `entryid`) VALUES ('Romance','3669');
INSERT INTO `author_book`(`author`, `entryid`) VALUES ('Marilu Ayars','3669');
INSERT INTO `publisher_book`(`publisher`, `entryid`) VALUES ('Statton Inc.','3669');
INSERT INTO `entry`(`entryid`,`type`) VALUES('3670','b');
INSERT INTO `book`(`title`,`entryid`,`isbn`,`type`) VALUES('Feast against Copper','3670','0164342539185','j');
INSERT INTO `genre_book`(`genre`, `entryid`) VALUES ('Horror','3670');
INSERT INTO `author`(`name`,`birthyear`,`deathyear`) VALUES('Rick Dar','1898','1988');
INSERT INTO `author_book`(`author`, `entryid`) VALUES ('Rick Dar','3670');
INSERT INTO `publisher_book`(`publisher`, `entryid`) VALUES ('Opteyndt Inc.','3670');
INSERT INTO `entry`(`entryid`,`type`) VALUES('3671','b');
INSERT INTO `book`(`title`,`entryid`,`isbn`,`type`) VALUES('Utensil of the Pot','3671','9242911845167','b');
INSERT INTO `genre_book`(`genre`, `entryid`) VALUES ('Education','3671');
INSERT INTO `author_book`(`author`, `entryid`) VALUES ('Nola Haley','3671');
INSERT INTO `publisher_book`(`publisher`, `entryid`) VALUES ('Casaceli Inc.','3671');
INSERT INTO `entry`(`entryid`,`type`) VALUES('3672','b');
INSERT INTO `book`(`title`,`entryid`,`isbn`,`type`) VALUES('Panther against the faded Bicycle','3672','9070199664237','j');
INSERT INTO `genre_book`(`genre`, `entryid`) VALUES ('Adventure','3672');
INSERT INTO `author_book`(`author`, `entryid`) VALUES ('Shawana Vancleve','3672');
INSERT INTO `publisher_book`(`publisher`, `entryid`) VALUES ('Wehbe Cooperations.','3672');
INSERT INTO `entry`(`entryid`,`type`) VALUES('3673','b');
INSERT INTO `book`(`title`,`entryid`,`isbn`,`type`) VALUES('Money to Cartoon','3673','0870273317575','j');
INSERT INTO `genre_book`(`genre`, `entryid`) VALUES ('Sci-Fi','3673');
INSERT INTO `author_book`(`author`, `entryid`) VALUES ('Serina Zangari','3673');
INSERT INTO `publisher_book`(`publisher`, `entryid`) VALUES ('Henscheid Cooperations.','3673');
INSERT INTO `entry`(`entryid`,`type`) VALUES('3674','b');
INSERT INTO `book`(`title`,`entryid`,`isbn`,`type`) VALUES('Humidity by the niobous Condor','3674','0185168406327','b');
INSERT INTO `genre_book`(`genre`, `entryid`) VALUES ('Thriller','3674');
INSERT INTO `author_book`(`author`, `entryid`) VALUES ('Bennie Sigona','3674');
INSERT INTO `publisher_book`(`publisher`, `entryid`) VALUES ('Gorney Publishers.','3674');
INSERT INTO `entry`(`entryid`,`type`) VALUES('3675','b');
INSERT INTO `book`(`title`,`entryid`,`isbn`,`type`) VALUES('Cast against the heaven-sent Gymnast','3675','0861037489785','j');
INSERT INTO `genre_book`(`genre`, `entryid`) VALUES ('Science','3675');
INSERT INTO `author_book`(`author`, `entryid`) VALUES ('Lonnie Oropesa','3675');
INSERT INTO `publisher_book`(`publisher`, `entryid`) VALUES ('Scantlen Inc.','3675');
INSERT INTO `entry`(`entryid`,`type`) VALUES('3676','b');
INSERT INTO `book`(`title`,`entryid`,`isbn`,`type`) VALUES('Lunchroom and unlimited Lunge','3676','0861177673154','b');
INSERT INTO `genre_book`(`genre`, `entryid`) VALUES ('Romance','3676');
INSERT INTO `author_book`(`author`, `entryid`) VALUES ('Murray Gaiters','3676');
INSERT INTO `publisher_book`(`publisher`, `entryid`) VALUES ('Shuffstall Cooperations.','3676');
INSERT INTO `entry`(`entryid`,`type`) VALUES('3677','b');
INSERT INTO `book`(`title`,`entryid`,`isbn`,`type`) VALUES('Wedge and Resolution','3677','0983295822326','e');
INSERT INTO `genre_book`(`genre`, `entryid`) VALUES ('Sci-Fi','3677');
INSERT INTO `author`(`name`,`birthyear`,`deathyear`) VALUES('Lakia Melchin','1974','2058');
INSERT INTO `author_book`(`author`, `entryid`) VALUES ('Lakia Melchin','3677');
INSERT INTO `publisher_book`(`publisher`, `entryid`) VALUES ('Hults Cooperations.','3677');
INSERT INTO `entry`(`entryid`,`type`) VALUES('3678','b');
INSERT INTO `book`(`title`,`entryid`,`isbn`,`type`) VALUES('Stepson to the ill-disposed Celsius','3678','9959743946840','b');
INSERT INTO `genre_book`(`genre`, `entryid`) VALUES ('Education','3678');
INSERT INTO `author`(`name`,`birthyear`,`deathyear`) VALUES('Billi Grotzke','1959','1992');
INSERT INTO `author_book`(`author`, `entryid`) VALUES ('Billi Grotzke','3678');
INSERT INTO `publisher_book`(`publisher`, `entryid`) VALUES ('Sala Cooperations.','3678');
INSERT INTO `entry`(`entryid`,`type`) VALUES('3679','b');
INSERT INTO `book`(`title`,`entryid`,`isbn`,`type`) VALUES('Voice of the anthropomorphic Windscreen','3679','0169300376447','e');
INSERT INTO `genre_book`(`genre`, `entryid`) VALUES ('Sci-Fi','3679');
INSERT INTO `author_book`(`author`, `entryid`) VALUES ('Williams Alatorre','3679');
INSERT INTO `publisher_book`(`publisher`, `entryid`) VALUES ('Lundblad Inc.','3679');
INSERT INTO `entry`(`entryid`,`type`) VALUES('3680','b');
INSERT INTO `book`(`title`,`entryid`,`isbn`,`type`) VALUES('Appeal against Elephant','3680','9094316076245','j');
INSERT INTO `genre_book`(`genre`, `entryid`) VALUES ('Adventure','3680');
INSERT INTO `author_book`(`author`, `entryid`) VALUES ('Loraine Vbiles','3680');
INSERT INTO `publisher_book`(`publisher`, `entryid`) VALUES ('Raetz Publishers.','3680');
INSERT INTO `entry`(`entryid`,`type`) VALUES('3681','b');
INSERT INTO `book`(`title`,`entryid`,`isbn`,`type`) VALUES('Explanation with Litter','3681','9786080648306','e');
INSERT INTO `genre_book`(`genre`, `entryid`) VALUES ('Adventure','3681');
INSERT INTO `author`(`name`,`birthyear`,`deathyear`) VALUES('Angelika Southward','1883','1932');
INSERT INTO `author_book`(`author`, `entryid`) VALUES ('Angelika Southward','3681');
INSERT INTO `publisher_book`(`publisher`, `entryid`) VALUES ('Moraitis Inc.','3681');
INSERT INTO `entry`(`entryid`,`type`) VALUES('3682','b');
INSERT INTO `book`(`title`,`entryid`,`isbn`,`type`) VALUES('Quartz in Quail','3682','9781653915376','j');
INSERT INTO `genre_book`(`genre`, `entryid`) VALUES ('Sci-Fi','3682');
INSERT INTO `author_book`(`author`, `entryid`) VALUES ('Audrey Remington','3682');
INSERT INTO `publisher_book`(`publisher`, `entryid`) VALUES ('Cerrito Inc.','3682');
INSERT INTO `entry`(`entryid`,`type`) VALUES('3683','b');
INSERT INTO `book`(`title`,`entryid`,`isbn`,`type`) VALUES('Pull against closet Dew','3683','9821199920111','j');
INSERT INTO `genre_book`(`genre`, `entryid`) VALUES ('Adventure','3683');
INSERT INTO `author_book`(`author`, `entryid`) VALUES ('Adena Rossotto','3683');
INSERT INTO `publisher_book`(`publisher`, `entryid`) VALUES ('Bogan Cooperations.','3683');
INSERT INTO `entry`(`entryid`,`type`) VALUES('3684','b');
INSERT INTO `book`(`title`,`entryid`,`isbn`,`type`) VALUES('Brace by Santa','3684','9508575550154','j');
INSERT INTO `genre_book`(`genre`, `entryid`) VALUES ('Adventure','3684');
INSERT INTO `author_book`(`author`, `entryid`) VALUES ('Kallie Hagg','3684');
INSERT INTO `publisher_book`(`publisher`, `entryid`) VALUES ('Trumbo Publishers.','3684');
INSERT INTO `entry`(`entryid`,`type`) VALUES('3685','b');
INSERT INTO `book`(`title`,`entryid`,`isbn`,`type`) VALUES('Tent of myriad Gate','3685','0286830717219','j');
INSERT INTO `genre_book`(`genre`, `entryid`) VALUES ('Adventure','3685');
INSERT INTO `author_book`(`author`, `entryid`) VALUES ('Bradly Rolland','3685');
INSERT INTO `publisher_book`(`publisher`, `entryid`) VALUES ('Brotherson Inc.','3685');
INSERT INTO `entry`(`entryid`,`type`) VALUES('3686','b');
INSERT INTO `book`(`title`,`entryid`,`isbn`,`type`) VALUES('Ex-husband for India','3686','0097160513504','j');
INSERT INTO `genre_book`(`genre`, `entryid`) VALUES ('Education','3686');
INSERT INTO `author_book`(`author`, `entryid`) VALUES ('Andra Bonneville','3686');
INSERT INTO `publisher_book`(`publisher`, `entryid`) VALUES ('Litwin Publishers.','3686');
INSERT INTO `entry`(`entryid`,`type`) VALUES('3687','b');
INSERT INTO `book`(`title`,`entryid`,`isbn`,`type`) VALUES('Reason with the Age','3687','9182795367855','e');
INSERT INTO `genre_book`(`genre`, `entryid`) VALUES ('Education','3687');
INSERT INTO `author`(`name`,`birthyear`,`deathyear`) VALUES('Carman Shiba','1903','1967');
INSERT INTO `author_book`(`author`, `entryid`) VALUES ('Carman Shiba','3687');
INSERT INTO `publisher_book`(`publisher`, `entryid`) VALUES ('Ramiro Inc.','3687');
INSERT INTO `entry`(`entryid`,`type`) VALUES('3688','b');
INSERT INTO `book`(`title`,`entryid`,`isbn`,`type`) VALUES('Acrylic by Sleet','3688','0089142204036','j');
INSERT INTO `genre_book`(`genre`, `entryid`) VALUES ('Science','3688');
INSERT INTO `author_book`(`author`, `entryid`) VALUES ('Madaline Parrin','3688');
INSERT INTO `publisher_book`(`publisher`, `entryid`) VALUES ('Dietlin Cooperations.','3688');
INSERT INTO `entry`(`entryid`,`type`) VALUES('3689','b');
INSERT INTO `book`(`title`,`entryid`,`isbn`,`type`) VALUES('Thrill in the insinuative Venezuelan','3689','9765106857856','e');
INSERT INTO `genre_book`(`genre`, `entryid`) VALUES ('Education','3689');
INSERT INTO `author_book`(`author`, `entryid`) VALUES ('Alexander Pryde','3689');
INSERT INTO `publisher_book`(`publisher`, `entryid`) VALUES ('Arone Inc.','3689');
INSERT INTO `entry`(`entryid`,`type`) VALUES('3690','b');
INSERT INTO `book`(`title`,`entryid`,`isbn`,`type`) VALUES('Report of the motiveless Time','3690','9015080215014','j');
INSERT INTO `genre_book`(`genre`, `entryid`) VALUES ('Education','3690');
INSERT INTO `author_book`(`author`, `entryid`) VALUES ('Audrea Teece','3690');
INSERT INTO `publisher_book`(`publisher`, `entryid`) VALUES ('Viejo Publishers.','3690');
INSERT INTO `entry`(`entryid`,`type`) VALUES('3691','b');
INSERT INTO `book`(`title`,`entryid`,`isbn`,`type`) VALUES('Numeric of the Ceramic','3691','0108405033821','j');
INSERT INTO `genre_book`(`genre`, `entryid`) VALUES ('Sci-Fi','3691');
INSERT INTO `author_book`(`author`, `entryid`) VALUES ('Nathaniel Cliatt','3691');
INSERT INTO `publisher_book`(`publisher`, `entryid`) VALUES ('Rohr Cooperations.','3691');
INSERT INTO `entry`(`entryid`,`type`) VALUES('3692','b');
INSERT INTO `book`(`title`,`entryid`,`isbn`,`type`) VALUES('Airplane against Turret','3692','0960525201161','b');
INSERT INTO `genre_book`(`genre`, `entryid`) VALUES ('Sci-Fi','3692');
INSERT INTO `author`(`name`,`birthyear`,`deathyear`) VALUES('Ayako Purdue','1888','1976');
INSERT INTO `author_book`(`author`, `entryid`) VALUES ('Ayako Purdue','3692');
INSERT INTO `publisher_book`(`publisher`, `entryid`) VALUES ('Blan Inc.','3692');
INSERT INTO `entry`(`entryid`,`type`) VALUES('3693','b');
INSERT INTO `book`(`title`,`entryid`,`isbn`,`type`) VALUES('College vs. Germany','3693','0916347358524','b');
INSERT INTO `genre_book`(`genre`, `entryid`) VALUES ('Adventure','3693');
INSERT INTO `author`(`name`,`birthyear`,`deathyear`) VALUES('Fletcher Arnau','1907','1950');
INSERT INTO `author_book`(`author`, `entryid`) VALUES ('Fletcher Arnau','3693');
INSERT INTO `publisher_book`(`publisher`, `entryid`) VALUES ('Haggerty Cooperations.','3693');
INSERT INTO `entry`(`entryid`,`type`) VALUES('3694','b');
INSERT INTO `book`(`title`,`entryid`,`isbn`,`type`) VALUES('Alibi by seductive Freeze','3694','9636341068460','e');
INSERT INTO `genre_book`(`genre`, `entryid`) VALUES ('Sci-Fi','3694');
INSERT INTO `author`(`name`,`birthyear`,`deathyear`) VALUES('Rolland Netters','1932','2018');
INSERT INTO `author_book`(`author`, `entryid`) VALUES ('Rolland Netters','3694');
INSERT INTO `publisher_book`(`publisher`, `entryid`) VALUES ('Bence Inc.','3694');
INSERT INTO `entry`(`entryid`,`type`) VALUES('3695','b');
INSERT INTO `book`(`title`,`entryid`,`isbn`,`type`) VALUES('Bike and the choky Equinox','3695','9362208340726','j');
INSERT INTO `genre_book`(`genre`, `entryid`) VALUES ('Thriller','3695');
INSERT INTO `author_book`(`author`, `entryid`) VALUES ('Rene Bronsky','3695');
INSERT INTO `publisher_book`(`publisher`, `entryid`) VALUES ('Karvonen Inc.','3695');
INSERT INTO `entry`(`entryid`,`type`) VALUES('3696','b');
INSERT INTO `book`(`title`,`entryid`,`isbn`,`type`) VALUES('Clutch in homesick Cemetery','3696','9873662402560','b');
INSERT INTO `genre_book`(`genre`, `entryid`) VALUES ('Romance','3696');
INSERT INTO `author_book`(`author`, `entryid`) VALUES ('Jerrell Nicoll','3696');
INSERT INTO `publisher_book`(`publisher`, `entryid`) VALUES ('Aleman Inc.','3696');
INSERT INTO `entry`(`entryid`,`type`) VALUES('3697','b');
INSERT INTO `book`(`title`,`entryid`,`isbn`,`type`) VALUES('Begonia and the Weasel','3697','9489208978531','j');
INSERT INTO `genre_book`(`genre`, `entryid`) VALUES ('Horror','3697');
INSERT INTO `author`(`name`,`birthyear`,`deathyear`) VALUES('Kirby Dayley','1916','1953');
INSERT INTO `author_book`(`author`, `entryid`) VALUES ('Kirby Dayley','3697');
INSERT INTO `publisher_book`(`publisher`, `entryid`) VALUES ('Loveall Cooperations.','3697');
INSERT INTO `entry`(`entryid`,`type`) VALUES('3698','b');
INSERT INTO `book`(`title`,`entryid`,`isbn`,`type`) VALUES('Ladybug and veloce Work','3698','0656935370269','e');
INSERT INTO `genre_book`(`genre`, `entryid`) VALUES ('Sci-Fi','3698');
INSERT INTO `author_book`(`author`, `entryid`) VALUES ('Minta Pavlich','3698');
INSERT INTO `publisher_book`(`publisher`, `entryid`) VALUES ('Pagoda Publishers.','3698');
INSERT INTO `entry`(`entryid`,`type`) VALUES('3699','b');
INSERT INTO `book`(`title`,`entryid`,`isbn`,`type`) VALUES('Squid for the handsomer Pancake','3699','0297354273784','j');
INSERT INTO `genre_book`(`genre`, `entryid`) VALUES ('Romance','3699');
INSERT INTO `author_book`(`author`, `entryid`) VALUES ('Corrina Huffstutter','3699');
INSERT INTO `publisher_book`(`publisher`, `entryid`) VALUES ('Filyan Inc.','3699');
INSERT INTO `entry`(`entryid`,`type`) VALUES('3700','b');
INSERT INTO `book`(`title`,`entryid`,`isbn`,`type`) VALUES('Tablecloth in the licentious Crib','3700','0476147736378','e');
INSERT INTO `genre_book`(`genre`, `entryid`) VALUES ('Sci-Fi','3700');
INSERT INTO `author_book`(`author`, `entryid`) VALUES ('Cassie Dicampli','3700');
INSERT INTO `publisher_book`(`publisher`, `entryid`) VALUES ('Lansdowne Inc.','3700');
INSERT INTO `entry`(`entryid`,`type`) VALUES('3701','b');
INSERT INTO `book`(`title`,`entryid`,`isbn`,`type`) VALUES('Evening against Begonia','3701','9295454483981','j');
INSERT INTO `genre_book`(`genre`, `entryid`) VALUES ('Sci-Fi','3701');
INSERT INTO `author_book`(`author`, `entryid`) VALUES ('Danette Feirer','3701');
INSERT INTO `publisher_book`(`publisher`, `entryid`) VALUES ('Travieso Inc.','3701');
INSERT INTO `entry`(`entryid`,`type`) VALUES('3702','b');
INSERT INTO `book`(`title`,`entryid`,`isbn`,`type`) VALUES('Egypt to the Restaurant','3702','9958110906519','b');
INSERT INTO `genre_book`(`genre`, `entryid`) VALUES ('Education','3702');
INSERT INTO `author_book`(`author`, `entryid`) VALUES ('Ernesto Oguinn','3702');
INSERT INTO `publisher_book`(`publisher`, `entryid`) VALUES ('Saska Publishers.','3702');
INSERT INTO `entry`(`entryid`,`type`) VALUES('3703','b');
INSERT INTO `book`(`title`,`entryid`,`isbn`,`type`) VALUES('Start to the Donkey','3703','9135182141188','j');
INSERT INTO `genre_book`(`genre`, `entryid`) VALUES ('Sci-Fi','3703');
INSERT INTO `author`(`name`,`birthyear`,`deathyear`) VALUES('Susana Reiland','1979','2034');
INSERT INTO `author_book`(`author`, `entryid`) VALUES ('Susana Reiland','3703');
INSERT INTO `publisher_book`(`publisher`, `entryid`) VALUES ('Turnbow Cooperations.','3703');
INSERT INTO `entry`(`entryid`,`type`) VALUES('3704','b');
INSERT INTO `book`(`title`,`entryid`,`isbn`,`type`) VALUES('Desert because of Father','3704','0942156900518','e');
INSERT INTO `genre_book`(`genre`, `entryid`) VALUES ('Science','3704');
INSERT INTO `author_book`(`author`, `entryid`) VALUES ('Luci Medders','3704');
INSERT INTO `publisher_book`(`publisher`, `entryid`) VALUES ('Hodgeman Inc.','3704');
INSERT INTO `entry`(`entryid`,`type`) VALUES('3705','b');
INSERT INTO `book`(`title`,`entryid`,`isbn`,`type`) VALUES('Opera for Knife','3705','9989415138540','b');
INSERT INTO `genre_book`(`genre`, `entryid`) VALUES ('Science','3705');
INSERT INTO `author`(`name`,`birthyear`,`deathyear`) VALUES('Rebbeca Palmquist','1890','1965');
INSERT INTO `author_book`(`author`, `entryid`) VALUES ('Rebbeca Palmquist','3705');
INSERT INTO `publisher_book`(`publisher`, `entryid`) VALUES ('Whalen Inc.','3705');
INSERT INTO `entry`(`entryid`,`type`) VALUES('3706','b');
INSERT INTO `book`(`title`,`entryid`,`isbn`,`type`) VALUES('Tugboat against grayish Credit','3706','9035361855928','b');
INSERT INTO `genre_book`(`genre`, `entryid`) VALUES ('Thriller','3706');
INSERT INTO `author_book`(`author`, `entryid`) VALUES ('Migdalia Chiszar','3706');
INSERT INTO `publisher_book`(`publisher`, `entryid`) VALUES ('Bigos Inc.','3706');
INSERT INTO `entry`(`entryid`,`type`) VALUES('3707','b');
INSERT INTO `book`(`title`,`entryid`,`isbn`,`type`) VALUES('Jennifer with Kilometer','3707','0550453053011','b');
INSERT INTO `genre_book`(`genre`, `entryid`) VALUES ('Adventure','3707');
INSERT INTO `author_book`(`author`, `entryid`) VALUES ('Dorthy Mccurine','3707');
INSERT INTO `publisher_book`(`publisher`, `entryid`) VALUES ('Franken Publishers.','3707');
INSERT INTO `entry`(`entryid`,`type`) VALUES('3708','b');
INSERT INTO `book`(`title`,`entryid`,`isbn`,`type`) VALUES('Turkey of the Jennifer','3708','9909657190939','b');
INSERT INTO `genre_book`(`genre`, `entryid`) VALUES ('Education','3708');
INSERT INTO `author_book`(`author`, `entryid`) VALUES ('Abbie Dolinger','3708');
INSERT INTO `publisher_book`(`publisher`, `entryid`) VALUES ('Wanamaker Cooperations.','3708');
INSERT INTO `entry`(`entryid`,`type`) VALUES('3709','b');
INSERT INTO `book`(`title`,`entryid`,`isbn`,`type`) VALUES('Metal to the enneastyle Brake','3709','0375516265322','e');
INSERT INTO `genre_book`(`genre`, `entryid`) VALUES ('Romance','3709');
INSERT INTO `author_book`(`author`, `entryid`) VALUES ('Kerry Willams','3709');
INSERT INTO `publisher_book`(`publisher`, `entryid`) VALUES ('Bigos Inc.','3709');
INSERT INTO `entry`(`entryid`,`type`) VALUES('3710','b');
INSERT INTO `book`(`title`,`entryid`,`isbn`,`type`) VALUES('Kenneth against Aftershave','3710','0779140984320','b');
INSERT INTO `genre_book`(`genre`, `entryid`) VALUES ('Education','3710');
INSERT INTO `author`(`name`,`birthyear`,`deathyear`) VALUES('Sunday Jericho','1891','1933');
INSERT INTO `author_book`(`author`, `entryid`) VALUES ('Sunday Jericho','3710');
INSERT INTO `publisher_book`(`publisher`, `entryid`) VALUES ('Lansdowne Inc.','3710');
INSERT INTO `entry`(`entryid`,`type`) VALUES('3711','b');
INSERT INTO `book`(`title`,`entryid`,`isbn`,`type`) VALUES('Rose of amazing Farmer','3711','0695472789701','b');
INSERT INTO `genre_book`(`genre`, `entryid`) VALUES ('Education','3711');
INSERT INTO `author_book`(`author`, `entryid`) VALUES ('Adella Elsa','3711');
INSERT INTO `publisher_book`(`publisher`, `entryid`) VALUES ('Giampaolo Cooperations.','3711');
INSERT INTO `entry`(`entryid`,`type`) VALUES('3712','b');
INSERT INTO `book`(`title`,`entryid`,`isbn`,`type`) VALUES('Paul by Orange','3712','9016989546370','e');
INSERT INTO `genre_book`(`genre`, `entryid`) VALUES ('Horror','3712');
INSERT INTO `author_book`(`author`, `entryid`) VALUES ('Rebekah Cohn','3712');
INSERT INTO `publisher_book`(`publisher`, `entryid`) VALUES ('Trapp Inc.','3712');
INSERT INTO `entry`(`entryid`,`type`) VALUES('3713','b');
INSERT INTO `book`(`title`,`entryid`,`isbn`,`type`) VALUES('Bone with the Vedic Country','3713','0495592681578','e');
INSERT INTO `genre_book`(`genre`, `entryid`) VALUES ('Thriller','3713');
INSERT INTO `author_book`(`author`, `entryid`) VALUES ('Michael Greuel','3713');
INSERT INTO `publisher_book`(`publisher`, `entryid`) VALUES ('Tippy Publishers.','3713');
INSERT INTO `entry`(`entryid`,`type`) VALUES('3714','b');
INSERT INTO `book`(`title`,`entryid`,`isbn`,`type`) VALUES('Brow of dendroid Soil','3714','0066306427003','b');
INSERT INTO `genre_book`(`genre`, `entryid`) VALUES ('Thriller','3714');
INSERT INTO `author`(`name`,`birthyear`,`deathyear`) VALUES('Cecil Michelson','1979','2058');
INSERT INTO `author_book`(`author`, `entryid`) VALUES ('Cecil Michelson','3714');
INSERT INTO `publisher_book`(`publisher`, `entryid`) VALUES ('Delashaw Publishers.','3714');
INSERT INTO `entry`(`entryid`,`type`) VALUES('3715','b');
INSERT INTO `book`(`title`,`entryid`,`isbn`,`type`) VALUES('Coal of the Technician','3715','9980597976649','e');
INSERT INTO `genre_book`(`genre`, `entryid`) VALUES ('Education','3715');
INSERT INTO `author_book`(`author`, `entryid`) VALUES ('Jeffie Blach','3715');
INSERT INTO `publisher_book`(`publisher`, `entryid`) VALUES ('Wooderson Inc.','3715');
INSERT INTO `entry`(`entryid`,`type`) VALUES('3716','b');
INSERT INTO `book`(`title`,`entryid`,`isbn`,`type`) VALUES('Bail to the stretchy Fiction','3716','9850719799417','j');
INSERT INTO `genre_book`(`genre`, `entryid`) VALUES ('Adventure','3716');
INSERT INTO `author_book`(`author`, `entryid`) VALUES ('Jamie Rohling','3716');
INSERT INTO `publisher_book`(`publisher`, `entryid`) VALUES ('Capistran Cooperations.','3716');
INSERT INTO `entry`(`entryid`,`type`) VALUES('3717','b');
INSERT INTO `book`(`title`,`entryid`,`isbn`,`type`) VALUES('Exhaust to the Clave','3717','9512347983874','b');
INSERT INTO `genre_book`(`genre`, `entryid`) VALUES ('Thriller','3717');
INSERT INTO `author_book`(`author`, `entryid`) VALUES ('Bev Buckless','3717');
INSERT INTO `publisher_book`(`publisher`, `entryid`) VALUES ('Victoria Cooperations.','3717');
INSERT INTO `entry`(`entryid`,`type`) VALUES('3718','b');
INSERT INTO `book`(`title`,`entryid`,`isbn`,`type`) VALUES('Cockroach by Coffee','3718','0632397635124','j');
INSERT INTO `genre_book`(`genre`, `entryid`) VALUES ('Romance','3718');
INSERT INTO `author_book`(`author`, `entryid`) VALUES ('Pat Barkhimer','3718');
INSERT INTO `publisher_book`(`publisher`, `entryid`) VALUES ('Hodgeman Inc.','3718');
INSERT INTO `entry`(`entryid`,`type`) VALUES('3719','b');
INSERT INTO `book`(`title`,`entryid`,`isbn`,`type`) VALUES('Fork and Drive','3719','9029468200087','e');
INSERT INTO `genre_book`(`genre`, `entryid`) VALUES ('Romance','3719');
INSERT INTO `author`(`name`,`birthyear`,`deathyear`) VALUES('Laurel Levert','1915','1991');
INSERT INTO `author_book`(`author`, `entryid`) VALUES ('Laurel Levert','3719');
INSERT INTO `publisher_book`(`publisher`, `entryid`) VALUES ('Dingson Publishers.','3719');
INSERT INTO `entry`(`entryid`,`type`) VALUES('3720','b');
INSERT INTO `book`(`title`,`entryid`,`isbn`,`type`) VALUES('Clef of schoolgirlish Norwegian','3720','9633607964791','b');
INSERT INTO `genre_book`(`genre`, `entryid`) VALUES ('Education','3720');
INSERT INTO `author_book`(`author`, `entryid`) VALUES ('Iris Yamat','3720');
INSERT INTO `publisher_book`(`publisher`, `entryid`) VALUES ('Sieger Inc.','3720');
INSERT INTO `entry`(`entryid`,`type`) VALUES('3721','b');
INSERT INTO `book`(`title`,`entryid`,`isbn`,`type`) VALUES('Trigonometry by the deiform Sheet','3721','9287337302692','j');
INSERT INTO `genre_book`(`genre`, `entryid`) VALUES ('Adventure','3721');
INSERT INTO `author`(`name`,`birthyear`,`deathyear`) VALUES('Wiley Truiolo','1964','2062');
INSERT INTO `author_book`(`author`, `entryid`) VALUES ('Wiley Truiolo','3721');
INSERT INTO `publisher_book`(`publisher`, `entryid`) VALUES ('Rasco Inc.','3721');
INSERT INTO `entry`(`entryid`,`type`) VALUES('3722','b');
INSERT INTO `book`(`title`,`entryid`,`isbn`,`type`) VALUES('Supply of the bionomic Arm','3722','9508140850397','e');
INSERT INTO `genre_book`(`genre`, `entryid`) VALUES ('Education','3722');
INSERT INTO `author_book`(`author`, `entryid`) VALUES ('Karoline Hersh','3722');
INSERT INTO `publisher_book`(`publisher`, `entryid`) VALUES ('Diliberti Inc.','3722');
INSERT INTO `entry`(`entryid`,`type`) VALUES('3723','b');
INSERT INTO `book`(`title`,`entryid`,`isbn`,`type`) VALUES('Bakery in Slave','3723','9218085863583','j');
INSERT INTO `genre_book`(`genre`, `entryid`) VALUES ('Adventure','3723');
INSERT INTO `author_book`(`author`, `entryid`) VALUES ('Inge Heggen','3723');
INSERT INTO `publisher_book`(`publisher`, `entryid`) VALUES ('Tymon Inc.','3723');
INSERT INTO `entry`(`entryid`,`type`) VALUES('3724','b');
INSERT INTO `book`(`title`,`entryid`,`isbn`,`type`) VALUES('Scarf to the Bakery','3724','0270769594903','e');
INSERT INTO `genre_book`(`genre`, `entryid`) VALUES ('Science','3724');
INSERT INTO `author_book`(`author`, `entryid`) VALUES ('Lanny Toribio','3724');
INSERT INTO `publisher_book`(`publisher`, `entryid`) VALUES ('Scotty Inc.','3724');
INSERT INTO `entry`(`entryid`,`type`) VALUES('3725','b');
INSERT INTO `book`(`title`,`entryid`,`isbn`,`type`) VALUES('Capricorn in the tetracyclic Garlic','3725','0176389041615','j');
INSERT INTO `genre_book`(`genre`, `entryid`) VALUES ('Thriller','3725');
INSERT INTO `author_book`(`author`, `entryid`) VALUES ('Valrie Buckhannon','3725');
INSERT INTO `publisher_book`(`publisher`, `entryid`) VALUES ('Brotherson Inc.','3725');
INSERT INTO `entry`(`entryid`,`type`) VALUES('3726','b');
INSERT INTO `book`(`title`,`entryid`,`isbn`,`type`) VALUES('Science of releasing Tax','3726','0755562172260','e');
INSERT INTO `genre_book`(`genre`, `entryid`) VALUES ('Horror','3726');
INSERT INTO `author`(`name`,`birthyear`,`deathyear`) VALUES('Horace Urbanek','1880','1928');
INSERT INTO `author_book`(`author`, `entryid`) VALUES ('Horace Urbanek','3726');
INSERT INTO `publisher_book`(`publisher`, `entryid`) VALUES ('Ridders Inc.','3726');
INSERT INTO `entry`(`entryid`,`type`) VALUES('3727','b');
INSERT INTO `book`(`title`,`entryid`,`isbn`,`type`) VALUES('Circulation by Ray','3727','9633861702888','b');
INSERT INTO `genre_book`(`genre`, `entryid`) VALUES ('Thriller','3727');
INSERT INTO `author_book`(`author`, `entryid`) VALUES ('Deandre Pankhurst','3727');
INSERT INTO `publisher_book`(`publisher`, `entryid`) VALUES ('Sunder Publishers.','3727');
INSERT INTO `entry`(`entryid`,`type`) VALUES('3728','b');
INSERT INTO `book`(`title`,`entryid`,`isbn`,`type`) VALUES('Trade for the par Art','3728','0428548639038','b');
INSERT INTO `genre_book`(`genre`, `entryid`) VALUES ('Horror','3728');
INSERT INTO `author_book`(`author`, `entryid`) VALUES ('Ernesto Oguinn','3728');
INSERT INTO `publisher_book`(`publisher`, `entryid`) VALUES ('Meacham Cooperations.','3728');
INSERT INTO `entry`(`entryid`,`type`) VALUES('3729','b');
INSERT INTO `book`(`title`,`entryid`,`isbn`,`type`) VALUES('Neck against debentured Punishment','3729','0903858854843','e');
INSERT INTO `genre_book`(`genre`, `entryid`) VALUES ('Education','3729');
INSERT INTO `author`(`name`,`birthyear`,`deathyear`) VALUES('Imelda Riback','1897','1950');
INSERT INTO `author_book`(`author`, `entryid`) VALUES ('Imelda Riback','3729');
INSERT INTO `publisher_book`(`publisher`, `entryid`) VALUES ('Strazisar Inc.','3729');
INSERT INTO `entry`(`entryid`,`type`) VALUES('3730','b');
INSERT INTO `book`(`title`,`entryid`,`isbn`,`type`) VALUES('Advertisement for the Desert','3730','0614804331160','j');
INSERT INTO `genre_book`(`genre`, `entryid`) VALUES ('Horror','3730');
INSERT INTO `author_book`(`author`, `entryid`) VALUES ('Sunday Jericho','3730');
INSERT INTO `publisher_book`(`publisher`, `entryid`) VALUES ('Trobaugh Publishers.','3730');
INSERT INTO `entry`(`entryid`,`type`) VALUES('3731','b');
INSERT INTO `book`(`title`,`entryid`,`isbn`,`type`) VALUES('Step-sister by the Fahrenheit','3731','0021251568381','b');
INSERT INTO `genre_book`(`genre`, `entryid`) VALUES ('Education','3731');
INSERT INTO `author_book`(`author`, `entryid`) VALUES ('Adelaida Berardo','3731');
INSERT INTO `publisher_book`(`publisher`, `entryid`) VALUES ('Holleran Cooperations.','3731');
INSERT INTO `entry`(`entryid`,`type`) VALUES('3732','b');
INSERT INTO `book`(`title`,`entryid`,`isbn`,`type`) VALUES('Tv for Offence','3732','9732750696227','e');
INSERT INTO `genre_book`(`genre`, `entryid`) VALUES ('Horror','3732');
INSERT INTO `author_book`(`author`, `entryid`) VALUES ('Vida Covil','3732');
INSERT INTO `publisher_book`(`publisher`, `entryid`) VALUES ('Draffin Publishers.','3732');
INSERT INTO `entry`(`entryid`,`type`) VALUES('3733','b');
INSERT INTO `book`(`title`,`entryid`,`isbn`,`type`) VALUES('Existence of the unkempt Wire','3733','0206658148153','j');
INSERT INTO `genre_book`(`genre`, `entryid`) VALUES ('Horror','3733');
INSERT INTO `author`(`name`,`birthyear`,`deathyear`) VALUES('Dione Nightengale','1933','2033');
INSERT INTO `author_book`(`author`, `entryid`) VALUES ('Dione Nightengale','3733');
INSERT INTO `publisher_book`(`publisher`, `entryid`) VALUES ('Dobrinin Inc.','3733');
INSERT INTO `entry`(`entryid`,`type`) VALUES('3734','b');
INSERT INTO `book`(`title`,`entryid`,`isbn`,`type`) VALUES('Shelf vs. Spike','3734','0243934078955','e');
INSERT INTO `genre_book`(`genre`, `entryid`) VALUES ('Romance','3734');
INSERT INTO `author_book`(`author`, `entryid`) VALUES ('Herschel Fyksen','3734');
INSERT INTO `publisher_book`(`publisher`, `entryid`) VALUES ('Bedson Inc.','3734');
INSERT INTO `entry`(`entryid`,`type`) VALUES('3735','b');
INSERT INTO `book`(`title`,`entryid`,`isbn`,`type`) VALUES('Salt by the psychedelic Age','3735','0953530817313','e');
INSERT INTO `genre_book`(`genre`, `entryid`) VALUES ('Thriller','3735');
INSERT INTO `author`(`name`,`birthyear`,`deathyear`) VALUES('Luvenia Hartquist','1966','2014');
INSERT INTO `author_book`(`author`, `entryid`) VALUES ('Luvenia Hartquist','3735');
INSERT INTO `publisher_book`(`publisher`, `entryid`) VALUES ('Marentez Inc.','3735');
INSERT INTO `entry`(`entryid`,`type`) VALUES('3736','b');
INSERT INTO `book`(`title`,`entryid`,`isbn`,`type`) VALUES('Plane because of argillaceous Camel','3736','0535304240472','j');
INSERT INTO `genre_book`(`genre`, `entryid`) VALUES ('Sci-Fi','3736');
INSERT INTO `author_book`(`author`, `entryid`) VALUES ('Billi Grotzke','3736');
INSERT INTO `publisher_book`(`publisher`, `entryid`) VALUES ('Opteyndt Inc.','3736');
INSERT INTO `entry`(`entryid`,`type`) VALUES('3737','b');
INSERT INTO `book`(`title`,`entryid`,`isbn`,`type`) VALUES('Deodorant in revanchism Ikebana','3737','0760035541452','e');
INSERT INTO `genre_book`(`genre`, `entryid`) VALUES ('Education','3737');
INSERT INTO `author`(`name`,`birthyear`,`deathyear`) VALUES('Lanora Seiser','1940','2021');
INSERT INTO `author_book`(`author`, `entryid`) VALUES ('Lanora Seiser','3737');
INSERT INTO `publisher_book`(`publisher`, `entryid`) VALUES ('Farber Publishers.','3737');
INSERT INTO `entry`(`entryid`,`type`) VALUES('3738','b');
INSERT INTO `book`(`title`,`entryid`,`isbn`,`type`) VALUES('Captain by the Rainbow','3738','0015207562325','b');
INSERT INTO `genre_book`(`genre`, `entryid`) VALUES ('Science','3738');
INSERT INTO `author_book`(`author`, `entryid`) VALUES ('Esperanza Dose','3738');
INSERT INTO `publisher_book`(`publisher`, `entryid`) VALUES ('Takemoto Inc.','3738');
INSERT INTO `entry`(`entryid`,`type`) VALUES('3739','b');
INSERT INTO `book`(`title`,`entryid`,`isbn`,`type`) VALUES('Fur of the defeatist Bird','3739','9149554071899','e');
INSERT INTO `genre_book`(`genre`, `entryid`) VALUES ('Adventure','3739');
INSERT INTO `author_book`(`author`, `entryid`) VALUES ('Candice Ridinger','3739');
INSERT INTO `publisher_book`(`publisher`, `entryid`) VALUES ('Welty Inc.','3739');
INSERT INTO `entry`(`entryid`,`type`) VALUES('3740','b');
INSERT INTO `book`(`title`,`entryid`,`isbn`,`type`) VALUES('Waste in the Female','3740','0666388595457','j');
INSERT INTO `genre_book`(`genre`, `entryid`) VALUES ('Thriller','3740');
INSERT INTO `author_book`(`author`, `entryid`) VALUES ('Luvenia Hartquist','3740');
INSERT INTO `publisher_book`(`publisher`, `entryid`) VALUES ('Mesecar Publishers.','3740');
INSERT INTO `entry`(`entryid`,`type`) VALUES('3741','b');
INSERT INTO `book`(`title`,`entryid`,`isbn`,`type`) VALUES('Motion against the Condor','3741','9562839585577','b');
INSERT INTO `genre_book`(`genre`, `entryid`) VALUES ('Horror','3741');
INSERT INTO `author`(`name`,`birthyear`,`deathyear`) VALUES('Shin Brubaker','1920','1953');
INSERT INTO `author_book`(`author`, `entryid`) VALUES ('Shin Brubaker','3741');
INSERT INTO `publisher_book`(`publisher`, `entryid`) VALUES ('Dingson Publishers.','3741');
INSERT INTO `entry`(`entryid`,`type`) VALUES('3742','b');
INSERT INTO `book`(`title`,`entryid`,`isbn`,`type`) VALUES('Organ and Shade','3742','0489655296888','b');
INSERT INTO `genre_book`(`genre`, `entryid`) VALUES ('Thriller','3742');
INSERT INTO `author_book`(`author`, `entryid`) VALUES ('Sean Catrone','3742');
INSERT INTO `publisher_book`(`publisher`, `entryid`) VALUES ('Rothery Cooperations.','3742');
INSERT INTO `entry`(`entryid`,`type`) VALUES('3743','b');
INSERT INTO `book`(`title`,`entryid`,`isbn`,`type`) VALUES('Singer and the contestable Find','3743','9652888372445','b');
INSERT INTO `genre_book`(`genre`, `entryid`) VALUES ('Sci-Fi','3743');
INSERT INTO `author`(`name`,`birthyear`,`deathyear`) VALUES('Yi Stephany','1970','2059');
INSERT INTO `author_book`(`author`, `entryid`) VALUES ('Yi Stephany','3743');
INSERT INTO `publisher_book`(`publisher`, `entryid`) VALUES ('Horman Inc.','3743');
INSERT INTO `entry`(`entryid`,`type`) VALUES('3744','b');
INSERT INTO `book`(`title`,`entryid`,`isbn`,`type`) VALUES('Indonesia and the high-top Garlic','3744','0794638225076','b');
INSERT INTO `genre_book`(`genre`, `entryid`) VALUES ('Adventure','3744');
INSERT INTO `author`(`name`,`birthyear`,`deathyear`) VALUES('Christopher Canas','1950','1978');
INSERT INTO `author_book`(`author`, `entryid`) VALUES ('Christopher Canas','3744');
INSERT INTO `publisher_book`(`publisher`, `entryid`) VALUES ('Samas Publishers.','3744');
INSERT INTO `entry`(`entryid`,`type`) VALUES('3745','b');
INSERT INTO `book`(`title`,`entryid`,`isbn`,`type`) VALUES('Sandwich by unlighted Cereal','3745','0085918395140','j');
INSERT INTO `genre_book`(`genre`, `entryid`) VALUES ('Adventure','3745');
INSERT INTO `author_book`(`author`, `entryid`) VALUES ('Agatha Maiello','3745');
INSERT INTO `publisher_book`(`publisher`, `entryid`) VALUES ('Stjohn Publishers.','3745');
INSERT INTO `entry`(`entryid`,`type`) VALUES('3746','b');
INSERT INTO `book`(`title`,`entryid`,`isbn`,`type`) VALUES('Condition of saturated Hydrant','3746','0997984822662','b');
INSERT INTO `genre_book`(`genre`, `entryid`) VALUES ('Sci-Fi','3746');
INSERT INTO `author`(`name`,`birthyear`,`deathyear`) VALUES('Colene Vichidvongsa','1897','1942');
INSERT INTO `author_book`(`author`, `entryid`) VALUES ('Colene Vichidvongsa','3746');
INSERT INTO `publisher_book`(`publisher`, `entryid`) VALUES ('Bronk Cooperations.','3746');
INSERT INTO `entry`(`entryid`,`type`) VALUES('3747','b');
INSERT INTO `book`(`title`,`entryid`,`isbn`,`type`) VALUES('Bee and Bomb','3747','0230862142489','b');
INSERT INTO `genre_book`(`genre`, `entryid`) VALUES ('Science','3747');
INSERT INTO `author`(`name`,`birthyear`,`deathyear`) VALUES('Lesley Fransisco','1924','2001');
INSERT INTO `author_book`(`author`, `entryid`) VALUES ('Lesley Fransisco','3747');
INSERT INTO `publisher_book`(`publisher`, `entryid`) VALUES ('Tymon Inc.','3747');
INSERT INTO `entry`(`entryid`,`type`) VALUES('3748','b');
INSERT INTO `book`(`title`,`entryid`,`isbn`,`type`) VALUES('Bracket in the Step-sister','3748','0401642005533','e');
INSERT INTO `genre_book`(`genre`, `entryid`) VALUES ('Science','3748');
INSERT INTO `author_book`(`author`, `entryid`) VALUES ('Maryjane Barrera','3748');
INSERT INTO `publisher_book`(`publisher`, `entryid`) VALUES ('Filyan Inc.','3748');
INSERT INTO `entry`(`entryid`,`type`) VALUES('3749','b');
INSERT INTO `book`(`title`,`entryid`,`isbn`,`type`) VALUES('Enemy in the August','3749','9607849089004','e');
INSERT INTO `genre_book`(`genre`, `entryid`) VALUES ('Romance','3749');
INSERT INTO `author`(`name`,`birthyear`,`deathyear`) VALUES('Hazel Rahmani','1970','2066');
INSERT INTO `author_book`(`author`, `entryid`) VALUES ('Hazel Rahmani','3749');
INSERT INTO `publisher_book`(`publisher`, `entryid`) VALUES ('Davalos Inc.','3749');
INSERT INTO `entry`(`entryid`,`type`) VALUES('3750','b');
INSERT INTO `book`(`title`,`entryid`,`isbn`,`type`) VALUES('Cow for Mass','3750','0910758770183','e');
INSERT INTO `genre_book`(`genre`, `entryid`) VALUES ('Thriller','3750');
INSERT INTO `author_book`(`author`, `entryid`) VALUES ('Berniece Griswell','3750');
INSERT INTO `publisher_book`(`publisher`, `entryid`) VALUES ('Viejo Publishers.','3750');
INSERT INTO `entry`(`entryid`,`type`) VALUES('3751','b');
INSERT INTO `book`(`title`,`entryid`,`isbn`,`type`) VALUES('Sweater to high-pressure Ox','3751','9471351379690','j');
INSERT INTO `genre_book`(`genre`, `entryid`) VALUES ('Adventure','3751');
INSERT INTO `author_book`(`author`, `entryid`) VALUES ('Adella Elsa','3751');
INSERT INTO `publisher_book`(`publisher`, `entryid`) VALUES ('Montalvan Inc.','3751');
INSERT INTO `entry`(`entryid`,`type`) VALUES('3752','b');
INSERT INTO `book`(`title`,`entryid`,`isbn`,`type`) VALUES('China against Australia','3752','9910465806319','e');
INSERT INTO `genre_book`(`genre`, `entryid`) VALUES ('Thriller','3752');
INSERT INTO `author_book`(`author`, `entryid`) VALUES ('Deane Heap','3752');
INSERT INTO `publisher_book`(`publisher`, `entryid`) VALUES ('Cerrito Inc.','3752');
INSERT INTO `entry`(`entryid`,`type`) VALUES('3753','b');
INSERT INTO `book`(`title`,`entryid`,`isbn`,`type`) VALUES('Shampoo and Grey','3753','0161765484024','b');
INSERT INTO `genre_book`(`genre`, `entryid`) VALUES ('Science','3753');
INSERT INTO `author_book`(`author`, `entryid`) VALUES ('Evangelina Mcelreavy','3753');
INSERT INTO `publisher_book`(`publisher`, `entryid`) VALUES ('Bernadette Cooperations.','3753');
INSERT INTO `entry`(`entryid`,`type`) VALUES('3754','b');
INSERT INTO `book`(`title`,`entryid`,`isbn`,`type`) VALUES('Pot with unbooked Mayonnaise','3754','9633184911402','j');
INSERT INTO `genre_book`(`genre`, `entryid`) VALUES ('Science','3754');
INSERT INTO `author_book`(`author`, `entryid`) VALUES ('Madelaine Mcgee','3754');
INSERT INTO `publisher_book`(`publisher`, `entryid`) VALUES ('Rohr Cooperations.','3754');
INSERT INTO `entry`(`entryid`,`type`) VALUES('3755','b');
INSERT INTO `book`(`title`,`entryid`,`isbn`,`type`) VALUES('Fowl to two-footed Population','3755','0346663176647','b');
INSERT INTO `genre_book`(`genre`, `entryid`) VALUES ('Thriller','3755');
INSERT INTO `author`(`name`,`birthyear`,`deathyear`) VALUES('Alene Adachi','1961','2051');
INSERT INTO `author_book`(`author`, `entryid`) VALUES ('Alene Adachi','3755');
INSERT INTO `publisher_book`(`publisher`, `entryid`) VALUES ('Opteyndt Inc.','3755');
INSERT INTO `entry`(`entryid`,`type`) VALUES('3756','b');
INSERT INTO `book`(`title`,`entryid`,`isbn`,`type`) VALUES('Bar because of Currency','3756','9286773314461','b');
INSERT INTO `genre_book`(`genre`, `entryid`) VALUES ('Thriller','3756');
INSERT INTO `author`(`name`,`birthyear`,`deathyear`) VALUES('Rocco Manocchia','1938','2031');
INSERT INTO `author_book`(`author`, `entryid`) VALUES ('Rocco Manocchia','3756');
INSERT INTO `publisher_book`(`publisher`, `entryid`) VALUES ('Scantlen Inc.','3756');
INSERT INTO `entry`(`entryid`,`type`) VALUES('3757','b');
INSERT INTO `book`(`title`,`entryid`,`isbn`,`type`) VALUES('Hexagon in predicatory Crocus','3757','0173957567374','e');
INSERT INTO `genre_book`(`genre`, `entryid`) VALUES ('Thriller','3757');
INSERT INTO `author_book`(`author`, `entryid`) VALUES ('Tomiko Kuehnel','3757');
INSERT INTO `publisher_book`(`publisher`, `entryid`) VALUES ('Fendt Publishers.','3757');
INSERT INTO `entry`(`entryid`,`type`) VALUES('3758','b');
INSERT INTO `book`(`title`,`entryid`,`isbn`,`type`) VALUES('Quince vs. Airplane','3758','9372763036259','j');
INSERT INTO `genre_book`(`genre`, `entryid`) VALUES ('Romance','3758');
INSERT INTO `author`(`name`,`birthyear`,`deathyear`) VALUES('Gregorio Manwaring','1979','2038');
INSERT INTO `author_book`(`author`, `entryid`) VALUES ('Gregorio Manwaring','3758');
INSERT INTO `publisher_book`(`publisher`, `entryid`) VALUES ('Takemoto Inc.','3758');
INSERT INTO `entry`(`entryid`,`type`) VALUES('3759','b');
INSERT INTO `book`(`title`,`entryid`,`isbn`,`type`) VALUES('Manx in the proscribed Piccolo','3759','0980750157072','e');
INSERT INTO `genre_book`(`genre`, `entryid`) VALUES ('Romance','3759');
INSERT INTO `author_book`(`author`, `entryid`) VALUES ('Celestine Bellott','3759');
INSERT INTO `publisher_book`(`publisher`, `entryid`) VALUES ('Foti Cooperations.','3759');
INSERT INTO `entry`(`entryid`,`type`) VALUES('3760','b');
INSERT INTO `book`(`title`,`entryid`,`isbn`,`type`) VALUES('Feather in the onshore Hat','3760','0421452322368','j');
INSERT INTO `genre_book`(`genre`, `entryid`) VALUES ('Horror','3760');
INSERT INTO `author_book`(`author`, `entryid`) VALUES ('Ivana Moya','3760');
INSERT INTO `publisher_book`(`publisher`, `entryid`) VALUES ('Bedson Inc.','3760');
INSERT INTO `entry`(`entryid`,`type`) VALUES('3761','b');
INSERT INTO `book`(`title`,`entryid`,`isbn`,`type`) VALUES('File of Asia','3761','0085387176021','b');
INSERT INTO `genre_book`(`genre`, `entryid`) VALUES ('Sci-Fi','3761');
INSERT INTO `author_book`(`author`, `entryid`) VALUES ('Melita Darmody','3761');
INSERT INTO `publisher_book`(`publisher`, `entryid`) VALUES ('Vanarsdall Cooperations.','3761');
INSERT INTO `entry`(`entryid`,`type`) VALUES('3762','b');
INSERT INTO `book`(`title`,`entryid`,`isbn`,`type`) VALUES('Experience vs. plumaged Move','3762','0058549646222','b');
INSERT INTO `genre_book`(`genre`, `entryid`) VALUES ('Thriller','3762');
INSERT INTO `author`(`name`,`birthyear`,`deathyear`) VALUES('Charmaine Grae','1937','2014');
INSERT INTO `author_book`(`author`, `entryid`) VALUES ('Charmaine Grae','3762');
INSERT INTO `publisher_book`(`publisher`, `entryid`) VALUES ('Mccardell Cooperations.','3762');
INSERT INTO `entry`(`entryid`,`type`) VALUES('3763','b');
INSERT INTO `book`(`title`,`entryid`,`isbn`,`type`) VALUES('Index for the stoic Undershirt','3763','0448611611376','e');
INSERT INTO `genre_book`(`genre`, `entryid`) VALUES ('Thriller','3763');
INSERT INTO `author`(`name`,`birthyear`,`deathyear`) VALUES('Ladawn Catoire','1920','1997');
INSERT INTO `author_book`(`author`, `entryid`) VALUES ('Ladawn Catoire','3763');
INSERT INTO `publisher_book`(`publisher`, `entryid`) VALUES ('Nuzum Inc.','3763');
INSERT INTO `entry`(`entryid`,`type`) VALUES('3764','b');
INSERT INTO `book`(`title`,`entryid`,`isbn`,`type`) VALUES('Herring by the uncoloured Sleet','3764','0925461488151','e');
INSERT INTO `genre_book`(`genre`, `entryid`) VALUES ('Romance','3764');
INSERT INTO `author_book`(`author`, `entryid`) VALUES ('Mendy Divelbiss','3764');
INSERT INTO `publisher_book`(`publisher`, `entryid`) VALUES ('Trobaugh Publishers.','3764');
INSERT INTO `entry`(`entryid`,`type`) VALUES('3765','b');
INSERT INTO `book`(`title`,`entryid`,`isbn`,`type`) VALUES('Italy because of enveloping Timpani','3765','9998147650717','j');
INSERT INTO `genre_book`(`genre`, `entryid`) VALUES ('Sci-Fi','3765');
INSERT INTO `author_book`(`author`, `entryid`) VALUES ('Andra Bonneville','3765');
INSERT INTO `publisher_book`(`publisher`, `entryid`) VALUES ('Luchenbill Inc.','3765');
INSERT INTO `entry`(`entryid`,`type`) VALUES('3766','b');
INSERT INTO `book`(`title`,`entryid`,`isbn`,`type`) VALUES('Helicopter to Birch','3766','0468923932504','j');
INSERT INTO `genre_book`(`genre`, `entryid`) VALUES ('Science','3766');
INSERT INTO `author`(`name`,`birthyear`,`deathyear`) VALUES('Kelley Amari','1965','2057');
INSERT INTO `author_book`(`author`, `entryid`) VALUES ('Kelley Amari','3766');
INSERT INTO `publisher_book`(`publisher`, `entryid`) VALUES ('Bedre Publishers.','3766');
INSERT INTO `entry`(`entryid`,`type`) VALUES('3767','b');
INSERT INTO `book`(`title`,`entryid`,`isbn`,`type`) VALUES('College to the Viscose','3767','0018943597354','e');
INSERT INTO `genre_book`(`genre`, `entryid`) VALUES ('Romance','3767');
INSERT INTO `author_book`(`author`, `entryid`) VALUES ('Hailey Flem','3767');
INSERT INTO `publisher_book`(`publisher`, `entryid`) VALUES ('Ukich Cooperations.','3767');
INSERT INTO `entry`(`entryid`,`type`) VALUES('3768','b');
INSERT INTO `book`(`title`,`entryid`,`isbn`,`type`) VALUES('Korean by Discussion','3768','9562093934755','e');
INSERT INTO `genre_book`(`genre`, `entryid`) VALUES ('Adventure','3768');
INSERT INTO `author_book`(`author`, `entryid`) VALUES ('Al Tourigny','3768');
INSERT INTO `publisher_book`(`publisher`, `entryid`) VALUES ('Todaro Cooperations.','3768');
INSERT INTO `entry`(`entryid`,`type`) VALUES('3769','b');
INSERT INTO `book`(`title`,`entryid`,`isbn`,`type`) VALUES('Spike to the Radish','3769','9517462879588','e');
INSERT INTO `genre_book`(`genre`, `entryid`) VALUES ('Adventure','3769');
INSERT INTO `author_book`(`author`, `entryid`) VALUES ('Randee Pesses','3769');
INSERT INTO `publisher_book`(`publisher`, `entryid`) VALUES ('Slinker Cooperations.','3769');
INSERT INTO `entry`(`entryid`,`type`) VALUES('3770','b');
INSERT INTO `book`(`title`,`entryid`,`isbn`,`type`) VALUES('Engine in blotchiest Bladder','3770','0447395080365','e');
INSERT INTO `genre_book`(`genre`, `entryid`) VALUES ('Sci-Fi','3770');
INSERT INTO `author_book`(`author`, `entryid`) VALUES ('Nana Koinzan','3770');
INSERT INTO `publisher_book`(`publisher`, `entryid`) VALUES ('Degaetano Publishers.','3770');
INSERT INTO `entry`(`entryid`,`type`) VALUES('3771','b');
INSERT INTO `book`(`title`,`entryid`,`isbn`,`type`) VALUES('Sink to the airier Kitchen','3771','0441725772207','e');
INSERT INTO `genre_book`(`genre`, `entryid`) VALUES ('Thriller','3771');
INSERT INTO `author_book`(`author`, `entryid`) VALUES ('Lorita Crask','3771');
INSERT INTO `publisher_book`(`publisher`, `entryid`) VALUES ('Bigos Inc.','3771');
INSERT INTO `entry`(`entryid`,`type`) VALUES('3772','b');
INSERT INTO `book`(`title`,`entryid`,`isbn`,`type`) VALUES('Bait of the Pound','3772','0662030030528','j');
INSERT INTO `genre_book`(`genre`, `entryid`) VALUES ('Science','3772');
INSERT INTO `author_book`(`author`, `entryid`) VALUES ('Fredrick Zoelle','3772');
INSERT INTO `publisher_book`(`publisher`, `entryid`) VALUES ('Trapp Inc.','3772');
INSERT INTO `entry`(`entryid`,`type`) VALUES('3773','b');
INSERT INTO `book`(`title`,`entryid`,`isbn`,`type`) VALUES('Garage in Time','3773','9680691881879','j');
INSERT INTO `genre_book`(`genre`, `entryid`) VALUES ('Romance','3773');
INSERT INTO `author_book`(`author`, `entryid`) VALUES ('Christin Sharifi','3773');
INSERT INTO `publisher_book`(`publisher`, `entryid`) VALUES ('Koral Publishers.','3773');
INSERT INTO `entry`(`entryid`,`type`) VALUES('3774','b');
INSERT INTO `book`(`title`,`entryid`,`isbn`,`type`) VALUES('Uzbekistan and the Deer','3774','0868904416953','j');
INSERT INTO `genre_book`(`genre`, `entryid`) VALUES ('Thriller','3774');
INSERT INTO `author_book`(`author`, `entryid`) VALUES ('Lora Record','3774');
INSERT INTO `publisher_book`(`publisher`, `entryid`) VALUES ('Ebrahimi Cooperations.','3774');
INSERT INTO `entry`(`entryid`,`type`) VALUES('3775','b');
INSERT INTO `book`(`title`,`entryid`,`isbn`,`type`) VALUES('Skiing by operose Myanmar','3775','9442662367462','e');
INSERT INTO `genre_book`(`genre`, `entryid`) VALUES ('Education','3775');
INSERT INTO `author`(`name`,`birthyear`,`deathyear`) VALUES('Evan Bonin','1955','2030');
INSERT INTO `author_book`(`author`, `entryid`) VALUES ('Evan Bonin','3775');
INSERT INTO `publisher_book`(`publisher`, `entryid`) VALUES ('Coltman Inc.','3775');
INSERT INTO `entry`(`entryid`,`type`) VALUES('3776','b');
INSERT INTO `book`(`title`,`entryid`,`isbn`,`type`) VALUES('Tortellini for Grass','3776','0004080503716','j');
INSERT INTO `genre_book`(`genre`, `entryid`) VALUES ('Romance','3776');
INSERT INTO `author_book`(`author`, `entryid`) VALUES ('Dionna Landefeld','3776');
INSERT INTO `publisher_book`(`publisher`, `entryid`) VALUES ('Estrem Inc.','3776');
INSERT INTO `entry`(`entryid`,`type`) VALUES('3777','b');
INSERT INTO `book`(`title`,`entryid`,`isbn`,`type`) VALUES('Brother-in-law and Support','3777','9533694030132','b');
INSERT INTO `genre_book`(`genre`, `entryid`) VALUES ('Romance','3777');
INSERT INTO `author_book`(`author`, `entryid`) VALUES ('Tamela Skutt','3777');
INSERT INTO `publisher_book`(`publisher`, `entryid`) VALUES ('Konger Publishers.','3777');
INSERT INTO `entry`(`entryid`,`type`) VALUES('3778','b');
INSERT INTO `book`(`title`,`entryid`,`isbn`,`type`) VALUES('Grade in Gondola','3778','9649104490191','j');
INSERT INTO `genre_book`(`genre`, `entryid`) VALUES ('Sci-Fi','3778');
INSERT INTO `author_book`(`author`, `entryid`) VALUES ('Kattie Nollman','3778');
INSERT INTO `publisher_book`(`publisher`, `entryid`) VALUES ('Trumbo Publishers.','3778');
INSERT INTO `entry`(`entryid`,`type`) VALUES('3779','b');
INSERT INTO `book`(`title`,`entryid`,`isbn`,`type`) VALUES('Ostrich to the Vacuum','3779','0668723051421','b');
INSERT INTO `genre_book`(`genre`, `entryid`) VALUES ('Science','3779');
INSERT INTO `author_book`(`author`, `entryid`) VALUES ('Natalie Wnuk','3779');
INSERT INTO `publisher_book`(`publisher`, `entryid`) VALUES ('Dentel Inc.','3779');
INSERT INTO `entry`(`entryid`,`type`) VALUES('3780','b');
INSERT INTO `book`(`title`,`entryid`,`isbn`,`type`) VALUES('Hawk in Temperature','3780','0129713405421','e');
INSERT INTO `genre_book`(`genre`, `entryid`) VALUES ('Horror','3780');
INSERT INTO `author`(`name`,`birthyear`,`deathyear`) VALUES('Bethel Maushardt','1920','1958');
INSERT INTO `author_book`(`author`, `entryid`) VALUES ('Bethel Maushardt','3780');
INSERT INTO `publisher_book`(`publisher`, `entryid`) VALUES ('Zorns Inc.','3780');
INSERT INTO `entry`(`entryid`,`type`) VALUES('3781','b');
INSERT INTO `book`(`title`,`entryid`,`isbn`,`type`) VALUES('Sphere for the unedited Sound','3781','9295403021438','e');
INSERT INTO `genre_book`(`genre`, `entryid`) VALUES ('Education','3781');
INSERT INTO `author_book`(`author`, `entryid`) VALUES ('Alverta Souser','3781');
INSERT INTO `publisher_book`(`publisher`, `entryid`) VALUES ('Marentez Inc.','3781');
INSERT INTO `entry`(`entryid`,`type`) VALUES('3782','b');
INSERT INTO `book`(`title`,`entryid`,`isbn`,`type`) VALUES('Parallelogram with Coast','3782','0836711307408','j');
INSERT INTO `genre_book`(`genre`, `entryid`) VALUES ('Education','3782');
INSERT INTO `author_book`(`author`, `entryid`) VALUES ('Leah Dettmann','3782');
INSERT INTO `publisher_book`(`publisher`, `entryid`) VALUES ('Gerondale Inc.','3782');
INSERT INTO `entry`(`entryid`,`type`) VALUES('3783','b');
INSERT INTO `book`(`title`,`entryid`,`isbn`,`type`) VALUES('Unshielded vs. Abyssinian Europe','3783','9961850031907','b');
INSERT INTO `genre_book`(`genre`, `entryid`) VALUES ('Thriller','3783');
INSERT INTO `author_book`(`author`, `entryid`) VALUES ('Delia Sulivan','3783');
INSERT INTO `publisher_book`(`publisher`, `entryid`) VALUES ('Ruggero Cooperations.','3783');
INSERT INTO `entry`(`entryid`,`type`) VALUES('3784','b');
INSERT INTO `book`(`title`,`entryid`,`isbn`,`type`) VALUES('Stretch and the primordial Example','3784','0118240519798','e');
INSERT INTO `genre_book`(`genre`, `entryid`) VALUES ('Science','3784');
INSERT INTO `author_book`(`author`, `entryid`) VALUES ('Alberto Samuelsen','3784');
INSERT INTO `publisher_book`(`publisher`, `entryid`) VALUES ('Sieger Inc.','3784');
INSERT INTO `entry`(`entryid`,`type`) VALUES('3785','b');
INSERT INTO `book`(`title`,`entryid`,`isbn`,`type`) VALUES('Playroom in Egypt','3785','9667591234438','j');
INSERT INTO `genre_book`(`genre`, `entryid`) VALUES ('Romance','3785');
INSERT INTO `author_book`(`author`, `entryid`) VALUES ('Isabel Mcdeavitt','3785');
INSERT INTO `publisher_book`(`publisher`, `entryid`) VALUES ('Reents Publishers.','3785');
INSERT INTO `entry`(`entryid`,`type`) VALUES('3786','b');
INSERT INTO `book`(`title`,`entryid`,`isbn`,`type`) VALUES('Income for curved Fridge','3786','9864146595083','e');
INSERT INTO `genre_book`(`genre`, `entryid`) VALUES ('Romance','3786');
INSERT INTO `author_book`(`author`, `entryid`) VALUES ('Sebrina Clarkson','3786');
INSERT INTO `publisher_book`(`publisher`, `entryid`) VALUES ('Saska Publishers.','3786');
INSERT INTO `entry`(`entryid`,`type`) VALUES('3787','b');
INSERT INTO `book`(`title`,`entryid`,`isbn`,`type`) VALUES('Mouse to the thornier Lock','3787','9965679174471','e');
INSERT INTO `genre_book`(`genre`, `entryid`) VALUES ('Adventure','3787');
INSERT INTO `author_book`(`author`, `entryid`) VALUES ('Benito Stagliano','3787');
INSERT INTO `publisher_book`(`publisher`, `entryid`) VALUES ('Gardino Publishers.','3787');
INSERT INTO `entry`(`entryid`,`type`) VALUES('3788','b');
INSERT INTO `book`(`title`,`entryid`,`isbn`,`type`) VALUES('Cement with even-minded Whip','3788','0088193807431','e');
INSERT INTO `genre_book`(`genre`, `entryid`) VALUES ('Education','3788');
INSERT INTO `author_book`(`author`, `entryid`) VALUES ('Lizbeth Langworthy','3788');
INSERT INTO `publisher_book`(`publisher`, `entryid`) VALUES ('Shuffstall Cooperations.','3788');
INSERT INTO `entry`(`entryid`,`type`) VALUES('3789','b');
INSERT INTO `book`(`title`,`entryid`,`isbn`,`type`) VALUES('Step-sister against the Pancake','3789','0610858328153','e');
INSERT INTO `genre_book`(`genre`, `entryid`) VALUES ('Science','3789');
INSERT INTO `author_book`(`author`, `entryid`) VALUES ('Sumiko Opara','3789');
INSERT INTO `publisher`(`name`) VALUES ('Eisel Inc.');
INSERT INTO `publisher_book`(`publisher`, `entryid`) VALUES ('Eisel Inc.','3789');
INSERT INTO `entry`(`entryid`,`type`) VALUES('3790','b');
INSERT INTO `book`(`title`,`entryid`,`isbn`,`type`) VALUES('Period with Doll','3790','9084787508069','b');
INSERT INTO `genre_book`(`genre`, `entryid`) VALUES ('Adventure','3790');
INSERT INTO `author_book`(`author`, `entryid`) VALUES ('Sofia Aanenson','3790');
INSERT INTO `publisher_book`(`publisher`, `entryid`) VALUES ('Trobaugh Publishers.','3790');
INSERT INTO `entry`(`entryid`,`type`) VALUES('3791','b');
INSERT INTO `book`(`title`,`entryid`,`isbn`,`type`) VALUES('Volcano by Coach','3791','0533891147035','e');
INSERT INTO `genre_book`(`genre`, `entryid`) VALUES ('Education','3791');
INSERT INTO `author_book`(`author`, `entryid`) VALUES ('Jimmy Snapp','3791');
INSERT INTO `publisher_book`(`publisher`, `entryid`) VALUES ('Vattikuti Publishers.','3791');
INSERT INTO `entry`(`entryid`,`type`) VALUES('3792','b');
INSERT INTO `book`(`title`,`entryid`,`isbn`,`type`) VALUES('Anthony with the Volleyball','3792','0143586691325','b');
INSERT INTO `genre_book`(`genre`, `entryid`) VALUES ('Romance','3792');
INSERT INTO `author_book`(`author`, `entryid`) VALUES ('Raleigh Skogstad','3792');
INSERT INTO `publisher_book`(`publisher`, `entryid`) VALUES ('Schwamberger Inc.','3792');
INSERT INTO `entry`(`entryid`,`type`) VALUES('3793','b');
INSERT INTO `book`(`title`,`entryid`,`isbn`,`type`) VALUES('Building and initiative Ghost','3793','0195807981710','e');
INSERT INTO `genre_book`(`genre`, `entryid`) VALUES ('Education','3793');
INSERT INTO `author_book`(`author`, `entryid`) VALUES ('Christin Sharifi','3793');
INSERT INTO `publisher_book`(`publisher`, `entryid`) VALUES ('Kotlar Publishers.','3793');
INSERT INTO `entry`(`entryid`,`type`) VALUES('3794','b');
INSERT INTO `book`(`title`,`entryid`,`isbn`,`type`) VALUES('Smell to Capricorn','3794','9431069146645','j');
INSERT INTO `genre_book`(`genre`, `entryid`) VALUES ('Thriller','3794');
INSERT INTO `author_book`(`author`, `entryid`) VALUES ('Mayme Kovach','3794');
INSERT INTO `publisher_book`(`publisher`, `entryid`) VALUES ('Lubell Inc.','3794');
INSERT INTO `entry`(`entryid`,`type`) VALUES('3795','b');
INSERT INTO `book`(`title`,`entryid`,`isbn`,`type`) VALUES('Record against the riled Bulldozer','3795','9609349656706','j');
INSERT INTO `genre_book`(`genre`, `entryid`) VALUES ('Adventure','3795');
INSERT INTO `author_book`(`author`, `entryid`) VALUES ('Bryon Pasha','3795');
INSERT INTO `publisher_book`(`publisher`, `entryid`) VALUES ('Marcelino Inc.','3795');
INSERT INTO `entry`(`entryid`,`type`) VALUES('3796','b');
INSERT INTO `book`(`title`,`entryid`,`isbn`,`type`) VALUES('Aftershave with Battery','3796','9691791609777','b');
INSERT INTO `genre_book`(`genre`, `entryid`) VALUES ('Education','3796');
INSERT INTO `author_book`(`author`, `entryid`) VALUES ('Valerie Carlee','3796');
INSERT INTO `publisher_book`(`publisher`, `entryid`) VALUES ('Brotman Inc.','3796');
INSERT INTO `entry`(`entryid`,`type`) VALUES('3797','b');
INSERT INTO `book`(`title`,`entryid`,`isbn`,`type`) VALUES('Octopus in Scorpion','3797','9584224120585','j');
INSERT INTO `genre_book`(`genre`, `entryid`) VALUES ('Science','3797');
INSERT INTO `author_book`(`author`, `entryid`) VALUES ('Lizbeth Langworthy','3797');
INSERT INTO `publisher_book`(`publisher`, `entryid`) VALUES ('Lelli Publishers.','3797');
INSERT INTO `entry`(`entryid`,`type`) VALUES('3798','b');
INSERT INTO `book`(`title`,`entryid`,`isbn`,`type`) VALUES('Plastic of the Machine','3798','0481308400537','j');
INSERT INTO `genre_book`(`genre`, `entryid`) VALUES ('Adventure','3798');
INSERT INTO `author_book`(`author`, `entryid`) VALUES ('Kathe Hernon','3798');
INSERT INTO `publisher_book`(`publisher`, `entryid`) VALUES ('Heritage Publishers.','3798');
INSERT INTO `entry`(`entryid`,`type`) VALUES('3799','b');
INSERT INTO `book`(`title`,`entryid`,`isbn`,`type`) VALUES('Dry and Liver','3799','0350438766014','e');
INSERT INTO `genre_book`(`genre`, `entryid`) VALUES ('Romance','3799');
INSERT INTO `author_book`(`author`, `entryid`) VALUES ('Anibal Hinman','3799');
INSERT INTO `publisher_book`(`publisher`, `entryid`) VALUES ('Massey Cooperations.','3799');
INSERT INTO `entry`(`entryid`,`type`) VALUES('3800','b');
INSERT INTO `book`(`title`,`entryid`,`isbn`,`type`) VALUES('Cappelletti because of Condor','3800','9177183979575','e');
INSERT INTO `genre_book`(`genre`, `entryid`) VALUES ('Romance','3800');
INSERT INTO `author_book`(`author`, `entryid`) VALUES ('Wallace Corelli','3800');
INSERT INTO `publisher_book`(`publisher`, `entryid`) VALUES ('Atkison Inc.','3800');
INSERT INTO `entry`(`entryid`,`type`) VALUES('3801','b');
INSERT INTO `book`(`title`,`entryid`,`isbn`,`type`) VALUES('Rubber vs. Pollution','3801','0196449905963','j');
INSERT INTO `genre_book`(`genre`, `entryid`) VALUES ('Horror','3801');
INSERT INTO `author`(`name`,`birthyear`,`deathyear`) VALUES('Tristan Turowski','1978','2012');
INSERT INTO `author_book`(`author`, `entryid`) VALUES ('Tristan Turowski','3801');
INSERT INTO `publisher_book`(`publisher`, `entryid`) VALUES ('Giantonio Publishers.','3801');
INSERT INTO `entry`(`entryid`,`type`) VALUES('3802','b');
INSERT INTO `book`(`title`,`entryid`,`isbn`,`type`) VALUES('Comfort of the Sudanese Burst','3802','9299671687215','b');
INSERT INTO `genre_book`(`genre`, `entryid`) VALUES ('Thriller','3802');
INSERT INTO `author_book`(`author`, `entryid`) VALUES ('Rhea Hardey','3802');
INSERT INTO `publisher_book`(`publisher`, `entryid`) VALUES ('Bedre Publishers.','3802');
INSERT INTO `entry`(`entryid`,`type`) VALUES('3803','b');
INSERT INTO `book`(`title`,`entryid`,`isbn`,`type`) VALUES('Goldfish in the Fat','3803','9352085584275','b');
INSERT INTO `genre_book`(`genre`, `entryid`) VALUES ('Horror','3803');
INSERT INTO `author`(`name`,`birthyear`,`deathyear`) VALUES('Lenita Dahm','1918','1963');
INSERT INTO `author_book`(`author`, `entryid`) VALUES ('Lenita Dahm','3803');
INSERT INTO `publisher_book`(`publisher`, `entryid`) VALUES ('Bayles Inc.','3803');
INSERT INTO `entry`(`entryid`,`type`) VALUES('3804','b');
INSERT INTO `book`(`title`,`entryid`,`isbn`,`type`) VALUES('Spark vs. unliquidated Dipstick','3804','9481035164876','b');
INSERT INTO `genre_book`(`genre`, `entryid`) VALUES ('Education','3804');
INSERT INTO `author_book`(`author`, `entryid`) VALUES ('Sanjuanita Maisel','3804');
INSERT INTO `publisher_book`(`publisher`, `entryid`) VALUES ('Lanphere Cooperations.','3804');
INSERT INTO `entry`(`entryid`,`type`) VALUES('3805','b');
INSERT INTO `book`(`title`,`entryid`,`isbn`,`type`) VALUES('Hill for the summery Squid','3805','0684565305150','e');
INSERT INTO `genre_book`(`genre`, `entryid`) VALUES ('Thriller','3805');
INSERT INTO `author_book`(`author`, `entryid`) VALUES ('Sherlene Elofson','3805');
INSERT INTO `publisher_book`(`publisher`, `entryid`) VALUES ('Munaz Publishers.','3805');
INSERT INTO `entry`(`entryid`,`type`) VALUES('3806','b');
INSERT INTO `book`(`title`,`entryid`,`isbn`,`type`) VALUES('Screen against the Cupboard','3806','9697182962849','e');
INSERT INTO `genre_book`(`genre`, `entryid`) VALUES ('Education','3806');
INSERT INTO `author_book`(`author`, `entryid`) VALUES ('Joane Ebersole','3806');
INSERT INTO `publisher_book`(`publisher`, `entryid`) VALUES ('Klumph Inc.','3806');
INSERT INTO `entry`(`entryid`,`type`) VALUES('3807','b');
INSERT INTO `book`(`title`,`entryid`,`isbn`,`type`) VALUES('Brochure by misanthropic Bar','3807','0112267205876','b');
INSERT INTO `genre_book`(`genre`, `entryid`) VALUES ('Thriller','3807');
INSERT INTO `author`(`name`,`birthyear`,`deathyear`) VALUES('Adria Winkles','1942','2034');
INSERT INTO `author_book`(`author`, `entryid`) VALUES ('Adria Winkles','3807');
INSERT INTO `publisher_book`(`publisher`, `entryid`) VALUES ('Cerrito Inc.','3807');
INSERT INTO `entry`(`entryid`,`type`) VALUES('3808','b');
INSERT INTO `book`(`title`,`entryid`,`isbn`,`type`) VALUES('Pakistan to the undistorted Rule','3808','0968300273777','j');
INSERT INTO `genre_book`(`genre`, `entryid`) VALUES ('Sci-Fi','3808');
INSERT INTO `author_book`(`author`, `entryid`) VALUES ('Saul Traugott','3808');
INSERT INTO `publisher_book`(`publisher`, `entryid`) VALUES ('Kotlar Publishers.','3808');
INSERT INTO `entry`(`entryid`,`type`) VALUES('3809','b');
INSERT INTO `book`(`title`,`entryid`,`isbn`,`type`) VALUES('Rocket to the amoebic Minister','3809','0381260901523','b');
INSERT INTO `genre_book`(`genre`, `entryid`) VALUES ('Education','3809');
INSERT INTO `author_book`(`author`, `entryid`) VALUES ('Greg Zadd','3809');
INSERT INTO `publisher_book`(`publisher`, `entryid`) VALUES ('Leydecker Inc.','3809');
INSERT INTO `entry`(`entryid`,`type`) VALUES('3810','b');
INSERT INTO `book`(`title`,`entryid`,`isbn`,`type`) VALUES('Visitor against unavenged Pancreas','3810','0797230576498','e');
INSERT INTO `genre_book`(`genre`, `entryid`) VALUES ('Science','3810');
INSERT INTO `author_book`(`author`, `entryid`) VALUES ('Jerry Hoxsie','3810');
INSERT INTO `publisher_book`(`publisher`, `entryid`) VALUES ('Luchenbill Inc.','3810');
INSERT INTO `entry`(`entryid`,`type`) VALUES('3811','b');
INSERT INTO `book`(`title`,`entryid`,`isbn`,`type`) VALUES('Index and the impermissible Care','3811','0841709233340','e');
INSERT INTO `genre_book`(`genre`, `entryid`) VALUES ('Romance','3811');
INSERT INTO `author_book`(`author`, `entryid`) VALUES ('Shanell Yago','3811');
INSERT INTO `publisher_book`(`publisher`, `entryid`) VALUES ('Hollner Publishers.','3811');
INSERT INTO `entry`(`entryid`,`type`) VALUES('3812','b');
INSERT INTO `book`(`title`,`entryid`,`isbn`,`type`) VALUES('Traffic to the verticillate Hose','3812','9974178895881','j');
INSERT INTO `genre_book`(`genre`, `entryid`) VALUES ('Education','3812');
INSERT INTO `author_book`(`author`, `entryid`) VALUES ('Paulene Knap','3812');
INSERT INTO `publisher_book`(`publisher`, `entryid`) VALUES ('Bumby Inc.','3812');
INSERT INTO `entry`(`entryid`,`type`) VALUES('3813','b');
INSERT INTO `book`(`title`,`entryid`,`isbn`,`type`) VALUES('Error with Workshop','3813','0498790590479','b');
INSERT INTO `genre_book`(`genre`, `entryid`) VALUES ('Romance','3813');
INSERT INTO `author`(`name`,`birthyear`,`deathyear`) VALUES('Nada Candela','1889','1949');
INSERT INTO `author_book`(`author`, `entryid`) VALUES ('Nada Candela','3813');
INSERT INTO `publisher_book`(`publisher`, `entryid`) VALUES ('Kindlimann Inc.','3813');
INSERT INTO `entry`(`entryid`,`type`) VALUES('3814','b');
INSERT INTO `book`(`title`,`entryid`,`isbn`,`type`) VALUES('Beer and boustrophedon Power','3814','9071179812101','b');
INSERT INTO `genre_book`(`genre`, `entryid`) VALUES ('Adventure','3814');
INSERT INTO `author`(`name`,`birthyear`,`deathyear`) VALUES('Mayola Copping','1923','1946');
INSERT INTO `author_book`(`author`, `entryid`) VALUES ('Mayola Copping','3814');
INSERT INTO `publisher_book`(`publisher`, `entryid`) VALUES ('Landacre Inc.','3814');
INSERT INTO `entry`(`entryid`,`type`) VALUES('3815','b');
INSERT INTO `book`(`title`,`entryid`,`isbn`,`type`) VALUES('Step-son to Michael','3815','9344273205541','j');
INSERT INTO `genre_book`(`genre`, `entryid`) VALUES ('Thriller','3815');
INSERT INTO `author_book`(`author`, `entryid`) VALUES ('Debora Velzy','3815');
INSERT INTO `publisher_book`(`publisher`, `entryid`) VALUES ('Trobaugh Publishers.','3815');
INSERT INTO `entry`(`entryid`,`type`) VALUES('3816','b');
INSERT INTO `book`(`title`,`entryid`,`isbn`,`type`) VALUES('Curve to the Drill','3816','0709865957926','j');
INSERT INTO `genre_book`(`genre`, `entryid`) VALUES ('Adventure','3816');
INSERT INTO `author_book`(`author`, `entryid`) VALUES ('Fletcher Arnau','3816');
INSERT INTO `publisher_book`(`publisher`, `entryid`) VALUES ('Seta Inc.','3816');
INSERT INTO `entry`(`entryid`,`type`) VALUES('3817','b');
INSERT INTO `book`(`title`,`entryid`,`isbn`,`type`) VALUES('Message for Line','3817','0259185072324','j');
INSERT INTO `genre_book`(`genre`, `entryid`) VALUES ('Romance','3817');
INSERT INTO `author_book`(`author`, `entryid`) VALUES ('Rebekah Cohn','3817');
INSERT INTO `publisher_book`(`publisher`, `entryid`) VALUES ('Klumph Inc.','3817');
INSERT INTO `entry`(`entryid`,`type`) VALUES('3818','b');
INSERT INTO `book`(`title`,`entryid`,`isbn`,`type`) VALUES('Japanese with unsatiating Clock','3818','9590729886505','j');
INSERT INTO `genre_book`(`genre`, `entryid`) VALUES ('Romance','3818');
INSERT INTO `author`(`name`,`birthyear`,`deathyear`) VALUES('Layne Nauer','1919','1943');
INSERT INTO `author_book`(`author`, `entryid`) VALUES ('Layne Nauer','3818');
INSERT INTO `publisher_book`(`publisher`, `entryid`) VALUES ('Konger Publishers.','3818');
INSERT INTO `entry`(`entryid`,`type`) VALUES('3819','b');
INSERT INTO `book`(`title`,`entryid`,`isbn`,`type`) VALUES('Continent with Himalayan','3819','0573158172819','b');
INSERT INTO `genre_book`(`genre`, `entryid`) VALUES ('Romance','3819');
INSERT INTO `author_book`(`author`, `entryid`) VALUES ('Imogene Brumm','3819');
INSERT INTO `publisher_book`(`publisher`, `entryid`) VALUES ('Haggerty Cooperations.','3819');
INSERT INTO `entry`(`entryid`,`type`) VALUES('3820','b');
INSERT INTO `book`(`title`,`entryid`,`isbn`,`type`) VALUES('Order against the hygrometric Aftermath','3820','0035137220348','e');
INSERT INTO `genre_book`(`genre`, `entryid`) VALUES ('Horror','3820');
INSERT INTO `author`(`name`,`birthyear`,`deathyear`) VALUES('Ashli Glessner','1956','2005');
INSERT INTO `author_book`(`author`, `entryid`) VALUES ('Ashli Glessner','3820');
INSERT INTO `publisher_book`(`publisher`, `entryid`) VALUES ('Vote Publishers.','3820');
INSERT INTO `entry`(`entryid`,`type`) VALUES('3821','b');
INSERT INTO `book`(`title`,`entryid`,`isbn`,`type`) VALUES('Icebreaker by Reindeer','3821','0334636389395','b');
INSERT INTO `genre_book`(`genre`, `entryid`) VALUES ('Thriller','3821');
INSERT INTO `author_book`(`author`, `entryid`) VALUES ('Siu Barda','3821');
INSERT INTO `publisher_book`(`publisher`, `entryid`) VALUES ('Trickel Inc.','3821');
INSERT INTO `entry`(`entryid`,`type`) VALUES('3822','b');
INSERT INTO `book`(`title`,`entryid`,`isbn`,`type`) VALUES('Pound against unjustifiable Apartment','3822','0989382228010','e');
INSERT INTO `genre_book`(`genre`, `entryid`) VALUES ('Thriller','3822');
INSERT INTO `author_book`(`author`, `entryid`) VALUES ('Cassie Dicampli','3822');
INSERT INTO `publisher_book`(`publisher`, `entryid`) VALUES ('Woskobojnik Inc.','3822');
INSERT INTO `entry`(`entryid`,`type`) VALUES('3823','b');
INSERT INTO `book`(`title`,`entryid`,`isbn`,`type`) VALUES('Plasterboard against the retroflexed Step-daughter','3823','0215235287365','e');
INSERT INTO `genre_book`(`genre`, `entryid`) VALUES ('Science','3823');
INSERT INTO `author_book`(`author`, `entryid`) VALUES ('Evangelina Mcelreavy','3823');
INSERT INTO `publisher_book`(`publisher`, `entryid`) VALUES ('Bolick Inc.','3823');
INSERT INTO `entry`(`entryid`,`type`) VALUES('3824','b');
INSERT INTO `book`(`title`,`entryid`,`isbn`,`type`) VALUES('Creditor and Organization','3824','0025504724524','b');
INSERT INTO `genre_book`(`genre`, `entryid`) VALUES ('Thriller','3824');
INSERT INTO `author`(`name`,`birthyear`,`deathyear`) VALUES('Eura Spangle','1963','1994');
INSERT INTO `author_book`(`author`, `entryid`) VALUES ('Eura Spangle','3824');
INSERT INTO `publisher_book`(`publisher`, `entryid`) VALUES ('Gorney Publishers.','3824');
INSERT INTO `entry`(`entryid`,`type`) VALUES('3825','b');
INSERT INTO `book`(`title`,`entryid`,`isbn`,`type`) VALUES('Quartz in the spherular Flute','3825','0789605163049','b');
INSERT INTO `genre_book`(`genre`, `entryid`) VALUES ('Sci-Fi','3825');
INSERT INTO `author`(`name`,`birthyear`,`deathyear`) VALUES('Van Saxman','1911','1962');
INSERT INTO `author_book`(`author`, `entryid`) VALUES ('Van Saxman','3825');
INSERT INTO `publisher_book`(`publisher`, `entryid`) VALUES ('Dingson Publishers.','3825');
INSERT INTO `entry`(`entryid`,`type`) VALUES('3826','b');
INSERT INTO `book`(`title`,`entryid`,`isbn`,`type`) VALUES('Iron against Nic','3826','0727632162837','e');
INSERT INTO `genre_book`(`genre`, `entryid`) VALUES ('Romance','3826');
INSERT INTO `author_book`(`author`, `entryid`) VALUES ('Timothy Rasmus','3826');
INSERT INTO `publisher_book`(`publisher`, `entryid`) VALUES ('Blythe Publishers.','3826');
INSERT INTO `entry`(`entryid`,`type`) VALUES('3827','b');
INSERT INTO `book`(`title`,`entryid`,`isbn`,`type`) VALUES('Stocking vs. Process','3827','9836819301036','e');
INSERT INTO `genre_book`(`genre`, `entryid`) VALUES ('Romance','3827');
INSERT INTO `author_book`(`author`, `entryid`) VALUES ('Alisia Mcglohon','3827');
INSERT INTO `publisher_book`(`publisher`, `entryid`) VALUES ('Larman Publishers.','3827');
INSERT INTO `entry`(`entryid`,`type`) VALUES('3828','b');
INSERT INTO `book`(`title`,`entryid`,`isbn`,`type`) VALUES('Clover in Banjo','3828','9518412762260','e');
INSERT INTO `genre_book`(`genre`, `entryid`) VALUES ('Adventure','3828');
INSERT INTO `author_book`(`author`, `entryid`) VALUES ('Mark Benck','3828');
INSERT INTO `publisher_book`(`publisher`, `entryid`) VALUES ('Brisbon Publishers.','3828');
INSERT INTO `entry`(`entryid`,`type`) VALUES('3829','b');
INSERT INTO `book`(`title`,`entryid`,`isbn`,`type`) VALUES('Wrinkle vs. Vermicelli','3829','9313054391237','j');
INSERT INTO `genre_book`(`genre`, `entryid`) VALUES ('Science','3829');
INSERT INTO `author_book`(`author`, `entryid`) VALUES ('Shelly Merrithew','3829');
INSERT INTO `publisher_book`(`publisher`, `entryid`) VALUES ('Capurro Publishers.','3829');
INSERT INTO `entry`(`entryid`,`type`) VALUES('3830','b');
INSERT INTO `book`(`title`,`entryid`,`isbn`,`type`) VALUES('Jute to Scanner','3830','9718753003452','b');
INSERT INTO `genre_book`(`genre`, `entryid`) VALUES ('Horror','3830');
INSERT INTO `author_book`(`author`, `entryid`) VALUES ('Mayme Kovach','3830');
INSERT INTO `publisher_book`(`publisher`, `entryid`) VALUES ('Bagnaschi Publishers.','3830');
INSERT INTO `entry`(`entryid`,`type`) VALUES('3831','b');
INSERT INTO `book`(`title`,`entryid`,`isbn`,`type`) VALUES('Bobcat of Powder','3831','0772101430003','e');
INSERT INTO `genre_book`(`genre`, `entryid`) VALUES ('Science','3831');
INSERT INTO `author_book`(`author`, `entryid`) VALUES ('Claribel Norrington','3831');
INSERT INTO `publisher_book`(`publisher`, `entryid`) VALUES ('Kotlar Publishers.','3831');
INSERT INTO `entry`(`entryid`,`type`) VALUES('3832','b');
INSERT INTO `book`(`title`,`entryid`,`isbn`,`type`) VALUES('Trail to Milk','3832','9823862221345','j');
INSERT INTO `genre_book`(`genre`, `entryid`) VALUES ('Horror','3832');
INSERT INTO `author`(`name`,`birthyear`,`deathyear`) VALUES('Maurice Ceravolo','1929','1996');
INSERT INTO `author_book`(`author`, `entryid`) VALUES ('Maurice Ceravolo','3832');
INSERT INTO `publisher_book`(`publisher`, `entryid`) VALUES ('Marentez Inc.','3832');
INSERT INTO `entry`(`entryid`,`type`) VALUES('3833','b');
INSERT INTO `book`(`title`,`entryid`,`isbn`,`type`) VALUES('Himalayan to the Worm','3833','9745326954236','j');
INSERT INTO `genre_book`(`genre`, `entryid`) VALUES ('Education','3833');
INSERT INTO `author_book`(`author`, `entryid`) VALUES ('Imogene Brumm','3833');
INSERT INTO `publisher_book`(`publisher`, `entryid`) VALUES ('Varas Publishers.','3833');
INSERT INTO `entry`(`entryid`,`type`) VALUES('3834','b');
INSERT INTO `book`(`title`,`entryid`,`isbn`,`type`) VALUES('Nurse to Lunge','3834','0388109194570','j');
INSERT INTO `genre_book`(`genre`, `entryid`) VALUES ('Horror','3834');
INSERT INTO `author_book`(`author`, `entryid`) VALUES ('Gerry Sovich','3834');
INSERT INTO `publisher_book`(`publisher`, `entryid`) VALUES ('Haith Inc.','3834');
INSERT INTO `entry`(`entryid`,`type`) VALUES('3835','b');
INSERT INTO `book`(`title`,`entryid`,`isbn`,`type`) VALUES('Undershirt in the crookbacked Drug','3835','0252394568566','b');
INSERT INTO `genre_book`(`genre`, `entryid`) VALUES ('Education','3835');
INSERT INTO `author_book`(`author`, `entryid`) VALUES ('Tenesha Blaum','3835');
INSERT INTO `publisher_book`(`publisher`, `entryid`) VALUES ('Wolfer Cooperations.','3835');
INSERT INTO `entry`(`entryid`,`type`) VALUES('3836','b');
INSERT INTO `book`(`title`,`entryid`,`isbn`,`type`) VALUES('Bun and Linen','3836','9857946624501','e');
INSERT INTO `genre_book`(`genre`, `entryid`) VALUES ('Education','3836');
INSERT INTO `author_book`(`author`, `entryid`) VALUES ('Raguel Darmody','3836');
INSERT INTO `publisher_book`(`publisher`, `entryid`) VALUES ('Gallegos Publishers.','3836');
INSERT INTO `entry`(`entryid`,`type`) VALUES('3837','b');
INSERT INTO `book`(`title`,`entryid`,`isbn`,`type`) VALUES('Mayonnaise in Offer','3837','0215974543146','b');
INSERT INTO `genre_book`(`genre`, `entryid`) VALUES ('Horror','3837');
INSERT INTO `author_book`(`author`, `entryid`) VALUES ('Loren Zarn','3837');
INSERT INTO `publisher_book`(`publisher`, `entryid`) VALUES ('Rouch Publishers.','3837');
INSERT INTO `entry`(`entryid`,`type`) VALUES('3838','b');
INSERT INTO `book`(`title`,`entryid`,`isbn`,`type`) VALUES('Pantyhose by the isopodan Uzbekistan','3838','0144275411117','b');
INSERT INTO `genre_book`(`genre`, `entryid`) VALUES ('Thriller','3838');
INSERT INTO `author`(`name`,`birthyear`,`deathyear`) VALUES('Marketta Fernandez','1949','2049');
INSERT INTO `author_book`(`author`, `entryid`) VALUES ('Marketta Fernandez','3838');
INSERT INTO `publisher_book`(`publisher`, `entryid`) VALUES ('Salvatori Inc.','3838');
INSERT INTO `entry`(`entryid`,`type`) VALUES('3839','b');
INSERT INTO `book`(`title`,`entryid`,`isbn`,`type`) VALUES('Scooter against the unoccupied Bamboo','3839','9306336706657','e');
INSERT INTO `genre_book`(`genre`, `entryid`) VALUES ('Adventure','3839');
INSERT INTO `author_book`(`author`, `entryid`) VALUES ('Paris Samway','3839');
INSERT INTO `publisher_book`(`publisher`, `entryid`) VALUES ('Giampaolo Cooperations.','3839');
INSERT INTO `entry`(`entryid`,`type`) VALUES('3840','b');
INSERT INTO `book`(`title`,`entryid`,`isbn`,`type`) VALUES('Self to unbred Voyage','3840','9564145103208','e');
INSERT INTO `genre_book`(`genre`, `entryid`) VALUES ('Science','3840');
INSERT INTO `author`(`name`,`birthyear`,`deathyear`) VALUES('Shirl Orff','1912','1974');
INSERT INTO `author_book`(`author`, `entryid`) VALUES ('Shirl Orff','3840');
INSERT INTO `publisher_book`(`publisher`, `entryid`) VALUES ('Blythe Publishers.','3840');
INSERT INTO `entry`(`entryid`,`type`) VALUES('3841','b');
INSERT INTO `book`(`title`,`entryid`,`isbn`,`type`) VALUES('Gallon of the Nitrogen','3841','0776946324276','j');
INSERT INTO `genre_book`(`genre`, `entryid`) VALUES ('Education','3841');
INSERT INTO `author`(`name`,`birthyear`,`deathyear`) VALUES('Amina Breazeal','1936','1988');
INSERT INTO `author_book`(`author`, `entryid`) VALUES ('Amina Breazeal','3841');
INSERT INTO `publisher_book`(`publisher`, `entryid`) VALUES ('Czapiewski Inc.','3841');
INSERT INTO `entry`(`entryid`,`type`) VALUES('3842','b');
INSERT INTO `book`(`title`,`entryid`,`isbn`,`type`) VALUES('Rubber by the paler Cloud','3842','0084783063403','e');
INSERT INTO `genre_book`(`genre`, `entryid`) VALUES ('Sci-Fi','3842');
INSERT INTO `author_book`(`author`, `entryid`) VALUES ('Wm Schwartze','3842');
INSERT INTO `publisher_book`(`publisher`, `entryid`) VALUES ('Valree Inc.','3842');
INSERT INTO `entry`(`entryid`,`type`) VALUES('3843','b');
INSERT INTO `book`(`title`,`entryid`,`isbn`,`type`) VALUES('Separated with Engine','3843','9759713935096','b');
INSERT INTO `genre_book`(`genre`, `entryid`) VALUES ('Adventure','3843');
INSERT INTO `author_book`(`author`, `entryid`) VALUES ('Jodee Kluender','3843');
INSERT INTO `publisher_book`(`publisher`, `entryid`) VALUES ('Foti Cooperations.','3843');
INSERT INTO `entry`(`entryid`,`type`) VALUES('3844','b');
INSERT INTO `book`(`title`,`entryid`,`isbn`,`type`) VALUES('Cupboard with the Gun','3844','0503062063018','b');
INSERT INTO `genre_book`(`genre`, `entryid`) VALUES ('Romance','3844');
INSERT INTO `author`(`name`,`birthyear`,`deathyear`) VALUES('Adrien Kulaga','1905','1942');
INSERT INTO `author_book`(`author`, `entryid`) VALUES ('Adrien Kulaga','3844');
INSERT INTO `publisher_book`(`publisher`, `entryid`) VALUES ('Tigue Cooperations.','3844');
INSERT INTO `entry`(`entryid`,`type`) VALUES('3845','b');
INSERT INTO `book`(`title`,`entryid`,`isbn`,`type`) VALUES('Sarah against Guarantee','3845','9917882027090','b');
INSERT INTO `genre_book`(`genre`, `entryid`) VALUES ('Sci-Fi','3845');
INSERT INTO `author_book`(`author`, `entryid`) VALUES ('Madaline Parrin','3845');
INSERT INTO `publisher_book`(`publisher`, `entryid`) VALUES ('Peel Inc.','3845');
INSERT INTO `entry`(`entryid`,`type`) VALUES('3846','b');
INSERT INTO `book`(`title`,`entryid`,`isbn`,`type`) VALUES('Cormorant against lang Caterpillar','3846','0010937406122','b');
INSERT INTO `genre_book`(`genre`, `entryid`) VALUES ('Science','3846');
INSERT INTO `author`(`name`,`birthyear`,`deathyear`) VALUES('Trina Baena','1952','2001');
INSERT INTO `author_book`(`author`, `entryid`) VALUES ('Trina Baena','3846');
INSERT INTO `publisher_book`(`publisher`, `entryid`) VALUES ('Chavez Publishers.','3846');
INSERT INTO `entry`(`entryid`,`type`) VALUES('3847','b');
INSERT INTO `book`(`title`,`entryid`,`isbn`,`type`) VALUES('Waiter by the Evening','3847','9050764254325','b');
INSERT INTO `genre_book`(`genre`, `entryid`) VALUES ('Romance','3847');
INSERT INTO `author_book`(`author`, `entryid`) VALUES ('Erin Beale','3847');
INSERT INTO `publisher_book`(`publisher`, `entryid`) VALUES ('Sollis Inc.','3847');
INSERT INTO `entry`(`entryid`,`type`) VALUES('3848','b');
INSERT INTO `book`(`title`,`entryid`,`isbn`,`type`) VALUES('Clerk vs. untenantable Knickers','3848','0812582392313','b');
INSERT INTO `genre_book`(`genre`, `entryid`) VALUES ('Education','3848');
INSERT INTO `author_book`(`author`, `entryid`) VALUES ('Queen Massar','3848');
INSERT INTO `publisher_book`(`publisher`, `entryid`) VALUES ('Kotlar Publishers.','3848');
INSERT INTO `entry`(`entryid`,`type`) VALUES('3849','b');
INSERT INTO `book`(`title`,`entryid`,`isbn`,`type`) VALUES('Idea for Quicksand','3849','0236258300727','b');
INSERT INTO `genre_book`(`genre`, `entryid`) VALUES ('Sci-Fi','3849');
INSERT INTO `author_book`(`author`, `entryid`) VALUES ('Minerva Branam','3849');
INSERT INTO `publisher_book`(`publisher`, `entryid`) VALUES ('Diruzzo Publishers.','3849');
INSERT INTO `entry`(`entryid`,`type`) VALUES('3850','b');
INSERT INTO `book`(`title`,`entryid`,`isbn`,`type`) VALUES('Granddaughter against Butter','3850','0059036740497','b');
INSERT INTO `genre_book`(`genre`, `entryid`) VALUES ('Horror','3850');
INSERT INTO `author_book`(`author`, `entryid`) VALUES ('Ivelisse Rosenthall','3850');
INSERT INTO `publisher_book`(`publisher`, `entryid`) VALUES ('Lubell Inc.','3850');
INSERT INTO `entry`(`entryid`,`type`) VALUES('3851','b');
INSERT INTO `book`(`title`,`entryid`,`isbn`,`type`) VALUES('Handball in turbellarian Cover','3851','0593487394148','j');
INSERT INTO `genre_book`(`genre`, `entryid`) VALUES ('Thriller','3851');
INSERT INTO `author`(`name`,`birthyear`,`deathyear`) VALUES('Shawnda Foye','1937','1966');
INSERT INTO `author_book`(`author`, `entryid`) VALUES ('Shawnda Foye','3851');
INSERT INTO `publisher_book`(`publisher`, `entryid`) VALUES ('Cundy Inc.','3851');
INSERT INTO `entry`(`entryid`,`type`) VALUES('3852','b');
INSERT INTO `book`(`title`,`entryid`,`isbn`,`type`) VALUES('Friend in unobstructed Loss','3852','0778001019650','e');
INSERT INTO `genre_book`(`genre`, `entryid`) VALUES ('Romance','3852');
INSERT INTO `author_book`(`author`, `entryid`) VALUES ('Annett Khum','3852');
INSERT INTO `publisher_book`(`publisher`, `entryid`) VALUES ('Batrum Inc.','3852');
INSERT INTO `entry`(`entryid`,`type`) VALUES('3853','b');
INSERT INTO `book`(`title`,`entryid`,`isbn`,`type`) VALUES('Daisy to sightly Mall','3853','0044086333636','e');
INSERT INTO `genre_book`(`genre`, `entryid`) VALUES ('Sci-Fi','3853');
INSERT INTO `author_book`(`author`, `entryid`) VALUES ('Fumiko Acal','3853');
INSERT INTO `publisher_book`(`publisher`, `entryid`) VALUES ('Antrikin Inc.','3853');
INSERT INTO `entry`(`entryid`,`type`) VALUES('3854','b');
INSERT INTO `book`(`title`,`entryid`,`isbn`,`type`) VALUES('Owner for the wrong Can','3854','0225742823255','e');
INSERT INTO `genre_book`(`genre`, `entryid`) VALUES ('Thriller','3854');
INSERT INTO `author`(`name`,`birthyear`,`deathyear`) VALUES('Ena Revelle','1918','1962');
INSERT INTO `author_book`(`author`, `entryid`) VALUES ('Ena Revelle','3854');
INSERT INTO `publisher_book`(`publisher`, `entryid`) VALUES ('Wanamaker Cooperations.','3854');
INSERT INTO `entry`(`entryid`,`type`) VALUES('3855','b');
INSERT INTO `book`(`title`,`entryid`,`isbn`,`type`) VALUES('Friction against Yacht','3855','0000496093065','b');
INSERT INTO `genre_book`(`genre`, `entryid`) VALUES ('Thriller','3855');
INSERT INTO `author`(`name`,`birthyear`,`deathyear`) VALUES('Lynetta Hartsell','1955','2047');
INSERT INTO `author_book`(`author`, `entryid`) VALUES ('Lynetta Hartsell','3855');
INSERT INTO `publisher_book`(`publisher`, `entryid`) VALUES ('Franken Publishers.','3855');
INSERT INTO `entry`(`entryid`,`type`) VALUES('3856','b');
INSERT INTO `book`(`title`,`entryid`,`isbn`,`type`) VALUES('Burglar by Number','3856','9729834689395','j');
INSERT INTO `genre_book`(`genre`, `entryid`) VALUES ('Romance','3856');
INSERT INTO `author_book`(`author`, `entryid`) VALUES ('Samual Edmison','3856');
INSERT INTO `publisher_book`(`publisher`, `entryid`) VALUES ('Diruzzo Publishers.','3856');
INSERT INTO `entry`(`entryid`,`type`) VALUES('3857','b');
INSERT INTO `book`(`title`,`entryid`,`isbn`,`type`) VALUES('Walrus to the Clave','3857','0387769763963','e');
INSERT INTO `genre_book`(`genre`, `entryid`) VALUES ('Science','3857');
INSERT INTO `author`(`name`,`birthyear`,`deathyear`) VALUES('Ginny Bullard','1920','1957');
INSERT INTO `author_book`(`author`, `entryid`) VALUES ('Ginny Bullard','3857');
INSERT INTO `publisher_book`(`publisher`, `entryid`) VALUES ('Gasser Publishers.','3857');
INSERT INTO `entry`(`entryid`,`type`) VALUES('3858','b');
INSERT INTO `book`(`title`,`entryid`,`isbn`,`type`) VALUES('Silica because of Day','3858','9729464813261','j');
INSERT INTO `genre_book`(`genre`, `entryid`) VALUES ('Science','3858');
INSERT INTO `author`(`name`,`birthyear`,`deathyear`) VALUES('Timothy Dillenbeck','1921','1968');
INSERT INTO `author_book`(`author`, `entryid`) VALUES ('Timothy Dillenbeck','3858');
INSERT INTO `publisher_book`(`publisher`, `entryid`) VALUES ('Siver Publishers.','3858');
INSERT INTO `entry`(`entryid`,`type`) VALUES('3859','b');
INSERT INTO `book`(`title`,`entryid`,`isbn`,`type`) VALUES('Weed of the Drizzle','3859','0923166183008','b');
INSERT INTO `genre_book`(`genre`, `entryid`) VALUES ('Adventure','3859');
INSERT INTO `author_book`(`author`, `entryid`) VALUES ('Renna Linnemann','3859');
INSERT INTO `publisher_book`(`publisher`, `entryid`) VALUES ('Blissett Publishers.','3859');
INSERT INTO `entry`(`entryid`,`type`) VALUES('3860','b');
INSERT INTO `book`(`title`,`entryid`,`isbn`,`type`) VALUES('Italian by Glider','3860','0152357924814','e');
INSERT INTO `genre_book`(`genre`, `entryid`) VALUES ('Horror','3860');
INSERT INTO `author`(`name`,`birthyear`,`deathyear`) VALUES('Michell Donatelli','1966','2003');
INSERT INTO `author_book`(`author`, `entryid`) VALUES ('Michell Donatelli','3860');
INSERT INTO `publisher_book`(`publisher`, `entryid`) VALUES ('Fattig Inc.','3860');
INSERT INTO `entry`(`entryid`,`type`) VALUES('3861','b');
INSERT INTO `book`(`title`,`entryid`,`isbn`,`type`) VALUES('Exhaust against Secure','3861','9433813020538','j');
INSERT INTO `genre_book`(`genre`, `entryid`) VALUES ('Sci-Fi','3861');
INSERT INTO `author`(`name`,`birthyear`,`deathyear`) VALUES('Catrina Heckathorn','1964','2024');
INSERT INTO `author_book`(`author`, `entryid`) VALUES ('Catrina Heckathorn','3861');
INSERT INTO `publisher_book`(`publisher`, `entryid`) VALUES ('Turnbow Cooperations.','3861');
INSERT INTO `entry`(`entryid`,`type`) VALUES('3862','b');
INSERT INTO `book`(`title`,`entryid`,`isbn`,`type`) VALUES('Deposit with the Sarah','3862','0607248138641','j');
INSERT INTO `genre_book`(`genre`, `entryid`) VALUES ('Thriller','3862');
INSERT INTO `author`(`name`,`birthyear`,`deathyear`) VALUES('Guadalupe Tinker','1901','1990');
INSERT INTO `author_book`(`author`, `entryid`) VALUES ('Guadalupe Tinker','3862');
INSERT INTO `publisher_book`(`publisher`, `entryid`) VALUES ('Farber Publishers.','3862');
INSERT INTO `entry`(`entryid`,`type`) VALUES('3863','b');
INSERT INTO `book`(`title`,`entryid`,`isbn`,`type`) VALUES('Apparatus with hypnoidal Ex-wife','3863','9660706325724','e');
INSERT INTO `genre_book`(`genre`, `entryid`) VALUES ('Sci-Fi','3863');
INSERT INTO `author`(`name`,`birthyear`,`deathyear`) VALUES('Judy Roudabush','1980','2047');
INSERT INTO `author_book`(`author`, `entryid`) VALUES ('Judy Roudabush','3863');
INSERT INTO `publisher_book`(`publisher`, `entryid`) VALUES ('Kotlar Publishers.','3863');
INSERT INTO `entry`(`entryid`,`type`) VALUES('3864','b');
INSERT INTO `book`(`title`,`entryid`,`isbn`,`type`) VALUES('Hot with cosmetic Sand','3864','0997940106263','e');
INSERT INTO `genre_book`(`genre`, `entryid`) VALUES ('Adventure','3864');
INSERT INTO `author`(`name`,`birthyear`,`deathyear`) VALUES('Theron Ya','1923','2011');
INSERT INTO `author_book`(`author`, `entryid`) VALUES ('Theron Ya','3864');
INSERT INTO `publisher_book`(`publisher`, `entryid`) VALUES ('Hollner Publishers.','3864');
INSERT INTO `entry`(`entryid`,`type`) VALUES('3865','b');
INSERT INTO `book`(`title`,`entryid`,`isbn`,`type`) VALUES('Permission with the invective Relish','3865','0168590711263','b');
INSERT INTO `genre_book`(`genre`, `entryid`) VALUES ('Horror','3865');
INSERT INTO `author_book`(`author`, `entryid`) VALUES ('Eduardo Wagenheim','3865');
INSERT INTO `publisher_book`(`publisher`, `entryid`) VALUES ('Wojtowich Publishers.','3865');
INSERT INTO `entry`(`entryid`,`type`) VALUES('3866','b');
INSERT INTO `book`(`title`,`entryid`,`isbn`,`type`) VALUES('Surgeon with small Kevin','3866','9363254702349','j');
INSERT INTO `genre_book`(`genre`, `entryid`) VALUES ('Sci-Fi','3866');
INSERT INTO `author_book`(`author`, `entryid`) VALUES ('Bart Khalaf','3866');
INSERT INTO `publisher_book`(`publisher`, `entryid`) VALUES ('Garrington Cooperations.','3866');
INSERT INTO `entry`(`entryid`,`type`) VALUES('3867','b');
INSERT INTO `book`(`title`,`entryid`,`isbn`,`type`) VALUES('Supply with bruised Cone','3867','0334191922271','b');
INSERT INTO `genre_book`(`genre`, `entryid`) VALUES ('Adventure','3867');
INSERT INTO `author_book`(`author`, `entryid`) VALUES ('Gertie Fritzman','3867');
INSERT INTO `publisher_book`(`publisher`, `entryid`) VALUES ('Brownsworth Inc.','3867');
INSERT INTO `entry`(`entryid`,`type`) VALUES('3868','b');
INSERT INTO `book`(`title`,`entryid`,`isbn`,`type`) VALUES('Bee and Half-sister','3868','0186209703063','e');
INSERT INTO `genre_book`(`genre`, `entryid`) VALUES ('Education','3868');
INSERT INTO `author_book`(`author`, `entryid`) VALUES ('Alla Pregeant','3868');
INSERT INTO `publisher_book`(`publisher`, `entryid`) VALUES ('Hamnon Publishers.','3868');
INSERT INTO `entry`(`entryid`,`type`) VALUES('3869','b');
INSERT INTO `book`(`title`,`entryid`,`isbn`,`type`) VALUES('Wrist to Single','3869','9179354555717','b');
INSERT INTO `genre_book`(`genre`, `entryid`) VALUES ('Horror','3869');
INSERT INTO `author_book`(`author`, `entryid`) VALUES ('Jeffie Blach','3869');
INSERT INTO `publisher_book`(`publisher`, `entryid`) VALUES ('Withfield Inc.','3869');
INSERT INTO `entry`(`entryid`,`type`) VALUES('3870','b');
INSERT INTO `book`(`title`,`entryid`,`isbn`,`type`) VALUES('Kitty by Screw','3870','9271534691342','b');
INSERT INTO `genre_book`(`genre`, `entryid`) VALUES ('Science','3870');
INSERT INTO `author_book`(`author`, `entryid`) VALUES ('Yahaira Caliguire','3870');
INSERT INTO `publisher_book`(`publisher`, `entryid`) VALUES ('Bayles Inc.','3870');
INSERT INTO `entry`(`entryid`,`type`) VALUES('3871','b');
INSERT INTO `book`(`title`,`entryid`,`isbn`,`type`) VALUES('Laborer to the Pantyhose','3871','0762972029114','b');
INSERT INTO `genre_book`(`genre`, `entryid`) VALUES ('Adventure','3871');
INSERT INTO `author`(`name`,`birthyear`,`deathyear`) VALUES('Joslyn Katt','1953','2051');
INSERT INTO `author_book`(`author`, `entryid`) VALUES ('Joslyn Katt','3871');
INSERT INTO `publisher_book`(`publisher`, `entryid`) VALUES ('Sunder Publishers.','3871');
INSERT INTO `entry`(`entryid`,`type`) VALUES('3872','b');
INSERT INTO `book`(`title`,`entryid`,`isbn`,`type`) VALUES('Invention by mineral Break','3872','9776814978881','e');
INSERT INTO `genre_book`(`genre`, `entryid`) VALUES ('Adventure','3872');
INSERT INTO `author`(`name`,`birthyear`,`deathyear`) VALUES('Kiara Vattes','1974','2014');
INSERT INTO `author_book`(`author`, `entryid`) VALUES ('Kiara Vattes','3872');
INSERT INTO `publisher_book`(`publisher`, `entryid`) VALUES ('Malarkey Cooperations.','3872');
INSERT INTO `entry`(`entryid`,`type`) VALUES('3873','b');
INSERT INTO `book`(`title`,`entryid`,`isbn`,`type`) VALUES('Sense to Jet','3873','0521797852032','j');
INSERT INTO `genre_book`(`genre`, `entryid`) VALUES ('Adventure','3873');
INSERT INTO `author_book`(`author`, `entryid`) VALUES ('Rebekah Cohn','3873');
INSERT INTO `publisher_book`(`publisher`, `entryid`) VALUES ('Kaplan Inc.','3873');
INSERT INTO `entry`(`entryid`,`type`) VALUES('3874','b');
INSERT INTO `book`(`title`,`entryid`,`isbn`,`type`) VALUES('Inventory in the Squid','3874','0516190925851','e');
INSERT INTO `genre_book`(`genre`, `entryid`) VALUES ('Romance','3874');
INSERT INTO `author_book`(`author`, `entryid`) VALUES ('Keira Digiovanni','3874');
INSERT INTO `publisher_book`(`publisher`, `entryid`) VALUES ('Tegner Cooperations.','3874');
INSERT INTO `entry`(`entryid`,`type`) VALUES('3875','b');
INSERT INTO `book`(`title`,`entryid`,`isbn`,`type`) VALUES('Copyright for the quantal Chimpanzee','3875','9358242713414','j');
INSERT INTO `genre_book`(`genre`, `entryid`) VALUES ('Adventure','3875');
INSERT INTO `author_book`(`author`, `entryid`) VALUES ('Amanda Primavera','3875');
INSERT INTO `publisher_book`(`publisher`, `entryid`) VALUES ('Turnbow Cooperations.','3875');
INSERT INTO `entry`(`entryid`,`type`) VALUES('3876','b');
INSERT INTO `book`(`title`,`entryid`,`isbn`,`type`) VALUES('Process of official Tanzania','3876','0395381452722','e');
INSERT INTO `genre_book`(`genre`, `entryid`) VALUES ('Education','3876');
INSERT INTO `author_book`(`author`, `entryid`) VALUES ('Ryan Rolseth','3876');
INSERT INTO `publisher_book`(`publisher`, `entryid`) VALUES ('Murtagh Inc.','3876');
INSERT INTO `entry`(`entryid`,`type`) VALUES('3877','b');
INSERT INTO `book`(`title`,`entryid`,`isbn`,`type`) VALUES('Mandolin with the unpleasurable Pain','3877','0225033219659','b');
INSERT INTO `genre_book`(`genre`, `entryid`) VALUES ('Science','3877');
INSERT INTO `author_book`(`author`, `entryid`) VALUES ('Angel Ashkettle','3877');
INSERT INTO `publisher_book`(`publisher`, `entryid`) VALUES ('Harbin Cooperations.','3877');
INSERT INTO `entry`(`entryid`,`type`) VALUES('3878','b');
INSERT INTO `book`(`title`,`entryid`,`isbn`,`type`) VALUES('Paul with the Bracket','3878','9428403640928','e');
INSERT INTO `genre_book`(`genre`, `entryid`) VALUES ('Education','3878');
INSERT INTO `author_book`(`author`, `entryid`) VALUES ('Eura Spangle','3878');
INSERT INTO `publisher_book`(`publisher`, `entryid`) VALUES ('Rudolph Cooperations.','3878');
INSERT INTO `entry`(`entryid`,`type`) VALUES('3879','b');
INSERT INTO `book`(`title`,`entryid`,`isbn`,`type`) VALUES('Purpose by the Zebra','3879','0141957240526','j');
INSERT INTO `genre_book`(`genre`, `entryid`) VALUES ('Adventure','3879');
INSERT INTO `author`(`name`,`birthyear`,`deathyear`) VALUES('Erik Charping','1967','2030');
INSERT INTO `author_book`(`author`, `entryid`) VALUES ('Erik Charping','3879');
INSERT INTO `publisher_book`(`publisher`, `entryid`) VALUES ('Cregeen Inc.','3879');
INSERT INTO `entry`(`entryid`,`type`) VALUES('3880','b');
INSERT INTO `book`(`title`,`entryid`,`isbn`,`type`) VALUES('Ground and the Afterthought','3880','0167023544474','e');
INSERT INTO `genre_book`(`genre`, `entryid`) VALUES ('Thriller','3880');
INSERT INTO `author_book`(`author`, `entryid`) VALUES ('Kimiko Zastawny','3880');
INSERT INTO `publisher_book`(`publisher`, `entryid`) VALUES ('Eisel Inc.','3880');
INSERT INTO `entry`(`entryid`,`type`) VALUES('3881','b');
INSERT INTO `book`(`title`,`entryid`,`isbn`,`type`) VALUES('June against fattened Hardhat','3881','9395820821376','b');
INSERT INTO `genre_book`(`genre`, `entryid`) VALUES ('Sci-Fi','3881');
INSERT INTO `author`(`name`,`birthyear`,`deathyear`) VALUES('Kayleigh Almstead','1938','2029');
INSERT INTO `author_book`(`author`, `entryid`) VALUES ('Kayleigh Almstead','3881');
INSERT INTO `publisher_book`(`publisher`, `entryid`) VALUES ('Litwin Publishers.','3881');
INSERT INTO `entry`(`entryid`,`type`) VALUES('3882','b');
INSERT INTO `book`(`title`,`entryid`,`isbn`,`type`) VALUES('Fedelini by the Lyric','3882','9289472251258','j');
INSERT INTO `genre_book`(`genre`, `entryid`) VALUES ('Education','3882');
INSERT INTO `author_book`(`author`, `entryid`) VALUES ('Nana Koinzan','3882');
INSERT INTO `publisher_book`(`publisher`, `entryid`) VALUES ('Shamily Inc.','3882');
INSERT INTO `entry`(`entryid`,`type`) VALUES('3883','b');
INSERT INTO `book`(`title`,`entryid`,`isbn`,`type`) VALUES('Dry by the Suede','3883','0294771698548','j');
INSERT INTO `genre_book`(`genre`, `entryid`) VALUES ('Education','3883');
INSERT INTO `author_book`(`author`, `entryid`) VALUES ('Rosy Stumpo','3883');
INSERT INTO `publisher_book`(`publisher`, `entryid`) VALUES ('Correra Cooperations.','3883');
INSERT INTO `entry`(`entryid`,`type`) VALUES('3884','b');
INSERT INTO `book`(`title`,`entryid`,`isbn`,`type`) VALUES('Pajama of Smell','3884','0543310815899','b');
INSERT INTO `genre_book`(`genre`, `entryid`) VALUES ('Education','3884');
INSERT INTO `author_book`(`author`, `entryid`) VALUES ('Maynard Wessell','3884');
INSERT INTO `publisher_book`(`publisher`, `entryid`) VALUES ('Sollors Publishers.','3884');
INSERT INTO `entry`(`entryid`,`type`) VALUES('3885','b');
INSERT INTO `book`(`title`,`entryid`,`isbn`,`type`) VALUES('Hammer with the Railway','3885','9998744085368','e');
INSERT INTO `genre_book`(`genre`, `entryid`) VALUES ('Adventure','3885');
INSERT INTO `author_book`(`author`, `entryid`) VALUES ('Madelene Arzu','3885');
INSERT INTO `publisher_book`(`publisher`, `entryid`) VALUES ('Degaetano Publishers.','3885');
INSERT INTO `entry`(`entryid`,`type`) VALUES('3886','b');
INSERT INTO `book`(`title`,`entryid`,`isbn`,`type`) VALUES('Hearing to the Snail','3886','9003436415288','e');
INSERT INTO `genre_book`(`genre`, `entryid`) VALUES ('Horror','3886');
INSERT INTO `author_book`(`author`, `entryid`) VALUES ('Minta Pavlich','3886');
INSERT INTO `publisher_book`(`publisher`, `entryid`) VALUES ('Goldhaber Publishers.','3886');
INSERT INTO `entry`(`entryid`,`type`) VALUES('3887','b');
INSERT INTO `book`(`title`,`entryid`,`isbn`,`type`) VALUES('Hub with diabasic Plier','3887','0246766270384','j');
INSERT INTO `genre_book`(`genre`, `entryid`) VALUES ('Thriller','3887');
INSERT INTO `author_book`(`author`, `entryid`) VALUES ('Corey Ynocencio','3887');
INSERT INTO `publisher_book`(`publisher`, `entryid`) VALUES ('Filyan Inc.','3887');
INSERT INTO `entry`(`entryid`,`type`) VALUES('3888','b');
INSERT INTO `book`(`title`,`entryid`,`isbn`,`type`) VALUES('Teaching because of flowerless Donald','3888','9328216051152','e');
INSERT INTO `genre_book`(`genre`, `entryid`) VALUES ('Science','3888');
INSERT INTO `author_book`(`author`, `entryid`) VALUES ('Leone Ply','3888');
INSERT INTO `publisher`(`name`) VALUES ('Liberty Publishers.');
INSERT INTO `publisher_book`(`publisher`, `entryid`) VALUES ('Liberty Publishers.','3888');
INSERT INTO `entry`(`entryid`,`type`) VALUES('3889','b');
INSERT INTO `book`(`title`,`entryid`,`isbn`,`type`) VALUES('John to Lyre','3889','0172351026937','j');
INSERT INTO `genre_book`(`genre`, `entryid`) VALUES ('Science','3889');
INSERT INTO `author_book`(`author`, `entryid`) VALUES ('Jeniffer Fenstermaker','3889');
INSERT INTO `publisher_book`(`publisher`, `entryid`) VALUES ('Kotlar Publishers.','3889');
INSERT INTO `entry`(`entryid`,`type`) VALUES('3890','b');
INSERT INTO `book`(`title`,`entryid`,`isbn`,`type`) VALUES('Fire and acidulent Technician','3890','0739253187199','e');
INSERT INTO `genre_book`(`genre`, `entryid`) VALUES ('Thriller','3890');
INSERT INTO `author_book`(`author`, `entryid`) VALUES ('Loyce Maten','3890');
INSERT INTO `publisher_book`(`publisher`, `entryid`) VALUES ('Hauley Publishers.','3890');
INSERT INTO `entry`(`entryid`,`type`) VALUES('3891','b');
INSERT INTO `book`(`title`,`entryid`,`isbn`,`type`) VALUES('Peer-to-peer by the Sprout','3891','9190897035890','e');
INSERT INTO `genre_book`(`genre`, `entryid`) VALUES ('Sci-Fi','3891');
INSERT INTO `author_book`(`author`, `entryid`) VALUES ('Petronila Horesco','3891');
INSERT INTO `publisher_book`(`publisher`, `entryid`) VALUES ('Ramiro Inc.','3891');
INSERT INTO `entry`(`entryid`,`type`) VALUES('3892','b');
INSERT INTO `book`(`title`,`entryid`,`isbn`,`type`) VALUES('Macrame against Mexican Bestseller','3892','9082105453540','j');
INSERT INTO `genre_book`(`genre`, `entryid`) VALUES ('Horror','3892');
INSERT INTO `author`(`name`,`birthyear`,`deathyear`) VALUES('Katrice Quartiero','1916','1964');
INSERT INTO `author_book`(`author`, `entryid`) VALUES ('Katrice Quartiero','3892');
INSERT INTO `publisher_book`(`publisher`, `entryid`) VALUES ('Ezelle Publishers.','3892');
INSERT INTO `entry`(`entryid`,`type`) VALUES('3893','b');
INSERT INTO `book`(`title`,`entryid`,`isbn`,`type`) VALUES('Desert against idealized Lilac','3893','9209484822059','b');
INSERT INTO `genre_book`(`genre`, `entryid`) VALUES ('Horror','3893');
INSERT INTO `author`(`name`,`birthyear`,`deathyear`) VALUES('Garnet Hopping','1911','1941');
INSERT INTO `author_book`(`author`, `entryid`) VALUES ('Garnet Hopping','3893');
INSERT INTO `publisher_book`(`publisher`, `entryid`) VALUES ('Giampaolo Cooperations.','3893');
INSERT INTO `entry`(`entryid`,`type`) VALUES('3894','b');
INSERT INTO `book`(`title`,`entryid`,`isbn`,`type`) VALUES('Character and the Eyeliner','3894','9304852254418','e');
INSERT INTO `genre_book`(`genre`, `entryid`) VALUES ('Thriller','3894');
INSERT INTO `author_book`(`author`, `entryid`) VALUES ('Nathaniel Cliatt','3894');
INSERT INTO `publisher_book`(`publisher`, `entryid`) VALUES ('Cregeen Inc.','3894');
INSERT INTO `entry`(`entryid`,`type`) VALUES('3895','b');
INSERT INTO `book`(`title`,`entryid`,`isbn`,`type`) VALUES('Rice to cusped Ptarmigan','3895','0573292024205','j');
INSERT INTO `genre_book`(`genre`, `entryid`) VALUES ('Science','3895');
INSERT INTO `author_book`(`author`, `entryid`) VALUES ('Dena Schweiss','3895');
INSERT INTO `publisher_book`(`publisher`, `entryid`) VALUES ('Garfield Publishers.','3895');
INSERT INTO `entry`(`entryid`,`type`) VALUES('3896','b');
INSERT INTO `book`(`title`,`entryid`,`isbn`,`type`) VALUES('Parallelogram for diphtheritic Trouble','3896','0410125668674','j');
INSERT INTO `genre_book`(`genre`, `entryid`) VALUES ('Horror','3896');
INSERT INTO `author_book`(`author`, `entryid`) VALUES ('Latonia Erholm','3896');
INSERT INTO `publisher_book`(`publisher`, `entryid`) VALUES ('Ockman Inc.','3896');
INSERT INTO `entry`(`entryid`,`type`) VALUES('3897','b');
INSERT INTO `book`(`title`,`entryid`,`isbn`,`type`) VALUES('Lasagna by Sousaphone','3897','0003320117753','e');
INSERT INTO `genre_book`(`genre`, `entryid`) VALUES ('Horror','3897');
INSERT INTO `author`(`name`,`birthyear`,`deathyear`) VALUES('Cedric Weng','1885','1954');
INSERT INTO `author_book`(`author`, `entryid`) VALUES ('Cedric Weng','3897');
INSERT INTO `publisher`(`name`) VALUES ('Gidwani Publishers.');
INSERT INTO `publisher_book`(`publisher`, `entryid`) VALUES ('Gidwani Publishers.','3897');
INSERT INTO `entry`(`entryid`,`type`) VALUES('3898','b');
INSERT INTO `book`(`title`,`entryid`,`isbn`,`type`) VALUES('Cause and the corrupted Truck','3898','9995500736148','j');
INSERT INTO `genre_book`(`genre`, `entryid`) VALUES ('Adventure','3898');
INSERT INTO `author_book`(`author`, `entryid`) VALUES ('Maisha Mark','3898');
INSERT INTO `publisher_book`(`publisher`, `entryid`) VALUES ('Difalco Cooperations.','3898');
INSERT INTO `entry`(`entryid`,`type`) VALUES('3899','b');
INSERT INTO `book`(`title`,`entryid`,`isbn`,`type`) VALUES('Heaven and the stuck-up Great-grandfather','3899','0127220072249','e');
INSERT INTO `genre_book`(`genre`, `entryid`) VALUES ('Adventure','3899');
INSERT INTO `author_book`(`author`, `entryid`) VALUES ('Adria Winkles','3899');
INSERT INTO `publisher_book`(`publisher`, `entryid`) VALUES ('Chavez Publishers.','3899');
INSERT INTO `entry`(`entryid`,`type`) VALUES('3900','b');
INSERT INTO `book`(`title`,`entryid`,`isbn`,`type`) VALUES('Jump and Pigeon','3900','0814085632233','j');
INSERT INTO `genre_book`(`genre`, `entryid`) VALUES ('Horror','3900');
INSERT INTO `author`(`name`,`birthyear`,`deathyear`) VALUES('Garret Kochis','1895','1926');
INSERT INTO `author_book`(`author`, `entryid`) VALUES ('Garret Kochis','3900');
INSERT INTO `publisher_book`(`publisher`, `entryid`) VALUES ('Cobden Publishers.','3900');
INSERT INTO `entry`(`entryid`,`type`) VALUES('3901','b');
INSERT INTO `book`(`title`,`entryid`,`isbn`,`type`) VALUES('End by the billowing Tabletop','3901','0719326590379','j');
INSERT INTO `genre_book`(`genre`, `entryid`) VALUES ('Horror','3901');
INSERT INTO `author_book`(`author`, `entryid`) VALUES ('Glenn Forno','3901');
INSERT INTO `publisher_book`(`publisher`, `entryid`) VALUES ('Rouch Publishers.','3901');
INSERT INTO `entry`(`entryid`,`type`) VALUES('3902','b');
INSERT INTO `book`(`title`,`entryid`,`isbn`,`type`) VALUES('Texture because of Farm','3902','9579048994337','e');
INSERT INTO `genre_book`(`genre`, `entryid`) VALUES ('Science','3902');
INSERT INTO `author`(`name`,`birthyear`,`deathyear`) VALUES('Irina Mottillo','1954','1982');
INSERT INTO `author_book`(`author`, `entryid`) VALUES ('Irina Mottillo','3902');
INSERT INTO `publisher_book`(`publisher`, `entryid`) VALUES ('Sistek Cooperations.','3902');
INSERT INTO `entry`(`entryid`,`type`) VALUES('3903','b');
INSERT INTO `book`(`title`,`entryid`,`isbn`,`type`) VALUES('Pencil vs. favoured Step-son','3903','0955826236463','j');
INSERT INTO `genre_book`(`genre`, `entryid`) VALUES ('Romance','3903');
INSERT INTO `author`(`name`,`birthyear`,`deathyear`) VALUES('Audrey Lapilio','1916','1996');
INSERT INTO `author_book`(`author`, `entryid`) VALUES ('Audrey Lapilio','3903');
INSERT INTO `publisher_book`(`publisher`, `entryid`) VALUES ('Dietlin Cooperations.','3903');
INSERT INTO `entry`(`entryid`,`type`) VALUES('3904','b');
INSERT INTO `book`(`title`,`entryid`,`isbn`,`type`) VALUES('Turkey with the casteless Salmon','3904','0198838030773','e');
INSERT INTO `genre_book`(`genre`, `entryid`) VALUES ('Sci-Fi','3904');
INSERT INTO `author_book`(`author`, `entryid`) VALUES ('Mara Zelasco','3904');
INSERT INTO `publisher_book`(`publisher`, `entryid`) VALUES ('Marth Cooperations.','3904');
INSERT INTO `entry`(`entryid`,`type`) VALUES('3905','b');
INSERT INTO `book`(`title`,`entryid`,`isbn`,`type`) VALUES('October of the Help','3905','9958998271435','b');
INSERT INTO `genre_book`(`genre`, `entryid`) VALUES ('Thriller','3905');
INSERT INTO `author`(`name`,`birthyear`,`deathyear`) VALUES('Romaine Etherton','1967','2059');
INSERT INTO `author_book`(`author`, `entryid`) VALUES ('Romaine Etherton','3905');
INSERT INTO `publisher_book`(`publisher`, `entryid`) VALUES ('Kasa Publishers.','3905');
INSERT INTO `entry`(`entryid`,`type`) VALUES('3906','b');
INSERT INTO `book`(`title`,`entryid`,`isbn`,`type`) VALUES('Drawer against the unperished Cylinder','3906','0665608921243','e');
INSERT INTO `genre_book`(`genre`, `entryid`) VALUES ('Romance','3906');
INSERT INTO `author`(`name`,`birthyear`,`deathyear`) VALUES('Erik Ekberg','1913','1996');
INSERT INTO `author_book`(`author`, `entryid`) VALUES ('Erik Ekberg','3906');
INSERT INTO `publisher_book`(`publisher`, `entryid`) VALUES ('Footer Inc.','3906');
INSERT INTO `entry`(`entryid`,`type`) VALUES('3907','b');
INSERT INTO `book`(`title`,`entryid`,`isbn`,`type`) VALUES('Motorboat to romantic Wine','3907','9177901151946','e');
INSERT INTO `genre_book`(`genre`, `entryid`) VALUES ('Horror','3907');
INSERT INTO `author_book`(`author`, `entryid`) VALUES ('Joaquin Redfox','3907');
INSERT INTO `publisher_book`(`publisher`, `entryid`) VALUES ('Fenceroy Publishers.','3907');
INSERT INTO `entry`(`entryid`,`type`) VALUES('3908','b');
INSERT INTO `book`(`title`,`entryid`,`isbn`,`type`) VALUES('Alcohol to Dugout','3908','9599335343040','e');
INSERT INTO `genre_book`(`genre`, `entryid`) VALUES ('Sci-Fi','3908');
INSERT INTO `author_book`(`author`, `entryid`) VALUES ('Irina Mottillo','3908');
INSERT INTO `publisher_book`(`publisher`, `entryid`) VALUES ('Boschee Cooperations.','3908');
INSERT INTO `entry`(`entryid`,`type`) VALUES('3909','b');
INSERT INTO `book`(`title`,`entryid`,`isbn`,`type`) VALUES('War against lapstrake Judo','3909','9385081034009','j');
INSERT INTO `genre_book`(`genre`, `entryid`) VALUES ('Science','3909');
INSERT INTO `author_book`(`author`, `entryid`) VALUES ('Eva Moya','3909');
INSERT INTO `publisher_book`(`publisher`, `entryid`) VALUES ('Haggerty Cooperations.','3909');
INSERT INTO `entry`(`entryid`,`type`) VALUES('3910','b');
INSERT INTO `book`(`title`,`entryid`,`isbn`,`type`) VALUES('Volleyball of the smoke-dried Sudan','3910','9944773562768','j');
INSERT INTO `genre_book`(`genre`, `entryid`) VALUES ('Sci-Fi','3910');
INSERT INTO `author`(`name`,`birthyear`,`deathyear`) VALUES('Vincent Kats','1960','2052');
INSERT INTO `author_book`(`author`, `entryid`) VALUES ('Vincent Kats','3910');
INSERT INTO `publisher_book`(`publisher`, `entryid`) VALUES ('Trapp Inc.','3910');
INSERT INTO `entry`(`entryid`,`type`) VALUES('3911','b');
INSERT INTO `book`(`title`,`entryid`,`isbn`,`type`) VALUES('Stinger against spriggiest Forecast','3911','9189975876103','b');
INSERT INTO `genre_book`(`genre`, `entryid`) VALUES ('Sci-Fi','3911');
INSERT INTO `author_book`(`author`, `entryid`) VALUES ('Nathan Mendizabal','3911');
INSERT INTO `publisher_book`(`publisher`, `entryid`) VALUES ('Didyk Inc.','3911');
INSERT INTO `entry`(`entryid`,`type`) VALUES('3912','b');
INSERT INTO `book`(`title`,`entryid`,`isbn`,`type`) VALUES('Notify for hesitative Minibus','3912','9248373305987','e');
INSERT INTO `genre_book`(`genre`, `entryid`) VALUES ('Science','3912');
INSERT INTO `author_book`(`author`, `entryid`) VALUES ('Irina Mottillo','3912');
INSERT INTO `publisher_book`(`publisher`, `entryid`) VALUES ('Hengel Inc.','3912');
INSERT INTO `entry`(`entryid`,`type`) VALUES('3913','b');
INSERT INTO `book`(`title`,`entryid`,`isbn`,`type`) VALUES('Tulip to the hectic Format','3913','0436271941901','j');
INSERT INTO `genre_book`(`genre`, `entryid`) VALUES ('Science','3913');
INSERT INTO `author_book`(`author`, `entryid`) VALUES ('Hildegarde Telesco','3913');
INSERT INTO `publisher_book`(`publisher`, `entryid`) VALUES ('Peel Inc.','3913');
INSERT INTO `entry`(`entryid`,`type`) VALUES('3914','b');
INSERT INTO `book`(`title`,`entryid`,`isbn`,`type`) VALUES('Cloth against the simulative Radar','3914','0759694076341','e');
INSERT INTO `genre_book`(`genre`, `entryid`) VALUES ('Thriller','3914');
INSERT INTO `author_book`(`author`, `entryid`) VALUES ('Lucas Whitker','3914');
INSERT INTO `publisher_book`(`publisher`, `entryid`) VALUES ('Rochford Cooperations.','3914');
INSERT INTO `entry`(`entryid`,`type`) VALUES('3915','b');
INSERT INTO `book`(`title`,`entryid`,`isbn`,`type`) VALUES('Mist for comminative Patch','3915','0315905364549','e');
INSERT INTO `genre_book`(`genre`, `entryid`) VALUES ('Horror','3915');
INSERT INTO `author`(`name`,`birthyear`,`deathyear`) VALUES('Catherin Boyette','1924','2018');
INSERT INTO `author_book`(`author`, `entryid`) VALUES ('Catherin Boyette','3915');
INSERT INTO `publisher_book`(`publisher`, `entryid`) VALUES ('Feigh Cooperations.','3915');
INSERT INTO `entry`(`entryid`,`type`) VALUES('3916','b');
INSERT INTO `book`(`title`,`entryid`,`isbn`,`type`) VALUES('Kangaroo by astonished Command','3916','9569366787917','b');
INSERT INTO `genre_book`(`genre`, `entryid`) VALUES ('Horror','3916');
INSERT INTO `author`(`name`,`birthyear`,`deathyear`) VALUES('Joe Deppert','1904','1927');
INSERT INTO `author_book`(`author`, `entryid`) VALUES ('Joe Deppert','3916');
INSERT INTO `publisher_book`(`publisher`, `entryid`) VALUES ('Deckelman Cooperations.','3916');
INSERT INTO `entry`(`entryid`,`type`) VALUES('3917','b');
INSERT INTO `book`(`title`,`entryid`,`isbn`,`type`) VALUES('Order for barky Sweets','3917','9366668835492','e');
INSERT INTO `genre_book`(`genre`, `entryid`) VALUES ('Romance','3917');
INSERT INTO `author`(`name`,`birthyear`,`deathyear`) VALUES('Eusebio Johannesen','1891','1912');
INSERT INTO `author_book`(`author`, `entryid`) VALUES ('Eusebio Johannesen','3917');
INSERT INTO `publisher_book`(`publisher`, `entryid`) VALUES ('Dingson Publishers.','3917');
INSERT INTO `entry`(`entryid`,`type`) VALUES('3918','b');
INSERT INTO `book`(`title`,`entryid`,`isbn`,`type`) VALUES('Risk for the idealess Sing','3918','9995516681841','b');
INSERT INTO `genre_book`(`genre`, `entryid`) VALUES ('Thriller','3918');
INSERT INTO `author_book`(`author`, `entryid`) VALUES ('Myles Childes','3918');
INSERT INTO `publisher_book`(`publisher`, `entryid`) VALUES ('Reeber Inc.','3918');
INSERT INTO `entry`(`entryid`,`type`) VALUES('3919','b');
INSERT INTO `book`(`title`,`entryid`,`isbn`,`type`) VALUES('Stage for Crayon','3919','9798838522571','e');
INSERT INTO `genre_book`(`genre`, `entryid`) VALUES ('Thriller','3919');
INSERT INTO `author_book`(`author`, `entryid`) VALUES ('Charlott Boos','3919');
INSERT INTO `publisher_book`(`publisher`, `entryid`) VALUES ('Betit Inc.','3919');
INSERT INTO `entry`(`entryid`,`type`) VALUES('3920','b');
INSERT INTO `book`(`title`,`entryid`,`isbn`,`type`) VALUES('Band for the antitrade Roll','3920','9495141032480','b');
INSERT INTO `genre_book`(`genre`, `entryid`) VALUES ('Science','3920');
INSERT INTO `author_book`(`author`, `entryid`) VALUES ('Arthur Craawford','3920');
INSERT INTO `publisher_book`(`publisher`, `entryid`) VALUES ('Vattikuti Publishers.','3920');
INSERT INTO `entry`(`entryid`,`type`) VALUES('3921','b');
INSERT INTO `book`(`title`,`entryid`,`isbn`,`type`) VALUES('Income for straightaway Nickel','3921','0716029744571','e');
INSERT INTO `genre_book`(`genre`, `entryid`) VALUES ('Sci-Fi','3921');
INSERT INTO `author_book`(`author`, `entryid`) VALUES ('Agripina Dunnaville','3921');
INSERT INTO `publisher_book`(`publisher`, `entryid`) VALUES ('Gorney Publishers.','3921');
INSERT INTO `entry`(`entryid`,`type`) VALUES('3922','b');
INSERT INTO `book`(`title`,`entryid`,`isbn`,`type`) VALUES('Squid against Pressure','3922','0832011574731','e');
INSERT INTO `genre_book`(`genre`, `entryid`) VALUES ('Sci-Fi','3922');
INSERT INTO `author_book`(`author`, `entryid`) VALUES ('Ernest Sanda','3922');
INSERT INTO `publisher_book`(`publisher`, `entryid`) VALUES ('Meacham Cooperations.','3922');
INSERT INTO `entry`(`entryid`,`type`) VALUES('3923','b');
INSERT INTO `book`(`title`,`entryid`,`isbn`,`type`) VALUES('Instruction in uncrowned Texture','3923','0435927088266','b');
INSERT INTO `genre_book`(`genre`, `entryid`) VALUES ('Romance','3923');
INSERT INTO `author_book`(`author`, `entryid`) VALUES ('Valeria Promer','3923');
INSERT INTO `publisher_book`(`publisher`, `entryid`) VALUES ('Matise Cooperations.','3923');
INSERT INTO `entry`(`entryid`,`type`) VALUES('3924','b');
INSERT INTO `book`(`title`,`entryid`,`isbn`,`type`) VALUES('Undershirt to the petrographical Teller','3924','0091494919382','b');
INSERT INTO `genre_book`(`genre`, `entryid`) VALUES ('Sci-Fi','3924');
INSERT INTO `author_book`(`author`, `entryid`) VALUES ('Bennie Sigona','3924');
INSERT INTO `publisher_book`(`publisher`, `entryid`) VALUES ('Pooser Publishers.','3924');
INSERT INTO `entry`(`entryid`,`type`) VALUES('3925','b');
INSERT INTO `book`(`title`,`entryid`,`isbn`,`type`) VALUES('Squid in illustrational Bladder','3925','9410687775763','e');
INSERT INTO `genre_book`(`genre`, `entryid`) VALUES ('Romance','3925');
INSERT INTO `author_book`(`author`, `entryid`) VALUES ('Gerry Sovich','3925');
INSERT INTO `publisher_book`(`publisher`, `entryid`) VALUES ('Chavez Publishers.','3925');
INSERT INTO `entry`(`entryid`,`type`) VALUES('3926','b');
INSERT INTO `book`(`title`,`entryid`,`isbn`,`type`) VALUES('Committee because of Buffet','3926','0721725049801','b');
INSERT INTO `genre_book`(`genre`, `entryid`) VALUES ('Thriller','3926');
INSERT INTO `author`(`name`,`birthyear`,`deathyear`) VALUES('Virgie Darcy','1919','1983');
INSERT INTO `author_book`(`author`, `entryid`) VALUES ('Virgie Darcy','3926');
INSERT INTO `publisher_book`(`publisher`, `entryid`) VALUES ('Kleis Inc.','3926');
INSERT INTO `entry`(`entryid`,`type`) VALUES('3927','b');
INSERT INTO `book`(`title`,`entryid`,`isbn`,`type`) VALUES('Bronze by clarino Tugboat','3927','0962379332113','j');
INSERT INTO `genre_book`(`genre`, `entryid`) VALUES ('Education','3927');
INSERT INTO `author_book`(`author`, `entryid`) VALUES ('Kiara Vattes','3927');
INSERT INTO `publisher_book`(`publisher`, `entryid`) VALUES ('Kleis Inc.','3927');
INSERT INTO `entry`(`entryid`,`type`) VALUES('3928','b');
INSERT INTO `book`(`title`,`entryid`,`isbn`,`type`) VALUES('Storm to unturning Barometer','3928','0107563512790','j');
INSERT INTO `genre_book`(`genre`, `entryid`) VALUES ('Sci-Fi','3928');
INSERT INTO `author_book`(`author`, `entryid`) VALUES ('Vena Mercury','3928');
INSERT INTO `publisher_book`(`publisher`, `entryid`) VALUES ('Cudjoe Publishers.','3928');
INSERT INTO `entry`(`entryid`,`type`) VALUES('3929','b');
INSERT INTO `book`(`title`,`entryid`,`isbn`,`type`) VALUES('Cactus to Steven','3929','9146541815023','j');
INSERT INTO `genre_book`(`genre`, `entryid`) VALUES ('Sci-Fi','3929');
INSERT INTO `author_book`(`author`, `entryid`) VALUES ('Shanell Yago','3929');
INSERT INTO `publisher_book`(`publisher`, `entryid`) VALUES ('Smathers Inc.','3929');
INSERT INTO `entry`(`entryid`,`type`) VALUES('3930','b');
INSERT INTO `book`(`title`,`entryid`,`isbn`,`type`) VALUES('White and Tent','3930','0504230046916','e');
INSERT INTO `genre_book`(`genre`, `entryid`) VALUES ('Thriller','3930');
INSERT INTO `author_book`(`author`, `entryid`) VALUES ('Rosy Stumpo','3930');
INSERT INTO `publisher_book`(`publisher`, `entryid`) VALUES ('Carter Inc.','3930');
INSERT INTO `entry`(`entryid`,`type`) VALUES('3931','b');
INSERT INTO `book`(`title`,`entryid`,`isbn`,`type`) VALUES('Poison of the agleam Inventory','3931','0594192709423','e');
INSERT INTO `genre_book`(`genre`, `entryid`) VALUES ('Science','3931');
INSERT INTO `author_book`(`author`, `entryid`) VALUES ('Sherrell Kalb','3931');
INSERT INTO `publisher_book`(`publisher`, `entryid`) VALUES ('Ruggero Cooperations.','3931');
INSERT INTO `entry`(`entryid`,`type`) VALUES('3932','b');
INSERT INTO `book`(`title`,`entryid`,`isbn`,`type`) VALUES('North america of the Cauliflower','3932','9214170505797','j');
INSERT INTO `genre_book`(`genre`, `entryid`) VALUES ('Education','3932');
INSERT INTO `author`(`name`,`birthyear`,`deathyear`) VALUES('Pia Neighbours','1972','2009');
INSERT INTO `author_book`(`author`, `entryid`) VALUES ('Pia Neighbours','3932');
INSERT INTO `publisher_book`(`publisher`, `entryid`) VALUES ('Six Publishers.','3932');
INSERT INTO `entry`(`entryid`,`type`) VALUES('3933','b');
INSERT INTO `book`(`title`,`entryid`,`isbn`,`type`) VALUES('Adjustment to Soap','3933','0079583805523','e');
INSERT INTO `genre_book`(`genre`, `entryid`) VALUES ('Thriller','3933');
INSERT INTO `author_book`(`author`, `entryid`) VALUES ('Syble Turpen','3933');
INSERT INTO `publisher_book`(`publisher`, `entryid`) VALUES ('Czerniak Inc.','3933');
INSERT INTO `entry`(`entryid`,`type`) VALUES('3934','b');
INSERT INTO `book`(`title`,`entryid`,`isbn`,`type`) VALUES('Stitch with T-shirt','3934','9222087370800','b');
INSERT INTO `genre_book`(`genre`, `entryid`) VALUES ('Adventure','3934');
INSERT INTO `author`(`name`,`birthyear`,`deathyear`) VALUES('Lashon Rossi','1930','1998');
INSERT INTO `author_book`(`author`, `entryid`) VALUES ('Lashon Rossi','3934');
INSERT INTO `publisher_book`(`publisher`, `entryid`) VALUES ('Manzanero Inc.','3934');
INSERT INTO `entry`(`entryid`,`type`) VALUES('3935','b');
INSERT INTO `book`(`title`,`entryid`,`isbn`,`type`) VALUES('Brow vs. dim Illegal','3935','0019660355452','b');
INSERT INTO `genre_book`(`genre`, `entryid`) VALUES ('Romance','3935');
INSERT INTO `author_book`(`author`, `entryid`) VALUES ('Valerie Carlee','3935');
INSERT INTO `publisher_book`(`publisher`, `entryid`) VALUES ('Savic Inc.','3935');
INSERT INTO `entry`(`entryid`,`type`) VALUES('3936','b');
INSERT INTO `book`(`title`,`entryid`,`isbn`,`type`) VALUES('Voice in hastate Nitrogen','3936','0777402410506','b');
INSERT INTO `genre_book`(`genre`, `entryid`) VALUES ('Romance','3936');
INSERT INTO `author_book`(`author`, `entryid`) VALUES ('Katrice Quartiero','3936');
INSERT INTO `publisher_book`(`publisher`, `entryid`) VALUES ('Montalvan Inc.','3936');
INSERT INTO `entry`(`entryid`,`type`) VALUES('3937','b');
INSERT INTO `book`(`title`,`entryid`,`isbn`,`type`) VALUES('Dead of Menu','3937','0989491862692','j');
INSERT INTO `genre_book`(`genre`, `entryid`) VALUES ('Thriller','3937');
INSERT INTO `author`(`name`,`birthyear`,`deathyear`) VALUES('Denisse Bragdon','1963','1983');
INSERT INTO `author_book`(`author`, `entryid`) VALUES ('Denisse Bragdon','3937');
INSERT INTO `publisher_book`(`publisher`, `entryid`) VALUES ('Nelke Publishers.','3937');
INSERT INTO `entry`(`entryid`,`type`) VALUES('3938','b');
INSERT INTO `book`(`title`,`entryid`,`isbn`,`type`) VALUES('Bakery for the prefab Glove','3938','0337609862451','b');
INSERT INTO `genre_book`(`genre`, `entryid`) VALUES ('Horror','3938');
INSERT INTO `author_book`(`author`, `entryid`) VALUES ('Kym Lizaola','3938');
INSERT INTO `publisher_book`(`publisher`, `entryid`) VALUES ('Wolfer Cooperations.','3938');
INSERT INTO `entry`(`entryid`,`type`) VALUES('3939','b');
INSERT INTO `book`(`title`,`entryid`,`isbn`,`type`) VALUES('Vision for Organ','3939','0225536478273','b');
INSERT INTO `genre_book`(`genre`, `entryid`) VALUES ('Adventure','3939');
INSERT INTO `author_book`(`author`, `entryid`) VALUES ('Inge Heggen','3939');
INSERT INTO `publisher_book`(`publisher`, `entryid`) VALUES ('Gallegos Publishers.','3939');
INSERT INTO `entry`(`entryid`,`type`) VALUES('3940','b');
INSERT INTO `book`(`title`,`entryid`,`isbn`,`type`) VALUES('Goldfish by Toothbrush','3940','9203701668310','b');
INSERT INTO `genre_book`(`genre`, `entryid`) VALUES ('Horror','3940');
INSERT INTO `author_book`(`author`, `entryid`) VALUES ('Hildegarde Telesco','3940');
INSERT INTO `publisher_book`(`publisher`, `entryid`) VALUES ('Kressierer Inc.','3940');
INSERT INTO `entry`(`entryid`,`type`) VALUES('3941','b');
INSERT INTO `book`(`title`,`entryid`,`isbn`,`type`) VALUES('Eggnog of Dinghy','3941','0344776572561','b');
INSERT INTO `genre_book`(`genre`, `entryid`) VALUES ('Romance','3941');
INSERT INTO `author_book`(`author`, `entryid`) VALUES ('Keiko Delao','3941');
INSERT INTO `publisher_book`(`publisher`, `entryid`) VALUES ('Tegarden Publishers.','3941');
INSERT INTO `entry`(`entryid`,`type`) VALUES('3942','b');
INSERT INTO `book`(`title`,`entryid`,`isbn`,`type`) VALUES('Wallaby with Birth','3942','0156262351803','b');
INSERT INTO `genre_book`(`genre`, `entryid`) VALUES ('Adventure','3942');
INSERT INTO `author_book`(`author`, `entryid`) VALUES ('Christoper Reos','3942');
INSERT INTO `publisher_book`(`publisher`, `entryid`) VALUES ('Good Inc.','3942');
INSERT INTO `entry`(`entryid`,`type`) VALUES('3943','b');
INSERT INTO `book`(`title`,`entryid`,`isbn`,`type`) VALUES('Rugby by the chanted Apparel','3943','9846708719187','j');
INSERT INTO `genre_book`(`genre`, `entryid`) VALUES ('Horror','3943');
INSERT INTO `author_book`(`author`, `entryid`) VALUES ('Terry Cannington','3943');
INSERT INTO `publisher_book`(`publisher`, `entryid`) VALUES ('Mcbee Cooperations.','3943');
INSERT INTO `entry`(`entryid`,`type`) VALUES('3944','b');
INSERT INTO `book`(`title`,`entryid`,`isbn`,`type`) VALUES('Sheep to the Handicap','3944','0867163280301','b');
INSERT INTO `genre_book`(`genre`, `entryid`) VALUES ('Horror','3944');
INSERT INTO `author_book`(`author`, `entryid`) VALUES ('Terrence Asamoah','3944');
INSERT INTO `publisher_book`(`publisher`, `entryid`) VALUES ('Dubrey Cooperations.','3944');
INSERT INTO `entry`(`entryid`,`type`) VALUES('3945','b');
INSERT INTO `book`(`title`,`entryid`,`isbn`,`type`) VALUES('Close because of Ossie Ikebana','3945','0841016023029','j');
INSERT INTO `genre_book`(`genre`, `entryid`) VALUES ('Romance','3945');
INSERT INTO `author_book`(`author`, `entryid`) VALUES ('Trena Micheau','3945');
INSERT INTO `publisher_book`(`publisher`, `entryid`) VALUES ('Nunez Publishers.','3945');
INSERT INTO `entry`(`entryid`,`type`) VALUES('3946','b');
INSERT INTO `book`(`title`,`entryid`,`isbn`,`type`) VALUES('Golf and the well-turned Uzbekistan','3946','0964220701381','b');
INSERT INTO `genre_book`(`genre`, `entryid`) VALUES ('Sci-Fi','3946');
INSERT INTO `author`(`name`,`birthyear`,`deathyear`) VALUES('Deja Beel','1891','1941');
INSERT INTO `author_book`(`author`, `entryid`) VALUES ('Deja Beel','3946');
INSERT INTO `publisher_book`(`publisher`, `entryid`) VALUES ('Rickels Cooperations.','3946');
INSERT INTO `entry`(`entryid`,`type`) VALUES('3947','b');
INSERT INTO `book`(`title`,`entryid`,`isbn`,`type`) VALUES('Drum against the awesome Faucet','3947','9584442173692','e');
INSERT INTO `genre_book`(`genre`, `entryid`) VALUES ('Romance','3947');
INSERT INTO `author_book`(`author`, `entryid`) VALUES ('Angelita Kailey','3947');
INSERT INTO `publisher_book`(`publisher`, `entryid`) VALUES ('Casaceli Inc.','3947');
INSERT INTO `entry`(`entryid`,`type`) VALUES('3948','b');
INSERT INTO `book`(`title`,`entryid`,`isbn`,`type`) VALUES('Adjustment with the Fire','3948','9098552101154','b');
INSERT INTO `genre_book`(`genre`, `entryid`) VALUES ('Horror','3948');
INSERT INTO `author`(`name`,`birthyear`,`deathyear`) VALUES('Hollis Blackwater','1891','1958');
INSERT INTO `author_book`(`author`, `entryid`) VALUES ('Hollis Blackwater','3948');
INSERT INTO `publisher_book`(`publisher`, `entryid`) VALUES ('Rasco Inc.','3948');
INSERT INTO `entry`(`entryid`,`type`) VALUES('3949','b');
INSERT INTO `book`(`title`,`entryid`,`isbn`,`type`) VALUES('Red to Charles','3949','0213935170294','b');
INSERT INTO `genre_book`(`genre`, `entryid`) VALUES ('Sci-Fi','3949');
INSERT INTO `author_book`(`author`, `entryid`) VALUES ('Numbers Zipp','3949');
INSERT INTO `publisher_book`(`publisher`, `entryid`) VALUES ('Kedley Cooperations.','3949');
INSERT INTO `entry`(`entryid`,`type`) VALUES('3950','b');
INSERT INTO `book`(`title`,`entryid`,`isbn`,`type`) VALUES('Candle with the Crab','3950','0239292383134','b');
INSERT INTO `genre_book`(`genre`, `entryid`) VALUES ('Science','3950');
INSERT INTO `author_book`(`author`, `entryid`) VALUES ('Marhta Daily','3950');
INSERT INTO `publisher_book`(`publisher`, `entryid`) VALUES ('Pawell Cooperations.','3950');
INSERT INTO `entry`(`entryid`,`type`) VALUES('3951','b');
INSERT INTO `book`(`title`,`entryid`,`isbn`,`type`) VALUES('Wax with the stelliferous Peace','3951','9682443467087','j');
INSERT INTO `genre_book`(`genre`, `entryid`) VALUES ('Romance','3951');
INSERT INTO `author`(`name`,`birthyear`,`deathyear`) VALUES('Andrea Morneau','1940','2023');
INSERT INTO `author_book`(`author`, `entryid`) VALUES ('Andrea Morneau','3951');
INSERT INTO `publisher_book`(`publisher`, `entryid`) VALUES ('Grinner Inc.','3951');
INSERT INTO `entry`(`entryid`,`type`) VALUES('3952','b');
INSERT INTO `book`(`title`,`entryid`,`isbn`,`type`) VALUES('Share vs. patented Index','3952','9597424940484','j');
INSERT INTO `genre_book`(`genre`, `entryid`) VALUES ('Horror','3952');
INSERT INTO `author_book`(`author`, `entryid`) VALUES ('Stuart Imhof','3952');
INSERT INTO `publisher_book`(`publisher`, `entryid`) VALUES ('Saska Publishers.','3952');
INSERT INTO `entry`(`entryid`,`type`) VALUES('3953','b');
INSERT INTO `book`(`title`,`entryid`,`isbn`,`type`) VALUES('Temple because of rustred Twine','3953','9254340670968','b');
INSERT INTO `genre_book`(`genre`, `entryid`) VALUES ('Science','3953');
INSERT INTO `author`(`name`,`birthyear`,`deathyear`) VALUES('Kelly Mcelhiney','1969','2057');
INSERT INTO `author_book`(`author`, `entryid`) VALUES ('Kelly Mcelhiney','3953');
INSERT INTO `publisher_book`(`publisher`, `entryid`) VALUES ('Bogan Cooperations.','3953');
INSERT INTO `entry`(`entryid`,`type`) VALUES('3954','b');
INSERT INTO `book`(`title`,`entryid`,`isbn`,`type`) VALUES('Daffodil of Airplane','3954','9346312112367','e');
INSERT INTO `genre_book`(`genre`, `entryid`) VALUES ('Science','3954');
INSERT INTO `author`(`name`,`birthyear`,`deathyear`) VALUES('Chastity Adamis','1945','2012');
INSERT INTO `author_book`(`author`, `entryid`) VALUES ('Chastity Adamis','3954');
INSERT INTO `publisher_book`(`publisher`, `entryid`) VALUES ('Cotner Cooperations.','3954');
INSERT INTO `entry`(`entryid`,`type`) VALUES('3955','b');
INSERT INTO `book`(`title`,`entryid`,`isbn`,`type`) VALUES('Parallelogram in the agronomical Jacket','3955','9720994237566','b');
INSERT INTO `genre_book`(`genre`, `entryid`) VALUES ('Sci-Fi','3955');
INSERT INTO `author_book`(`author`, `entryid`) VALUES ('Ethel Mcgeary','3955');
INSERT INTO `publisher_book`(`publisher`, `entryid`) VALUES ('Correra Cooperations.','3955');
INSERT INTO `entry`(`entryid`,`type`) VALUES('3956','b');
INSERT INTO `book`(`title`,`entryid`,`isbn`,`type`) VALUES('Lamp because of James','3956','9235712716990','e');
INSERT INTO `genre_book`(`genre`, `entryid`) VALUES ('Sci-Fi','3956');
INSERT INTO `author`(`name`,`birthyear`,`deathyear`) VALUES('Kamala Omersa','1931','1973');
INSERT INTO `author_book`(`author`, `entryid`) VALUES ('Kamala Omersa','3956');
INSERT INTO `publisher_book`(`publisher`, `entryid`) VALUES ('Lundblad Inc.','3956');
INSERT INTO `entry`(`entryid`,`type`) VALUES('3957','b');
INSERT INTO `book`(`title`,`entryid`,`isbn`,`type`) VALUES('Burglar of Pantyhose','3957','9379125852808','b');
INSERT INTO `genre_book`(`genre`, `entryid`) VALUES ('Education','3957');
INSERT INTO `author`(`name`,`birthyear`,`deathyear`) VALUES('Gwyn Mcelwaine','1952','2036');
INSERT INTO `author_book`(`author`, `entryid`) VALUES ('Gwyn Mcelwaine','3957');
INSERT INTO `publisher_book`(`publisher`, `entryid`) VALUES ('Brotherson Inc.','3957');
INSERT INTO `entry`(`entryid`,`type`) VALUES('3958','b');
INSERT INTO `book`(`title`,`entryid`,`isbn`,`type`) VALUES('Chauffeur against damp Polo','3958','9255015632890','e');
INSERT INTO `genre_book`(`genre`, `entryid`) VALUES ('Education','3958');
INSERT INTO `author`(`name`,`birthyear`,`deathyear`) VALUES('Tamatha Aubel','1959','2040');
INSERT INTO `author_book`(`author`, `entryid`) VALUES ('Tamatha Aubel','3958');
INSERT INTO `publisher_book`(`publisher`, `entryid`) VALUES ('Arroyd Inc.','3958');
INSERT INTO `entry`(`entryid`,`type`) VALUES('3959','b');
INSERT INTO `book`(`title`,`entryid`,`isbn`,`type`) VALUES('Appeal with seditious Canada','3959','9965388476791','e');
INSERT INTO `genre_book`(`genre`, `entryid`) VALUES ('Sci-Fi','3959');
INSERT INTO `author_book`(`author`, `entryid`) VALUES ('Gertie Fritzman','3959');
INSERT INTO `publisher_book`(`publisher`, `entryid`) VALUES ('Wanamaker Cooperations.','3959');
INSERT INTO `entry`(`entryid`,`type`) VALUES('3960','b');
INSERT INTO `book`(`title`,`entryid`,`isbn`,`type`) VALUES('Fang and Magician','3960','0782274393768','j');
INSERT INTO `genre_book`(`genre`, `entryid`) VALUES ('Horror','3960');
INSERT INTO `author_book`(`author`, `entryid`) VALUES ('Kraig Rosul','3960');
INSERT INTO `publisher_book`(`publisher`, `entryid`) VALUES ('Hamnon Publishers.','3960');
INSERT INTO `entry`(`entryid`,`type`) VALUES('3961','b');
INSERT INTO `book`(`title`,`entryid`,`isbn`,`type`) VALUES('Frog in the coherent Packet','3961','0917347350648','j');
INSERT INTO `genre_book`(`genre`, `entryid`) VALUES ('Education','3961');
INSERT INTO `author`(`name`,`birthyear`,`deathyear`) VALUES('Misty Corre','1970','2027');
INSERT INTO `author_book`(`author`, `entryid`) VALUES ('Misty Corre','3961');
INSERT INTO `publisher_book`(`publisher`, `entryid`) VALUES ('Lucious Publishers.','3961');
INSERT INTO `entry`(`entryid`,`type`) VALUES('3962','b');
INSERT INTO `book`(`title`,`entryid`,`isbn`,`type`) VALUES('Postage and the hemispheroidal Approval','3962','0783653566119','b');
INSERT INTO `genre_book`(`genre`, `entryid`) VALUES ('Adventure','3962');
INSERT INTO `author_book`(`author`, `entryid`) VALUES ('Zada Masilko','3962');
INSERT INTO `publisher_book`(`publisher`, `entryid`) VALUES ('Difalco Cooperations.','3962');
INSERT INTO `entry`(`entryid`,`type`) VALUES('3963','b');
INSERT INTO `book`(`title`,`entryid`,`isbn`,`type`) VALUES('Event of Beautician','3963','9090043662889','e');
INSERT INTO `genre_book`(`genre`, `entryid`) VALUES ('Science','3963');
INSERT INTO `author_book`(`author`, `entryid`) VALUES ('Latrina Gariety','3963');
INSERT INTO `publisher_book`(`publisher`, `entryid`) VALUES ('Gallegos Publishers.','3963');
INSERT INTO `entry`(`entryid`,`type`) VALUES('3964','b');
INSERT INTO `book`(`title`,`entryid`,`isbn`,`type`) VALUES('Boy by the beatific Mass','3964','0451837010488','j');
INSERT INTO `genre_book`(`genre`, `entryid`) VALUES ('Romance','3964');
INSERT INTO `author_book`(`author`, `entryid`) VALUES ('Kermit Derringer','3964');
INSERT INTO `publisher_book`(`publisher`, `entryid`) VALUES ('Kuhse Inc.','3964');
INSERT INTO `entry`(`entryid`,`type`) VALUES('3965','b');
INSERT INTO `book`(`title`,`entryid`,`isbn`,`type`) VALUES('Cub for cultivable Wolf','3965','0567587588963','b');
INSERT INTO `genre_book`(`genre`, `entryid`) VALUES ('Romance','3965');
INSERT INTO `author_book`(`author`, `entryid`) VALUES ('Evan Bonin','3965');
INSERT INTO `publisher_book`(`publisher`, `entryid`) VALUES ('Strazisar Inc.','3965');
INSERT INTO `entry`(`entryid`,`type`) VALUES('3966','b');
INSERT INTO `book`(`title`,`entryid`,`isbn`,`type`) VALUES('Pillow by endmost Lawyer','3966','9422602446200','j');
INSERT INTO `genre_book`(`genre`, `entryid`) VALUES ('Adventure','3966');
INSERT INTO `author`(`name`,`birthyear`,`deathyear`) VALUES('Waldo Derer','1973','1995');
INSERT INTO `author_book`(`author`, `entryid`) VALUES ('Waldo Derer','3966');
INSERT INTO `publisher_book`(`publisher`, `entryid`) VALUES ('Culpepper Cooperations.','3966');
INSERT INTO `entry`(`entryid`,`type`) VALUES('3967','b');
INSERT INTO `book`(`title`,`entryid`,`isbn`,`type`) VALUES('Pine for Snowman','3967','0898869183708','e');
INSERT INTO `genre_book`(`genre`, `entryid`) VALUES ('Romance','3967');
INSERT INTO `author_book`(`author`, `entryid`) VALUES ('Rosalie Spika','3967');
INSERT INTO `publisher_book`(`publisher`, `entryid`) VALUES ('Landacre Inc.','3967');
INSERT INTO `entry`(`entryid`,`type`) VALUES('3968','b');
INSERT INTO `book`(`title`,`entryid`,`isbn`,`type`) VALUES('Authority against Ramie','3968','9939080197333','e');
INSERT INTO `genre_book`(`genre`, `entryid`) VALUES ('Adventure','3968');
INSERT INTO `author`(`name`,`birthyear`,`deathyear`) VALUES('Jennifer Cichonski','1947','2014');
INSERT INTO `author_book`(`author`, `entryid`) VALUES ('Jennifer Cichonski','3968');
INSERT INTO `publisher_book`(`publisher`, `entryid`) VALUES ('Nelke Publishers.','3968');
INSERT INTO `entry`(`entryid`,`type`) VALUES('3969','b');
INSERT INTO `book`(`title`,`entryid`,`isbn`,`type`) VALUES('France against the terrorful Underpants','3969','0765591625732','e');
INSERT INTO `genre_book`(`genre`, `entryid`) VALUES ('Science','3969');
INSERT INTO `author_book`(`author`, `entryid`) VALUES ('Kenia Hochschild','3969');
INSERT INTO `publisher_book`(`publisher`, `entryid`) VALUES ('Deaville Inc.','3969');
INSERT INTO `entry`(`entryid`,`type`) VALUES('3970','b');
INSERT INTO `book`(`title`,`entryid`,`isbn`,`type`) VALUES('Babies for Mosque','3970','9206633695254','e');
INSERT INTO `genre_book`(`genre`, `entryid`) VALUES ('Romance','3970');
INSERT INTO `author_book`(`author`, `entryid`) VALUES ('Malena Malinsky','3970');
INSERT INTO `publisher_book`(`publisher`, `entryid`) VALUES ('Nuzum Inc.','3970');
INSERT INTO `entry`(`entryid`,`type`) VALUES('3971','b');
INSERT INTO `book`(`title`,`entryid`,`isbn`,`type`) VALUES('Quiet vs. glaciated Hand','3971','0223146768730','b');
INSERT INTO `genre_book`(`genre`, `entryid`) VALUES ('Sci-Fi','3971');
INSERT INTO `author_book`(`author`, `entryid`) VALUES ('Kathie Duce','3971');
INSERT INTO `publisher_book`(`publisher`, `entryid`) VALUES ('Good Inc.','3971');
INSERT INTO `entry`(`entryid`,`type`) VALUES('3972','b');
INSERT INTO `book`(`title`,`entryid`,`isbn`,`type`) VALUES('Toad in the off-centre Ikebana','3972','0356099129706','j');
INSERT INTO `genre_book`(`genre`, `entryid`) VALUES ('Science','3972');
INSERT INTO `author_book`(`author`, `entryid`) VALUES ('Eulah Lalonde','3972');
INSERT INTO `publisher_book`(`publisher`, `entryid`) VALUES ('Cudjoe Publishers.','3972');
INSERT INTO `entry`(`entryid`,`type`) VALUES('3973','b');
INSERT INTO `book`(`title`,`entryid`,`isbn`,`type`) VALUES('Question and satin Boat','3973','0505522495974','j');
INSERT INTO `genre_book`(`genre`, `entryid`) VALUES ('Thriller','3973');
INSERT INTO `author_book`(`author`, `entryid`) VALUES ('Rutha Burnaman','3973');
INSERT INTO `publisher_book`(`publisher`, `entryid`) VALUES ('Holland Publishers.','3973');
INSERT INTO `entry`(`entryid`,`type`) VALUES('3974','b');
INSERT INTO `book`(`title`,`entryid`,`isbn`,`type`) VALUES('Helen in cherished Beech','3974','0759828349578','e');
INSERT INTO `genre_book`(`genre`, `entryid`) VALUES ('Adventure','3974');
INSERT INTO `author_book`(`author`, `entryid`) VALUES ('Sean Kassebaum','3974');
INSERT INTO `publisher_book`(`publisher`, `entryid`) VALUES ('Stallman Inc.','3974');
INSERT INTO `entry`(`entryid`,`type`) VALUES('3975','b');
INSERT INTO `book`(`title`,`entryid`,`isbn`,`type`) VALUES('Driver of the neutralism Coal','3975','0468572380144','b');
INSERT INTO `genre_book`(`genre`, `entryid`) VALUES ('Sci-Fi','3975');
INSERT INTO `author_book`(`author`, `entryid`) VALUES ('Clyde Riggens','3975');
INSERT INTO `publisher_book`(`publisher`, `entryid`) VALUES ('Wolfer Cooperations.','3975');
INSERT INTO `entry`(`entryid`,`type`) VALUES('3976','b');
INSERT INTO `book`(`title`,`entryid`,`isbn`,`type`) VALUES('Double against the Snail','3976','0754012699437','j');
INSERT INTO `genre_book`(`genre`, `entryid`) VALUES ('Science','3976');
INSERT INTO `author_book`(`author`, `entryid`) VALUES ('Drema Maharg','3976');
INSERT INTO `publisher_book`(`publisher`, `entryid`) VALUES ('Storbeck Inc.','3976');
INSERT INTO `entry`(`entryid`,`type`) VALUES('3977','b');
INSERT INTO `book`(`title`,`entryid`,`isbn`,`type`) VALUES('Canvas in the turbo-electric Shake','3977','0318719308410','j');
INSERT INTO `genre_book`(`genre`, `entryid`) VALUES ('Education','3977');
INSERT INTO `author_book`(`author`, `entryid`) VALUES ('Jolynn Schroot','3977');
INSERT INTO `publisher_book`(`publisher`, `entryid`) VALUES ('Fenceroy Publishers.','3977');
INSERT INTO `entry`(`entryid`,`type`) VALUES('3978','b');
INSERT INTO `book`(`title`,`entryid`,`isbn`,`type`) VALUES('Chef in Streetcar','3978','0710477594140','j');
INSERT INTO `genre_book`(`genre`, `entryid`) VALUES ('Horror','3978');
INSERT INTO `author_book`(`author`, `entryid`) VALUES ('Margie Sellman','3978');
INSERT INTO `publisher_book`(`publisher`, `entryid`) VALUES ('Gidwani Publishers.','3978');
INSERT INTO `entry`(`entryid`,`type`) VALUES('3979','b');
INSERT INTO `book`(`title`,`entryid`,`isbn`,`type`) VALUES('Sushi in Meteorology','3979','9909496945889','b');
INSERT INTO `genre_book`(`genre`, `entryid`) VALUES ('Adventure','3979');
INSERT INTO `author_book`(`author`, `entryid`) VALUES ('Rocky Biedermann','3979');
INSERT INTO `publisher_book`(`publisher`, `entryid`) VALUES ('Dentel Inc.','3979');
INSERT INTO `entry`(`entryid`,`type`) VALUES('3980','b');
INSERT INTO `book`(`title`,`entryid`,`isbn`,`type`) VALUES('Dedication in interpleural Lead','3980','9161187163499','j');
INSERT INTO `genre_book`(`genre`, `entryid`) VALUES ('Science','3980');
INSERT INTO `author_book`(`author`, `entryid`) VALUES ('Shaneka Calk','3980');
INSERT INTO `publisher_book`(`publisher`, `entryid`) VALUES ('Cregeen Inc.','3980');
INSERT INTO `entry`(`entryid`,`type`) VALUES('3981','b');
INSERT INTO `book`(`title`,`entryid`,`isbn`,`type`) VALUES('Anime to the variolous Unit','3981','9333529922094','e');
INSERT INTO `genre_book`(`genre`, `entryid`) VALUES ('Adventure','3981');
INSERT INTO `author_book`(`author`, `entryid`) VALUES ('Kacie Sankaran','3981');
INSERT INTO `publisher_book`(`publisher`, `entryid`) VALUES ('Grinner Inc.','3981');
INSERT INTO `entry`(`entryid`,`type`) VALUES('3982','b');
INSERT INTO `book`(`title`,`entryid`,`isbn`,`type`) VALUES('Turtle and lawless Gasoline','3982','9113062061025','j');
INSERT INTO `genre_book`(`genre`, `entryid`) VALUES ('Adventure','3982');
INSERT INTO `author_book`(`author`, `entryid`) VALUES ('Hollis Blackwater','3982');
INSERT INTO `publisher_book`(`publisher`, `entryid`) VALUES ('Moraitis Inc.','3982');
INSERT INTO `entry`(`entryid`,`type`) VALUES('3983','b');
INSERT INTO `book`(`title`,`entryid`,`isbn`,`type`) VALUES('Camel and the Belt','3983','0812679554327','e');
INSERT INTO `genre_book`(`genre`, `entryid`) VALUES ('Sci-Fi','3983');
INSERT INTO `author_book`(`author`, `entryid`) VALUES ('Roxann Schuchard','3983');
INSERT INTO `publisher_book`(`publisher`, `entryid`) VALUES ('Golladay Publishers.','3983');
INSERT INTO `entry`(`entryid`,`type`) VALUES('3984','b');
INSERT INTO `book`(`title`,`entryid`,`isbn`,`type`) VALUES('Sound vs. Save','3984','9197895824372','j');
INSERT INTO `genre_book`(`genre`, `entryid`) VALUES ('Education','3984');
INSERT INTO `author`(`name`,`birthyear`,`deathyear`) VALUES('Mee Cerdan','1965','1990');
INSERT INTO `author_book`(`author`, `entryid`) VALUES ('Mee Cerdan','3984');
INSERT INTO `publisher_book`(`publisher`, `entryid`) VALUES ('Deckelman Cooperations.','3984');
INSERT INTO `entry`(`entryid`,`type`) VALUES('3985','b');
INSERT INTO `book`(`title`,`entryid`,`isbn`,`type`) VALUES('Brown in the confinable Verse','3985','0754385563758','b');
INSERT INTO `genre_book`(`genre`, `entryid`) VALUES ('Thriller','3985');
INSERT INTO `author_book`(`author`, `entryid`) VALUES ('Alverta Souser','3985');
INSERT INTO `publisher_book`(`publisher`, `entryid`) VALUES ('Trinkl Inc.','3985');
INSERT INTO `entry`(`entryid`,`type`) VALUES('3986','b');
INSERT INTO `book`(`title`,`entryid`,`isbn`,`type`) VALUES('Oatmeal against the Poison','3986','9286037147487','b');
INSERT INTO `genre_book`(`genre`, `entryid`) VALUES ('Adventure','3986');
INSERT INTO `author_book`(`author`, `entryid`) VALUES ('Eleanore Heaslet','3986');
INSERT INTO `publisher_book`(`publisher`, `entryid`) VALUES ('Callam Inc.','3986');
INSERT INTO `entry`(`entryid`,`type`) VALUES('3987','b');
INSERT INTO `book`(`title`,`entryid`,`isbn`,`type`) VALUES('Support to swingy Spaghetti','3987','9218541894277','e');
INSERT INTO `genre_book`(`genre`, `entryid`) VALUES ('Education','3987');
INSERT INTO `author_book`(`author`, `entryid`) VALUES ('Mayola Copping','3987');
INSERT INTO `publisher_book`(`publisher`, `entryid`) VALUES ('Correra Cooperations.','3987');
INSERT INTO `entry`(`entryid`,`type`) VALUES('3988','b');
INSERT INTO `book`(`title`,`entryid`,`isbn`,`type`) VALUES('Ketchup for the tightly-knit Deodorant','3988','9739128497706','j');
INSERT INTO `genre_book`(`genre`, `entryid`) VALUES ('Horror','3988');
INSERT INTO `author_book`(`author`, `entryid`) VALUES ('Kendall Folks','3988');
INSERT INTO `publisher_book`(`publisher`, `entryid`) VALUES ('Munaz Publishers.','3988');
INSERT INTO `entry`(`entryid`,`type`) VALUES('3989','b');
INSERT INTO `book`(`title`,`entryid`,`isbn`,`type`) VALUES('Vise because of Bugle','3989','0253171658637','j');
INSERT INTO `genre_book`(`genre`, `entryid`) VALUES ('Horror','3989');
INSERT INTO `author_book`(`author`, `entryid`) VALUES ('Delora Heydt','3989');
INSERT INTO `publisher_book`(`publisher`, `entryid`) VALUES ('Todaro Cooperations.','3989');
INSERT INTO `entry`(`entryid`,`type`) VALUES('3990','b');
INSERT INTO `book`(`title`,`entryid`,`isbn`,`type`) VALUES('Lunge for Sideboard','3990','0694155824611','b');
INSERT INTO `genre_book`(`genre`, `entryid`) VALUES ('Science','3990');
INSERT INTO `author_book`(`author`, `entryid`) VALUES ('Esperanza Bellettiere','3990');
INSERT INTO `publisher_book`(`publisher`, `entryid`) VALUES ('Konger Publishers.','3990');
INSERT INTO `entry`(`entryid`,`type`) VALUES('3991','b');
INSERT INTO `book`(`title`,`entryid`,`isbn`,`type`) VALUES('Yard in equivalent Need','3991','0145110062341','j');
INSERT INTO `genre_book`(`genre`, `entryid`) VALUES ('Romance','3991');
INSERT INTO `author_book`(`author`, `entryid`) VALUES ('Audrey Remington','3991');
INSERT INTO `publisher_book`(`publisher`, `entryid`) VALUES ('Derenzi Publishers.','3991');
INSERT INTO `entry`(`entryid`,`type`) VALUES('3992','b');
INSERT INTO `book`(`title`,`entryid`,`isbn`,`type`) VALUES('Shorts to spontaneous Stomach','3992','0608488452401','j');
INSERT INTO `genre_book`(`genre`, `entryid`) VALUES ('Romance','3992');
INSERT INTO `author`(`name`,`birthyear`,`deathyear`) VALUES('Lorenzo Bermudez','1906','1949');
INSERT INTO `author_book`(`author`, `entryid`) VALUES ('Lorenzo Bermudez','3992');
INSERT INTO `publisher_book`(`publisher`, `entryid`) VALUES ('Rouch Publishers.','3992');
INSERT INTO `entry`(`entryid`,`type`) VALUES('3993','b');
INSERT INTO `book`(`title`,`entryid`,`isbn`,`type`) VALUES('Router against the John','3993','9985841068219','j');
INSERT INTO `genre_book`(`genre`, `entryid`) VALUES ('Thriller','3993');
INSERT INTO `author`(`name`,`birthyear`,`deathyear`) VALUES('Mayme Wildes','1956','2018');
INSERT INTO `author_book`(`author`, `entryid`) VALUES ('Mayme Wildes','3993');
INSERT INTO `publisher_book`(`publisher`, `entryid`) VALUES ('Shamily Inc.','3993');
INSERT INTO `entry`(`entryid`,`type`) VALUES('3994','b');
INSERT INTO `book`(`title`,`entryid`,`isbn`,`type`) VALUES('Mouth against Sprout','3994','9781280551289','b');
INSERT INTO `genre_book`(`genre`, `entryid`) VALUES ('Education','3994');
INSERT INTO `author`(`name`,`birthyear`,`deathyear`) VALUES('Brittaney Dillehay','1913','2001');
INSERT INTO `author_book`(`author`, `entryid`) VALUES ('Brittaney Dillehay','3994');
INSERT INTO `publisher_book`(`publisher`, `entryid`) VALUES ('Shamily Inc.','3994');
INSERT INTO `entry`(`entryid`,`type`) VALUES('3995','b');
INSERT INTO `book`(`title`,`entryid`,`isbn`,`type`) VALUES('Bagel of abrupt Flock','3995','0501833077763','j');
INSERT INTO `genre_book`(`genre`, `entryid`) VALUES ('Thriller','3995');
INSERT INTO `author`(`name`,`birthyear`,`deathyear`) VALUES('Carolee Dominiquez','1965','1992');
INSERT INTO `author_book`(`author`, `entryid`) VALUES ('Carolee Dominiquez','3995');
INSERT INTO `publisher_book`(`publisher`, `entryid`) VALUES ('Reshard Cooperations.','3995');
INSERT INTO `entry`(`entryid`,`type`) VALUES('3996','b');
INSERT INTO `book`(`title`,`entryid`,`isbn`,`type`) VALUES('Bit to the type-high Propane','3996','9179819987646','j');
INSERT INTO `genre_book`(`genre`, `entryid`) VALUES ('Sci-Fi','3996');
INSERT INTO `author_book`(`author`, `entryid`) VALUES ('Estrella Gruca','3996');
INSERT INTO `publisher_book`(`publisher`, `entryid`) VALUES ('Pery Cooperations.','3996');
INSERT INTO `entry`(`entryid`,`type`) VALUES('3997','b');
INSERT INTO `book`(`title`,`entryid`,`isbn`,`type`) VALUES('Stamp and Soprano','3997','9864155191378','e');
INSERT INTO `genre_book`(`genre`, `entryid`) VALUES ('Romance','3997');
INSERT INTO `author`(`name`,`birthyear`,`deathyear`) VALUES('Randolph Rauscher','1897','1924');
INSERT INTO `author_book`(`author`, `entryid`) VALUES ('Randolph Rauscher','3997');
INSERT INTO `publisher_book`(`publisher`, `entryid`) VALUES ('Wehbe Cooperations.','3997');
INSERT INTO `entry`(`entryid`,`type`) VALUES('3998','b');
INSERT INTO `book`(`title`,`entryid`,`isbn`,`type`) VALUES('Package vs. Hygienic','3998','9216495249192','e');
INSERT INTO `genre_book`(`genre`, `entryid`) VALUES ('Adventure','3998');
INSERT INTO `author_book`(`author`, `entryid`) VALUES ('Margarita Bloem','3998');
INSERT INTO `publisher_book`(`publisher`, `entryid`) VALUES ('Mastera Cooperations.','3998');
INSERT INTO `entry`(`entryid`,`type`) VALUES('3999','b');
INSERT INTO `book`(`title`,`entryid`,`isbn`,`type`) VALUES('Broker in gradational Euphonium','3999','0453294769529','j');
INSERT INTO `genre_book`(`genre`, `entryid`) VALUES ('Education','3999');
INSERT INTO `author_book`(`author`, `entryid`) VALUES ('Deann Haven','3999');
INSERT INTO `publisher_book`(`publisher`, `entryid`) VALUES ('Cervone Cooperations.','3999');
INSERT INTO `entry`(`entryid`,`type`) VALUES('4000','b');
INSERT INTO `book`(`title`,`entryid`,`isbn`,`type`) VALUES('Cell of Uncle','4000','9938182688652','e');
INSERT INTO `genre_book`(`genre`, `entryid`) VALUES ('Horror','4000');
INSERT INTO `author_book`(`author`, `entryid`) VALUES ('Aurelio Barbarino','4000');
INSERT INTO `publisher_book`(`publisher`, `entryid`) VALUES ('Cordas Inc.','4000');
INSERT INTO `entry`(`entryid`,`type`) VALUES('4001','b');
INSERT INTO `book`(`title`,`entryid`,`isbn`,`type`) VALUES('Story with the double-bass Hail','4001','9928597226023','j');
INSERT INTO `genre_book`(`genre`, `entryid`) VALUES ('Horror','4001');
INSERT INTO `author`(`name`,`birthyear`,`deathyear`) VALUES('Joslyn Gerdts','1973','2016');
INSERT INTO `author_book`(`author`, `entryid`) VALUES ('Joslyn Gerdts','4001');
INSERT INTO `publisher_book`(`publisher`, `entryid`) VALUES ('Youmans Cooperations.','4001');
INSERT INTO `entry`(`entryid`,`type`) VALUES('4002','b');
INSERT INTO `book`(`title`,`entryid`,`isbn`,`type`) VALUES('Name vs. Bedroom','4002','0410105718124','j');
INSERT INTO `genre_book`(`genre`, `entryid`) VALUES ('Romance','4002');
INSERT INTO `author`(`name`,`birthyear`,`deathyear`) VALUES('Mariann Rieves','1898','1982');
INSERT INTO `author_book`(`author`, `entryid`) VALUES ('Mariann Rieves','4002');
INSERT INTO `publisher_book`(`publisher`, `entryid`) VALUES ('Aleman Inc.','4002');
INSERT INTO `entry`(`entryid`,`type`) VALUES('4003','b');
INSERT INTO `book`(`title`,`entryid`,`isbn`,`type`) VALUES('Eyelash for the Pilot','4003','9367789520288','b');
INSERT INTO `genre_book`(`genre`, `entryid`) VALUES ('Romance','4003');
INSERT INTO `author`(`name`,`birthyear`,`deathyear`) VALUES('Ola Whelchel','1964','2022');
INSERT INTO `author_book`(`author`, `entryid`) VALUES ('Ola Whelchel','4003');
INSERT INTO `publisher_book`(`publisher`, `entryid`) VALUES ('Blissett Publishers.','4003');
INSERT INTO `entry`(`entryid`,`type`) VALUES('4004','b');
INSERT INTO `book`(`title`,`entryid`,`isbn`,`type`) VALUES('Improvement by Robin','4004','9195317895433','j');
INSERT INTO `genre_book`(`genre`, `entryid`) VALUES ('Sci-Fi','4004');
INSERT INTO `author`(`name`,`birthyear`,`deathyear`) VALUES('Jason Burkeen','1923','1986');
INSERT INTO `author_book`(`author`, `entryid`) VALUES ('Jason Burkeen','4004');
INSERT INTO `publisher_book`(`publisher`, `entryid`) VALUES ('Warnock Cooperations.','4004');
INSERT INTO `entry`(`entryid`,`type`) VALUES('4005','b');
INSERT INTO `book`(`title`,`entryid`,`isbn`,`type`) VALUES('Archer vs. Owner','4005','9780211917197','j');
INSERT INTO `genre_book`(`genre`, `entryid`) VALUES ('Sci-Fi','4005');
INSERT INTO `author_book`(`author`, `entryid`) VALUES ('Esperanza Dose','4005');
INSERT INTO `publisher_book`(`publisher`, `entryid`) VALUES ('Seta Inc.','4005');
INSERT INTO `entry`(`entryid`,`type`) VALUES('4006','b');
INSERT INTO `book`(`title`,`entryid`,`isbn`,`type`) VALUES('Polish for Pants','4006','9114381430839','e');
INSERT INTO `genre_book`(`genre`, `entryid`) VALUES ('Sci-Fi','4006');
INSERT INTO `author`(`name`,`birthyear`,`deathyear`) VALUES('Kimiko Lazaroff','1903','1959');
INSERT INTO `author_book`(`author`, `entryid`) VALUES ('Kimiko Lazaroff','4006');
INSERT INTO `publisher_book`(`publisher`, `entryid`) VALUES ('Domino Inc.','4006');
INSERT INTO `entry`(`entryid`,`type`) VALUES('4007','b');
INSERT INTO `book`(`title`,`entryid`,`isbn`,`type`) VALUES('Sunflower of frowzy Hair','4007','9929145150718','j');
INSERT INTO `genre_book`(`genre`, `entryid`) VALUES ('Science','4007');
INSERT INTO `author`(`name`,`birthyear`,`deathyear`) VALUES('Rosetta Harwin','1919','1947');
INSERT INTO `author_book`(`author`, `entryid`) VALUES ('Rosetta Harwin','4007');
INSERT INTO `publisher_book`(`publisher`, `entryid`) VALUES ('Mandril Inc.','4007');
INSERT INTO `entry`(`entryid`,`type`) VALUES('4008','b');
INSERT INTO `book`(`title`,`entryid`,`isbn`,`type`) VALUES('Cathedral for the irresolute Cormorant','4008','9461636576747','b');
INSERT INTO `genre_book`(`genre`, `entryid`) VALUES ('Sci-Fi','4008');
INSERT INTO `author_book`(`author`, `entryid`) VALUES ('Neda Harbough','4008');
INSERT INTO `publisher_book`(`publisher`, `entryid`) VALUES ('Casaceli Inc.','4008');
INSERT INTO `entry`(`entryid`,`type`) VALUES('4009','b');
INSERT INTO `book`(`title`,`entryid`,`isbn`,`type`) VALUES('Answer by the stromatous Lizard','4009','9171937155081','e');
INSERT INTO `genre_book`(`genre`, `entryid`) VALUES ('Science','4009');
INSERT INTO `author_book`(`author`, `entryid`) VALUES ('Loida Caballero','4009');
INSERT INTO `publisher_book`(`publisher`, `entryid`) VALUES ('Scotty Inc.','4009');
INSERT INTO `entry`(`entryid`,`type`) VALUES('4010','b');
INSERT INTO `book`(`title`,`entryid`,`isbn`,`type`) VALUES('Children with Burst','4010','9305815150420','j');
INSERT INTO `genre_book`(`genre`, `entryid`) VALUES ('Education','4010');
INSERT INTO `author_book`(`author`, `entryid`) VALUES ('Marg Cunnington','4010');
INSERT INTO `publisher_book`(`publisher`, `entryid`) VALUES ('Schwamberger Inc.','4010');
INSERT INTO `entry`(`entryid`,`type`) VALUES('4011','b');
INSERT INTO `book`(`title`,`entryid`,`isbn`,`type`) VALUES('Australia because of Tachometer','4011','0951369536334','e');
INSERT INTO `genre_book`(`genre`, `entryid`) VALUES ('Education','4011');
INSERT INTO `author_book`(`author`, `entryid`) VALUES ('Carmel Nol','4011');
INSERT INTO `publisher_book`(`publisher`, `entryid`) VALUES ('Brisbon Publishers.','4011');
INSERT INTO `entry`(`entryid`,`type`) VALUES('4012','b');
INSERT INTO `book`(`title`,`entryid`,`isbn`,`type`) VALUES('Russia by the most Pine','4012','9226394550615','j');
INSERT INTO `genre_book`(`genre`, `entryid`) VALUES ('Horror','4012');
INSERT INTO `author_book`(`author`, `entryid`) VALUES ('Lecia Chernay','4012');
INSERT INTO `publisher_book`(`publisher`, `entryid`) VALUES ('Shamily Inc.','4012');
INSERT INTO `entry`(`entryid`,`type`) VALUES('4013','b');
INSERT INTO `book`(`title`,`entryid`,`isbn`,`type`) VALUES('Cougar in the Nylon','4013','0531331633391','b');
INSERT INTO `genre_book`(`genre`, `entryid`) VALUES ('Adventure','4013');
INSERT INTO `author_book`(`author`, `entryid`) VALUES ('Janessa Plett','4013');
INSERT INTO `publisher_book`(`publisher`, `entryid`) VALUES ('Duchesney Publishers.','4013');
INSERT INTO `entry`(`entryid`,`type`) VALUES('4014','b');
INSERT INTO `book`(`title`,`entryid`,`isbn`,`type`) VALUES('Mice in Shop','4014','9630512320197','b');
INSERT INTO `genre_book`(`genre`, `entryid`) VALUES ('Thriller','4014');
INSERT INTO `author_book`(`author`, `entryid`) VALUES ('Tomiko Kuehnel','4014');
INSERT INTO `publisher`(`name`) VALUES ('Culliton Cooperations.');
INSERT INTO `publisher_book`(`publisher`, `entryid`) VALUES ('Culliton Cooperations.','4014');
INSERT INTO `entry`(`entryid`,`type`) VALUES('4015','b');
INSERT INTO `book`(`title`,`entryid`,`isbn`,`type`) VALUES('Meteorology against the Copyright','4015','9640475009379','e');
INSERT INTO `genre_book`(`genre`, `entryid`) VALUES ('Sci-Fi','4015');
INSERT INTO `author`(`name`,`birthyear`,`deathyear`) VALUES('Isobel Reimann','1910','1969');
INSERT INTO `author_book`(`author`, `entryid`) VALUES ('Isobel Reimann','4015');
INSERT INTO `publisher_book`(`publisher`, `entryid`) VALUES ('Kleis Inc.','4015');
INSERT INTO `entry`(`entryid`,`type`) VALUES('4016','b');
INSERT INTO `book`(`title`,`entryid`,`isbn`,`type`) VALUES('Rhythm by glacial Saudi arabia','4016','9127708184072','e');
INSERT INTO `genre_book`(`genre`, `entryid`) VALUES ('Sci-Fi','4016');
INSERT INTO `author_book`(`author`, `entryid`) VALUES ('Fredrick Zoelle','4016');
INSERT INTO `publisher_book`(`publisher`, `entryid`) VALUES ('Duhon Publishers.','4016');
INSERT INTO `entry`(`entryid`,`type`) VALUES('4017','b');
INSERT INTO `book`(`title`,`entryid`,`isbn`,`type`) VALUES('Pickle to Mouse','4017','9303735898320','j');
INSERT INTO `genre_book`(`genre`, `entryid`) VALUES ('Romance','4017');
INSERT INTO `author_book`(`author`, `entryid`) VALUES ('Adella Elsa','4017');
INSERT INTO `publisher_book`(`publisher`, `entryid`) VALUES ('Boschee Cooperations.','4017');
INSERT INTO `entry`(`entryid`,`type`) VALUES('4018','b');
INSERT INTO `book`(`title`,`entryid`,`isbn`,`type`) VALUES('Dish against unlooked-for Russia','4018','9784840353101','j');
INSERT INTO `genre_book`(`genre`, `entryid`) VALUES ('Sci-Fi','4018');
INSERT INTO `author_book`(`author`, `entryid`) VALUES ('Edelmira Lentine','4018');
INSERT INTO `publisher_book`(`publisher`, `entryid`) VALUES ('Fattig Inc.','4018');
INSERT INTO `entry`(`entryid`,`type`) VALUES('4019','b');
INSERT INTO `book`(`title`,`entryid`,`isbn`,`type`) VALUES('Comic and Bowl','4019','9862369884713','e');
INSERT INTO `genre_book`(`genre`, `entryid`) VALUES ('Romance','4019');
INSERT INTO `author`(`name`,`birthyear`,`deathyear`) VALUES('Demarcus Fedderly','1889','1987');
INSERT INTO `author_book`(`author`, `entryid`) VALUES ('Demarcus Fedderly','4019');
INSERT INTO `publisher_book`(`publisher`, `entryid`) VALUES ('Manzanero Inc.','4019');
INSERT INTO `entry`(`entryid`,`type`) VALUES('4020','b');
INSERT INTO `book`(`title`,`entryid`,`isbn`,`type`) VALUES('Men of grizzliest Salary','4020','9488950187377','j');
INSERT INTO `genre_book`(`genre`, `entryid`) VALUES ('Education','4020');
INSERT INTO `author_book`(`author`, `entryid`) VALUES ('Merlyn Knows','4020');
INSERT INTO `publisher_book`(`publisher`, `entryid`) VALUES ('Mcbee Cooperations.','4020');
INSERT INTO `entry`(`entryid`,`type`) VALUES('4021','b');
INSERT INTO `book`(`title`,`entryid`,`isbn`,`type`) VALUES('Expert for the Vacation','4021','0906485937206','b');
INSERT INTO `genre_book`(`genre`, `entryid`) VALUES ('Thriller','4021');
INSERT INTO `author`(`name`,`birthyear`,`deathyear`) VALUES('Werner Fudala','1907','1957');
INSERT INTO `author_book`(`author`, `entryid`) VALUES ('Werner Fudala','4021');
INSERT INTO `publisher_book`(`publisher`, `entryid`) VALUES ('Mominee Inc.','4021');
INSERT INTO `entry`(`entryid`,`type`) VALUES('4022','b');
INSERT INTO `book`(`title`,`entryid`,`isbn`,`type`) VALUES('Creator because of safety-deposit Couch','4022','9389378828579','b');
INSERT INTO `genre_book`(`genre`, `entryid`) VALUES ('Education','4022');
INSERT INTO `author`(`name`,`birthyear`,`deathyear`) VALUES('Phillip Batt','1898','1938');
INSERT INTO `author_book`(`author`, `entryid`) VALUES ('Phillip Batt','4022');
INSERT INTO `publisher_book`(`publisher`, `entryid`) VALUES ('Salvatori Inc.','4022');
INSERT INTO `entry`(`entryid`,`type`) VALUES('4023','b');
INSERT INTO `book`(`title`,`entryid`,`isbn`,`type`) VALUES('Limit to the unprovident Stone','4023','9870742897749','b');
INSERT INTO `genre_book`(`genre`, `entryid`) VALUES ('Romance','4023');
INSERT INTO `author_book`(`author`, `entryid`) VALUES ('Nola Haley','4023');
INSERT INTO `publisher_book`(`publisher`, `entryid`) VALUES ('Haith Inc.','4023');
INSERT INTO `entry`(`entryid`,`type`) VALUES('4024','b');
INSERT INTO `book`(`title`,`entryid`,`isbn`,`type`) VALUES('Boat of the Whale','4024','9523860381976','e');
INSERT INTO `genre_book`(`genre`, `entryid`) VALUES ('Thriller','4024');
INSERT INTO `author_book`(`author`, `entryid`) VALUES ('Rocky Biedermann','4024');
INSERT INTO `publisher_book`(`publisher`, `entryid`) VALUES ('Rayman Publishers.','4024');
INSERT INTO `entry`(`entryid`,`type`) VALUES('4025','b');
INSERT INTO `book`(`title`,`entryid`,`isbn`,`type`) VALUES('Underpants against two-edged Rabbit','4025','0257930999198','b');
INSERT INTO `genre_book`(`genre`, `entryid`) VALUES ('Sci-Fi','4025');
INSERT INTO `author`(`name`,`birthyear`,`deathyear`) VALUES('Jonah Paskoff','1915','1964');
INSERT INTO `author_book`(`author`, `entryid`) VALUES ('Jonah Paskoff','4025');
INSERT INTO `publisher_book`(`publisher`, `entryid`) VALUES ('Montalvan Inc.','4025');
INSERT INTO `entry`(`entryid`,`type`) VALUES('4026','b');
INSERT INTO `book`(`title`,`entryid`,`isbn`,`type`) VALUES('Green against the Language','4026','0749687966131','j');
INSERT INTO `genre_book`(`genre`, `entryid`) VALUES ('Romance','4026');
INSERT INTO `author_book`(`author`, `entryid`) VALUES ('Maranda Ahumada','4026');
INSERT INTO `publisher_book`(`publisher`, `entryid`) VALUES ('Golladay Publishers.','4026');
INSERT INTO `entry`(`entryid`,`type`) VALUES('4027','b');
INSERT INTO `book`(`title`,`entryid`,`isbn`,`type`) VALUES('House in the cornucopian Flag','4027','9848046019762','b');
INSERT INTO `genre_book`(`genre`, `entryid`) VALUES ('Science','4027');
INSERT INTO `author`(`name`,`birthyear`,`deathyear`) VALUES('Dedra Kiecker','1882','1961');
INSERT INTO `author_book`(`author`, `entryid`) VALUES ('Dedra Kiecker','4027');
INSERT INTO `publisher_book`(`publisher`, `entryid`) VALUES ('Rohr Cooperations.','4027');
INSERT INTO `entry`(`entryid`,`type`) VALUES('4028','b');
INSERT INTO `book`(`title`,`entryid`,`isbn`,`type`) VALUES('Key against Surname','4028','9702425918247','b');
INSERT INTO `genre_book`(`genre`, `entryid`) VALUES ('Science','4028');
INSERT INTO `author`(`name`,`birthyear`,`deathyear`) VALUES('Shawnee Schnitker','1908','2005');
INSERT INTO `author_book`(`author`, `entryid`) VALUES ('Shawnee Schnitker','4028');
INSERT INTO `publisher_book`(`publisher`, `entryid`) VALUES ('Nighswander Publishers.','4028');
INSERT INTO `entry`(`entryid`,`type`) VALUES('4029','b');
INSERT INTO `book`(`title`,`entryid`,`isbn`,`type`) VALUES('Sphynx vs. Fire','4029','0389776280079','b');
INSERT INTO `genre_book`(`genre`, `entryid`) VALUES ('Education','4029');
INSERT INTO `author_book`(`author`, `entryid`) VALUES ('Ena Toto','4029');
INSERT INTO `publisher_book`(`publisher`, `entryid`) VALUES ('Stallman Inc.','4029');
INSERT INTO `entry`(`entryid`,`type`) VALUES('4030','b');
INSERT INTO `book`(`title`,`entryid`,`isbn`,`type`) VALUES('Science vs. mitigated Doubt','4030','0900612092855','e');
INSERT INTO `genre_book`(`genre`, `entryid`) VALUES ('Horror','4030');
INSERT INTO `author_book`(`author`, `entryid`) VALUES ('Claretta Dunk','4030');
INSERT INTO `publisher_book`(`publisher`, `entryid`) VALUES ('Laraby Publishers.','4030');
INSERT INTO `entry`(`entryid`,`type`) VALUES('4031','b');
INSERT INTO `book`(`title`,`entryid`,`isbn`,`type`) VALUES('Syrup with the Squirrel','4031','9872040205579','b');
INSERT INTO `genre_book`(`genre`, `entryid`) VALUES ('Horror','4031');
INSERT INTO `author_book`(`author`, `entryid`) VALUES ('Albert Dorman','4031');
INSERT INTO `publisher_book`(`publisher`, `entryid`) VALUES ('Statton Inc.','4031');
INSERT INTO `entry`(`entryid`,`type`) VALUES('4032','b');
INSERT INTO `book`(`title`,`entryid`,`isbn`,`type`) VALUES('Cereal to the sightly Grandfather','4032','9490470233730','j');
INSERT INTO `genre_book`(`genre`, `entryid`) VALUES ('Adventure','4032');
INSERT INTO `author`(`name`,`birthyear`,`deathyear`) VALUES('Jenice Lofties','1924','2018');
INSERT INTO `author_book`(`author`, `entryid`) VALUES ('Jenice Lofties','4032');
INSERT INTO `publisher_book`(`publisher`, `entryid`) VALUES ('Martinek Cooperations.','4032');
INSERT INTO `entry`(`entryid`,`type`) VALUES('4033','b');
INSERT INTO `book`(`title`,`entryid`,`isbn`,`type`) VALUES('Repair with polychromic Quince','4033','0426284494658','e');
INSERT INTO `genre_book`(`genre`, `entryid`) VALUES ('Science','4033');
INSERT INTO `author`(`name`,`birthyear`,`deathyear`) VALUES('Jamey Mayo','1932','1954');
INSERT INTO `author_book`(`author`, `entryid`) VALUES ('Jamey Mayo','4033');
INSERT INTO `publisher_book`(`publisher`, `entryid`) VALUES ('Eisel Inc.','4033');
INSERT INTO `entry`(`entryid`,`type`) VALUES('4034','b');
INSERT INTO `book`(`title`,`entryid`,`isbn`,`type`) VALUES('Eight with the Season','4034','9590799142794','e');
INSERT INTO `genre_book`(`genre`, `entryid`) VALUES ('Romance','4034');
INSERT INTO `author`(`name`,`birthyear`,`deathyear`) VALUES('Vania Sarson','1924','1976');
INSERT INTO `author_book`(`author`, `entryid`) VALUES ('Vania Sarson','4034');
INSERT INTO `publisher_book`(`publisher`, `entryid`) VALUES ('Hathcoat Publishers.','4034');
INSERT INTO `entry`(`entryid`,`type`) VALUES('4035','b');
INSERT INTO `book`(`title`,`entryid`,`isbn`,`type`) VALUES('Scraper in Lycra','4035','0382255247445','e');
INSERT INTO `genre_book`(`genre`, `entryid`) VALUES ('Science','4035');
INSERT INTO `author`(`name`,`birthyear`,`deathyear`) VALUES('Rosy Cardoso','1915','1956');
INSERT INTO `author_book`(`author`, `entryid`) VALUES ('Rosy Cardoso','4035');
INSERT INTO `publisher_book`(`publisher`, `entryid`) VALUES ('Foti Cooperations.','4035');
INSERT INTO `entry`(`entryid`,`type`) VALUES('4036','b');
INSERT INTO `book`(`title`,`entryid`,`isbn`,`type`) VALUES('Surgeon to unseasoned Meat','4036','9523667586909','j');
INSERT INTO `genre_book`(`genre`, `entryid`) VALUES ('Science','4036');
INSERT INTO `author`(`name`,`birthyear`,`deathyear`) VALUES('Felisha Vilaro','1964','1992');
INSERT INTO `author_book`(`author`, `entryid`) VALUES ('Felisha Vilaro','4036');
INSERT INTO `publisher_book`(`publisher`, `entryid`) VALUES ('Sieger Inc.','4036');
INSERT INTO `entry`(`entryid`,`type`) VALUES('4037','b');
INSERT INTO `book`(`title`,`entryid`,`isbn`,`type`) VALUES('Tanker of ill-favoured Hurricane','4037','0399087473631','j');
INSERT INTO `genre_book`(`genre`, `entryid`) VALUES ('Education','4037');
INSERT INTO `author_book`(`author`, `entryid`) VALUES ('Alberto Samuelsen','4037');
INSERT INTO `publisher_book`(`publisher`, `entryid`) VALUES ('Withfield Inc.','4037');
INSERT INTO `entry`(`entryid`,`type`) VALUES('4038','b');
INSERT INTO `book`(`title`,`entryid`,`isbn`,`type`) VALUES('Match by the telegnostic Notebook','4038','0169974607599','b');
INSERT INTO `genre_book`(`genre`, `entryid`) VALUES ('Education','4038');
INSERT INTO `author_book`(`author`, `entryid`) VALUES ('Tamesha Rosher','4038');
INSERT INTO `publisher_book`(`publisher`, `entryid`) VALUES ('Fenceroy Publishers.','4038');
INSERT INTO `entry`(`entryid`,`type`) VALUES('4039','b');
INSERT INTO `book`(`title`,`entryid`,`isbn`,`type`) VALUES('Wing of the incorrect Boundary','4039','9422607473709','b');
INSERT INTO `genre_book`(`genre`, `entryid`) VALUES ('Adventure','4039');
INSERT INTO `author_book`(`author`, `entryid`) VALUES ('Phylis Baughan','4039');
INSERT INTO `publisher_book`(`publisher`, `entryid`) VALUES ('Goldhaber Publishers.','4039');
INSERT INTO `entry`(`entryid`,`type`) VALUES('4040','b');
INSERT INTO `book`(`title`,`entryid`,`isbn`,`type`) VALUES('Tank against the Tire','4040','0103976592856','e');
INSERT INTO `genre_book`(`genre`, `entryid`) VALUES ('Education','4040');
INSERT INTO `author`(`name`,`birthyear`,`deathyear`) VALUES('Londa Hunzelman','1954','1988');
INSERT INTO `author_book`(`author`, `entryid`) VALUES ('Londa Hunzelman','4040');
INSERT INTO `publisher_book`(`publisher`, `entryid`) VALUES ('Murtagh Inc.','4040');
INSERT INTO `entry`(`entryid`,`type`) VALUES('4041','b');
INSERT INTO `book`(`title`,`entryid`,`isbn`,`type`) VALUES('Sweatshop against shinier Comparison','4041','9580095565135','j');
INSERT INTO `genre_book`(`genre`, `entryid`) VALUES ('Horror','4041');
INSERT INTO `author`(`name`,`birthyear`,`deathyear`) VALUES('Lucia Sagen','1883','1903');
INSERT INTO `author_book`(`author`, `entryid`) VALUES ('Lucia Sagen','4041');
INSERT INTO `publisher_book`(`publisher`, `entryid`) VALUES ('Landacre Inc.','4041');
INSERT INTO `entry`(`entryid`,`type`) VALUES('4042','b');
INSERT INTO `book`(`title`,`entryid`,`isbn`,`type`) VALUES('Gun against the jim-dandy Basin','4042','0167181127192','e');
INSERT INTO `genre_book`(`genre`, `entryid`) VALUES ('Thriller','4042');
INSERT INTO `author_book`(`author`, `entryid`) VALUES ('Gwenn Bernal','4042');
INSERT INTO `publisher_book`(`publisher`, `entryid`) VALUES ('Wendorff Inc.','4042');
INSERT INTO `entry`(`entryid`,`type`) VALUES('4043','b');
INSERT INTO `book`(`title`,`entryid`,`isbn`,`type`) VALUES('Penalty with the cered Yellow','4043','0847306465484','e');
INSERT INTO `genre_book`(`genre`, `entryid`) VALUES ('Thriller','4043');
INSERT INTO `author_book`(`author`, `entryid`) VALUES ('Jeanmarie Stubler','4043');
INSERT INTO `publisher_book`(`publisher`, `entryid`) VALUES ('Kedley Cooperations.','4043');
INSERT INTO `entry`(`entryid`,`type`) VALUES('4044','b');
INSERT INTO `book`(`title`,`entryid`,`isbn`,`type`) VALUES('Current of the cataleptic Ex-husband','4044','9124124720873','e');
INSERT INTO `genre_book`(`genre`, `entryid`) VALUES ('Science','4044');
INSERT INTO `author_book`(`author`, `entryid`) VALUES ('Rhiannon Stonehouse','4044');
INSERT INTO `publisher_book`(`publisher`, `entryid`) VALUES ('Cregeen Inc.','4044');
INSERT INTO `entry`(`entryid`,`type`) VALUES('4045','b');
INSERT INTO `book`(`title`,`entryid`,`isbn`,`type`) VALUES('Heron of the mutational Current','4045','0381601643488','b');
INSERT INTO `genre_book`(`genre`, `entryid`) VALUES ('Horror','4045');
INSERT INTO `author_book`(`author`, `entryid`) VALUES ('Frances Korff','4045');
INSERT INTO `publisher_book`(`publisher`, `entryid`) VALUES ('Sollors Publishers.','4045');
INSERT INTO `entry`(`entryid`,`type`) VALUES('4046','b');
INSERT INTO `book`(`title`,`entryid`,`isbn`,`type`) VALUES('Pastry in the Mistake','4046','9603633439799','e');
INSERT INTO `genre_book`(`genre`, `entryid`) VALUES ('Thriller','4046');
INSERT INTO `author_book`(`author`, `entryid`) VALUES ('Kirstin Binstock','4046');
INSERT INTO `publisher_book`(`publisher`, `entryid`) VALUES ('Warnock Cooperations.','4046');
INSERT INTO `entry`(`entryid`,`type`) VALUES('4047','b');
INSERT INTO `book`(`title`,`entryid`,`isbn`,`type`) VALUES('Colt to arrased Soup','4047','9293686359258','e');
INSERT INTO `genre_book`(`genre`, `entryid`) VALUES ('Sci-Fi','4047');
INSERT INTO `author_book`(`author`, `entryid`) VALUES ('Willian Levene','4047');
INSERT INTO `publisher_book`(`publisher`, `entryid`) VALUES ('Derizzio Inc.','4047');
INSERT INTO `entry`(`entryid`,`type`) VALUES('4048','b');
INSERT INTO `book`(`title`,`entryid`,`isbn`,`type`) VALUES('Zoology in the Acrylic','4048','0312802520839','b');
INSERT INTO `genre_book`(`genre`, `entryid`) VALUES ('Thriller','4048');
INSERT INTO `author_book`(`author`, `entryid`) VALUES ('Mara Layer','4048');
INSERT INTO `publisher_book`(`publisher`, `entryid`) VALUES ('Scriuner Publishers.','4048');
INSERT INTO `entry`(`entryid`,`type`) VALUES('4049','b');
INSERT INTO `book`(`title`,`entryid`,`isbn`,`type`) VALUES('Show to the Mantuan Quiver','4049','0277465052910','b');
INSERT INTO `genre_book`(`genre`, `entryid`) VALUES ('Thriller','4049');
INSERT INTO `author_book`(`author`, `entryid`) VALUES ('Sherrell Kalb','4049');
INSERT INTO `publisher_book`(`publisher`, `entryid`) VALUES ('Hodgeman Inc.','4049');
INSERT INTO `entry`(`entryid`,`type`) VALUES('4050','b');
INSERT INTO `book`(`title`,`entryid`,`isbn`,`type`) VALUES('Price vs. creamy Nerve','4050','0234604926228','j');
INSERT INTO `genre_book`(`genre`, `entryid`) VALUES ('Sci-Fi','4050');
INSERT INTO `author_book`(`author`, `entryid`) VALUES ('Marisa Schwister','4050');
INSERT INTO `publisher_book`(`publisher`, `entryid`) VALUES ('Hamnon Publishers.','4050');
INSERT INTO `entry`(`entryid`,`type`) VALUES('4051','b');
INSERT INTO `book`(`title`,`entryid`,`isbn`,`type`) VALUES('Lunchroom of the minuscule Bead','4051','0945053701798','b');
INSERT INTO `genre_book`(`genre`, `entryid`) VALUES ('Horror','4051');
INSERT INTO `author_book`(`author`, `entryid`) VALUES ('Ernest Sanda','4051');
INSERT INTO `publisher_book`(`publisher`, `entryid`) VALUES ('Gorney Publishers.','4051');
INSERT INTO `entry`(`entryid`,`type`) VALUES('4052','b');
INSERT INTO `book`(`title`,`entryid`,`isbn`,`type`) VALUES('Thailand by Soda','4052','9140153036110','j');
INSERT INTO `genre_book`(`genre`, `entryid`) VALUES ('Horror','4052');
INSERT INTO `author_book`(`author`, `entryid`) VALUES ('Nisha Amsley','4052');
INSERT INTO `publisher_book`(`publisher`, `entryid`) VALUES ('Cregeen Inc.','4052');
INSERT INTO `entry`(`entryid`,`type`) VALUES('4053','b');
INSERT INTO `book`(`title`,`entryid`,`isbn`,`type`) VALUES('Cough by the non-Euclidean Carol','4053','0280510143993','e');
INSERT INTO `genre_book`(`genre`, `entryid`) VALUES ('Sci-Fi','4053');
INSERT INTO `author_book`(`author`, `entryid`) VALUES ('Erich Bonaventure','4053');
INSERT INTO `publisher_book`(`publisher`, `entryid`) VALUES ('Dewolff Cooperations.','4053');
INSERT INTO `entry`(`entryid`,`type`) VALUES('4054','b');
INSERT INTO `book`(`title`,`entryid`,`isbn`,`type`) VALUES('Step-daughter with one-on-one Speedboat','4054','0669271907702','b');
INSERT INTO `genre_book`(`genre`, `entryid`) VALUES ('Thriller','4054');
INSERT INTO `author`(`name`,`birthyear`,`deathyear`) VALUES('Ike Mogannam','1893','1937');
INSERT INTO `author_book`(`author`, `entryid`) VALUES ('Ike Mogannam','4054');
INSERT INTO `publisher_book`(`publisher`, `entryid`) VALUES ('Sollis Inc.','4054');
INSERT INTO `entry`(`entryid`,`type`) VALUES('4055','b');
INSERT INTO `book`(`title`,`entryid`,`isbn`,`type`) VALUES('Greek in the inaccurate Random','4055','0084782669701','e');
INSERT INTO `genre_book`(`genre`, `entryid`) VALUES ('Horror','4055');
INSERT INTO `author_book`(`author`, `entryid`) VALUES ('Cameron Tino','4055');
INSERT INTO `publisher_book`(`publisher`, `entryid`) VALUES ('Capurro Publishers.','4055');
INSERT INTO `entry`(`entryid`,`type`) VALUES('4056','b');
INSERT INTO `book`(`title`,`entryid`,`isbn`,`type`) VALUES('Europe against armchair Fighter','4056','9858698740055','j');
INSERT INTO `genre_book`(`genre`, `entryid`) VALUES ('Sci-Fi','4056');
INSERT INTO `author_book`(`author`, `entryid`) VALUES ('Michael Greuel','4056');
INSERT INTO `publisher_book`(`publisher`, `entryid`) VALUES ('Gidwani Publishers.','4056');
INSERT INTO `entry`(`entryid`,`type`) VALUES('4057','b');
INSERT INTO `book`(`title`,`entryid`,`isbn`,`type`) VALUES('Sugar with Friend','4057','9471392392462','j');
INSERT INTO `genre_book`(`genre`, `entryid`) VALUES ('Sci-Fi','4057');
INSERT INTO `author_book`(`author`, `entryid`) VALUES ('Laurinda Overmann','4057');
INSERT INTO `publisher_book`(`publisher`, `entryid`) VALUES ('Mesecar Publishers.','4057');
INSERT INTO `entry`(`entryid`,`type`) VALUES('4058','b');
INSERT INTO `book`(`title`,`entryid`,`isbn`,`type`) VALUES('Bakery vs. Spark','4058','0371092908632','b');
INSERT INTO `genre_book`(`genre`, `entryid`) VALUES ('Education','4058');
INSERT INTO `author_book`(`author`, `entryid`) VALUES ('Venus Holliday','4058');
INSERT INTO `publisher_book`(`publisher`, `entryid`) VALUES ('Pawell Cooperations.','4058');
INSERT INTO `entry`(`entryid`,`type`) VALUES('4059','b');
INSERT INTO `book`(`title`,`entryid`,`isbn`,`type`) VALUES('Height because of Sparrow','4059','9194419754656','j');
INSERT INTO `genre_book`(`genre`, `entryid`) VALUES ('Sci-Fi','4059');
INSERT INTO `author`(`name`,`birthyear`,`deathyear`) VALUES('Elizebeth Bridgers','1928','2009');
INSERT INTO `author_book`(`author`, `entryid`) VALUES ('Elizebeth Bridgers','4059');
INSERT INTO `publisher_book`(`publisher`, `entryid`) VALUES ('Cormican Inc.','4059');
INSERT INTO `entry`(`entryid`,`type`) VALUES('4060','b');
INSERT INTO `book`(`title`,`entryid`,`isbn`,`type`) VALUES('Richard by the Boot','4060','0967234406562','b');
INSERT INTO `genre_book`(`genre`, `entryid`) VALUES ('Science','4060');
INSERT INTO `author_book`(`author`, `entryid`) VALUES ('Iesha Beitel','4060');
INSERT INTO `publisher_book`(`publisher`, `entryid`) VALUES ('Kleis Inc.','4060');
INSERT INTO `entry`(`entryid`,`type`) VALUES('4061','b');
INSERT INTO `book`(`title`,`entryid`,`isbn`,`type`) VALUES('Alley vs. Cold','4061','9907724889571','b');
INSERT INTO `genre_book`(`genre`, `entryid`) VALUES ('Thriller','4061');
INSERT INTO `author_book`(`author`, `entryid`) VALUES ('Arnoldo Prieur','4061');
INSERT INTO `publisher_book`(`publisher`, `entryid`) VALUES ('Kressierer Inc.','4061');
INSERT INTO `entry`(`entryid`,`type`) VALUES('4062','b');
INSERT INTO `book`(`title`,`entryid`,`isbn`,`type`) VALUES('Goat and Buffet','4062','0072748968782','e');
INSERT INTO `genre_book`(`genre`, `entryid`) VALUES ('Science','4062');
INSERT INTO `author_book`(`author`, `entryid`) VALUES ('Londa Hunzelman','4062');
INSERT INTO `publisher_book`(`publisher`, `entryid`) VALUES ('Peel Inc.','4062');
INSERT INTO `entry`(`entryid`,`type`) VALUES('4063','b');
INSERT INTO `book`(`title`,`entryid`,`isbn`,`type`) VALUES('Scooter by secured Blinker','4063','0083008485912','j');
INSERT INTO `genre_book`(`genre`, `entryid`) VALUES ('Adventure','4063');
INSERT INTO `author_book`(`author`, `entryid`) VALUES ('Ricky Bundette','4063');
INSERT INTO `publisher_book`(`publisher`, `entryid`) VALUES ('Fattig Inc.','4063');
INSERT INTO `entry`(`entryid`,`type`) VALUES('4064','b');
INSERT INTO `book`(`title`,`entryid`,`isbn`,`type`) VALUES('Freckle because of Orchid','4064','0683763468371','b');
INSERT INTO `genre_book`(`genre`, `entryid`) VALUES ('Thriller','4064');
INSERT INTO `author_book`(`author`, `entryid`) VALUES ('Jenifer Sehl','4064');
INSERT INTO `publisher_book`(`publisher`, `entryid`) VALUES ('Filyan Inc.','4064');
INSERT INTO `entry`(`entryid`,`type`) VALUES('4065','b');
INSERT INTO `book`(`title`,`entryid`,`isbn`,`type`) VALUES('Reading with Silk','4065','9792572277276','e');
INSERT INTO `genre_book`(`genre`, `entryid`) VALUES ('Sci-Fi','4065');
INSERT INTO `author_book`(`author`, `entryid`) VALUES ('Hiedi Celius','4065');
INSERT INTO `publisher_book`(`publisher`, `entryid`) VALUES ('Dingson Publishers.','4065');
INSERT INTO `entry`(`entryid`,`type`) VALUES('4066','b');
INSERT INTO `book`(`title`,`entryid`,`isbn`,`type`) VALUES('Belt for the blistering Ship','4066','0038392067096','e');
INSERT INTO `genre_book`(`genre`, `entryid`) VALUES ('Romance','4066');
INSERT INTO `author_book`(`author`, `entryid`) VALUES ('Hiedi Celius','4066');
INSERT INTO `publisher_book`(`publisher`, `entryid`) VALUES ('Edington Cooperations.','4066');
INSERT INTO `entry`(`entryid`,`type`) VALUES('4067','b');
INSERT INTO `book`(`title`,`entryid`,`isbn`,`type`) VALUES('Direction and the lucrative Prose','4067','0262167497970','e');
INSERT INTO `genre_book`(`genre`, `entryid`) VALUES ('Horror','4067');
INSERT INTO `author_book`(`author`, `entryid`) VALUES ('Izola Tramonte','4067');
INSERT INTO `publisher_book`(`publisher`, `entryid`) VALUES ('Nighswander Publishers.','4067');
INSERT INTO `entry`(`entryid`,`type`) VALUES('4068','b');
INSERT INTO `book`(`title`,`entryid`,`isbn`,`type`) VALUES('Pimple by the peristomial Glove','4068','9967779449661','j');
INSERT INTO `genre_book`(`genre`, `entryid`) VALUES ('Horror','4068');
INSERT INTO `author`(`name`,`birthyear`,`deathyear`) VALUES('Mirian Ruic','1917','1946');
INSERT INTO `author_book`(`author`, `entryid`) VALUES ('Mirian Ruic','4068');
INSERT INTO `publisher_book`(`publisher`, `entryid`) VALUES ('Draffin Publishers.','4068');
INSERT INTO `entry`(`entryid`,`type`) VALUES('4069','b');
INSERT INTO `book`(`title`,`entryid`,`isbn`,`type`) VALUES('South africa vs. Break','4069','9020104019773','e');
INSERT INTO `genre_book`(`genre`, `entryid`) VALUES ('Thriller','4069');
INSERT INTO `author_book`(`author`, `entryid`) VALUES ('Lucile Leu','4069');
INSERT INTO `publisher_book`(`publisher`, `entryid`) VALUES ('Warnock Cooperations.','4069');
INSERT INTO `entry`(`entryid`,`type`) VALUES('4070','b');
INSERT INTO `book`(`title`,`entryid`,`isbn`,`type`) VALUES('Overcoat in rangy Vacation','4070','0351218263223','j');
INSERT INTO `genre_book`(`genre`, `entryid`) VALUES ('Adventure','4070');
INSERT INTO `author`(`name`,`birthyear`,`deathyear`) VALUES('Myron Hooley','1929','1965');
INSERT INTO `author_book`(`author`, `entryid`) VALUES ('Myron Hooley','4070');
INSERT INTO `publisher_book`(`publisher`, `entryid`) VALUES ('Moyet Inc.','4070');
INSERT INTO `entry`(`entryid`,`type`) VALUES('4071','b');
INSERT INTO `book`(`title`,`entryid`,`isbn`,`type`) VALUES('Foot of weediest Technician','4071','9096419510764','b');
INSERT INTO `genre_book`(`genre`, `entryid`) VALUES ('Sci-Fi','4071');
INSERT INTO `author`(`name`,`birthyear`,`deathyear`) VALUES('Kelley Luth','1924','2006');
INSERT INTO `author_book`(`author`, `entryid`) VALUES ('Kelley Luth','4071');
INSERT INTO `publisher_book`(`publisher`, `entryid`) VALUES ('Orlosky Inc.','4071');
INSERT INTO `entry`(`entryid`,`type`) VALUES('4072','b');
INSERT INTO `book`(`title`,`entryid`,`isbn`,`type`) VALUES('Dentist for flashing Piccolo','4072','0856279645536','e');
INSERT INTO `genre_book`(`genre`, `entryid`) VALUES ('Romance','4072');
INSERT INTO `author_book`(`author`, `entryid`) VALUES ('Francis Stoliker','4072');
INSERT INTO `publisher_book`(`publisher`, `entryid`) VALUES ('Konger Publishers.','4072');
INSERT INTO `entry`(`entryid`,`type`) VALUES('4073','b');
INSERT INTO `book`(`title`,`entryid`,`isbn`,`type`) VALUES('Ghost for the multifaceted Territory','4073','9296082506987','e');
INSERT INTO `genre_book`(`genre`, `entryid`) VALUES ('Adventure','4073');
INSERT INTO `author`(`name`,`birthyear`,`deathyear`) VALUES('Wade Havner','1891','1912');
INSERT INTO `author_book`(`author`, `entryid`) VALUES ('Wade Havner','4073');
INSERT INTO `publisher_book`(`publisher`, `entryid`) VALUES ('Fendt Publishers.','4073');
INSERT INTO `entry`(`entryid`,`type`) VALUES('4074','b');
INSERT INTO `book`(`title`,`entryid`,`isbn`,`type`) VALUES('Meeting against flauntiest Digestion','4074','0591887562279','e');
INSERT INTO `genre_book`(`genre`, `entryid`) VALUES ('Thriller','4074');
INSERT INTO `author_book`(`author`, `entryid`) VALUES ('Abbie Dolinger','4074');
INSERT INTO `publisher_book`(`publisher`, `entryid`) VALUES ('Pyros Inc.','4074');
INSERT INTO `entry`(`entryid`,`type`) VALUES('4075','b');
INSERT INTO `book`(`title`,`entryid`,`isbn`,`type`) VALUES('Betty for the Typhoon','4075','9056418410687','e');
INSERT INTO `genre_book`(`genre`, `entryid`) VALUES ('Thriller','4075');
INSERT INTO `author`(`name`,`birthyear`,`deathyear`) VALUES('Cristen Domebo','1911','1952');
INSERT INTO `author_book`(`author`, `entryid`) VALUES ('Cristen Domebo','4075');
INSERT INTO `publisher_book`(`publisher`, `entryid`) VALUES ('Springfield Inc.','4075');
INSERT INTO `entry`(`entryid`,`type`) VALUES('4076','b');
INSERT INTO `book`(`title`,`entryid`,`isbn`,`type`) VALUES('Toenail of Elephant','4076','9484065261823','e');
INSERT INTO `genre_book`(`genre`, `entryid`) VALUES ('Sci-Fi','4076');
INSERT INTO `author_book`(`author`, `entryid`) VALUES ('Danny Gilhooly','4076');
INSERT INTO `publisher_book`(`publisher`, `entryid`) VALUES ('Konger Publishers.','4076');
INSERT INTO `entry`(`entryid`,`type`) VALUES('4077','b');
INSERT INTO `book`(`title`,`entryid`,`isbn`,`type`) VALUES('Blow of Board','4077','0236633773545','b');
INSERT INTO `genre_book`(`genre`, `entryid`) VALUES ('Adventure','4077');
INSERT INTO `author_book`(`author`, `entryid`) VALUES ('Alla Pregeant','4077');
INSERT INTO `publisher_book`(`publisher`, `entryid`) VALUES ('Capistran Cooperations.','4077');
INSERT INTO `entry`(`entryid`,`type`) VALUES('4078','b');
INSERT INTO `book`(`title`,`entryid`,`isbn`,`type`) VALUES('Workshop by the humoursome Address','4078','9467543858603','e');
INSERT INTO `genre_book`(`genre`, `entryid`) VALUES ('Romance','4078');
INSERT INTO `author`(`name`,`birthyear`,`deathyear`) VALUES('Lisbeth Schmidbauer','1894','1917');
INSERT INTO `author_book`(`author`, `entryid`) VALUES ('Lisbeth Schmidbauer','4078');
INSERT INTO `publisher_book`(`publisher`, `entryid`) VALUES ('Katzaman Cooperations.','4078');
INSERT INTO `entry`(`entryid`,`type`) VALUES('4079','b');
INSERT INTO `book`(`title`,`entryid`,`isbn`,`type`) VALUES('Daisy by chaliced Statistic','4079','0429610390521','e');
INSERT INTO `genre_book`(`genre`, `entryid`) VALUES ('Horror','4079');
INSERT INTO `author_book`(`author`, `entryid`) VALUES ('Lorrie Ritzel','4079');
INSERT INTO `publisher_book`(`publisher`, `entryid`) VALUES ('Lucky Publishers.','4079');
INSERT INTO `entry`(`entryid`,`type`) VALUES('4080','b');
INSERT INTO `book`(`title`,`entryid`,`isbn`,`type`) VALUES('Drug in the Reduction','4080','0544329267756','e');
INSERT INTO `genre_book`(`genre`, `entryid`) VALUES ('Education','4080');
INSERT INTO `author`(`name`,`birthyear`,`deathyear`) VALUES('Ewa Moscariello','1885','1981');
INSERT INTO `author_book`(`author`, `entryid`) VALUES ('Ewa Moscariello','4080');
INSERT INTO `publisher_book`(`publisher`, `entryid`) VALUES ('Saska Publishers.','4080');
INSERT INTO `entry`(`entryid`,`type`) VALUES('4081','b');
INSERT INTO `book`(`title`,`entryid`,`isbn`,`type`) VALUES('Word to the Liassic Needle','4081','9373599758801','e');
INSERT INTO `genre_book`(`genre`, `entryid`) VALUES ('Thriller','4081');
INSERT INTO `author`(`name`,`birthyear`,`deathyear`) VALUES('Lynsey Kornbau','1943','1982');
INSERT INTO `author_book`(`author`, `entryid`) VALUES ('Lynsey Kornbau','4081');
INSERT INTO `publisher_book`(`publisher`, `entryid`) VALUES ('Wojtowich Publishers.','4081');
INSERT INTO `entry`(`entryid`,`type`) VALUES('4082','b');
INSERT INTO `book`(`title`,`entryid`,`isbn`,`type`) VALUES('Samurai and the down-the-line Fahrenheit','4082','0795163520497','b');
INSERT INTO `genre_book`(`genre`, `entryid`) VALUES ('Education','4082');
INSERT INTO `author_book`(`author`, `entryid`) VALUES ('Tinisha Mountain','4082');
INSERT INTO `publisher`(`name`) VALUES ('Portaro Inc.');
INSERT INTO `publisher_book`(`publisher`, `entryid`) VALUES ('Portaro Inc.','4082');
INSERT INTO `entry`(`entryid`,`type`) VALUES('4083','b');
INSERT INTO `book`(`title`,`entryid`,`isbn`,`type`) VALUES('Record in Ptarmigan','4083','0295093566725','b');
INSERT INTO `genre_book`(`genre`, `entryid`) VALUES ('Sci-Fi','4083');
INSERT INTO `author_book`(`author`, `entryid`) VALUES ('Jamey Keams','4083');
INSERT INTO `publisher_book`(`publisher`, `entryid`) VALUES ('Domino Inc.','4083');
INSERT INTO `entry`(`entryid`,`type`) VALUES('4084','b');
INSERT INTO `book`(`title`,`entryid`,`isbn`,`type`) VALUES('Voice to the Office','4084','0987894740984','e');
INSERT INTO `genre_book`(`genre`, `entryid`) VALUES ('Adventure','4084');
INSERT INTO `author_book`(`author`, `entryid`) VALUES ('Sharolyn Semaan','4084');
INSERT INTO `publisher_book`(`publisher`, `entryid`) VALUES ('Want Inc.','4084');
INSERT INTO `entry`(`entryid`,`type`) VALUES('4085','b');
INSERT INTO `book`(`title`,`entryid`,`isbn`,`type`) VALUES('Asterisk with the uninhabitable Ambulance','4085','0751038093429','e');
INSERT INTO `genre_book`(`genre`, `entryid`) VALUES ('Romance','4085');
INSERT INTO `author_book`(`author`, `entryid`) VALUES ('Wilbert Fugit','4085');
INSERT INTO `publisher_book`(`publisher`, `entryid`) VALUES ('Grumney Publishers.','4085');
INSERT INTO `entry`(`entryid`,`type`) VALUES('4086','b');
INSERT INTO `book`(`title`,`entryid`,`isbn`,`type`) VALUES('Tsunami because of Gray','4086','9154684550000','e');
INSERT INTO `genre_book`(`genre`, `entryid`) VALUES ('Adventure','4086');
INSERT INTO `author`(`name`,`birthyear`,`deathyear`) VALUES('Marry Pam','1907','1980');
INSERT INTO `author_book`(`author`, `entryid`) VALUES ('Marry Pam','4086');
INSERT INTO `publisher_book`(`publisher`, `entryid`) VALUES ('Sikora Cooperations.','4086');
INSERT INTO `entry`(`entryid`,`type`) VALUES('4087','b');
INSERT INTO `book`(`title`,`entryid`,`isbn`,`type`) VALUES('Mark to Grey','4087','0068203505947','e');
INSERT INTO `genre_book`(`genre`, `entryid`) VALUES ('Education','4087');
INSERT INTO `author_book`(`author`, `entryid`) VALUES ('Toney Wisely','4087');
INSERT INTO `publisher_book`(`publisher`, `entryid`) VALUES ('Sollis Inc.','4087');
INSERT INTO `entry`(`entryid`,`type`) VALUES('4088','b');
INSERT INTO `book`(`title`,`entryid`,`isbn`,`type`) VALUES('Dedication by heaviest Reminder','4088','0208547792506','j');
INSERT INTO `genre_book`(`genre`, `entryid`) VALUES ('Romance','4088');
INSERT INTO `author_book`(`author`, `entryid`) VALUES ('Dia Spraque','4088');
INSERT INTO `publisher_book`(`publisher`, `entryid`) VALUES ('Nack Publishers.','4088');
INSERT INTO `entry`(`entryid`,`type`) VALUES('4089','b');
INSERT INTO `book`(`title`,`entryid`,`isbn`,`type`) VALUES('Headlight vs. round-shouldered Tent','4089','9813157810500','e');
INSERT INTO `genre_book`(`genre`, `entryid`) VALUES ('Horror','4089');
INSERT INTO `author_book`(`author`, `entryid`) VALUES ('Caterina Santacruz','4089');
INSERT INTO `publisher_book`(`publisher`, `entryid`) VALUES ('Trickel Inc.','4089');
INSERT INTO `entry`(`entryid`,`type`) VALUES('4090','b');
INSERT INTO `book`(`title`,`entryid`,`isbn`,`type`) VALUES('Kite and the Squash','4090','9939275371926','j');
INSERT INTO `genre_book`(`genre`, `entryid`) VALUES ('Horror','4090');
INSERT INTO `author_book`(`author`, `entryid`) VALUES ('Gwenn Bernal','4090');
INSERT INTO `publisher_book`(`publisher`, `entryid`) VALUES ('Fiebich Cooperations.','4090');
INSERT INTO `entry`(`entryid`,`type`) VALUES('4091','b');
INSERT INTO `book`(`title`,`entryid`,`isbn`,`type`) VALUES('Prose against the Asterisk','4091','9256752778140','b');
INSERT INTO `genre_book`(`genre`, `entryid`) VALUES ('Thriller','4091');
INSERT INTO `author_book`(`author`, `entryid`) VALUES ('Benito Stagliano','4091');
INSERT INTO `publisher_book`(`publisher`, `entryid`) VALUES ('Reents Publishers.','4091');
INSERT INTO `entry`(`entryid`,`type`) VALUES('4092','b');
INSERT INTO `book`(`title`,`entryid`,`isbn`,`type`) VALUES('Backbone of the unrepresented Start','4092','9272213309242','b');
INSERT INTO `genre_book`(`genre`, `entryid`) VALUES ('Romance','4092');
INSERT INTO `author`(`name`,`birthyear`,`deathyear`) VALUES('Christinia Progl','1892','1928');
INSERT INTO `author_book`(`author`, `entryid`) VALUES ('Christinia Progl','4092');
INSERT INTO `publisher_book`(`publisher`, `entryid`) VALUES ('Leydecker Inc.','4092');
INSERT INTO `entry`(`entryid`,`type`) VALUES('4093','b');
INSERT INTO `book`(`title`,`entryid`,`isbn`,`type`) VALUES('Scarecrow in the dreamlike Look','4093','0412456265988','j');
INSERT INTO `genre_book`(`genre`, `entryid`) VALUES ('Sci-Fi','4093');
INSERT INTO `author_book`(`author`, `entryid`) VALUES ('Ashlyn Rother','4093');
INSERT INTO `publisher_book`(`publisher`, `entryid`) VALUES ('Holleran Cooperations.','4093');
INSERT INTO `entry`(`entryid`,`type`) VALUES('4094','b');
INSERT INTO `book`(`title`,`entryid`,`isbn`,`type`) VALUES('Alphabet by Parade','4094','0301253717257','b');
INSERT INTO `genre_book`(`genre`, `entryid`) VALUES ('Romance','4094');
INSERT INTO `author`(`name`,`birthyear`,`deathyear`) VALUES('Camelia Mizwicki','1914','2001');
INSERT INTO `author_book`(`author`, `entryid`) VALUES ('Camelia Mizwicki','4094');
INSERT INTO `publisher_book`(`publisher`, `entryid`) VALUES ('Reents Publishers.','4094');
INSERT INTO `entry`(`entryid`,`type`) VALUES('4095','b');
INSERT INTO `book`(`title`,`entryid`,`isbn`,`type`) VALUES('Bun vs. raspier Flesh','4095','9834331352978','b');
INSERT INTO `genre_book`(`genre`, `entryid`) VALUES ('Romance','4095');
INSERT INTO `author_book`(`author`, `entryid`) VALUES ('Milagros Pollen','4095');
INSERT INTO `publisher_book`(`publisher`, `entryid`) VALUES ('Fixico Inc.','4095');
INSERT INTO `entry`(`entryid`,`type`) VALUES('4096','b');
INSERT INTO `book`(`title`,`entryid`,`isbn`,`type`) VALUES('Hand by the fleury Skirt','4096','9903219264327','e');
INSERT INTO `genre_book`(`genre`, `entryid`) VALUES ('Education','4096');
INSERT INTO `author_book`(`author`, `entryid`) VALUES ('Latonia Erholm','4096');
INSERT INTO `publisher_book`(`publisher`, `entryid`) VALUES ('Samas Publishers.','4096');
INSERT INTO `entry`(`entryid`,`type`) VALUES('4097','b');
INSERT INTO `book`(`title`,`entryid`,`isbn`,`type`) VALUES('Double of the slimming Mimosa','4097','0432773644825','b');
INSERT INTO `genre_book`(`genre`, `entryid`) VALUES ('Sci-Fi','4097');
INSERT INTO `author_book`(`author`, `entryid`) VALUES ('Thelma Liebelt','4097');
INSERT INTO `publisher_book`(`publisher`, `entryid`) VALUES ('Moraitis Inc.','4097');
INSERT INTO `entry`(`entryid`,`type`) VALUES('4098','b');
INSERT INTO `book`(`title`,`entryid`,`isbn`,`type`) VALUES('Love and the Spider','4098','0459442262786','j');
INSERT INTO `genre_book`(`genre`, `entryid`) VALUES ('Romance','4098');
INSERT INTO `author`(`name`,`birthyear`,`deathyear`) VALUES('Shelia Herrington','1967','2040');
INSERT INTO `author_book`(`author`, `entryid`) VALUES ('Shelia Herrington','4098');
INSERT INTO `publisher_book`(`publisher`, `entryid`) VALUES ('Celli Cooperations.','4098');
INSERT INTO `entry`(`entryid`,`type`) VALUES('4099','b');
INSERT INTO `book`(`title`,`entryid`,`isbn`,`type`) VALUES('Fountain in pierced Ronald','4099','9954116685437','b');
INSERT INTO `genre_book`(`genre`, `entryid`) VALUES ('Thriller','4099');
INSERT INTO `author_book`(`author`, `entryid`) VALUES ('Danyell Waskow','4099');
INSERT INTO `publisher_book`(`publisher`, `entryid`) VALUES ('Salvatori Inc.','4099');
INSERT INTO `entry`(`entryid`,`type`) VALUES('4100','b');
INSERT INTO `book`(`title`,`entryid`,`isbn`,`type`) VALUES('Rugby vs. Parallelogram','4100','0301189310731','e');
INSERT INTO `genre_book`(`genre`, `entryid`) VALUES ('Romance','4100');
INSERT INTO `author`(`name`,`birthyear`,`deathyear`) VALUES('Ashlea Holtzclaw','1882','1936');
INSERT INTO `author_book`(`author`, `entryid`) VALUES ('Ashlea Holtzclaw','4100');
INSERT INTO `publisher_book`(`publisher`, `entryid`) VALUES ('Lundblad Inc.','4100');
INSERT INTO `entry`(`entryid`,`type`) VALUES('4101','b');
INSERT INTO `book`(`title`,`entryid`,`isbn`,`type`) VALUES('Cabinet and incogitant Hail','4101','9982684390639','e');
INSERT INTO `genre_book`(`genre`, `entryid`) VALUES ('Romance','4101');
INSERT INTO `author_book`(`author`, `entryid`) VALUES ('Jan Mintos','4101');
INSERT INTO `publisher_book`(`publisher`, `entryid`) VALUES ('Sures Publishers.','4101');
INSERT INTO `entry`(`entryid`,`type`) VALUES('4102','b');
INSERT INTO `book`(`title`,`entryid`,`isbn`,`type`) VALUES('Sound by Lake','4102','0935281875959','e');
INSERT INTO `genre_book`(`genre`, `entryid`) VALUES ('Adventure','4102');
INSERT INTO `author_book`(`author`, `entryid`) VALUES ('Kathyrn Garitty','4102');
INSERT INTO `publisher_book`(`publisher`, `entryid`) VALUES ('Capurro Publishers.','4102');
INSERT INTO `entry`(`entryid`,`type`) VALUES('4103','b');
INSERT INTO `book`(`title`,`entryid`,`isbn`,`type`) VALUES('Teacher vs. mum Screen','4103','0052663251148','e');
INSERT INTO `genre_book`(`genre`, `entryid`) VALUES ('Sci-Fi','4103');
INSERT INTO `author_book`(`author`, `entryid`) VALUES ('Danuta Mandahl','4103');
INSERT INTO `publisher_book`(`publisher`, `entryid`) VALUES ('Seeber Publishers.','4103');
INSERT INTO `entry`(`entryid`,`type`) VALUES('4104','b');
INSERT INTO `book`(`title`,`entryid`,`isbn`,`type`) VALUES('Pakistan to Arm','4104','0497379117335','j');
INSERT INTO `genre_book`(`genre`, `entryid`) VALUES ('Romance','4104');
INSERT INTO `author_book`(`author`, `entryid`) VALUES ('Earlie Fortner','4104');
INSERT INTO `publisher_book`(`publisher`, `entryid`) VALUES ('Gardino Publishers.','4104');
INSERT INTO `entry`(`entryid`,`type`) VALUES('4105','b');
INSERT INTO `book`(`title`,`entryid`,`isbn`,`type`) VALUES('Station with feat Ocean','4105','0129236375723','e');
INSERT INTO `genre_book`(`genre`, `entryid`) VALUES ('Horror','4105');
INSERT INTO `author_book`(`author`, `entryid`) VALUES ('Rosy Cardoso','4105');
INSERT INTO `publisher_book`(`publisher`, `entryid`) VALUES ('Brisbon Publishers.','4105');
INSERT INTO `entry`(`entryid`,`type`) VALUES('4106','b');
INSERT INTO `book`(`title`,`entryid`,`isbn`,`type`) VALUES('Grasshopper by the Vase','4106','9564746503282','e');
INSERT INTO `genre_book`(`genre`, `entryid`) VALUES ('Romance','4106');
INSERT INTO `author_book`(`author`, `entryid`) VALUES ('Kim Monsma','4106');
INSERT INTO `publisher_book`(`publisher`, `entryid`) VALUES ('Poirer Cooperations.','4106');
INSERT INTO `entry`(`entryid`,`type`) VALUES('4107','b');
INSERT INTO `book`(`title`,`entryid`,`isbn`,`type`) VALUES('Price with the associate Territory','4107','9833116826067','b');
INSERT INTO `genre_book`(`genre`, `entryid`) VALUES ('Romance','4107');
INSERT INTO `author_book`(`author`, `entryid`) VALUES ('Eduardo Wagenheim','4107');
INSERT INTO `publisher_book`(`publisher`, `entryid`) VALUES ('Derenzi Publishers.','4107');
INSERT INTO `entry`(`entryid`,`type`) VALUES('4108','b');
INSERT INTO `book`(`title`,`entryid`,`isbn`,`type`) VALUES('Beauty in the Titanium','4108','0976500003117','j');
INSERT INTO `genre_book`(`genre`, `entryid`) VALUES ('Horror','4108');
INSERT INTO `author_book`(`author`, `entryid`) VALUES ('Kina Maren','4108');
INSERT INTO `publisher_book`(`publisher`, `entryid`) VALUES ('Bagnaschi Publishers.','4108');
INSERT INTO `entry`(`entryid`,`type`) VALUES('4109','b');
INSERT INTO `book`(`title`,`entryid`,`isbn`,`type`) VALUES('Hoe against the Stem','4109','0337889843286','j');
INSERT INTO `genre_book`(`genre`, `entryid`) VALUES ('Horror','4109');
INSERT INTO `author_book`(`author`, `entryid`) VALUES ('Emilie Casbarro','4109');
INSERT INTO `publisher_book`(`publisher`, `entryid`) VALUES ('Henscheid Cooperations.','4109');
INSERT INTO `entry`(`entryid`,`type`) VALUES('4110','b');
INSERT INTO `book`(`title`,`entryid`,`isbn`,`type`) VALUES('Experience against acknowledgeable Expansion','4110','9119363630713','j');
INSERT INTO `genre_book`(`genre`, `entryid`) VALUES ('Romance','4110');
INSERT INTO `author`(`name`,`birthyear`,`deathyear`) VALUES('Wynona Bochek','1889','1968');
INSERT INTO `author_book`(`author`, `entryid`) VALUES ('Wynona Bochek','4110');
INSERT INTO `publisher_book`(`publisher`, `entryid`) VALUES ('Cerrito Inc.','4110');
INSERT INTO `entry`(`entryid`,`type`) VALUES('4111','b');
INSERT INTO `book`(`title`,`entryid`,`isbn`,`type`) VALUES('Goal against Stopsign','4111','9602683823535','j');
INSERT INTO `genre_book`(`genre`, `entryid`) VALUES ('Romance','4111');
INSERT INTO `author_book`(`author`, `entryid`) VALUES ('Morgan Lichota','4111');
INSERT INTO `publisher_book`(`publisher`, `entryid`) VALUES ('Dingson Publishers.','4111');
INSERT INTO `entry`(`entryid`,`type`) VALUES('4112','b');
INSERT INTO `book`(`title`,`entryid`,`isbn`,`type`) VALUES('Cake in Canvas','4112','0214234599532','b');
INSERT INTO `genre_book`(`genre`, `entryid`) VALUES ('Horror','4112');
INSERT INTO `author_book`(`author`, `entryid`) VALUES ('Lucile Leu','4112');
INSERT INTO `publisher_book`(`publisher`, `entryid`) VALUES ('Celli Cooperations.','4112');
INSERT INTO `entry`(`entryid`,`type`) VALUES('4113','b');
INSERT INTO `book`(`title`,`entryid`,`isbn`,`type`) VALUES('Hammer of monopodial Judge','4113','9772532502091','b');
INSERT INTO `genre_book`(`genre`, `entryid`) VALUES ('Thriller','4113');
INSERT INTO `author_book`(`author`, `entryid`) VALUES ('Michell Donatelli','4113');
INSERT INTO `publisher_book`(`publisher`, `entryid`) VALUES ('Lund Inc.','4113');
INSERT INTO `entry`(`entryid`,`type`) VALUES('4114','b');
INSERT INTO `book`(`title`,`entryid`,`isbn`,`type`) VALUES('Silk vs. appropriated Canada','4114','0455348549140','j');
INSERT INTO `genre_book`(`genre`, `entryid`) VALUES ('Sci-Fi','4114');
INSERT INTO `author_book`(`author`, `entryid`) VALUES ('Aron Monnot','4114');
INSERT INTO `publisher_book`(`publisher`, `entryid`) VALUES ('Beik Inc.','4114');
INSERT INTO `entry`(`entryid`,`type`) VALUES('4115','b');
INSERT INTO `book`(`title`,`entryid`,`isbn`,`type`) VALUES('Swamp by the scandalmongering Bulldozer','4115','0860130249501','b');
INSERT INTO `genre_book`(`genre`, `entryid`) VALUES ('Horror','4115');
INSERT INTO `author_book`(`author`, `entryid`) VALUES ('Josue Redfear','4115');
INSERT INTO `publisher_book`(`publisher`, `entryid`) VALUES ('Guillotte Inc.','4115');
INSERT INTO `entry`(`entryid`,`type`) VALUES('4116','b');
INSERT INTO `book`(`title`,`entryid`,`isbn`,`type`) VALUES('Hospital with whorled Block','4116','0322379697102','b');
INSERT INTO `genre_book`(`genre`, `entryid`) VALUES ('Adventure','4116');
INSERT INTO `author_book`(`author`, `entryid`) VALUES ('Ivana Moya','4116');
INSERT INTO `publisher_book`(`publisher`, `entryid`) VALUES ('Didyk Inc.','4116');
INSERT INTO `entry`(`entryid`,`type`) VALUES('4117','b');
INSERT INTO `book`(`title`,`entryid`,`isbn`,`type`) VALUES('Cry and Drizzle','4117','0342164046333','j');
INSERT INTO `genre_book`(`genre`, `entryid`) VALUES ('Thriller','4117');
INSERT INTO `author`(`name`,`birthyear`,`deathyear`) VALUES('Dara Barrale','1932','2028');
INSERT INTO `author_book`(`author`, `entryid`) VALUES ('Dara Barrale','4117');
INSERT INTO `publisher_book`(`publisher`, `entryid`) VALUES ('Dewolff Cooperations.','4117');
INSERT INTO `entry`(`entryid`,`type`) VALUES('4118','b');
INSERT INTO `book`(`title`,`entryid`,`isbn`,`type`) VALUES('Wool to Health','4118','9310965254041','j');
INSERT INTO `genre_book`(`genre`, `entryid`) VALUES ('Science','4118');
INSERT INTO `author_book`(`author`, `entryid`) VALUES ('Lecia Chernay','4118');
INSERT INTO `publisher_book`(`publisher`, `entryid`) VALUES ('Terrell Cooperations.','4118');
INSERT INTO `entry`(`entryid`,`type`) VALUES('4119','b');
INSERT INTO `book`(`title`,`entryid`,`isbn`,`type`) VALUES('Engine and gigantic Sleep','4119','9875298502116','j');
INSERT INTO `genre_book`(`genre`, `entryid`) VALUES ('Adventure','4119');
INSERT INTO `author_book`(`author`, `entryid`) VALUES ('Katrice Quartiero','4119');
INSERT INTO `publisher_book`(`publisher`, `entryid`) VALUES ('Woskobojnik Inc.','4119');
INSERT INTO `entry`(`entryid`,`type`) VALUES('4120','b');
INSERT INTO `book`(`title`,`entryid`,`isbn`,`type`) VALUES('Modem for the Weight','4120','9001247168018','e');
INSERT INTO `genre_book`(`genre`, `entryid`) VALUES ('Horror','4120');
INSERT INTO `author`(`name`,`birthyear`,`deathyear`) VALUES('Antione Belken','1980','2045');
INSERT INTO `author_book`(`author`, `entryid`) VALUES ('Antione Belken','4120');
INSERT INTO `publisher_book`(`publisher`, `entryid`) VALUES ('Todaro Cooperations.','4120');
INSERT INTO `entry`(`entryid`,`type`) VALUES('4121','b');
INSERT INTO `book`(`title`,`entryid`,`isbn`,`type`) VALUES('Button of the insipid Continent','4121','9823629238568','j');
INSERT INTO `genre_book`(`genre`, `entryid`) VALUES ('Horror','4121');
INSERT INTO `author_book`(`author`, `entryid`) VALUES ('Javier Pieper','4121');
INSERT INTO `publisher_book`(`publisher`, `entryid`) VALUES ('Woodward Publishers.','4121');
INSERT INTO `entry`(`entryid`,`type`) VALUES('4122','b');
INSERT INTO `book`(`title`,`entryid`,`isbn`,`type`) VALUES('Anthony for gravitational Bra','4122','9044419464328','e');
INSERT INTO `genre_book`(`genre`, `entryid`) VALUES ('Adventure','4122');
INSERT INTO `author_book`(`author`, `entryid`) VALUES ('Jan Mintos','4122');
INSERT INTO `publisher_book`(`publisher`, `entryid`) VALUES ('Blissett Publishers.','4122');
INSERT INTO `entry`(`entryid`,`type`) VALUES('4123','b');
INSERT INTO `book`(`title`,`entryid`,`isbn`,`type`) VALUES('Seagull with the unexcitable Band','4123','9524075983964','j');
INSERT INTO `genre_book`(`genre`, `entryid`) VALUES ('Romance','4123');
INSERT INTO `author_book`(`author`, `entryid`) VALUES ('Etha Trucchio','4123');
INSERT INTO `publisher_book`(`publisher`, `entryid`) VALUES ('Difalco Cooperations.','4123');
INSERT INTO `entry`(`entryid`,`type`) VALUES('4124','b');
INSERT INTO `book`(`title`,`entryid`,`isbn`,`type`) VALUES('Jute vs. tarry Archer','4124','9234695382567','j');
INSERT INTO `genre_book`(`genre`, `entryid`) VALUES ('Romance','4124');
INSERT INTO `author_book`(`author`, `entryid`) VALUES ('Marylyn Smelko','4124');
INSERT INTO `publisher_book`(`publisher`, `entryid`) VALUES ('Luchenbill Inc.','4124');
INSERT INTO `entry`(`entryid`,`type`) VALUES('4125','b');
INSERT INTO `book`(`title`,`entryid`,`isbn`,`type`) VALUES('Sandra for the saphenous Mask','4125','9659882205498','e');
INSERT INTO `genre_book`(`genre`, `entryid`) VALUES ('Adventure','4125');
INSERT INTO `author_book`(`author`, `entryid`) VALUES ('Angelika Passantino','4125');
INSERT INTO `publisher_book`(`publisher`, `entryid`) VALUES ('Moyet Inc.','4125');
INSERT INTO `entry`(`entryid`,`type`) VALUES('4126','b');
INSERT INTO `book`(`title`,`entryid`,`isbn`,`type`) VALUES('Table to Bay','4126','0504147118625','b');
INSERT INTO `genre_book`(`genre`, `entryid`) VALUES ('Sci-Fi','4126');
INSERT INTO `author_book`(`author`, `entryid`) VALUES ('Kamala Omersa','4126');
INSERT INTO `publisher_book`(`publisher`, `entryid`) VALUES ('Holshovser Publishers.','4126');
INSERT INTO `entry`(`entryid`,`type`) VALUES('4127','b');
INSERT INTO `book`(`title`,`entryid`,`isbn`,`type`) VALUES('Bathtub to the Thought','4127','9753625452918','e');
INSERT INTO `genre_book`(`genre`, `entryid`) VALUES ('Romance','4127');
INSERT INTO `author_book`(`author`, `entryid`) VALUES ('Vanessa Bannett','4127');
INSERT INTO `publisher_book`(`publisher`, `entryid`) VALUES ('Moyet Inc.','4127');
INSERT INTO `entry`(`entryid`,`type`) VALUES('4128','b');
INSERT INTO `book`(`title`,`entryid`,`isbn`,`type`) VALUES('Wheel by Married','4128','9142299172343','b');
INSERT INTO `genre_book`(`genre`, `entryid`) VALUES ('Science','4128');
INSERT INTO `author_book`(`author`, `entryid`) VALUES ('Vincent Kats','4128');
INSERT INTO `publisher_book`(`publisher`, `entryid`) VALUES ('Bigos Inc.','4128');
INSERT INTO `entry`(`entryid`,`type`) VALUES('4129','b');
INSERT INTO `book`(`title`,`entryid`,`isbn`,`type`) VALUES('Seagull of the spinaceous Dry','4129','0398820183992','j');
INSERT INTO `genre_book`(`genre`, `entryid`) VALUES ('Romance','4129');
INSERT INTO `author`(`name`,`birthyear`,`deathyear`) VALUES('Alisa Russomanno','1965','1986');
INSERT INTO `author_book`(`author`, `entryid`) VALUES ('Alisa Russomanno','4129');
INSERT INTO `publisher_book`(`publisher`, `entryid`) VALUES ('Mccardell Cooperations.','4129');
INSERT INTO `entry`(`entryid`,`type`) VALUES('4130','b');
INSERT INTO `book`(`title`,`entryid`,`isbn`,`type`) VALUES('Minister and the complying Property','4130','9765478097929','e');
INSERT INTO `genre_book`(`genre`, `entryid`) VALUES ('Horror','4130');
INSERT INTO `author_book`(`author`, `entryid`) VALUES ('Cristen Domebo','4130');
INSERT INTO `publisher_book`(`publisher`, `entryid`) VALUES ('Aleman Inc.','4130');
INSERT INTO `entry`(`entryid`,`type`) VALUES('4131','b');
INSERT INTO `book`(`title`,`entryid`,`isbn`,`type`) VALUES('Run by the Teacher','4131','0860209854476','j');
INSERT INTO `genre_book`(`genre`, `entryid`) VALUES ('Sci-Fi','4131');
INSERT INTO `author_book`(`author`, `entryid`) VALUES ('Broderick Leduke','4131');
INSERT INTO `publisher_book`(`publisher`, `entryid`) VALUES ('Footer Inc.','4131');
INSERT INTO `entry`(`entryid`,`type`) VALUES('4132','b');
INSERT INTO `book`(`title`,`entryid`,`isbn`,`type`) VALUES('Draw with Beer','4132','9485811348643','j');
INSERT INTO `genre_book`(`genre`, `entryid`) VALUES ('Thriller','4132');
INSERT INTO `author`(`name`,`birthyear`,`deathyear`) VALUES('Scottie Belka','1967','2030');
INSERT INTO `author_book`(`author`, `entryid`) VALUES ('Scottie Belka','4132');
INSERT INTO `publisher_book`(`publisher`, `entryid`) VALUES ('Manzanero Inc.','4132');
INSERT INTO `entry`(`entryid`,`type`) VALUES('4133','b');
INSERT INTO `book`(`title`,`entryid`,`isbn`,`type`) VALUES('Sarah to the discriminatory Swamp','4133','9666408046638','e');
INSERT INTO `genre_book`(`genre`, `entryid`) VALUES ('Thriller','4133');
INSERT INTO `author_book`(`author`, `entryid`) VALUES ('Deane Heap','4133');
INSERT INTO `publisher_book`(`publisher`, `entryid`) VALUES ('Mascio Cooperations.','4133');
INSERT INTO `entry`(`entryid`,`type`) VALUES('4134','b');
INSERT INTO `book`(`title`,`entryid`,`isbn`,`type`) VALUES('Room to Smash','4134','0171057285684','j');
INSERT INTO `genre_book`(`genre`, `entryid`) VALUES ('Adventure','4134');
INSERT INTO `author_book`(`author`, `entryid`) VALUES ('Virgie Kunin','4134');
INSERT INTO `publisher_book`(`publisher`, `entryid`) VALUES ('Malarkey Cooperations.','4134');
INSERT INTO `entry`(`entryid`,`type`) VALUES('4135','b');
INSERT INTO `book`(`title`,`entryid`,`isbn`,`type`) VALUES('Muscle because of Harmony','4135','9720871471829','j');
INSERT INTO `genre_book`(`genre`, `entryid`) VALUES ('Science','4135');
INSERT INTO `author_book`(`author`, `entryid`) VALUES ('Layne Nauer','4135');
INSERT INTO `publisher_book`(`publisher`, `entryid`) VALUES ('Gorney Publishers.','4135');
INSERT INTO `entry`(`entryid`,`type`) VALUES('4136','b');
INSERT INTO `book`(`title`,`entryid`,`isbn`,`type`) VALUES('Kevin and folksy Roast','4136','9555536293471','b');
INSERT INTO `genre_book`(`genre`, `entryid`) VALUES ('Thriller','4136');
INSERT INTO `author_book`(`author`, `entryid`) VALUES ('Raymonde Quade','4136');
INSERT INTO `publisher_book`(`publisher`, `entryid`) VALUES ('Sures Publishers.','4136');
INSERT INTO `entry`(`entryid`,`type`) VALUES('4137','b');
INSERT INTO `book`(`title`,`entryid`,`isbn`,`type`) VALUES('Pisces in tepidness Gore-tex','4137','9833000465197','j');
INSERT INTO `genre_book`(`genre`, `entryid`) VALUES ('Thriller','4137');
INSERT INTO `author`(`name`,`birthyear`,`deathyear`) VALUES('Perla Buddemeyer','1905','1937');
INSERT INTO `author_book`(`author`, `entryid`) VALUES ('Perla Buddemeyer','4137');
INSERT INTO `publisher_book`(`publisher`, `entryid`) VALUES ('Goswick Inc.','4137');
INSERT INTO `entry`(`entryid`,`type`) VALUES('4138','b');
INSERT INTO `book`(`title`,`entryid`,`isbn`,`type`) VALUES('Paperback against the allelomorphic Seagull','4138','9655155128216','j');
INSERT INTO `genre_book`(`genre`, `entryid`) VALUES ('Education','4138');
INSERT INTO `author`(`name`,`birthyear`,`deathyear`) VALUES('Breann Lockie','1888','1922');
INSERT INTO `author_book`(`author`, `entryid`) VALUES ('Breann Lockie','4138');
INSERT INTO `publisher_book`(`publisher`, `entryid`) VALUES ('Habeck Publishers.','4138');
INSERT INTO `entry`(`entryid`,`type`) VALUES('4139','b');
INSERT INTO `book`(`title`,`entryid`,`isbn`,`type`) VALUES('Toothbrush and water-repellent Thailand','4139','9023036353037','b');
INSERT INTO `genre_book`(`genre`, `entryid`) VALUES ('Education','4139');
INSERT INTO `author_book`(`author`, `entryid`) VALUES ('Brittaney Dillehay','4139');
INSERT INTO `publisher_book`(`publisher`, `entryid`) VALUES ('Lampson Inc.','4139');
INSERT INTO `entry`(`entryid`,`type`) VALUES('4140','b');
INSERT INTO `book`(`title`,`entryid`,`isbn`,`type`) VALUES('Bracket with multiplied Temper','4140','0593806858741','j');
INSERT INTO `genre_book`(`genre`, `entryid`) VALUES ('Science','4140');
INSERT INTO `author_book`(`author`, `entryid`) VALUES ('Merrill Brauner','4140');
INSERT INTO `publisher_book`(`publisher`, `entryid`) VALUES ('Carrea Inc.','4140');
INSERT INTO `entry`(`entryid`,`type`) VALUES('4141','b');
INSERT INTO `book`(`title`,`entryid`,`isbn`,`type`) VALUES('Turkey by Neck','4141','9869850839513','b');
INSERT INTO `genre_book`(`genre`, `entryid`) VALUES ('Education','4141');
INSERT INTO `author`(`name`,`birthyear`,`deathyear`) VALUES('Towanda Orford','1946','2024');
INSERT INTO `author_book`(`author`, `entryid`) VALUES ('Towanda Orford','4141');
INSERT INTO `publisher_book`(`publisher`, `entryid`) VALUES ('Marth Cooperations.','4141');
INSERT INTO `entry`(`entryid`,`type`) VALUES('4142','b');
INSERT INTO `book`(`title`,`entryid`,`isbn`,`type`) VALUES('Siberian in the Pink','4142','0896699616124','b');
INSERT INTO `genre_book`(`genre`, `entryid`) VALUES ('Sci-Fi','4142');
INSERT INTO `author_book`(`author`, `entryid`) VALUES ('Sherlene Elofson','4142');
INSERT INTO `publisher_book`(`publisher`, `entryid`) VALUES ('Kindlimann Inc.','4142');
INSERT INTO `entry`(`entryid`,`type`) VALUES('4143','b');
INSERT INTO `book`(`title`,`entryid`,`isbn`,`type`) VALUES('Coast against the Diamond','4143','0993236745194','e');
INSERT INTO `genre_book`(`genre`, `entryid`) VALUES ('Education','4143');
INSERT INTO `author`(`name`,`birthyear`,`deathyear`) VALUES('Eric Mikulec','1944','1998');
INSERT INTO `author_book`(`author`, `entryid`) VALUES ('Eric Mikulec','4143');
INSERT INTO `publisher_book`(`publisher`, `entryid`) VALUES ('Hollner Publishers.','4143');
INSERT INTO `entry`(`entryid`,`type`) VALUES('4144','b');
INSERT INTO `book`(`title`,`entryid`,`isbn`,`type`) VALUES('Pint in the Camel','4144','0594118693935','b');
INSERT INTO `genre_book`(`genre`, `entryid`) VALUES ('Science','4144');
INSERT INTO `author_book`(`author`, `entryid`) VALUES ('Ayanna Hamano','4144');
INSERT INTO `publisher_book`(`publisher`, `entryid`) VALUES ('Diruzzo Publishers.','4144');
INSERT INTO `entry`(`entryid`,`type`) VALUES('4145','b');
INSERT INTO `book`(`title`,`entryid`,`isbn`,`type`) VALUES('Argument to paraffinoid Organization','4145','9937823984994','b');
INSERT INTO `genre_book`(`genre`, `entryid`) VALUES ('Romance','4145');
INSERT INTO `author_book`(`author`, `entryid`) VALUES ('Camelia Mizwicki','4145');
INSERT INTO `publisher_book`(`publisher`, `entryid`) VALUES ('Rayman Publishers.','4145');
INSERT INTO `entry`(`entryid`,`type`) VALUES('4146','b');
INSERT INTO `book`(`title`,`entryid`,`isbn`,`type`) VALUES('Violin for Tv','4146','0040486680086','e');
INSERT INTO `genre_book`(`genre`, `entryid`) VALUES ('Thriller','4146');
INSERT INTO `author_book`(`author`, `entryid`) VALUES ('Marth Crady','4146');
INSERT INTO `publisher_book`(`publisher`, `entryid`) VALUES ('Glackin Inc.','4146');
INSERT INTO `entry`(`entryid`,`type`) VALUES('4147','b');
INSERT INTO `book`(`title`,`entryid`,`isbn`,`type`) VALUES('Peace of Pine','4147','0617084926606','j');
INSERT INTO `genre_book`(`genre`, `entryid`) VALUES ('Thriller','4147');
INSERT INTO `author_book`(`author`, `entryid`) VALUES ('Kizzy Benefield','4147');
INSERT INTO `publisher_book`(`publisher`, `entryid`) VALUES ('Samas Publishers.','4147');
INSERT INTO `entry`(`entryid`,`type`) VALUES('4148','b');
INSERT INTO `book`(`title`,`entryid`,`isbn`,`type`) VALUES('Surgeon and contractional Competition','4148','9878618184113','j');
INSERT INTO `genre_book`(`genre`, `entryid`) VALUES ('Sci-Fi','4148');
INSERT INTO `author_book`(`author`, `entryid`) VALUES ('Al Tourigny','4148');
INSERT INTO `publisher_book`(`publisher`, `entryid`) VALUES ('Garfield Publishers.','4148');
INSERT INTO `entry`(`entryid`,`type`) VALUES('4149','b');
INSERT INTO `book`(`title`,`entryid`,`isbn`,`type`) VALUES('Popcorn for the noisy Week','4149','9133047664071','e');
INSERT INTO `genre_book`(`genre`, `entryid`) VALUES ('Horror','4149');
INSERT INTO `author_book`(`author`, `entryid`) VALUES ('Nisha Amsley','4149');
INSERT INTO `publisher_book`(`publisher`, `entryid`) VALUES ('Sikora Cooperations.','4149');
INSERT INTO `entry`(`entryid`,`type`) VALUES('4150','b');
INSERT INTO `book`(`title`,`entryid`,`isbn`,`type`) VALUES('Grain and puerperal Expansion','4150','0460959682011','j');
INSERT INTO `genre_book`(`genre`, `entryid`) VALUES ('Science','4150');
INSERT INTO `author`(`name`,`birthyear`,`deathyear`) VALUES('Micheal Beltz','1961','2006');
INSERT INTO `author_book`(`author`, `entryid`) VALUES ('Micheal Beltz','4150');
INSERT INTO `publisher_book`(`publisher`, `entryid`) VALUES ('Gumphrey Publishers.','4150');
INSERT INTO `entry`(`entryid`,`type`) VALUES('4151','b');
INSERT INTO `book`(`title`,`entryid`,`isbn`,`type`) VALUES('Jaw for compellable Prepared','4151','0567385734104','b');
INSERT INTO `genre_book`(`genre`, `entryid`) VALUES ('Education','4151');
INSERT INTO `author_book`(`author`, `entryid`) VALUES ('Willian Levene','4151');
INSERT INTO `publisher_book`(`publisher`, `entryid`) VALUES ('Ockman Inc.','4151');
INSERT INTO `entry`(`entryid`,`type`) VALUES('4152','b');
INSERT INTO `book`(`title`,`entryid`,`isbn`,`type`) VALUES('Oven with the Clock','4152','0541778040021','j');
INSERT INTO `genre_book`(`genre`, `entryid`) VALUES ('Thriller','4152');
INSERT INTO `author_book`(`author`, `entryid`) VALUES ('Rosy Stumpo','4152');
INSERT INTO `publisher_book`(`publisher`, `entryid`) VALUES ('Bouvier Cooperations.','4152');
INSERT INTO `entry`(`entryid`,`type`) VALUES('4153','b');
INSERT INTO `book`(`title`,`entryid`,`isbn`,`type`) VALUES('Street to the Vault','4153','9619985991633','b');
INSERT INTO `genre_book`(`genre`, `entryid`) VALUES ('Romance','4153');
INSERT INTO `author_book`(`author`, `entryid`) VALUES ('Ivana Enick','4153');
INSERT INTO `publisher_book`(`publisher`, `entryid`) VALUES ('Czapiewski Inc.','4153');
INSERT INTO `entry`(`entryid`,`type`) VALUES('4154','b');
INSERT INTO `book`(`title`,`entryid`,`isbn`,`type`) VALUES('Ophthalmologist and the Armadillo','4154','0225956170828','j');
INSERT INTO `genre_book`(`genre`, `entryid`) VALUES ('Thriller','4154');
INSERT INTO `author_book`(`author`, `entryid`) VALUES ('Eduardo Wagenheim','4154');
INSERT INTO `publisher_book`(`publisher`, `entryid`) VALUES ('Cervone Cooperations.','4154');
INSERT INTO `entry`(`entryid`,`type`) VALUES('4155','b');
INSERT INTO `book`(`title`,`entryid`,`isbn`,`type`) VALUES('Intestine with Playroom','4155','0661917410105','j');
INSERT INTO `genre_book`(`genre`, `entryid`) VALUES ('Adventure','4155');
INSERT INTO `author`(`name`,`birthyear`,`deathyear`) VALUES('Jennell Pendl','1941','1974');
INSERT INTO `author_book`(`author`, `entryid`) VALUES ('Jennell Pendl','4155');
INSERT INTO `publisher_book`(`publisher`, `entryid`) VALUES ('Cotner Cooperations.','4155');
INSERT INTO `entry`(`entryid`,`type`) VALUES('4156','b');
INSERT INTO `book`(`title`,`entryid`,`isbn`,`type`) VALUES('Fog by the desiccant Boundary','4156','9884182660466','e');
INSERT INTO `genre_book`(`genre`, `entryid`) VALUES ('Horror','4156');
INSERT INTO `author`(`name`,`birthyear`,`deathyear`) VALUES('Johanna Rozzell','1940','2017');
INSERT INTO `author_book`(`author`, `entryid`) VALUES ('Johanna Rozzell','4156');
INSERT INTO `publisher_book`(`publisher`, `entryid`) VALUES ('Nelke Publishers.','4156');
INSERT INTO `entry`(`entryid`,`type`) VALUES('4157','b');
INSERT INTO `book`(`title`,`entryid`,`isbn`,`type`) VALUES('Woolen in the Description','4157','9945426406128','e');
INSERT INTO `genre_book`(`genre`, `entryid`) VALUES ('Romance','4157');
INSERT INTO `author_book`(`author`, `entryid`) VALUES ('Valene Leingang','4157');
INSERT INTO `publisher_book`(`publisher`, `entryid`) VALUES ('Difalco Cooperations.','4157');
INSERT INTO `entry`(`entryid`,`type`) VALUES('4158','b');
INSERT INTO `book`(`title`,`entryid`,`isbn`,`type`) VALUES('Tune of worshipping Aluminum','4158','9248611799612','e');
INSERT INTO `genre_book`(`genre`, `entryid`) VALUES ('Thriller','4158');
INSERT INTO `author`(`name`,`birthyear`,`deathyear`) VALUES('Lilly Sessler','1930','2027');
INSERT INTO `author_book`(`author`, `entryid`) VALUES ('Lilly Sessler','4158');
INSERT INTO `publisher_book`(`publisher`, `entryid`) VALUES ('Brotherson Inc.','4158');
INSERT INTO `entry`(`entryid`,`type`) VALUES('4159','b');
INSERT INTO `book`(`title`,`entryid`,`isbn`,`type`) VALUES('Airship for Bacon','4159','9682644077527','j');
INSERT INTO `genre_book`(`genre`, `entryid`) VALUES ('Romance','4159');
INSERT INTO `author_book`(`author`, `entryid`) VALUES ('Guadalupe Tinker','4159');
INSERT INTO `publisher_book`(`publisher`, `entryid`) VALUES ('Murdaugh Cooperations.','4159');
INSERT INTO `entry`(`entryid`,`type`) VALUES('4160','b');
INSERT INTO `book`(`title`,`entryid`,`isbn`,`type`) VALUES('Comfort for Dead','4160','9308931724003','b');
INSERT INTO `genre_book`(`genre`, `entryid`) VALUES ('Science','4160');
INSERT INTO `author`(`name`,`birthyear`,`deathyear`) VALUES('Eddie Landborg','1954','2010');
INSERT INTO `author_book`(`author`, `entryid`) VALUES ('Eddie Landborg','4160');
INSERT INTO `publisher_book`(`publisher`, `entryid`) VALUES ('Powsey Cooperations.','4160');
INSERT INTO `entry`(`entryid`,`type`) VALUES('4161','b');
INSERT INTO `book`(`title`,`entryid`,`isbn`,`type`) VALUES('Drop to Loaf','4161','0302096695289','j');
INSERT INTO `genre_book`(`genre`, `entryid`) VALUES ('Horror','4161');
INSERT INTO `author`(`name`,`birthyear`,`deathyear`) VALUES('Otto Fletes','1929','2000');
INSERT INTO `author_book`(`author`, `entryid`) VALUES ('Otto Fletes','4161');
INSERT INTO `publisher_book`(`publisher`, `entryid`) VALUES ('Gasior Cooperations.','4161');
INSERT INTO `entry`(`entryid`,`type`) VALUES('4162','b');
INSERT INTO `book`(`title`,`entryid`,`isbn`,`type`) VALUES('Trowel against dedicational Locket','4162','0362534229921','j');
INSERT INTO `genre_book`(`genre`, `entryid`) VALUES ('Science','4162');
INSERT INTO `author_book`(`author`, `entryid`) VALUES ('Whitney Soni','4162');
INSERT INTO `publisher_book`(`publisher`, `entryid`) VALUES ('Haken Inc.','4162');
INSERT INTO `entry`(`entryid`,`type`) VALUES('4163','b');
INSERT INTO `book`(`title`,`entryid`,`isbn`,`type`) VALUES('Patio by Camel','4163','9832670402167','e');
INSERT INTO `genre_book`(`genre`, `entryid`) VALUES ('Thriller','4163');
INSERT INTO `author_book`(`author`, `entryid`) VALUES ('Kara Europe','4163');
INSERT INTO `publisher_book`(`publisher`, `entryid`) VALUES ('Todaro Cooperations.','4163');
INSERT INTO `entry`(`entryid`,`type`) VALUES('4164','b');
INSERT INTO `book`(`title`,`entryid`,`isbn`,`type`) VALUES('Cultivator for the Argentina','4164','9821389006392','b');
INSERT INTO `genre_book`(`genre`, `entryid`) VALUES ('Adventure','4164');
INSERT INTO `author_book`(`author`, `entryid`) VALUES ('Kristy Cannatella','4164');
INSERT INTO `publisher_book`(`publisher`, `entryid`) VALUES ('Sumaran Cooperations.','4164');
INSERT INTO `entry`(`entryid`,`type`) VALUES('4165','b');
INSERT INTO `book`(`title`,`entryid`,`isbn`,`type`) VALUES('Wedge vs. girt Home','4165','0882723629817','j');
INSERT INTO `genre_book`(`genre`, `entryid`) VALUES ('Thriller','4165');
INSERT INTO `author_book`(`author`, `entryid`) VALUES ('Whitney Soni','4165');
INSERT INTO `publisher_book`(`publisher`, `entryid`) VALUES ('Kindlimann Inc.','4165');
INSERT INTO `entry`(`entryid`,`type`) VALUES('4166','b');
INSERT INTO `book`(`title`,`entryid`,`isbn`,`type`) VALUES('Fortnight because of hallucinative Twine','4166','0580309011487','b');
INSERT INTO `genre_book`(`genre`, `entryid`) VALUES ('Adventure','4166');
INSERT INTO `author_book`(`author`, `entryid`) VALUES ('Bart Khalaf','4166');
INSERT INTO `publisher_book`(`publisher`, `entryid`) VALUES ('Capurro Publishers.','4166');
INSERT INTO `entry`(`entryid`,`type`) VALUES('4167','b');
INSERT INTO `book`(`title`,`entryid`,`isbn`,`type`) VALUES('Lobster in the vehicular Lycra','4167','0257936926584','e');
INSERT INTO `genre_book`(`genre`, `entryid`) VALUES ('Sci-Fi','4167');
INSERT INTO `author_book`(`author`, `entryid`) VALUES ('Mozelle Scopa','4167');
INSERT INTO `publisher_book`(`publisher`, `entryid`) VALUES ('Delashaw Publishers.','4167');
INSERT INTO `entry`(`entryid`,`type`) VALUES('4168','b');
INSERT INTO `book`(`title`,`entryid`,`isbn`,`type`) VALUES('Kohlrabi against Tune','4168','0236664619998','e');
INSERT INTO `genre_book`(`genre`, `entryid`) VALUES ('Horror','4168');
INSERT INTO `author`(`name`,`birthyear`,`deathyear`) VALUES('Josefa Treto','1905','1961');
INSERT INTO `author_book`(`author`, `entryid`) VALUES ('Josefa Treto','4168');
INSERT INTO `publisher_book`(`publisher`, `entryid`) VALUES ('Poirer Cooperations.','4168');
INSERT INTO `entry`(`entryid`,`type`) VALUES('4169','b');
INSERT INTO `book`(`title`,`entryid`,`isbn`,`type`) VALUES('Queen in Mountain','4169','9978806748886','e');
INSERT INTO `genre_book`(`genre`, `entryid`) VALUES ('Sci-Fi','4169');
INSERT INTO `author_book`(`author`, `entryid`) VALUES ('Delia Sulivan','4169');
INSERT INTO `publisher_book`(`publisher`, `entryid`) VALUES ('Cundy Inc.','4169');
INSERT INTO `entry`(`entryid`,`type`) VALUES('4170','b');
INSERT INTO `book`(`title`,`entryid`,`isbn`,`type`) VALUES('Loaf to the intercolumnar Swallow','4170','9196072694252','j');
INSERT INTO `genre_book`(`genre`, `entryid`) VALUES ('Thriller','4170');
INSERT INTO `author_book`(`author`, `entryid`) VALUES ('Tenesha Blaum','4170');
INSERT INTO `publisher_book`(`publisher`, `entryid`) VALUES ('Lundblad Inc.','4170');
INSERT INTO `entry`(`entryid`,`type`) VALUES('4171','b');
INSERT INTO `book`(`title`,`entryid`,`isbn`,`type`) VALUES('Postage for the Cod','4171','0753322353833','b');
INSERT INTO `genre_book`(`genre`, `entryid`) VALUES ('Science','4171');
INSERT INTO `author_book`(`author`, `entryid`) VALUES ('Ola Whelchel','4171');
INSERT INTO `publisher_book`(`publisher`, `entryid`) VALUES ('Rasco Inc.','4171');
INSERT INTO `entry`(`entryid`,`type`) VALUES('4172','b');
INSERT INTO `book`(`title`,`entryid`,`isbn`,`type`) VALUES('Vision to the Shrine','4172','0453310606423','j');
INSERT INTO `genre_book`(`genre`, `entryid`) VALUES ('Adventure','4172');
INSERT INTO `author_book`(`author`, `entryid`) VALUES ('Nathaniel Cliatt','4172');
INSERT INTO `publisher_book`(`publisher`, `entryid`) VALUES ('Sunder Publishers.','4172');
INSERT INTO `entry`(`entryid`,`type`) VALUES('4173','b');
INSERT INTO `book`(`title`,`entryid`,`isbn`,`type`) VALUES('Cut to roselike Squid','4173','0981882578914','e');
INSERT INTO `genre_book`(`genre`, `entryid`) VALUES ('Thriller','4173');
INSERT INTO `author_book`(`author`, `entryid`) VALUES ('Deane Heap','4173');
INSERT INTO `publisher_book`(`publisher`, `entryid`) VALUES ('Toste Publishers.','4173');
INSERT INTO `entry`(`entryid`,`type`) VALUES('4174','b');
INSERT INTO `book`(`title`,`entryid`,`isbn`,`type`) VALUES('Play and supernaturalism Gymnast','4174','9308617616985','e');
INSERT INTO `genre_book`(`genre`, `entryid`) VALUES ('Horror','4174');
INSERT INTO `author_book`(`author`, `entryid`) VALUES ('Roy Fagnant','4174');
INSERT INTO `publisher_book`(`publisher`, `entryid`) VALUES ('Kleis Inc.','4174');
INSERT INTO `entry`(`entryid`,`type`) VALUES('4175','b');
INSERT INTO `book`(`title`,`entryid`,`isbn`,`type`) VALUES('Shake of the younger Digital','4175','9049041920909','e');
INSERT INTO `genre_book`(`genre`, `entryid`) VALUES ('Romance','4175');
INSERT INTO `author_book`(`author`, `entryid`) VALUES ('Ara Droy','4175');
INSERT INTO `publisher_book`(`publisher`, `entryid`) VALUES ('Zorns Inc.','4175');
INSERT INTO `entry`(`entryid`,`type`) VALUES('4176','b');
INSERT INTO `book`(`title`,`entryid`,`isbn`,`type`) VALUES('Police for the minuscule Lamp','4176','9373551615851','b');
INSERT INTO `genre_book`(`genre`, `entryid`) VALUES ('Romance','4176');
INSERT INTO `author_book`(`author`, `entryid`) VALUES ('Kirstin Binstock','4176');
INSERT INTO `publisher_book`(`publisher`, `entryid`) VALUES ('Kamuda Inc.','4176');
INSERT INTO `entry`(`entryid`,`type`) VALUES('4177','b');
INSERT INTO `book`(`title`,`entryid`,`isbn`,`type`) VALUES('Store in Gallon','4177','0427256338506','e');
INSERT INTO `genre_book`(`genre`, `entryid`) VALUES ('Romance','4177');
INSERT INTO `author`(`name`,`birthyear`,`deathyear`) VALUES('Lauretta Mcmunn','1943','2004');
INSERT INTO `author_book`(`author`, `entryid`) VALUES ('Lauretta Mcmunn','4177');
INSERT INTO `publisher_book`(`publisher`, `entryid`) VALUES ('Tegarden Publishers.','4177');
INSERT INTO `entry`(`entryid`,`type`) VALUES('4178','b');
INSERT INTO `book`(`title`,`entryid`,`isbn`,`type`) VALUES('Bakery for Okra','4178','0644082438571','e');
INSERT INTO `genre_book`(`genre`, `entryid`) VALUES ('Sci-Fi','4178');
INSERT INTO `author_book`(`author`, `entryid`) VALUES ('Deja Beel','4178');
INSERT INTO `publisher_book`(`publisher`, `entryid`) VALUES ('Rickels Cooperations.','4178');
INSERT INTO `entry`(`entryid`,`type`) VALUES('4179','b');
INSERT INTO `book`(`title`,`entryid`,`isbn`,`type`) VALUES('Bibliography with the structuralist Bull','4179','0977376169357','j');
INSERT INTO `genre_book`(`genre`, `entryid`) VALUES ('Adventure','4179');
INSERT INTO `author_book`(`author`, `entryid`) VALUES ('Heather Booty','4179');
INSERT INTO `publisher_book`(`publisher`, `entryid`) VALUES ('Wood Inc.','4179');
INSERT INTO `entry`(`entryid`,`type`) VALUES('4180','b');
INSERT INTO `book`(`title`,`entryid`,`isbn`,`type`) VALUES('Tugboat to the physiognomic Coal','4180','9528628427343','j');
INSERT INTO `genre_book`(`genre`, `entryid`) VALUES ('Education','4180');
INSERT INTO `author_book`(`author`, `entryid`) VALUES ('Keira Digiovanni','4180');
INSERT INTO `publisher_book`(`publisher`, `entryid`) VALUES ('Liberty Publishers.','4180');
INSERT INTO `entry`(`entryid`,`type`) VALUES('4181','b');
INSERT INTO `book`(`title`,`entryid`,`isbn`,`type`) VALUES('Plaster with Spinach','4181','9853614141073','j');
INSERT INTO `genre_book`(`genre`, `entryid`) VALUES ('Horror','4181');
INSERT INTO `author_book`(`author`, `entryid`) VALUES ('Hildegarde Telesco','4181');
INSERT INTO `publisher_book`(`publisher`, `entryid`) VALUES ('Hendershott Publishers.','4181');
INSERT INTO `entry`(`entryid`,`type`) VALUES('4182','b');
INSERT INTO `book`(`title`,`entryid`,`isbn`,`type`) VALUES('License and Paper','4182','9772313207335','b');
INSERT INTO `genre_book`(`genre`, `entryid`) VALUES ('Sci-Fi','4182');
INSERT INTO `author_book`(`author`, `entryid`) VALUES ('Sherrell Kalb','4182');
INSERT INTO `publisher_book`(`publisher`, `entryid`) VALUES ('Goldhaber Publishers.','4182');
INSERT INTO `entry`(`entryid`,`type`) VALUES('4183','b');
INSERT INTO `book`(`title`,`entryid`,`isbn`,`type`) VALUES('Pendulum in Ounce','4183','9384785818523','b');
INSERT INTO `genre_book`(`genre`, `entryid`) VALUES ('Horror','4183');
INSERT INTO `author`(`name`,`birthyear`,`deathyear`) VALUES('Adam Ruggieri','1890','1950');
INSERT INTO `author_book`(`author`, `entryid`) VALUES ('Adam Ruggieri','4183');
INSERT INTO `publisher_book`(`publisher`, `entryid`) VALUES ('Happe Publishers.','4183');
INSERT INTO `entry`(`entryid`,`type`) VALUES('4184','b');
INSERT INTO `book`(`title`,`entryid`,`isbn`,`type`) VALUES('Alley against unpeeled Peanut','4184','0166634812110','b');
INSERT INTO `genre_book`(`genre`, `entryid`) VALUES ('Romance','4184');
INSERT INTO `author_book`(`author`, `entryid`) VALUES ('Moses Tarrant','4184');
INSERT INTO `publisher_book`(`publisher`, `entryid`) VALUES ('Bouvier Cooperations.','4184');
INSERT INTO `entry`(`entryid`,`type`) VALUES('4185','b');
INSERT INTO `book`(`title`,`entryid`,`isbn`,`type`) VALUES('Talk in Baboon','4185','0399484125528','b');
INSERT INTO `genre_book`(`genre`, `entryid`) VALUES ('Sci-Fi','4185');
INSERT INTO `author`(`name`,`birthyear`,`deathyear`) VALUES('Kimbra Caulk','1922','1991');
INSERT INTO `author_book`(`author`, `entryid`) VALUES ('Kimbra Caulk','4185');
INSERT INTO `publisher_book`(`publisher`, `entryid`) VALUES ('Mcbee Cooperations.','4185');
INSERT INTO `entry`(`entryid`,`type`) VALUES('4186','b');
INSERT INTO `book`(`title`,`entryid`,`isbn`,`type`) VALUES('Eggplant in the Fibre','4186','9960463649856','b');
INSERT INTO `genre_book`(`genre`, `entryid`) VALUES ('Thriller','4186');
INSERT INTO `author_book`(`author`, `entryid`) VALUES ('Neda Harbough','4186');
INSERT INTO `publisher_book`(`publisher`, `entryid`) VALUES ('Sieger Inc.','4186');
INSERT INTO `entry`(`entryid`,`type`) VALUES('4187','b');
INSERT INTO `book`(`title`,`entryid`,`isbn`,`type`) VALUES('Fur of the alto Steam','4187','0139463579937','e');
INSERT INTO `genre_book`(`genre`, `entryid`) VALUES ('Adventure','4187');
INSERT INTO `author_book`(`author`, `entryid`) VALUES ('Trena Micheau','4187');
INSERT INTO `publisher_book`(`publisher`, `entryid`) VALUES ('Massar Inc.','4187');
INSERT INTO `entry`(`entryid`,`type`) VALUES('4188','b');
INSERT INTO `book`(`title`,`entryid`,`isbn`,`type`) VALUES('Handsaw for the zymotic Literature','4188','0324472385531','j');
INSERT INTO `genre_book`(`genre`, `entryid`) VALUES ('Adventure','4188');
INSERT INTO `author_book`(`author`, `entryid`) VALUES ('Andreas Asch','4188');
INSERT INTO `publisher_book`(`publisher`, `entryid`) VALUES ('Samas Publishers.','4188');
INSERT INTO `entry`(`entryid`,`type`) VALUES('4189','b');
INSERT INTO `book`(`title`,`entryid`,`isbn`,`type`) VALUES('Ukrainian because of Waste','4189','9884436631620','e');
INSERT INTO `genre_book`(`genre`, `entryid`) VALUES ('Horror','4189');
INSERT INTO `author_book`(`author`, `entryid`) VALUES ('Martine Rood','4189');
INSERT INTO `publisher_book`(`publisher`, `entryid`) VALUES ('Aleman Inc.','4189');
INSERT INTO `entry`(`entryid`,`type`) VALUES('4190','b');
INSERT INTO `book`(`title`,`entryid`,`isbn`,`type`) VALUES('Calendar in the Work','4190','0439509967698','e');
INSERT INTO `genre_book`(`genre`, `entryid`) VALUES ('Sci-Fi','4190');
INSERT INTO `author`(`name`,`birthyear`,`deathyear`) VALUES('Valerie Anliker','1886','1924');
INSERT INTO `author_book`(`author`, `entryid`) VALUES ('Valerie Anliker','4190');
INSERT INTO `publisher_book`(`publisher`, `entryid`) VALUES ('Mastera Cooperations.','4190');
INSERT INTO `entry`(`entryid`,`type`) VALUES('4191','b');
INSERT INTO `book`(`title`,`entryid`,`isbn`,`type`) VALUES('Ashtray of appraisive Peace','4191','0373595573034','b');
INSERT INTO `genre_book`(`genre`, `entryid`) VALUES ('Horror','4191');
INSERT INTO `author_book`(`author`, `entryid`) VALUES ('Lonnie Oropesa','4191');
INSERT INTO `publisher_book`(`publisher`, `entryid`) VALUES ('Pudenz Inc.','4191');
INSERT INTO `entry`(`entryid`,`type`) VALUES('4192','b');
INSERT INTO `book`(`title`,`entryid`,`isbn`,`type`) VALUES('Hydrant because of Locust','4192','9933988832868','b');
INSERT INTO `genre_book`(`genre`, `entryid`) VALUES ('Sci-Fi','4192');
INSERT INTO `author`(`name`,`birthyear`,`deathyear`) VALUES('Nakia Picaro','1898','1991');
INSERT INTO `author_book`(`author`, `entryid`) VALUES ('Nakia Picaro','4192');
INSERT INTO `publisher_book`(`publisher`, `entryid`) VALUES ('Duhon Publishers.','4192');
INSERT INTO `entry`(`entryid`,`type`) VALUES('4193','b');
INSERT INTO `book`(`title`,`entryid`,`isbn`,`type`) VALUES('Session by Insulation','4193','0533170919286','b');
INSERT INTO `genre_book`(`genre`, `entryid`) VALUES ('Romance','4193');
INSERT INTO `author_book`(`author`, `entryid`) VALUES ('Cecil Michelson','4193');
INSERT INTO `publisher_book`(`publisher`, `entryid`) VALUES ('Bogan Cooperations.','4193');
INSERT INTO `entry`(`entryid`,`type`) VALUES('4194','b');
INSERT INTO `book`(`title`,`entryid`,`isbn`,`type`) VALUES('British with the enigmatic Session','4194','9471511975907','b');
INSERT INTO `genre_book`(`genre`, `entryid`) VALUES ('Thriller','4194');
INSERT INTO `author_book`(`author`, `entryid`) VALUES ('Lana Quante','4194');
INSERT INTO `publisher_book`(`publisher`, `entryid`) VALUES ('Bokanovich Publishers.','4194');
INSERT INTO `entry`(`entryid`,`type`) VALUES('4195','b');
INSERT INTO `book`(`title`,`entryid`,`isbn`,`type`) VALUES('Bath with the acrid Verse','4195','0002630134564','e');
INSERT INTO `genre_book`(`genre`, `entryid`) VALUES ('Adventure','4195');
INSERT INTO `author_book`(`author`, `entryid`) VALUES ('Rueben Chiapetto','4195');
INSERT INTO `publisher_book`(`publisher`, `entryid`) VALUES ('Culpepper Cooperations.','4195');
INSERT INTO `entry`(`entryid`,`type`) VALUES('4196','b');
INSERT INTO `book`(`title`,`entryid`,`isbn`,`type`) VALUES('Worm of the perspicuous Appliance','4196','0075435034350','j');
INSERT INTO `genre_book`(`genre`, `entryid`) VALUES ('Science','4196');
INSERT INTO `author_book`(`author`, `entryid`) VALUES ('Arla Harmond','4196');
INSERT INTO `publisher_book`(`publisher`, `entryid`) VALUES ('Ruozzo Cooperations.','4196');
INSERT INTO `entry`(`entryid`,`type`) VALUES('4197','b');
INSERT INTO `book`(`title`,`entryid`,`isbn`,`type`) VALUES('Uncle and the sulky Ruth','4197','0655127009160','e');
INSERT INTO `genre_book`(`genre`, `entryid`) VALUES ('Sci-Fi','4197');
INSERT INTO `author_book`(`author`, `entryid`) VALUES ('Marylou Reisinger','4197');
INSERT INTO `publisher_book`(`publisher`, `entryid`) VALUES ('Harbin Cooperations.','4197');
INSERT INTO `entry`(`entryid`,`type`) VALUES('4198','b');
INSERT INTO `book`(`title`,`entryid`,`isbn`,`type`) VALUES('Acoustic and the ochery Servant','4198','9031661324731','e');
INSERT INTO `genre_book`(`genre`, `entryid`) VALUES ('Thriller','4198');
INSERT INTO `author`(`name`,`birthyear`,`deathyear`) VALUES('Grady Yaklin','1883','1907');
INSERT INTO `author_book`(`author`, `entryid`) VALUES ('Grady Yaklin','4198');
INSERT INTO `publisher_book`(`publisher`, `entryid`) VALUES ('Varas Publishers.','4198');
INSERT INTO `entry`(`entryid`,`type`) VALUES('4199','b');
INSERT INTO `book`(`title`,`entryid`,`isbn`,`type`) VALUES('Objective for scandalmongering Shock','4199','0494218276035','e');
INSERT INTO `genre_book`(`genre`, `entryid`) VALUES ('Education','4199');
INSERT INTO `author_book`(`author`, `entryid`) VALUES ('Danny Gilhooly','4199');
INSERT INTO `publisher_book`(`publisher`, `entryid`) VALUES ('Gorney Publishers.','4199');
INSERT INTO `entry`(`entryid`,`type`) VALUES('4200','b');
INSERT INTO `book`(`title`,`entryid`,`isbn`,`type`) VALUES('Christopher in the off-the-cuff Fight','4200','0434687942638','b');
INSERT INTO `genre_book`(`genre`, `entryid`) VALUES ('Romance','4200');
INSERT INTO `author_book`(`author`, `entryid`) VALUES ('Cornell Sinnett','4200');
INSERT INTO `publisher_book`(`publisher`, `entryid`) VALUES ('Gasser Publishers.','4200');
INSERT INTO `entry`(`entryid`,`type`) VALUES('4201','b');
INSERT INTO `book`(`title`,`entryid`,`isbn`,`type`) VALUES('Sky with the Flower','4201','0519840218087','e');
INSERT INTO `genre_book`(`genre`, `entryid`) VALUES ('Horror','4201');
INSERT INTO `author_book`(`author`, `entryid`) VALUES ('Aron Monnot','4201');
INSERT INTO `publisher_book`(`publisher`, `entryid`) VALUES ('Marcelino Inc.','4201');
INSERT INTO `entry`(`entryid`,`type`) VALUES('4202','b');
INSERT INTO `book`(`title`,`entryid`,`isbn`,`type`) VALUES('Philippines of the dermatoid Bike','4202','0701245472259','e');
INSERT INTO `genre_book`(`genre`, `entryid`) VALUES ('Thriller','4202');
INSERT INTO `author_book`(`author`, `entryid`) VALUES ('Lu Voeks','4202');
INSERT INTO `publisher_book`(`publisher`, `entryid`) VALUES ('Antrikin Inc.','4202');
INSERT INTO `entry`(`entryid`,`type`) VALUES('4203','b');
INSERT INTO `book`(`title`,`entryid`,`isbn`,`type`) VALUES('Thunderstorm in the unromantic C-clamp','4203','0993233263748','e');
INSERT INTO `genre_book`(`genre`, `entryid`) VALUES ('Romance','4203');
INSERT INTO `author_book`(`author`, `entryid`) VALUES ('Hildegarde Telesco','4203');
INSERT INTO `publisher_book`(`publisher`, `entryid`) VALUES ('Difalco Cooperations.','4203');
INSERT INTO `entry`(`entryid`,`type`) VALUES('4204','b');
INSERT INTO `book`(`title`,`entryid`,`isbn`,`type`) VALUES('Pillow by the Latin-American Growth','4204','0346246774038','e');
INSERT INTO `genre_book`(`genre`, `entryid`) VALUES ('Romance','4204');
INSERT INTO `author_book`(`author`, `entryid`) VALUES ('Sumiko Opara','4204');
INSERT INTO `publisher_book`(`publisher`, `entryid`) VALUES ('Vattikuti Publishers.','4204');
INSERT INTO `entry`(`entryid`,`type`) VALUES('4205','b');
INSERT INTO `book`(`title`,`entryid`,`isbn`,`type`) VALUES('Archaeology by the recessive Doll','4205','0459864248859','j');
INSERT INTO `genre_book`(`genre`, `entryid`) VALUES ('Romance','4205');
INSERT INTO `author_book`(`author`, `entryid`) VALUES ('Agripina Dunnaville','4205');
INSERT INTO `publisher_book`(`publisher`, `entryid`) VALUES ('Sowden Publishers.','4205');
INSERT INTO `entry`(`entryid`,`type`) VALUES('4206','b');
INSERT INTO `book`(`title`,`entryid`,`isbn`,`type`) VALUES('Snowplow and the acclimatisable Difference','4206','9241353731863','j');
INSERT INTO `genre_book`(`genre`, `entryid`) VALUES ('Adventure','4206');
INSERT INTO `author`(`name`,`birthyear`,`deathyear`) VALUES('Gaylene Mathena','1893','1923');
INSERT INTO `author_book`(`author`, `entryid`) VALUES ('Gaylene Mathena','4206');
INSERT INTO `publisher_book`(`publisher`, `entryid`) VALUES ('Karvonen Inc.','4206');
INSERT INTO `entry`(`entryid`,`type`) VALUES('4207','b');
INSERT INTO `book`(`title`,`entryid`,`isbn`,`type`) VALUES('Steam for the Crowd','4207','9183109975373','j');
INSERT INTO `genre_book`(`genre`, `entryid`) VALUES ('Science','4207');
INSERT INTO `author_book`(`author`, `entryid`) VALUES ('Maricruz Astafan','4207');
INSERT INTO `publisher_book`(`publisher`, `entryid`) VALUES ('Oieda Inc.','4207');
INSERT INTO `entry`(`entryid`,`type`) VALUES('4208','b');
INSERT INTO `book`(`title`,`entryid`,`isbn`,`type`) VALUES('Dancer against advocatory Corn','4208','9666315761723','b');
INSERT INTO `genre_book`(`genre`, `entryid`) VALUES ('Education','4208');
INSERT INTO `author`(`name`,`birthyear`,`deathyear`) VALUES('Darleen Lynes','1896','1936');
INSERT INTO `author_book`(`author`, `entryid`) VALUES ('Darleen Lynes','4208');
INSERT INTO `publisher_book`(`publisher`, `entryid`) VALUES ('Gidwani Publishers.','4208');
INSERT INTO `entry`(`entryid`,`type`) VALUES('4209','b');
INSERT INTO `book`(`title`,`entryid`,`isbn`,`type`) VALUES('Plaster of thalassic Mattock','4209','0425035732736','e');
INSERT INTO `genre_book`(`genre`, `entryid`) VALUES ('Adventure','4209');
INSERT INTO `author`(`name`,`birthyear`,`deathyear`) VALUES('Milissa Derensis','1904','1928');
INSERT INTO `author_book`(`author`, `entryid`) VALUES ('Milissa Derensis','4209');
INSERT INTO `publisher_book`(`publisher`, `entryid`) VALUES ('Sures Publishers.','4209');
INSERT INTO `entry`(`entryid`,`type`) VALUES('4210','b');
INSERT INTO `book`(`title`,`entryid`,`isbn`,`type`) VALUES('Mexico to denary Mosquito','4210','9891201478325','e');
INSERT INTO `genre_book`(`genre`, `entryid`) VALUES ('Adventure','4210');
INSERT INTO `author_book`(`author`, `entryid`) VALUES ('Hazel Rahmani','4210');
INSERT INTO `publisher`(`name`) VALUES ('Fitzsimons Inc.');
INSERT INTO `publisher_book`(`publisher`, `entryid`) VALUES ('Fitzsimons Inc.','4210');
INSERT INTO `entry`(`entryid`,`type`) VALUES('4211','b');
INSERT INTO `book`(`title`,`entryid`,`isbn`,`type`) VALUES('Icon for the untuneable Sweatshirt','4211','9905965077120','j');
INSERT INTO `genre_book`(`genre`, `entryid`) VALUES ('Horror','4211');
INSERT INTO `author`(`name`,`birthyear`,`deathyear`) VALUES('Fonda Nauer','1941','2025');
INSERT INTO `author_book`(`author`, `entryid`) VALUES ('Fonda Nauer','4211');
INSERT INTO `publisher_book`(`publisher`, `entryid`) VALUES ('Gasser Publishers.','4211');
INSERT INTO `entry`(`entryid`,`type`) VALUES('4212','b');
INSERT INTO `book`(`title`,`entryid`,`isbn`,`type`) VALUES('Thomas vs. overall Macrame','4212','0476421142845','b');
INSERT INTO `genre_book`(`genre`, `entryid`) VALUES ('Horror','4212');
INSERT INTO `author_book`(`author`, `entryid`) VALUES ('Sharolyn Cartner','4212');
INSERT INTO `publisher_book`(`publisher`, `entryid`) VALUES ('Koral Publishers.','4212');
INSERT INTO `entry`(`entryid`,`type`) VALUES('4213','b');
INSERT INTO `book`(`title`,`entryid`,`isbn`,`type`) VALUES('Paint by the mind-boggling Flag','4213','0592446566265','j');
INSERT INTO `genre_book`(`genre`, `entryid`) VALUES ('Romance','4213');
INSERT INTO `author_book`(`author`, `entryid`) VALUES ('Terry Cannington','4213');
INSERT INTO `publisher_book`(`publisher`, `entryid`) VALUES ('Mandril Inc.','4213');
INSERT INTO `entry`(`entryid`,`type`) VALUES('4214','b');
INSERT INTO `book`(`title`,`entryid`,`isbn`,`type`) VALUES('Position and Cemetery','4214','9692226905565','b');
INSERT INTO `genre_book`(`genre`, `entryid`) VALUES ('Education','4214');
INSERT INTO `author_book`(`author`, `entryid`) VALUES ('Berniece Griswell','4214');
INSERT INTO `publisher_book`(`publisher`, `entryid`) VALUES ('Hendershott Publishers.','4214');
INSERT INTO `entry`(`entryid`,`type`) VALUES('4215','b');
INSERT INTO `book`(`title`,`entryid`,`isbn`,`type`) VALUES('Button in the Stool','4215','9048285615892','e');
INSERT INTO `genre_book`(`genre`, `entryid`) VALUES ('Education','4215');
INSERT INTO `author_book`(`author`, `entryid`) VALUES ('Marg Cunnington','4215');
INSERT INTO `publisher_book`(`publisher`, `entryid`) VALUES ('Rodrick Cooperations.','4215');
INSERT INTO `entry`(`entryid`,`type`) VALUES('4216','b');
INSERT INTO `book`(`title`,`entryid`,`isbn`,`type`) VALUES('Fifth by the Rooster','4216','9162978192455','e');
INSERT INTO `genre_book`(`genre`, `entryid`) VALUES ('Sci-Fi','4216');
INSERT INTO `author_book`(`author`, `entryid`) VALUES ('Barbra Esquer','4216');
INSERT INTO `publisher_book`(`publisher`, `entryid`) VALUES ('Ridders Inc.','4216');
INSERT INTO `entry`(`entryid`,`type`) VALUES('4217','b');
INSERT INTO `book`(`title`,`entryid`,`isbn`,`type`) VALUES('Hose for the Polish','4217','0749975146526','b');
INSERT INTO `genre_book`(`genre`, `entryid`) VALUES ('Romance','4217');
INSERT INTO `author`(`name`,`birthyear`,`deathyear`) VALUES('Marlon Lagrotta','1910','1946');
INSERT INTO `author_book`(`author`, `entryid`) VALUES ('Marlon Lagrotta','4217');
INSERT INTO `publisher_book`(`publisher`, `entryid`) VALUES ('Mesecar Publishers.','4217');
INSERT INTO `entry`(`entryid`,`type`) VALUES('4218','b');
INSERT INTO `book`(`title`,`entryid`,`isbn`,`type`) VALUES('Grip to Gear','4218','9904815590387','j');
INSERT INTO `genre_book`(`genre`, `entryid`) VALUES ('Science','4218');
INSERT INTO `author_book`(`author`, `entryid`) VALUES ('Erik Ekberg','4218');
INSERT INTO `publisher_book`(`publisher`, `entryid`) VALUES ('Dobrinin Inc.','4218');
INSERT INTO `entry`(`entryid`,`type`) VALUES('4219','b');
INSERT INTO `book`(`title`,`entryid`,`isbn`,`type`) VALUES('Pleasure of the Slave','4219','9600828095407','e');
INSERT INTO `genre_book`(`genre`, `entryid`) VALUES ('Sci-Fi','4219');
INSERT INTO `author_book`(`author`, `entryid`) VALUES ('Vania Sarson','4219');
INSERT INTO `publisher_book`(`publisher`, `entryid`) VALUES ('Ginty Cooperations.','4219');
INSERT INTO `entry`(`entryid`,`type`) VALUES('4220','b');
INSERT INTO `book`(`title`,`entryid`,`isbn`,`type`) VALUES('Poultry for the Curtain','4220','9262451551261','e');
INSERT INTO `genre_book`(`genre`, `entryid`) VALUES ('Science','4220');
INSERT INTO `author_book`(`author`, `entryid`) VALUES ('Latarsha Tatu','4220');
INSERT INTO `publisher_book`(`publisher`, `entryid`) VALUES ('Benally Cooperations.','4220');
INSERT INTO `entry`(`entryid`,`type`) VALUES('4221','b');
INSERT INTO `book`(`title`,`entryid`,`isbn`,`type`) VALUES('Lamb because of unequal Hearing','4221','9790600438134','e');
INSERT INTO `genre_book`(`genre`, `entryid`) VALUES ('Romance','4221');
INSERT INTO `author`(`name`,`birthyear`,`deathyear`) VALUES('Robbyn Waas','1942','2016');
INSERT INTO `author_book`(`author`, `entryid`) VALUES ('Robbyn Waas','4221');
INSERT INTO `publisher_book`(`publisher`, `entryid`) VALUES ('Meacham Cooperations.','4221');
INSERT INTO `entry`(`entryid`,`type`) VALUES('4222','b');
INSERT INTO `book`(`title`,`entryid`,`isbn`,`type`) VALUES('Occupation in polish Fold','4222','0092922426162','j');
INSERT INTO `genre_book`(`genre`, `entryid`) VALUES ('Horror','4222');
INSERT INTO `author_book`(`author`, `entryid`) VALUES ('Rossie Anneler','4222');
INSERT INTO `publisher_book`(`publisher`, `entryid`) VALUES ('Giampaolo Cooperations.','4222');
INSERT INTO `entry`(`entryid`,`type`) VALUES('4223','b');
INSERT INTO `book`(`title`,`entryid`,`isbn`,`type`) VALUES('Decision against Sweater','4223','0738566644407','j');
INSERT INTO `genre_book`(`genre`, `entryid`) VALUES ('Science','4223');
INSERT INTO `author`(`name`,`birthyear`,`deathyear`) VALUES('Suzann Sarcinella','1937','1993');
INSERT INTO `author_book`(`author`, `entryid`) VALUES ('Suzann Sarcinella','4223');
INSERT INTO `publisher_book`(`publisher`, `entryid`) VALUES ('Gasior Cooperations.','4223');
INSERT INTO `entry`(`entryid`,`type`) VALUES('4224','b');
INSERT INTO `book`(`title`,`entryid`,`isbn`,`type`) VALUES('Trail with Cultivator','4224','9691461139197','j');
INSERT INTO `genre_book`(`genre`, `entryid`) VALUES ('Thriller','4224');
INSERT INTO `author_book`(`author`, `entryid`) VALUES ('Ronnie Bassiti','4224');
INSERT INTO `publisher_book`(`publisher`, `entryid`) VALUES ('Fixico Inc.','4224');
INSERT INTO `entry`(`entryid`,`type`) VALUES('4225','b');
INSERT INTO `book`(`title`,`entryid`,`isbn`,`type`) VALUES('Puma vs. buttocked Board','4225','0970802063865','b');
INSERT INTO `genre_book`(`genre`, `entryid`) VALUES ('Thriller','4225');
INSERT INTO `author_book`(`author`, `entryid`) VALUES ('Jerrell Nicoll','4225');
INSERT INTO `publisher_book`(`publisher`, `entryid`) VALUES ('Sieger Inc.','4225');
INSERT INTO `entry`(`entryid`,`type`) VALUES('4226','b');
INSERT INTO `book`(`title`,`entryid`,`isbn`,`type`) VALUES('Parade and Number','4226','0672252821587','e');
INSERT INTO `genre_book`(`genre`, `entryid`) VALUES ('Thriller','4226');
INSERT INTO `author_book`(`author`, `entryid`) VALUES ('Malka Wokwicz','4226');
INSERT INTO `publisher_book`(`publisher`, `entryid`) VALUES ('Rodrick Cooperations.','4226');
INSERT INTO `entry`(`entryid`,`type`) VALUES('4227','b');
INSERT INTO `book`(`title`,`entryid`,`isbn`,`type`) VALUES('Invention of Animal','4227','0284264797418','e');
INSERT INTO `genre_book`(`genre`, `entryid`) VALUES ('Thriller','4227');
INSERT INTO `author_book`(`author`, `entryid`) VALUES ('Hollis Blackwater','4227');
INSERT INTO `publisher_book`(`publisher`, `entryid`) VALUES ('Franty Cooperations.','4227');
INSERT INTO `entry`(`entryid`,`type`) VALUES('4228','b');
INSERT INTO `book`(`title`,`entryid`,`isbn`,`type`) VALUES('Packet by Catamaran','4228','0110249169184','e');
INSERT INTO `genre_book`(`genre`, `entryid`) VALUES ('Thriller','4228');
INSERT INTO `author`(`name`,`birthyear`,`deathyear`) VALUES('Issac Hubley','1907','1994');
INSERT INTO `author_book`(`author`, `entryid`) VALUES ('Issac Hubley','4228');
INSERT INTO `publisher_book`(`publisher`, `entryid`) VALUES ('Meja Cooperations.','4228');
INSERT INTO `entry`(`entryid`,`type`) VALUES('4229','b');
INSERT INTO `book`(`title`,`entryid`,`isbn`,`type`) VALUES('Accelerator of the Spinach','4229','0588448425415','b');
INSERT INTO `genre_book`(`genre`, `entryid`) VALUES ('Sci-Fi','4229');
INSERT INTO `author_book`(`author`, `entryid`) VALUES ('Irina Mottillo','4229');
INSERT INTO `publisher_book`(`publisher`, `entryid`) VALUES ('Marcelino Inc.','4229');
INSERT INTO `entry`(`entryid`,`type`) VALUES('4230','b');
INSERT INTO `book`(`title`,`entryid`,`isbn`,`type`) VALUES('Place against agentive Powder','4230','0257933211470','b');
INSERT INTO `genre_book`(`genre`, `entryid`) VALUES ('Science','4230');
INSERT INTO `author_book`(`author`, `entryid`) VALUES ('Deandrea Nosworthy','4230');
INSERT INTO `publisher_book`(`publisher`, `entryid`) VALUES ('Hendershott Publishers.','4230');
INSERT INTO `entry`(`entryid`,`type`) VALUES('4231','b');
INSERT INTO `book`(`title`,`entryid`,`isbn`,`type`) VALUES('Grade of the Traffic','4231','9771398350856','b');
INSERT INTO `genre_book`(`genre`, `entryid`) VALUES ('Sci-Fi','4231');
INSERT INTO `author`(`name`,`birthyear`,`deathyear`) VALUES('Eric Lack','1894','1929');
INSERT INTO `author_book`(`author`, `entryid`) VALUES ('Eric Lack','4231');
INSERT INTO `publisher_book`(`publisher`, `entryid`) VALUES ('Pettinella Inc.','4231');
INSERT INTO `entry`(`entryid`,`type`) VALUES('4232','b');
INSERT INTO `book`(`title`,`entryid`,`isbn`,`type`) VALUES('Fact against the greaved Jail','4232','9531837699264','b');
INSERT INTO `genre_book`(`genre`, `entryid`) VALUES ('Sci-Fi','4232');
INSERT INTO `author_book`(`author`, `entryid`) VALUES ('Felisha Vilaro','4232');
INSERT INTO `publisher_book`(`publisher`, `entryid`) VALUES ('Hathcoat Publishers.','4232');
INSERT INTO `entry`(`entryid`,`type`) VALUES('4233','b');
INSERT INTO `book`(`title`,`entryid`,`isbn`,`type`) VALUES('Vise of the Grade','4233','9921834240294','b');
INSERT INTO `genre_book`(`genre`, `entryid`) VALUES ('Adventure','4233');
INSERT INTO `author_book`(`author`, `entryid`) VALUES ('Kallie Hagg','4233');
INSERT INTO `publisher_book`(`publisher`, `entryid`) VALUES ('Rodrick Cooperations.','4233');
INSERT INTO `entry`(`entryid`,`type`) VALUES('4234','b');
INSERT INTO `book`(`title`,`entryid`,`isbn`,`type`) VALUES('Size vs. venal Session','4234','9931662724221','j');
INSERT INTO `genre_book`(`genre`, `entryid`) VALUES ('Science','4234');
INSERT INTO `author_book`(`author`, `entryid`) VALUES ('Lenita Dahm','4234');
INSERT INTO `publisher_book`(`publisher`, `entryid`) VALUES ('Ukich Cooperations.','4234');
INSERT INTO `entry`(`entryid`,`type`) VALUES('4235','b');
INSERT INTO `book`(`title`,`entryid`,`isbn`,`type`) VALUES('Aries with Edge','4235','9402760659658','j');
INSERT INTO `genre_book`(`genre`, `entryid`) VALUES ('Thriller','4235');
INSERT INTO `author`(`name`,`birthyear`,`deathyear`) VALUES('Marcell Langmaid','1944','1987');
INSERT INTO `author_book`(`author`, `entryid`) VALUES ('Marcell Langmaid','4235');
INSERT INTO `publisher_book`(`publisher`, `entryid`) VALUES ('Blan Inc.','4235');
INSERT INTO `entry`(`entryid`,`type`) VALUES('4236','b');
INSERT INTO `book`(`title`,`entryid`,`isbn`,`type`) VALUES('Twilight of Knee','4236','9934989267192','j');
INSERT INTO `genre_book`(`genre`, `entryid`) VALUES ('Science','4236');
INSERT INTO `author_book`(`author`, `entryid`) VALUES ('Jerold Taing','4236');
INSERT INTO `publisher_book`(`publisher`, `entryid`) VALUES ('Deblanc Publishers.','4236');
INSERT INTO `entry`(`entryid`,`type`) VALUES('4237','b');
INSERT INTO `book`(`title`,`entryid`,`isbn`,`type`) VALUES('Scent with die-cast Possibility','4237','9710439588024','j');
INSERT INTO `genre_book`(`genre`, `entryid`) VALUES ('Sci-Fi','4237');
INSERT INTO `author_book`(`author`, `entryid`) VALUES ('Jennifer Cichonski','4237');
INSERT INTO `publisher_book`(`publisher`, `entryid`) VALUES ('Goldhaber Publishers.','4237');
INSERT INTO `entry`(`entryid`,`type`) VALUES('4238','b');
INSERT INTO `book`(`title`,`entryid`,`isbn`,`type`) VALUES('Bath to the Ptarmigan','4238','0864652056563','e');
INSERT INTO `genre_book`(`genre`, `entryid`) VALUES ('Thriller','4238');
INSERT INTO `author_book`(`author`, `entryid`) VALUES ('Ara Droy','4238');
INSERT INTO `publisher_book`(`publisher`, `entryid`) VALUES ('Franty Cooperations.','4238');
INSERT INTO `entry`(`entryid`,`type`) VALUES('4239','b');
INSERT INTO `book`(`title`,`entryid`,`isbn`,`type`) VALUES('Mailbox in the disquieting Coil','4239','9364935594733','e');
INSERT INTO `genre_book`(`genre`, `entryid`) VALUES ('Romance','4239');
INSERT INTO `author_book`(`author`, `entryid`) VALUES ('Theda Lanford','4239');
INSERT INTO `publisher_book`(`publisher`, `entryid`) VALUES ('Kasa Publishers.','4239');
INSERT INTO `entry`(`entryid`,`type`) VALUES('4240','b');
INSERT INTO `book`(`title`,`entryid`,`isbn`,`type`) VALUES('Page of pukka Lily','4240','0361688190584','j');
INSERT INTO `genre_book`(`genre`, `entryid`) VALUES ('Horror','4240');
INSERT INTO `author`(`name`,`birthyear`,`deathyear`) VALUES('Fran Violette','1950','2045');
INSERT INTO `author_book`(`author`, `entryid`) VALUES ('Fran Violette','4240');
INSERT INTO `publisher_book`(`publisher`, `entryid`) VALUES ('Scriuner Publishers.','4240');
INSERT INTO `entry`(`entryid`,`type`) VALUES('4241','b');
INSERT INTO `book`(`title`,`entryid`,`isbn`,`type`) VALUES('Beech to minim Swordfish','4241','0579076479893','j');
INSERT INTO `genre_book`(`genre`, `entryid`) VALUES ('Adventure','4241');
INSERT INTO `author_book`(`author`, `entryid`) VALUES ('Vanesa Rauh','4241');
INSERT INTO `publisher_book`(`publisher`, `entryid`) VALUES ('Victoria Cooperations.','4241');
INSERT INTO `entry`(`entryid`,`type`) VALUES('4242','b');
INSERT INTO `book`(`title`,`entryid`,`isbn`,`type`) VALUES('Hovercraft against the Giant','4242','0724530237631','b');
INSERT INTO `genre_book`(`genre`, `entryid`) VALUES ('Education','4242');
INSERT INTO `author_book`(`author`, `entryid`) VALUES ('Tinisha Mountain','4242');
INSERT INTO `publisher_book`(`publisher`, `entryid`) VALUES ('Carrea Inc.','4242');
INSERT INTO `entry`(`entryid`,`type`) VALUES('4243','b');
INSERT INTO `book`(`title`,`entryid`,`isbn`,`type`) VALUES('Geese of Plastic','4243','9958592384237','b');
INSERT INTO `genre_book`(`genre`, `entryid`) VALUES ('Education','4243');
INSERT INTO `author_book`(`author`, `entryid`) VALUES ('Cristen Domebo','4243');
INSERT INTO `publisher_book`(`publisher`, `entryid`) VALUES ('Wanamaker Cooperations.','4243');
INSERT INTO `entry`(`entryid`,`type`) VALUES('4244','b');
INSERT INTO `book`(`title`,`entryid`,`isbn`,`type`) VALUES('Industry to the stormiest Backbone','4244','9616195950902','b');
INSERT INTO `genre_book`(`genre`, `entryid`) VALUES ('Romance','4244');
INSERT INTO `author_book`(`author`, `entryid`) VALUES ('Rosy Cardoso','4244');
INSERT INTO `publisher_book`(`publisher`, `entryid`) VALUES ('Albini Cooperations.','4244');
INSERT INTO `entry`(`entryid`,`type`) VALUES('4245','b');
INSERT INTO `book`(`title`,`entryid`,`isbn`,`type`) VALUES('Menu against the Nic','4245','9477654180206','b');
INSERT INTO `genre_book`(`genre`, `entryid`) VALUES ('Education','4245');
INSERT INTO `author_book`(`author`, `entryid`) VALUES ('Alida Charlebois','4245');
INSERT INTO `publisher_book`(`publisher`, `entryid`) VALUES ('Ezelle Publishers.','4245');
INSERT INTO `entry`(`entryid`,`type`) VALUES('4246','b');
INSERT INTO `book`(`title`,`entryid`,`isbn`,`type`) VALUES('Friday of Brian','4246','9162514499186','b');
INSERT INTO `genre_book`(`genre`, `entryid`) VALUES ('Sci-Fi','4246');
INSERT INTO `author`(`name`,`birthyear`,`deathyear`) VALUES('Olga Wickers','1958','1980');
INSERT INTO `author_book`(`author`, `entryid`) VALUES ('Olga Wickers','4246');
INSERT INTO `publisher_book`(`publisher`, `entryid`) VALUES ('Parmely Publishers.','4246');
INSERT INTO `entry`(`entryid`,`type`) VALUES('4247','b');
INSERT INTO `book`(`title`,`entryid`,`isbn`,`type`) VALUES('Community against the Withdrawal','4247','0677677494870','e');
INSERT INTO `genre_book`(`genre`, `entryid`) VALUES ('Romance','4247');
INSERT INTO `author_book`(`author`, `entryid`) VALUES ('Serina Zangari','4247');
INSERT INTO `publisher_book`(`publisher`, `entryid`) VALUES ('Derenzi Publishers.','4247');
INSERT INTO `entry`(`entryid`,`type`) VALUES('4248','b');
INSERT INTO `book`(`title`,`entryid`,`isbn`,`type`) VALUES('Pumpkin in the fiery Baker','4248','0708545630209','e');
INSERT INTO `genre_book`(`genre`, `entryid`) VALUES ('Science','4248');
INSERT INTO `author`(`name`,`birthyear`,`deathyear`) VALUES('Elida Heffern','1908','1934');
INSERT INTO `author_book`(`author`, `entryid`) VALUES ('Elida Heffern','4248');
INSERT INTO `publisher`(`name`) VALUES ('Mu Inc.');
INSERT INTO `publisher_book`(`publisher`, `entryid`) VALUES ('Mu Inc.','4248');
INSERT INTO `entry`(`entryid`,`type`) VALUES('4249','b');
INSERT INTO `book`(`title`,`entryid`,`isbn`,`type`) VALUES('Suede against the varus Dinghy','4249','9944338614986','e');
INSERT INTO `genre_book`(`genre`, `entryid`) VALUES ('Education','4249');
INSERT INTO `author_book`(`author`, `entryid`) VALUES ('Maurice Ceravolo','4249');
INSERT INTO `publisher_book`(`publisher`, `entryid`) VALUES ('Saska Publishers.','4249');
INSERT INTO `entry`(`entryid`,`type`) VALUES('4250','b');
INSERT INTO `book`(`title`,`entryid`,`isbn`,`type`) VALUES('Arithmetic against Carriage','4250','0206187014761','e');
INSERT INTO `genre_book`(`genre`, `entryid`) VALUES ('Thriller','4250');
INSERT INTO `author_book`(`author`, `entryid`) VALUES ('Deb Maciolek','4250');
INSERT INTO `publisher_book`(`publisher`, `entryid`) VALUES ('Bigos Inc.','4250');
INSERT INTO `entry`(`entryid`,`type`) VALUES('4251','b');
INSERT INTO `book`(`title`,`entryid`,`isbn`,`type`) VALUES('Ruth to the Cloth','4251','0436279646666','e');
INSERT INTO `genre_book`(`genre`, `entryid`) VALUES ('Adventure','4251');
INSERT INTO `author`(`name`,`birthyear`,`deathyear`) VALUES('Beckie Massmann','1931','2025');
INSERT INTO `author_book`(`author`, `entryid`) VALUES ('Beckie Massmann','4251');
INSERT INTO `publisher_book`(`publisher`, `entryid`) VALUES ('Davalos Inc.','4251');
INSERT INTO `entry`(`entryid`,`type`) VALUES('4252','b');
INSERT INTO `book`(`title`,`entryid`,`isbn`,`type`) VALUES('Television by the Duckling','4252','0377623059004','j');
INSERT INTO `genre_book`(`genre`, `entryid`) VALUES ('Education','4252');
INSERT INTO `author_book`(`author`, `entryid`) VALUES ('Carman Shiba','4252');
INSERT INTO `publisher_book`(`publisher`, `entryid`) VALUES ('Ockman Inc.','4252');
INSERT INTO `entry`(`entryid`,`type`) VALUES('4253','b');
INSERT INTO `book`(`title`,`entryid`,`isbn`,`type`) VALUES('Bedroom by extroversive Deposit','4253','0688849683472','b');
INSERT INTO `genre_book`(`genre`, `entryid`) VALUES ('Sci-Fi','4253');
INSERT INTO `author`(`name`,`birthyear`,`deathyear`) VALUES('Larry Olmeda','1950','2021');
INSERT INTO `author_book`(`author`, `entryid`) VALUES ('Larry Olmeda','4253');
INSERT INTO `publisher_book`(`publisher`, `entryid`) VALUES ('Medford Inc.','4253');
INSERT INTO `entry`(`entryid`,`type`) VALUES('4254','b');
INSERT INTO `book`(`title`,`entryid`,`isbn`,`type`) VALUES('Soldier in Badge','4254','0030853366065','j');
INSERT INTO `genre_book`(`genre`, `entryid`) VALUES ('Education','4254');
INSERT INTO `author`(`name`,`birthyear`,`deathyear`) VALUES('Sharon Jolls','1938','1972');
INSERT INTO `author_book`(`author`, `entryid`) VALUES ('Sharon Jolls','4254');
INSERT INTO `publisher_book`(`publisher`, `entryid`) VALUES ('Opteyndt Inc.','4254');
INSERT INTO `entry`(`entryid`,`type`) VALUES('4255','b');
INSERT INTO `book`(`title`,`entryid`,`isbn`,`type`) VALUES('Ketchup in the Knickers','4255','0303082245082','j');
INSERT INTO `genre_book`(`genre`, `entryid`) VALUES ('Science','4255');
INSERT INTO `author`(`name`,`birthyear`,`deathyear`) VALUES('Agustina Sobczyk','1883','1915');
INSERT INTO `author_book`(`author`, `entryid`) VALUES ('Agustina Sobczyk','4255');
INSERT INTO `publisher_book`(`publisher`, `entryid`) VALUES ('Slinker Cooperations.','4255');
INSERT INTO `entry`(`entryid`,`type`) VALUES('4256','b');
INSERT INTO `book`(`title`,`entryid`,`isbn`,`type`) VALUES('Exhaust with Sale','4256','0164155541689','b');
INSERT INTO `genre_book`(`genre`, `entryid`) VALUES ('Thriller','4256');
INSERT INTO `author_book`(`author`, `entryid`) VALUES ('Marth Crady','4256');
INSERT INTO `publisher_book`(`publisher`, `entryid`) VALUES ('Gumphrey Publishers.','4256');
INSERT INTO `entry`(`entryid`,`type`) VALUES('4257','b');
INSERT INTO `book`(`title`,`entryid`,`isbn`,`type`) VALUES('Tsunami to Destruction','4257','0523596322633','j');
INSERT INTO `genre_book`(`genre`, `entryid`) VALUES ('Horror','4257');
INSERT INTO `author_book`(`author`, `entryid`) VALUES ('Roy Fagnant','4257');
INSERT INTO `publisher_book`(`publisher`, `entryid`) VALUES ('Buergel Inc.','4257');
INSERT INTO `entry`(`entryid`,`type`) VALUES('4258','b');
INSERT INTO `book`(`title`,`entryid`,`isbn`,`type`) VALUES('Alligator for Friction','4258','9121433223765','e');
INSERT INTO `genre_book`(`genre`, `entryid`) VALUES ('Romance','4258');
INSERT INTO `author_book`(`author`, `entryid`) VALUES ('Kerry Willams','4258');
INSERT INTO `publisher_book`(`publisher`, `entryid`) VALUES ('Nuzum Inc.','4258');
INSERT INTO `entry`(`entryid`,`type`) VALUES('4259','b');
INSERT INTO `book`(`title`,`entryid`,`isbn`,`type`) VALUES('Dinner with Burglar','4259','0496920319296','e');
INSERT INTO `genre_book`(`genre`, `entryid`) VALUES ('Science','4259');
INSERT INTO `author_book`(`author`, `entryid`) VALUES ('Lori Walseth','4259');
INSERT INTO `publisher_book`(`publisher`, `entryid`) VALUES ('Norse Inc.','4259');
INSERT INTO `entry`(`entryid`,`type`) VALUES('4260','b');
INSERT INTO `book`(`title`,`entryid`,`isbn`,`type`) VALUES('Doll against Tulip','4260','0631267309199','e');
INSERT INTO `genre_book`(`genre`, `entryid`) VALUES ('Science','4260');
INSERT INTO `author_book`(`author`, `entryid`) VALUES ('Cyrstal Caldera','4260');
INSERT INTO `publisher_book`(`publisher`, `entryid`) VALUES ('Foti Cooperations.','4260');
INSERT INTO `entry`(`entryid`,`type`) VALUES('4261','b');
INSERT INTO `book`(`title`,`entryid`,`isbn`,`type`) VALUES('Ghost vs. Point','4261','0186694460423','b');
INSERT INTO `genre_book`(`genre`, `entryid`) VALUES ('Education','4261');
INSERT INTO `author_book`(`author`, `entryid`) VALUES ('Mendy Divelbiss','4261');
INSERT INTO `publisher_book`(`publisher`, `entryid`) VALUES ('Neuman Cooperations.','4261');
INSERT INTO `entry`(`entryid`,`type`) VALUES('4262','b');
INSERT INTO `book`(`title`,`entryid`,`isbn`,`type`) VALUES('Thomas against the Crayfish','4262','0077158573937','b');
INSERT INTO `genre_book`(`genre`, `entryid`) VALUES ('Thriller','4262');
INSERT INTO `author_book`(`author`, `entryid`) VALUES ('Lorelei Basbas','4262');
INSERT INTO `publisher_book`(`publisher`, `entryid`) VALUES ('Duchesney Publishers.','4262');
INSERT INTO `entry`(`entryid`,`type`) VALUES('4263','b');
INSERT INTO `book`(`title`,`entryid`,`isbn`,`type`) VALUES('November and concealing Cousin','4263','9032545607891','b');
INSERT INTO `genre_book`(`genre`, `entryid`) VALUES ('Science','4263');
INSERT INTO `author_book`(`author`, `entryid`) VALUES ('Olga Pol','4263');
INSERT INTO `publisher_book`(`publisher`, `entryid`) VALUES ('Getchius Inc.','4263');
INSERT INTO `entry`(`entryid`,`type`) VALUES('4264','b');
INSERT INTO `book`(`title`,`entryid`,`isbn`,`type`) VALUES('Celsius with Tenor','4264','0447530701953','j');
INSERT INTO `genre_book`(`genre`, `entryid`) VALUES ('Romance','4264');
INSERT INTO `author_book`(`author`, `entryid`) VALUES ('Misty Sax','4264');
INSERT INTO `publisher_book`(`publisher`, `entryid`) VALUES ('Angry Inc.','4264');
INSERT INTO `entry`(`entryid`,`type`) VALUES('4265','b');
INSERT INTO `book`(`title`,`entryid`,`isbn`,`type`) VALUES('Caution by the Quotation','4265','9621577927671','j');
INSERT INTO `genre_book`(`genre`, `entryid`) VALUES ('Adventure','4265');
INSERT INTO `author_book`(`author`, `entryid`) VALUES ('Alisa Russomanno','4265');
INSERT INTO `publisher_book`(`publisher`, `entryid`) VALUES ('Pooser Publishers.','4265');
INSERT INTO `entry`(`entryid`,`type`) VALUES('4266','b');
INSERT INTO `book`(`title`,`entryid`,`isbn`,`type`) VALUES('Cattle against the Hyena','4266','0408956219986','b');
INSERT INTO `genre_book`(`genre`, `entryid`) VALUES ('Sci-Fi','4266');
INSERT INTO `author_book`(`author`, `entryid`) VALUES ('Laurinda Overmann','4266');
INSERT INTO `publisher_book`(`publisher`, `entryid`) VALUES ('Duchesney Publishers.','4266');
INSERT INTO `entry`(`entryid`,`type`) VALUES('4267','b');
INSERT INTO `book`(`title`,`entryid`,`isbn`,`type`) VALUES('Bumper against the Poet','4267','9526708292552','j');
INSERT INTO `genre_book`(`genre`, `entryid`) VALUES ('Horror','4267');
INSERT INTO `author`(`name`,`birthyear`,`deathyear`) VALUES('Marlen Rynders','1948','2014');
INSERT INTO `author_book`(`author`, `entryid`) VALUES ('Marlen Rynders','4267');
INSERT INTO `publisher_book`(`publisher`, `entryid`) VALUES ('Correra Cooperations.','4267');
INSERT INTO `entry`(`entryid`,`type`) VALUES('4268','b');
INSERT INTO `book`(`title`,`entryid`,`isbn`,`type`) VALUES('Wish in Dimple','4268','0194115486901','e');
INSERT INTO `genre_book`(`genre`, `entryid`) VALUES ('Thriller','4268');
INSERT INTO `author_book`(`author`, `entryid`) VALUES ('Kyla Raphael','4268');
INSERT INTO `publisher_book`(`publisher`, `entryid`) VALUES ('Bernadette Cooperations.','4268');
INSERT INTO `entry`(`entryid`,`type`) VALUES('4269','b');
INSERT INTO `book`(`title`,`entryid`,`isbn`,`type`) VALUES('Television in the Duckling','4269','0363791897528','j');
INSERT INTO `genre_book`(`genre`, `entryid`) VALUES ('Thriller','4269');
INSERT INTO `author`(`name`,`birthyear`,`deathyear`) VALUES('Mercedes Penha','1948','2035');
INSERT INTO `author_book`(`author`, `entryid`) VALUES ('Mercedes Penha','4269');
INSERT INTO `publisher_book`(`publisher`, `entryid`) VALUES ('Wanamaker Cooperations.','4269');
INSERT INTO `entry`(`entryid`,`type`) VALUES('4270','b');
INSERT INTO `book`(`title`,`entryid`,`isbn`,`type`) VALUES('Wealth to Aquarius','4270','0346672743733','b');
INSERT INTO `genre_book`(`genre`, `entryid`) VALUES ('Horror','4270');
INSERT INTO `author`(`name`,`birthyear`,`deathyear`) VALUES('Latricia Brunot','1912','1977');
INSERT INTO `author_book`(`author`, `entryid`) VALUES ('Latricia Brunot','4270');
INSERT INTO `publisher_book`(`publisher`, `entryid`) VALUES ('Simcox Publishers.','4270');
INSERT INTO `entry`(`entryid`,`type`) VALUES('4271','b');
INSERT INTO `book`(`title`,`entryid`,`isbn`,`type`) VALUES('Ticket for Cormorant','4271','9311954244386','e');
INSERT INTO `genre_book`(`genre`, `entryid`) VALUES ('Education','4271');
INSERT INTO `author_book`(`author`, `entryid`) VALUES ('Demarcus Fedderly','4271');
INSERT INTO `publisher_book`(`publisher`, `entryid`) VALUES ('Kleis Inc.','4271');
INSERT INTO `entry`(`entryid`,`type`) VALUES('4272','b');
INSERT INTO `book`(`title`,`entryid`,`isbn`,`type`) VALUES('Motorboat with the tippiest Saxophone','4272','9701483360810','j');
INSERT INTO `genre_book`(`genre`, `entryid`) VALUES ('Science','4272');
INSERT INTO `author_book`(`author`, `entryid`) VALUES ('Shalon Kilroy','4272');
INSERT INTO `publisher_book`(`publisher`, `entryid`) VALUES ('Malarkey Cooperations.','4272');
INSERT INTO `entry`(`entryid`,`type`) VALUES('4273','b');
INSERT INTO `book`(`title`,`entryid`,`isbn`,`type`) VALUES('Notebook to the Puma','4273','9592981719955','b');
INSERT INTO `genre_book`(`genre`, `entryid`) VALUES ('Adventure','4273');
INSERT INTO `author_book`(`author`, `entryid`) VALUES ('Loyce Maten','4273');
INSERT INTO `publisher`(`name`) VALUES ('Nemani Cooperations.');
INSERT INTO `publisher_book`(`publisher`, `entryid`) VALUES ('Nemani Cooperations.','4273');
INSERT INTO `entry`(`entryid`,`type`) VALUES('4274','b');
INSERT INTO `book`(`title`,`entryid`,`isbn`,`type`) VALUES('Watchmaker because of Humor','4274','9035868453068','b');
INSERT INTO `genre_book`(`genre`, `entryid`) VALUES ('Thriller','4274');
INSERT INTO `author_book`(`author`, `entryid`) VALUES ('Francis Stoliker','4274');
INSERT INTO `publisher_book`(`publisher`, `entryid`) VALUES ('Mccarvill Inc.','4274');
INSERT INTO `entry`(`entryid`,`type`) VALUES('4275','b');
INSERT INTO `book`(`title`,`entryid`,`isbn`,`type`) VALUES('Park of Traffic','4275','0821696800328','e');
INSERT INTO `genre_book`(`genre`, `entryid`) VALUES ('Sci-Fi','4275');
INSERT INTO `author`(`name`,`birthyear`,`deathyear`) VALUES('Patrick Defont','1889','1965');
INSERT INTO `author_book`(`author`, `entryid`) VALUES ('Patrick Defont','4275');
INSERT INTO `publisher_book`(`publisher`, `entryid`) VALUES ('Strazisar Inc.','4275');
INSERT INTO `entry`(`entryid`,`type`) VALUES('4276','b');
INSERT INTO `book`(`title`,`entryid`,`isbn`,`type`) VALUES('Lily of Help','4276','9870067593613','e');
INSERT INTO `genre_book`(`genre`, `entryid`) VALUES ('Thriller','4276');
INSERT INTO `author`(`name`,`birthyear`,`deathyear`) VALUES('Ira Dammad','1948','1975');
INSERT INTO `author_book`(`author`, `entryid`) VALUES ('Ira Dammad','4276');
INSERT INTO `publisher_book`(`publisher`, `entryid`) VALUES ('Grulkey Inc.','4276');
INSERT INTO `entry`(`entryid`,`type`) VALUES('4277','b');
INSERT INTO `book`(`title`,`entryid`,`isbn`,`type`) VALUES('Interviewer for Lucullan Aluminum','4277','9355833891438','e');
INSERT INTO `genre_book`(`genre`, `entryid`) VALUES ('Romance','4277');
INSERT INTO `author_book`(`author`, `entryid`) VALUES ('Kiara Vattes','4277');
INSERT INTO `publisher_book`(`publisher`, `entryid`) VALUES ('Maury Publishers.','4277');
INSERT INTO `entry`(`entryid`,`type`) VALUES('4278','b');
INSERT INTO `book`(`title`,`entryid`,`isbn`,`type`) VALUES('Barometer to the Force','4278','0886350748457','e');
INSERT INTO `genre_book`(`genre`, `entryid`) VALUES ('Adventure','4278');
INSERT INTO `author_book`(`author`, `entryid`) VALUES ('Dia Spraque','4278');
INSERT INTO `publisher_book`(`publisher`, `entryid`) VALUES ('Brassard Inc.','4278');
INSERT INTO `entry`(`entryid`,`type`) VALUES('4279','b');
INSERT INTO `book`(`title`,`entryid`,`isbn`,`type`) VALUES('Stem to the Snowstorm','4279','0012119961536','b');
INSERT INTO `genre_book`(`genre`, `entryid`) VALUES ('Education','4279');
INSERT INTO `author_book`(`author`, `entryid`) VALUES ('Joe Deppert','4279');
INSERT INTO `publisher_book`(`publisher`, `entryid`) VALUES ('Bouvier Cooperations.','4279');
INSERT INTO `entry`(`entryid`,`type`) VALUES('4280','b');
INSERT INTO `book`(`title`,`entryid`,`isbn`,`type`) VALUES('Bottle by Chocolate','4280','9086984573596','e');
INSERT INTO `genre_book`(`genre`, `entryid`) VALUES ('Horror','4280');
INSERT INTO `author_book`(`author`, `entryid`) VALUES ('Neville Baltzley','4280');
INSERT INTO `publisher_book`(`publisher`, `entryid`) VALUES ('Sumaran Cooperations.','4280');
INSERT INTO `entry`(`entryid`,`type`) VALUES('4281','b');
INSERT INTO `book`(`title`,`entryid`,`isbn`,`type`) VALUES('Leg of the Production','4281','9364661097390','b');
INSERT INTO `genre_book`(`genre`, `entryid`) VALUES ('Education','4281');
INSERT INTO `author_book`(`author`, `entryid`) VALUES ('Lilliam Ayarza','4281');
INSERT INTO `publisher_book`(`publisher`, `entryid`) VALUES ('Cerrito Inc.','4281');
INSERT INTO `entry`(`entryid`,`type`) VALUES('4282','b');
INSERT INTO `book`(`title`,`entryid`,`isbn`,`type`) VALUES('Competition to Jumper','4282','9323322052235','b');
INSERT INTO `genre_book`(`genre`, `entryid`) VALUES ('Sci-Fi','4282');
INSERT INTO `author_book`(`author`, `entryid`) VALUES ('Fran Violette','4282');
INSERT INTO `publisher_book`(`publisher`, `entryid`) VALUES ('Statton Inc.','4282');
INSERT INTO `entry`(`entryid`,`type`) VALUES('4283','b');
INSERT INTO `book`(`title`,`entryid`,`isbn`,`type`) VALUES('Taurus because of sympathomimetic Chill','4283','9169301754864','e');
INSERT INTO `genre_book`(`genre`, `entryid`) VALUES ('Romance','4283');
INSERT INTO `author_book`(`author`, `entryid`) VALUES ('Porter Finkel','4283');
INSERT INTO `publisher_book`(`publisher`, `entryid`) VALUES ('Kaplan Inc.','4283');
INSERT INTO `entry`(`entryid`,`type`) VALUES('4284','b');
INSERT INTO `book`(`title`,`entryid`,`isbn`,`type`) VALUES('Indonesia by dimetric Romania','4284','9850074566856','e');
INSERT INTO `genre_book`(`genre`, `entryid`) VALUES ('Sci-Fi','4284');
INSERT INTO `author_book`(`author`, `entryid`) VALUES ('Angelika Passantino','4284');
INSERT INTO `publisher_book`(`publisher`, `entryid`) VALUES ('Giampaolo Cooperations.','4284');
INSERT INTO `entry`(`entryid`,`type`) VALUES('4285','b');
INSERT INTO `book`(`title`,`entryid`,`isbn`,`type`) VALUES('Furniture to the Cake','4285','9222927222235','j');
INSERT INTO `genre_book`(`genre`, `entryid`) VALUES ('Thriller','4285');
INSERT INTO `author`(`name`,`birthyear`,`deathyear`) VALUES('Stuart Ladyman','1944','1979');
INSERT INTO `author_book`(`author`, `entryid`) VALUES ('Stuart Ladyman','4285');
INSERT INTO `publisher_book`(`publisher`, `entryid`) VALUES ('Reinders Inc.','4285');
INSERT INTO `entry`(`entryid`,`type`) VALUES('4286','b');
INSERT INTO `book`(`title`,`entryid`,`isbn`,`type`) VALUES('Rabbi of unforgotten Condition','4286','9771146680021','j');
INSERT INTO `genre_book`(`genre`, `entryid`) VALUES ('Romance','4286');
INSERT INTO `author_book`(`author`, `entryid`) VALUES ('Maira Ogen','4286');
INSERT INTO `publisher_book`(`publisher`, `entryid`) VALUES ('Getchius Inc.','4286');
INSERT INTO `entry`(`entryid`,`type`) VALUES('4287','b');
INSERT INTO `book`(`title`,`entryid`,`isbn`,`type`) VALUES('Factory with cosies Eyelash','4287','0922777432235','b');
INSERT INTO `genre_book`(`genre`, `entryid`) VALUES ('Horror','4287');
INSERT INTO `author_book`(`author`, `entryid`) VALUES ('Kelley Amari','4287');
INSERT INTO `publisher_book`(`publisher`, `entryid`) VALUES ('Estrem Inc.','4287');
INSERT INTO `entry`(`entryid`,`type`) VALUES('4288','b');
INSERT INTO `book`(`title`,`entryid`,`isbn`,`type`) VALUES('Bacon in the Actress','4288','0287953455819','j');
INSERT INTO `genre_book`(`genre`, `entryid`) VALUES ('Science','4288');
INSERT INTO `author_book`(`author`, `entryid`) VALUES ('Michel Albang','4288');
INSERT INTO `publisher_book`(`publisher`, `entryid`) VALUES ('Norse Inc.','4288');
INSERT INTO `entry`(`entryid`,`type`) VALUES('4289','b');
INSERT INTO `book`(`title`,`entryid`,`isbn`,`type`) VALUES('Specialist against Age','4289','0296527714856','e');
INSERT INTO `genre_book`(`genre`, `entryid`) VALUES ('Science','4289');
INSERT INTO `author_book`(`author`, `entryid`) VALUES ('Kallie Stumme','4289');
INSERT INTO `publisher_book`(`publisher`, `entryid`) VALUES ('Lubell Inc.','4289');
INSERT INTO `entry`(`entryid`,`type`) VALUES('4290','b');
INSERT INTO `book`(`title`,`entryid`,`isbn`,`type`) VALUES('Daisy and Glockenspiel','4290','9880581307071','e');
INSERT INTO `genre_book`(`genre`, `entryid`) VALUES ('Science','4290');
INSERT INTO `author_book`(`author`, `entryid`) VALUES ('Loren Zarn','4290');
INSERT INTO `publisher_book`(`publisher`, `entryid`) VALUES ('Shuffstall Cooperations.','4290');
INSERT INTO `entry`(`entryid`,`type`) VALUES('4291','b');
INSERT INTO `book`(`title`,`entryid`,`isbn`,`type`) VALUES('Birth vs. poachiest Yew','4291','0435324225524','e');
INSERT INTO `genre_book`(`genre`, `entryid`) VALUES ('Romance','4291');
INSERT INTO `author_book`(`author`, `entryid`) VALUES ('Wynona Bozell','4291');
INSERT INTO `publisher_book`(`publisher`, `entryid`) VALUES ('Portaro Inc.','4291');
INSERT INTO `entry`(`entryid`,`type`) VALUES('4292','b');
INSERT INTO `book`(`title`,`entryid`,`isbn`,`type`) VALUES('Hobbies in the Taxi','4292','0154675783902','b');
INSERT INTO `genre_book`(`genre`, `entryid`) VALUES ('Thriller','4292');
INSERT INTO `author_book`(`author`, `entryid`) VALUES ('Gianna Laffredo','4292');
INSERT INTO `publisher_book`(`publisher`, `entryid`) VALUES ('Hathcoat Publishers.','4292');
INSERT INTO `entry`(`entryid`,`type`) VALUES('4293','b');
INSERT INTO `book`(`title`,`entryid`,`isbn`,`type`) VALUES('Pantry against the Burma','4293','9431929292254','e');
INSERT INTO `genre_book`(`genre`, `entryid`) VALUES ('Romance','4293');
INSERT INTO `author_book`(`author`, `entryid`) VALUES ('Danuta Mandahl','4293');
INSERT INTO `publisher_book`(`publisher`, `entryid`) VALUES ('Brotman Inc.','4293');
INSERT INTO `entry`(`entryid`,`type`) VALUES('4294','b');
INSERT INTO `book`(`title`,`entryid`,`isbn`,`type`) VALUES('France by the zymogenic Rain','4294','0473212397950','j');
INSERT INTO `genre_book`(`genre`, `entryid`) VALUES ('Romance','4294');
INSERT INTO `author_book`(`author`, `entryid`) VALUES ('Chastity Adamis','4294');
INSERT INTO `publisher_book`(`publisher`, `entryid`) VALUES ('Chavez Publishers.','4294');
INSERT INTO `entry`(`entryid`,`type`) VALUES('4295','b');
INSERT INTO `book`(`title`,`entryid`,`isbn`,`type`) VALUES('Kangaroo and the describable Professor','4295','9899626357680','b');
INSERT INTO `genre_book`(`genre`, `entryid`) VALUES ('Adventure','4295');
INSERT INTO `author_book`(`author`, `entryid`) VALUES ('Gabriel Caliendo','4295');
INSERT INTO `publisher_book`(`publisher`, `entryid`) VALUES ('Poirer Cooperations.','4295');
INSERT INTO `entry`(`entryid`,`type`) VALUES('4296','b');
INSERT INTO `book`(`title`,`entryid`,`isbn`,`type`) VALUES('Business and the Sleet','4296','0613455070728','j');
INSERT INTO `genre_book`(`genre`, `entryid`) VALUES ('Horror','4296');
INSERT INTO `author`(`name`,`birthyear`,`deathyear`) VALUES('Kathrine Lucci','1947','2008');
INSERT INTO `author_book`(`author`, `entryid`) VALUES ('Kathrine Lucci','4296');
INSERT INTO `publisher_book`(`publisher`, `entryid`) VALUES ('Arone Inc.','4296');
INSERT INTO `entry`(`entryid`,`type`) VALUES('4297','b');
INSERT INTO `book`(`title`,`entryid`,`isbn`,`type`) VALUES('Speedboat against Cucumber','4297','9985238767331','j');
INSERT INTO `genre_book`(`genre`, `entryid`) VALUES ('Romance','4297');
INSERT INTO `author_book`(`author`, `entryid`) VALUES ('Inge Heggen','4297');
INSERT INTO `publisher_book`(`publisher`, `entryid`) VALUES ('Capurro Publishers.','4297');
INSERT INTO `entry`(`entryid`,`type`) VALUES('4298','b');
INSERT INTO `book`(`title`,`entryid`,`isbn`,`type`) VALUES('Sleet by sexennial Poland','4298','0103329718051','j');
INSERT INTO `genre_book`(`genre`, `entryid`) VALUES ('Science','4298');
INSERT INTO `author_book`(`author`, `entryid`) VALUES ('Cristen Domebo','4298');
INSERT INTO `publisher_book`(`publisher`, `entryid`) VALUES ('Harbin Cooperations.','4298');
INSERT INTO `entry`(`entryid`,`type`) VALUES('4299','b');
INSERT INTO `book`(`title`,`entryid`,`isbn`,`type`) VALUES('Typhoon and Grasshopper','4299','0924200888879','j');
INSERT INTO `genre_book`(`genre`, `entryid`) VALUES ('Romance','4299');
INSERT INTO `author_book`(`author`, `entryid`) VALUES ('Arnulfo Michand','4299');
INSERT INTO `publisher_book`(`publisher`, `entryid`) VALUES ('Cregeen Inc.','4299');
INSERT INTO `entry`(`entryid`,`type`) VALUES('4300','b');
INSERT INTO `book`(`title`,`entryid`,`isbn`,`type`) VALUES('Dimple vs. Aryan Employee','4300','0965039708884','e');
INSERT INTO `genre_book`(`genre`, `entryid`) VALUES ('Science','4300');
INSERT INTO `author_book`(`author`, `entryid`) VALUES ('Kandy Hinds','4300');
INSERT INTO `publisher_book`(`publisher`, `entryid`) VALUES ('Koterba Publishers.','4300');
INSERT INTO `entry`(`entryid`,`type`) VALUES('4301','b');
INSERT INTO `book`(`title`,`entryid`,`isbn`,`type`) VALUES('Pencil and Conifer','4301','9886055304893','j');
INSERT INTO `genre_book`(`genre`, `entryid`) VALUES ('Sci-Fi','4301');
INSERT INTO `author_book`(`author`, `entryid`) VALUES ('Eduardo Wagenheim','4301');
INSERT INTO `publisher_book`(`publisher`, `entryid`) VALUES ('Baltazor Publishers.','4301');
INSERT INTO `entry`(`entryid`,`type`) VALUES('4302','b');
INSERT INTO `book`(`title`,`entryid`,`isbn`,`type`) VALUES('Size for the pastier Greece','4302','9593913927827','e');
INSERT INTO `genre_book`(`genre`, `entryid`) VALUES ('Thriller','4302');
INSERT INTO `author`(`name`,`birthyear`,`deathyear`) VALUES('Glinda Wiland','1904','1980');
INSERT INTO `author_book`(`author`, `entryid`) VALUES ('Glinda Wiland','4302');
INSERT INTO `publisher_book`(`publisher`, `entryid`) VALUES ('Travieso Inc.','4302');
INSERT INTO `entry`(`entryid`,`type`) VALUES('4303','b');
INSERT INTO `book`(`title`,`entryid`,`isbn`,`type`) VALUES('Badger because of Swedish','4303','0709728515768','e');
INSERT INTO `genre_book`(`genre`, `entryid`) VALUES ('Romance','4303');
INSERT INTO `author_book`(`author`, `entryid`) VALUES ('Nana Koinzan','4303');
INSERT INTO `publisher_book`(`publisher`, `entryid`) VALUES ('Danowski Publishers.','4303');
INSERT INTO `entry`(`entryid`,`type`) VALUES('4304','b');
INSERT INTO `book`(`title`,`entryid`,`isbn`,`type`) VALUES('Cello against the Attempt','4304','9995074932339','j');
INSERT INTO `genre_book`(`genre`, `entryid`) VALUES ('Science','4304');
INSERT INTO `author_book`(`author`, `entryid`) VALUES ('Hector Cawon','4304');
INSERT INTO `publisher_book`(`publisher`, `entryid`) VALUES ('Sikora Cooperations.','4304');
INSERT INTO `entry`(`entryid`,`type`) VALUES('4305','b');
INSERT INTO `book`(`title`,`entryid`,`isbn`,`type`) VALUES('Trouble in British','4305','0825484826903','j');
INSERT INTO `genre_book`(`genre`, `entryid`) VALUES ('Education','4305');
INSERT INTO `author_book`(`author`, `entryid`) VALUES ('Rueben Chiapetto','4305');
INSERT INTO `publisher_book`(`publisher`, `entryid`) VALUES ('Gidwani Publishers.','4305');
INSERT INTO `entry`(`entryid`,`type`) VALUES('4306','b');
INSERT INTO `book`(`title`,`entryid`,`isbn`,`type`) VALUES('Wealth against unconjunctive Poet','4306','0600953661805','e');
INSERT INTO `genre_book`(`genre`, `entryid`) VALUES ('Education','4306');
INSERT INTO `author_book`(`author`, `entryid`) VALUES ('Edda Cobham','4306');
INSERT INTO `publisher_book`(`publisher`, `entryid`) VALUES ('Ruozzo Cooperations.','4306');
INSERT INTO `entry`(`entryid`,`type`) VALUES('4307','b');
INSERT INTO `book`(`title`,`entryid`,`isbn`,`type`) VALUES('Engineering of the slippiest Disadvantage','4307','0128613817616','e');
INSERT INTO `genre_book`(`genre`, `entryid`) VALUES ('Education','4307');
INSERT INTO `author_book`(`author`, `entryid`) VALUES ('Rosy Cardoso','4307');
INSERT INTO `publisher_book`(`publisher`, `entryid`) VALUES ('Glackin Inc.','4307');
INSERT INTO `entry`(`entryid`,`type`) VALUES('4308','b');
INSERT INTO `book`(`title`,`entryid`,`isbn`,`type`) VALUES('Detail for the Claus','4308','0999635107203','b');
INSERT INTO `genre_book`(`genre`, `entryid`) VALUES ('Romance','4308');
INSERT INTO `author_book`(`author`, `entryid`) VALUES ('Kisha Sordia','4308');
INSERT INTO `publisher_book`(`publisher`, `entryid`) VALUES ('Bagnaschi Publishers.','4308');
INSERT INTO `entry`(`entryid`,`type`) VALUES('4309','b');
INSERT INTO `book`(`title`,`entryid`,`isbn`,`type`) VALUES('Hate in Kitten','4309','9581814971629','j');
INSERT INTO `genre_book`(`genre`, `entryid`) VALUES ('Adventure','4309');
INSERT INTO `author_book`(`author`, `entryid`) VALUES ('Jettie Kreiter','4309');
INSERT INTO `publisher_book`(`publisher`, `entryid`) VALUES ('Cudjoe Publishers.','4309');
INSERT INTO `entry`(`entryid`,`type`) VALUES('4310','b');
INSERT INTO `book`(`title`,`entryid`,`isbn`,`type`) VALUES('Rowboat in Committee','4310','9460546879363','e');
INSERT INTO `genre_book`(`genre`, `entryid`) VALUES ('Thriller','4310');
INSERT INTO `author_book`(`author`, `entryid`) VALUES ('Alena Nichter','4310');
INSERT INTO `publisher_book`(`publisher`, `entryid`) VALUES ('Allocca Cooperations.','4310');
INSERT INTO `entry`(`entryid`,`type`) VALUES('4311','b');
INSERT INTO `book`(`title`,`entryid`,`isbn`,`type`) VALUES('Plow and the sorrowing Jaw','4311','0896963075339','b');
INSERT INTO `genre_book`(`genre`, `entryid`) VALUES ('Romance','4311');
INSERT INTO `author_book`(`author`, `entryid`) VALUES ('Alyson Gauer','4311');
INSERT INTO `publisher_book`(`publisher`, `entryid`) VALUES ('Tanton Publishers.','4311');
INSERT INTO `entry`(`entryid`,`type`) VALUES('4312','b');
INSERT INTO `book`(`title`,`entryid`,`isbn`,`type`) VALUES('Editorial of half Distribution','4312','9960221719037','e');
INSERT INTO `genre_book`(`genre`, `entryid`) VALUES ('Romance','4312');
INSERT INTO `author`(`name`,`birthyear`,`deathyear`) VALUES('Kasha Toscani','1968','2026');
INSERT INTO `author_book`(`author`, `entryid`) VALUES ('Kasha Toscani','4312');
INSERT INTO `publisher_book`(`publisher`, `entryid`) VALUES ('Scriuner Publishers.','4312');
INSERT INTO `entry`(`entryid`,`type`) VALUES('4313','b');
INSERT INTO `book`(`title`,`entryid`,`isbn`,`type`) VALUES('Macrame vs. Creek','4313','0617913256936','b');
INSERT INTO `genre_book`(`genre`, `entryid`) VALUES ('Sci-Fi','4313');
INSERT INTO `author_book`(`author`, `entryid`) VALUES ('Deb Maciolek','4313');
INSERT INTO `publisher_book`(`publisher`, `entryid`) VALUES ('Simcox Publishers.','4313');
INSERT INTO `entry`(`entryid`,`type`) VALUES('4314','b');
INSERT INTO `book`(`title`,`entryid`,`isbn`,`type`) VALUES('Airmail in canted Velvet','4314','9548743189748','b');
INSERT INTO `genre_book`(`genre`, `entryid`) VALUES ('Thriller','4314');
INSERT INTO `author_book`(`author`, `entryid`) VALUES ('Arla Harmond','4314');
INSERT INTO `publisher_book`(`publisher`, `entryid`) VALUES ('Ellett Publishers.','4314');
INSERT INTO `entry`(`entryid`,`type`) VALUES('4315','b');
INSERT INTO `book`(`title`,`entryid`,`isbn`,`type`) VALUES('Revolve of the Lift','4315','0640407762698','e');
INSERT INTO `genre_book`(`genre`, `entryid`) VALUES ('Romance','4315');
INSERT INTO `author_book`(`author`, `entryid`) VALUES ('Irina Mottillo','4315');
INSERT INTO `publisher_book`(`publisher`, `entryid`) VALUES ('Dingson Publishers.','4315');
INSERT INTO `entry`(`entryid`,`type`) VALUES('4316','b');
INSERT INTO `book`(`title`,`entryid`,`isbn`,`type`) VALUES('Clipper to the uninquiring Kohlrabi','4316','0578298569294','e');
INSERT INTO `genre_book`(`genre`, `entryid`) VALUES ('Education','4316');
INSERT INTO `author_book`(`author`, `entryid`) VALUES ('Exie Magwood','4316');
INSERT INTO `publisher_book`(`publisher`, `entryid`) VALUES ('Foti Cooperations.','4316');
INSERT INTO `entry`(`entryid`,`type`) VALUES('4317','b');
INSERT INTO `book`(`title`,`entryid`,`isbn`,`type`) VALUES('Jumper with cerulean Lemonade','4317','0666096480213','b');
INSERT INTO `genre_book`(`genre`, `entryid`) VALUES ('Sci-Fi','4317');
INSERT INTO `author_book`(`author`, `entryid`) VALUES ('Daysi Spitler','4317');
INSERT INTO `publisher_book`(`publisher`, `entryid`) VALUES ('Siver Publishers.','4317');
INSERT INTO `entry`(`entryid`,`type`) VALUES('4318','b');
INSERT INTO `book`(`title`,`entryid`,`isbn`,`type`) VALUES('Peace in the Liquor','4318','9983559881030','j');
INSERT INTO `genre_book`(`genre`, `entryid`) VALUES ('Adventure','4318');
INSERT INTO `author`(`name`,`birthyear`,`deathyear`) VALUES('Janeth Tinder','1958','2046');
INSERT INTO `author_book`(`author`, `entryid`) VALUES ('Janeth Tinder','4318');
INSERT INTO `publisher_book`(`publisher`, `entryid`) VALUES ('Seeber Publishers.','4318');
INSERT INTO `entry`(`entryid`,`type`) VALUES('4319','b');
INSERT INTO `book`(`title`,`entryid`,`isbn`,`type`) VALUES('Hell for the het Helium','4319','0198776914669','j');
INSERT INTO `genre_book`(`genre`, `entryid`) VALUES ('Sci-Fi','4319');
INSERT INTO `author_book`(`author`, `entryid`) VALUES ('Moon Magrann','4319');
INSERT INTO `publisher_book`(`publisher`, `entryid`) VALUES ('Sowden Publishers.','4319');
INSERT INTO `entry`(`entryid`,`type`) VALUES('4320','b');
INSERT INTO `book`(`title`,`entryid`,`isbn`,`type`) VALUES('Pizza with the Saxophone','4320','9936781705860','j');
INSERT INTO `genre_book`(`genre`, `entryid`) VALUES ('Thriller','4320');
INSERT INTO `author_book`(`author`, `entryid`) VALUES ('Caron Gradney','4320');
INSERT INTO `publisher_book`(`publisher`, `entryid`) VALUES ('Tegarden Publishers.','4320');
INSERT INTO `entry`(`entryid`,`type`) VALUES('4321','b');
INSERT INTO `book`(`title`,`entryid`,`isbn`,`type`) VALUES('College in the Japan','4321','0865835539375','b');
INSERT INTO `genre_book`(`genre`, `entryid`) VALUES ('Horror','4321');
INSERT INTO `author`(`name`,`birthyear`,`deathyear`) VALUES('Coral Mcelderry','1941','2019');
INSERT INTO `author_book`(`author`, `entryid`) VALUES ('Coral Mcelderry','4321');
INSERT INTO `publisher_book`(`publisher`, `entryid`) VALUES ('Reents Publishers.','4321');
INSERT INTO `entry`(`entryid`,`type`) VALUES('4322','b');
INSERT INTO `book`(`title`,`entryid`,`isbn`,`type`) VALUES('Screwdriver against critical Digger','4322','9228118039258','b');
INSERT INTO `genre_book`(`genre`, `entryid`) VALUES ('Education','4322');
INSERT INTO `author`(`name`,`birthyear`,`deathyear`) VALUES('Clinton Legrande','1961','2010');
INSERT INTO `author_book`(`author`, `entryid`) VALUES ('Clinton Legrande','4322');
INSERT INTO `publisher_book`(`publisher`, `entryid`) VALUES ('Culpepper Cooperations.','4322');
INSERT INTO `entry`(`entryid`,`type`) VALUES('4323','b');
INSERT INTO `book`(`title`,`entryid`,`isbn`,`type`) VALUES('Saw by the uneven Bacon','4323','9185908775362','b');
INSERT INTO `genre_book`(`genre`, `entryid`) VALUES ('Sci-Fi','4323');
INSERT INTO `author_book`(`author`, `entryid`) VALUES ('Meda Kuman','4323');
INSERT INTO `publisher_book`(`publisher`, `entryid`) VALUES ('Salvatori Inc.','4323');
INSERT INTO `entry`(`entryid`,`type`) VALUES('4324','b');
INSERT INTO `book`(`title`,`entryid`,`isbn`,`type`) VALUES('Bakery by prospering Moat','4324','0145796761531','e');
INSERT INTO `genre_book`(`genre`, `entryid`) VALUES ('Science','4324');
INSERT INTO `author_book`(`author`, `entryid`) VALUES ('Grady Yaklin','4324');
INSERT INTO `publisher_book`(`publisher`, `entryid`) VALUES ('Kasa Publishers.','4324');
INSERT INTO `entry`(`entryid`,`type`) VALUES('4325','b');
INSERT INTO `book`(`title`,`entryid`,`isbn`,`type`) VALUES('Bath by the Plow','4325','0278683991109','e');
INSERT INTO `genre_book`(`genre`, `entryid`) VALUES ('Sci-Fi','4325');
INSERT INTO `author`(`name`,`birthyear`,`deathyear`) VALUES('Georgie Bilyeu','1937','1984');
INSERT INTO `author_book`(`author`, `entryid`) VALUES ('Georgie Bilyeu','4325');
INSERT INTO `publisher_book`(`publisher`, `entryid`) VALUES ('Garfield Publishers.','4325');
INSERT INTO `entry`(`entryid`,`type`) VALUES('4326','b');
INSERT INTO `book`(`title`,`entryid`,`isbn`,`type`) VALUES('Dietician and banned Goldfish','4326','9972984118607','j');
INSERT INTO `genre_book`(`genre`, `entryid`) VALUES ('Adventure','4326');
INSERT INTO `author_book`(`author`, `entryid`) VALUES ('Marketta Fernandez','4326');
INSERT INTO `publisher_book`(`publisher`, `entryid`) VALUES ('Wolfer Cooperations.','4326');
INSERT INTO `entry`(`entryid`,`type`) VALUES('4327','b');
INSERT INTO `book`(`title`,`entryid`,`isbn`,`type`) VALUES('Lotion of Humor','4327','9209487571937','b');
INSERT INTO `genre_book`(`genre`, `entryid`) VALUES ('Science','4327');
INSERT INTO `author`(`name`,`birthyear`,`deathyear`) VALUES('Julianne Raptis','1913','1979');
INSERT INTO `author_book`(`author`, `entryid`) VALUES ('Julianne Raptis','4327');
INSERT INTO `publisher_book`(`publisher`, `entryid`) VALUES ('Lucious Publishers.','4327');
INSERT INTO `entry`(`entryid`,`type`) VALUES('4328','b');
INSERT INTO `book`(`title`,`entryid`,`isbn`,`type`) VALUES('Hour of unacted Hippopotamus','4328','0656978327204','j');
INSERT INTO `genre_book`(`genre`, `entryid`) VALUES ('Sci-Fi','4328');
INSERT INTO `author`(`name`,`birthyear`,`deathyear`) VALUES('Willie Merren','1935','2005');
INSERT INTO `author_book`(`author`, `entryid`) VALUES ('Willie Merren','4328');
INSERT INTO `publisher_book`(`publisher`, `entryid`) VALUES ('Harders Cooperations.','4328');
INSERT INTO `entry`(`entryid`,`type`) VALUES('4329','b');
INSERT INTO `book`(`title`,`entryid`,`isbn`,`type`) VALUES('Burst of flamier Organization','4329','9528199659510','j');
INSERT INTO `genre_book`(`genre`, `entryid`) VALUES ('Romance','4329');
INSERT INTO `author_book`(`author`, `entryid`) VALUES ('Errol Corle','4329');
INSERT INTO `publisher_book`(`publisher`, `entryid`) VALUES ('Heritage Publishers.','4329');
INSERT INTO `entry`(`entryid`,`type`) VALUES('4330','b');
INSERT INTO `book`(`title`,`entryid`,`isbn`,`type`) VALUES('Trick and Samurai','4330','0877272357197','e');
INSERT INTO `genre_book`(`genre`, `entryid`) VALUES ('Thriller','4330');
INSERT INTO `author`(`name`,`birthyear`,`deathyear`) VALUES('Marry Irigoyen','1979','2016');
INSERT INTO `author_book`(`author`, `entryid`) VALUES ('Marry Irigoyen','4330');
INSERT INTO `publisher_book`(`publisher`, `entryid`) VALUES ('Viejo Publishers.','4330');
INSERT INTO `entry`(`entryid`,`type`) VALUES('4331','b');
INSERT INTO `book`(`title`,`entryid`,`isbn`,`type`) VALUES('Suede and hydrographical Facilities','4331','0038896611562','b');
INSERT INTO `genre_book`(`genre`, `entryid`) VALUES ('Romance','4331');
INSERT INTO `author_book`(`author`, `entryid`) VALUES ('Stuart Imhof','4331');
INSERT INTO `publisher_book`(`publisher`, `entryid`) VALUES ('Victoria Cooperations.','4331');
INSERT INTO `entry`(`entryid`,`type`) VALUES('4332','b');
INSERT INTO `book`(`title`,`entryid`,`isbn`,`type`) VALUES('Gazelle against the overfraught Party','4332','9707043950079','b');
INSERT INTO `genre_book`(`genre`, `entryid`) VALUES ('Adventure','4332');
INSERT INTO `author`(`name`,`birthyear`,`deathyear`) VALUES('Ervin Scallion','1942','2006');
INSERT INTO `author_book`(`author`, `entryid`) VALUES ('Ervin Scallion','4332');
INSERT INTO `publisher_book`(`publisher`, `entryid`) VALUES ('Devon Inc.','4332');
INSERT INTO `entry`(`entryid`,`type`) VALUES('4333','b');
INSERT INTO `book`(`title`,`entryid`,`isbn`,`type`) VALUES('Whiskey for true-blue Stage','4333','9596970966397','b');
INSERT INTO `genre_book`(`genre`, `entryid`) VALUES ('Thriller','4333');
INSERT INTO `author_book`(`author`, `entryid`) VALUES ('Bree Greaux','4333');
INSERT INTO `publisher_book`(`publisher`, `entryid`) VALUES ('Raetz Publishers.','4333');
INSERT INTO `entry`(`entryid`,`type`) VALUES('4334','b');
INSERT INTO `book`(`title`,`entryid`,`isbn`,`type`) VALUES('Egg in chauvinistic Swim','4334','0477630404766','b');
INSERT INTO `genre_book`(`genre`, `entryid`) VALUES ('Education','4334');
INSERT INTO `author_book`(`author`, `entryid`) VALUES ('Sharolyn Semaan','4334');
INSERT INTO `publisher_book`(`publisher`, `entryid`) VALUES ('Beachman Cooperations.','4334');
INSERT INTO `entry`(`entryid`,`type`) VALUES('4335','b');
INSERT INTO `book`(`title`,`entryid`,`isbn`,`type`) VALUES('Ticket of the Elbow','4335','0274712384411','e');
INSERT INTO `genre_book`(`genre`, `entryid`) VALUES ('Horror','4335');
INSERT INTO `author_book`(`author`, `entryid`) VALUES ('Angelique Sebesta','4335');
INSERT INTO `publisher_book`(`publisher`, `entryid`) VALUES ('Caspi Inc.','4335');
INSERT INTO `entry`(`entryid`,`type`) VALUES('4336','b');
INSERT INTO `book`(`title`,`entryid`,`isbn`,`type`) VALUES('Cheetah and Agreement','4336','9680196654904','e');
INSERT INTO `genre_book`(`genre`, `entryid`) VALUES ('Education','4336');
INSERT INTO `author_book`(`author`, `entryid`) VALUES ('Kirby Dayley','4336');
INSERT INTO `publisher_book`(`publisher`, `entryid`) VALUES ('Trish Inc.','4336');
INSERT INTO `entry`(`entryid`,`type`) VALUES('4337','b');
INSERT INTO `book`(`title`,`entryid`,`isbn`,`type`) VALUES('Mexican of the Night','4337','0481993024552','e');
INSERT INTO `genre_book`(`genre`, `entryid`) VALUES ('Romance','4337');
INSERT INTO `author_book`(`author`, `entryid`) VALUES ('Dione Nightengale','4337');
INSERT INTO `publisher_book`(`publisher`, `entryid`) VALUES ('Briley Publishers.','4337');
INSERT INTO `entry`(`entryid`,`type`) VALUES('4338','b');
INSERT INTO `book`(`title`,`entryid`,`isbn`,`type`) VALUES('Oxygen for rife Authority','4338','0770306010547','b');
INSERT INTO `genre_book`(`genre`, `entryid`) VALUES ('Science','4338');
INSERT INTO `author`(`name`,`birthyear`,`deathyear`) VALUES('Thomas Spraker','1893','1935');
INSERT INTO `author_book`(`author`, `entryid`) VALUES ('Thomas Spraker','4338');
INSERT INTO `publisher_book`(`publisher`, `entryid`) VALUES ('Cervone Cooperations.','4338');
INSERT INTO `entry`(`entryid`,`type`) VALUES('4339','b');
INSERT INTO `book`(`title`,`entryid`,`isbn`,`type`) VALUES('Polyester and the Mechanic','4339','9959440501276','b');
INSERT INTO `genre_book`(`genre`, `entryid`) VALUES ('Sci-Fi','4339');
INSERT INTO `author_book`(`author`, `entryid`) VALUES ('Issac Hubley','4339');
INSERT INTO `publisher_book`(`publisher`, `entryid`) VALUES ('Yasurek Cooperations.','4339');
INSERT INTO `entry`(`entryid`,`type`) VALUES('4340','b');
INSERT INTO `book`(`title`,`entryid`,`isbn`,`type`) VALUES('Beer and the unsalable Balloon','4340','9422549598620','e');
INSERT INTO `genre_book`(`genre`, `entryid`) VALUES ('Education','4340');
INSERT INTO `author_book`(`author`, `entryid`) VALUES ('Cristobal Coonfare','4340');
INSERT INTO `publisher_book`(`publisher`, `entryid`) VALUES ('Betit Inc.','4340');
INSERT INTO `entry`(`entryid`,`type`) VALUES('4341','b');
INSERT INTO `book`(`title`,`entryid`,`isbn`,`type`) VALUES('Black of Football','4341','9648525350854','b');
INSERT INTO `genre_book`(`genre`, `entryid`) VALUES ('Science','4341');
INSERT INTO `author_book`(`author`, `entryid`) VALUES ('Stephany Saffel','4341');
INSERT INTO `publisher_book`(`publisher`, `entryid`) VALUES ('Bokanovich Publishers.','4341');
INSERT INTO `entry`(`entryid`,`type`) VALUES('4342','b');
INSERT INTO `book`(`title`,`entryid`,`isbn`,`type`) VALUES('Priest vs. hydrophytic Barbara','4342','9429736216520','b');
INSERT INTO `genre_book`(`genre`, `entryid`) VALUES ('Adventure','4342');
INSERT INTO `author`(`name`,`birthyear`,`deathyear`) VALUES('Janise Lohse','1977','2043');
INSERT INTO `author_book`(`author`, `entryid`) VALUES ('Janise Lohse','4342');
INSERT INTO `publisher_book`(`publisher`, `entryid`) VALUES ('Aslett Publishers.','4342');
INSERT INTO `entry`(`entryid`,`type`) VALUES('4343','b');
INSERT INTO `book`(`title`,`entryid`,`isbn`,`type`) VALUES('Jewel and Woolen','4343','9700014213354','b');
INSERT INTO `genre_book`(`genre`, `entryid`) VALUES ('Romance','4343');
INSERT INTO `author_book`(`author`, `entryid`) VALUES ('Rolland Netters','4343');
INSERT INTO `publisher_book`(`publisher`, `entryid`) VALUES ('Briley Publishers.','4343');
INSERT INTO `entry`(`entryid`,`type`) VALUES('4344','b');
INSERT INTO `book`(`title`,`entryid`,`isbn`,`type`) VALUES('Wood for raggle-taggle Lentil','4344','9864940859657','e');
INSERT INTO `genre_book`(`genre`, `entryid`) VALUES ('Adventure','4344');
INSERT INTO `author_book`(`author`, `entryid`) VALUES ('Matha Vaccarella','4344');
INSERT INTO `publisher_book`(`publisher`, `entryid`) VALUES ('Murtagh Inc.','4344');
INSERT INTO `entry`(`entryid`,`type`) VALUES('4345','b');
INSERT INTO `book`(`title`,`entryid`,`isbn`,`type`) VALUES('Blow of Skate','4345','0050734580473','j');
INSERT INTO `genre_book`(`genre`, `entryid`) VALUES ('Science','4345');
INSERT INTO `author_book`(`author`, `entryid`) VALUES ('Mayme Wildes','4345');
INSERT INTO `publisher_book`(`publisher`, `entryid`) VALUES ('Rochford Cooperations.','4345');
INSERT INTO `entry`(`entryid`,`type`) VALUES('4346','b');
INSERT INTO `book`(`title`,`entryid`,`isbn`,`type`) VALUES('Glass to lubricous Flugelhorn','4346','9435683502002','e');
INSERT INTO `genre_book`(`genre`, `entryid`) VALUES ('Romance','4346');
INSERT INTO `author`(`name`,`birthyear`,`deathyear`) VALUES('Caitlin Cogar','1942','2002');
INSERT INTO `author_book`(`author`, `entryid`) VALUES ('Caitlin Cogar','4346');
INSERT INTO `publisher_book`(`publisher`, `entryid`) VALUES ('Holshovser Publishers.','4346');
INSERT INTO `entry`(`entryid`,`type`) VALUES('4347','b');
INSERT INTO `book`(`title`,`entryid`,`isbn`,`type`) VALUES('Approval to the unrefracted Error','4347','9167368997950','j');
INSERT INTO `genre_book`(`genre`, `entryid`) VALUES ('Adventure','4347');
INSERT INTO `author`(`name`,`birthyear`,`deathyear`) VALUES('Bennie Heverin','1923','1999');
INSERT INTO `author_book`(`author`, `entryid`) VALUES ('Bennie Heverin','4347');
INSERT INTO `publisher_book`(`publisher`, `entryid`) VALUES ('Blythe Publishers.','4347');
INSERT INTO `entry`(`entryid`,`type`) VALUES('4348','b');
INSERT INTO `book`(`title`,`entryid`,`isbn`,`type`) VALUES('Cattle to the Drizzle','4348','9958974739538','j');
INSERT INTO `genre_book`(`genre`, `entryid`) VALUES ('Science','4348');
INSERT INTO `author_book`(`author`, `entryid`) VALUES ('Rossie Macnair','4348');
INSERT INTO `publisher_book`(`publisher`, `entryid`) VALUES ('Stjohn Publishers.','4348');
INSERT INTO `entry`(`entryid`,`type`) VALUES('4349','b');
INSERT INTO `book`(`title`,`entryid`,`isbn`,`type`) VALUES('Hill in the Command','4349','9794334119813','e');
INSERT INTO `genre_book`(`genre`, `entryid`) VALUES ('Thriller','4349');
INSERT INTO `author_book`(`author`, `entryid`) VALUES ('Angelika Passantino','4349');
INSERT INTO `publisher_book`(`publisher`, `entryid`) VALUES ('Norse Inc.','4349');
INSERT INTO `entry`(`entryid`,`type`) VALUES('4350','b');
INSERT INTO `book`(`title`,`entryid`,`isbn`,`type`) VALUES('Meeting in delightful Diaphragm','4350','9746489193724','j');
INSERT INTO `genre_book`(`genre`, `entryid`) VALUES ('Horror','4350');
INSERT INTO `author_book`(`author`, `entryid`) VALUES ('Melody Vrias','4350');
INSERT INTO `publisher_book`(`publisher`, `entryid`) VALUES ('Cerrito Inc.','4350');
INSERT INTO `entry`(`entryid`,`type`) VALUES('4351','b');
INSERT INTO `book`(`title`,`entryid`,`isbn`,`type`) VALUES('Jason and lorn Resolution','4351','9680989018486','j');
INSERT INTO `genre_book`(`genre`, `entryid`) VALUES ('Science','4351');
INSERT INTO `author`(`name`,`birthyear`,`deathyear`) VALUES('Deja Theall','1978','2011');
INSERT INTO `author_book`(`author`, `entryid`) VALUES ('Deja Theall','4351');
INSERT INTO `publisher_book`(`publisher`, `entryid`) VALUES ('Beachman Cooperations.','4351');
INSERT INTO `entry`(`entryid`,`type`) VALUES('4352','b');
INSERT INTO `book`(`title`,`entryid`,`isbn`,`type`) VALUES('Citizenship vs. Feature','4352','9700355457757','e');
INSERT INTO `genre_book`(`genre`, `entryid`) VALUES ('Sci-Fi','4352');
INSERT INTO `author_book`(`author`, `entryid`) VALUES ('Thomasina Nannen','4352');
INSERT INTO `publisher_book`(`publisher`, `entryid`) VALUES ('Brassard Inc.','4352');
INSERT INTO `entry`(`entryid`,`type`) VALUES('4353','b');
INSERT INTO `book`(`title`,`entryid`,`isbn`,`type`) VALUES('Raven and the lengthening Uncle','4353','0496069321550','e');
INSERT INTO `genre_book`(`genre`, `entryid`) VALUES ('Science','4353');
INSERT INTO `author_book`(`author`, `entryid`) VALUES ('Berenice Mayans','4353');
INSERT INTO `publisher_book`(`publisher`, `entryid`) VALUES ('Silevinac Inc.','4353');
INSERT INTO `entry`(`entryid`,`type`) VALUES('4354','b');
INSERT INTO `book`(`title`,`entryid`,`isbn`,`type`) VALUES('Belief of toed Suggestion','4354','9272851418681','j');
INSERT INTO `genre_book`(`genre`, `entryid`) VALUES ('Science','4354');
INSERT INTO `author_book`(`author`, `entryid`) VALUES ('Cary Burkhalter','4354');
INSERT INTO `publisher_book`(`publisher`, `entryid`) VALUES ('Aslett Publishers.','4354');
INSERT INTO `entry`(`entryid`,`type`) VALUES('4355','b');
INSERT INTO `book`(`title`,`entryid`,`isbn`,`type`) VALUES('Pakistan because of Bead','4355','9517259227373','j');
INSERT INTO `genre_book`(`genre`, `entryid`) VALUES ('Horror','4355');
INSERT INTO `author_book`(`author`, `entryid`) VALUES ('Kathe Millard','4355');
INSERT INTO `publisher_book`(`publisher`, `entryid`) VALUES ('Leppert Inc.','4355');
INSERT INTO `entry`(`entryid`,`type`) VALUES('4356','b');
INSERT INTO `book`(`title`,`entryid`,`isbn`,`type`) VALUES('Back with sympetalous Basement','4356','9842854747865','b');
INSERT INTO `genre_book`(`genre`, `entryid`) VALUES ('Education','4356');
INSERT INTO `author_book`(`author`, `entryid`) VALUES ('Karoline Hersh','4356');
INSERT INTO `publisher_book`(`publisher`, `entryid`) VALUES ('Larman Publishers.','4356');
INSERT INTO `entry`(`entryid`,`type`) VALUES('4357','b');
INSERT INTO `book`(`title`,`entryid`,`isbn`,`type`) VALUES('Ghost to readable Law','4357','9861630612281','j');
INSERT INTO `genre_book`(`genre`, `entryid`) VALUES ('Adventure','4357');
INSERT INTO `author_book`(`author`, `entryid`) VALUES ('Rossie Macnair','4357');
INSERT INTO `publisher_book`(`publisher`, `entryid`) VALUES ('Bokanovich Publishers.','4357');
INSERT INTO `entry`(`entryid`,`type`) VALUES('4358','b');
INSERT INTO `book`(`title`,`entryid`,`isbn`,`type`) VALUES('Russian to Punch','4358','0477539775759','e');
INSERT INTO `genre_book`(`genre`, `entryid`) VALUES ('Education','4358');
INSERT INTO `author_book`(`author`, `entryid`) VALUES ('Shelba Baldini','4358');
INSERT INTO `publisher_book`(`publisher`, `entryid`) VALUES ('Ockman Inc.','4358');
INSERT INTO `entry`(`entryid`,`type`) VALUES('4359','b');
INSERT INTO `book`(`title`,`entryid`,`isbn`,`type`) VALUES('Jumper to isocyclic Weed','4359','9467131090193','j');
INSERT INTO `genre_book`(`genre`, `entryid`) VALUES ('Adventure','4359');
INSERT INTO `author_book`(`author`, `entryid`) VALUES ('Adella Elsa','4359');
INSERT INTO `publisher_book`(`publisher`, `entryid`) VALUES ('Trumbo Publishers.','4359');
INSERT INTO `entry`(`entryid`,`type`) VALUES('4360','b');
INSERT INTO `book`(`title`,`entryid`,`isbn`,`type`) VALUES('Lumber for the Watchmaker','4360','9757103341862','e');
INSERT INTO `genre_book`(`genre`, `entryid`) VALUES ('Adventure','4360');
INSERT INTO `author_book`(`author`, `entryid`) VALUES ('Carolee Dominiquez','4360');
INSERT INTO `publisher_book`(`publisher`, `entryid`) VALUES ('Horman Inc.','4360');
INSERT INTO `entry`(`entryid`,`type`) VALUES('4361','b');
INSERT INTO `book`(`title`,`entryid`,`isbn`,`type`) VALUES('War in venose Handball','4361','9207435961362','j');
INSERT INTO `genre_book`(`genre`, `entryid`) VALUES ('Romance','4361');
INSERT INTO `author_book`(`author`, `entryid`) VALUES ('Christinia Progl','4361');
INSERT INTO `publisher_book`(`publisher`, `entryid`) VALUES ('Buhite Cooperations.','4361');
INSERT INTO `entry`(`entryid`,`type`) VALUES('4362','b');
INSERT INTO `book`(`title`,`entryid`,`isbn`,`type`) VALUES('Timpani by Brother','4362','9351295620111','j');
INSERT INTO `genre_book`(`genre`, `entryid`) VALUES ('Adventure','4362');
INSERT INTO `author_book`(`author`, `entryid`) VALUES ('Carolyn Eisenstein','4362');
INSERT INTO `publisher_book`(`publisher`, `entryid`) VALUES ('Roux Publishers.','4362');
INSERT INTO `entry`(`entryid`,`type`) VALUES('4363','b');
INSERT INTO `book`(`title`,`entryid`,`isbn`,`type`) VALUES('Cushion against Patient','4363','0926245809946','e');
INSERT INTO `genre_book`(`genre`, `entryid`) VALUES ('Horror','4363');
INSERT INTO `author`(`name`,`birthyear`,`deathyear`) VALUES('Anette Spruit','1948','2024');
INSERT INTO `author_book`(`author`, `entryid`) VALUES ('Anette Spruit','4363');
INSERT INTO `publisher_book`(`publisher`, `entryid`) VALUES ('Getchius Inc.','4363');
INSERT INTO `entry`(`entryid`,`type`) VALUES('4364','b');
INSERT INTO `book`(`title`,`entryid`,`isbn`,`type`) VALUES('Wealth of the Guarantee','4364','0003435232378','b');
INSERT INTO `genre_book`(`genre`, `entryid`) VALUES ('Sci-Fi','4364');
INSERT INTO `author_book`(`author`, `entryid`) VALUES ('Eulah Lalonde','4364');
INSERT INTO `publisher_book`(`publisher`, `entryid`) VALUES ('Mainolfi Cooperations.','4364');
INSERT INTO `entry`(`entryid`,`type`) VALUES('4365','b');
INSERT INTO `book`(`title`,`entryid`,`isbn`,`type`) VALUES('Pollution because of tortured Aunt','4365','9826413211243','b');
INSERT INTO `genre_book`(`genre`, `entryid`) VALUES ('Horror','4365');
INSERT INTO `author_book`(`author`, `entryid`) VALUES ('Kera Eberspacher','4365');
INSERT INTO `publisher_book`(`publisher`, `entryid`) VALUES ('Wolfer Cooperations.','4365');
INSERT INTO `entry`(`entryid`,`type`) VALUES('4366','b');
INSERT INTO `book`(`title`,`entryid`,`isbn`,`type`) VALUES('Train against the Dolphin','4366','0865587181736','b');
INSERT INTO `genre_book`(`genre`, `entryid`) VALUES ('Thriller','4366');
INSERT INTO `author_book`(`author`, `entryid`) VALUES ('Kimiko Lazaroff','4366');
INSERT INTO `publisher_book`(`publisher`, `entryid`) VALUES ('Nelke Publishers.','4366');
INSERT INTO `entry`(`entryid`,`type`) VALUES('4367','b');
INSERT INTO `book`(`title`,`entryid`,`isbn`,`type`) VALUES('Herring with Plasterboard','4367','0048570517472','j');
INSERT INTO `genre_book`(`genre`, `entryid`) VALUES ('Romance','4367');
INSERT INTO `author_book`(`author`, `entryid`) VALUES ('Margene Kwasniewski','4367');
INSERT INTO `publisher_book`(`publisher`, `entryid`) VALUES ('Casaceli Inc.','4367');
INSERT INTO `entry`(`entryid`,`type`) VALUES('4368','b');
INSERT INTO `book`(`title`,`entryid`,`isbn`,`type`) VALUES('Jason in the enlisted Carbon','4368','0779852602247','e');
INSERT INTO `genre_book`(`genre`, `entryid`) VALUES ('Horror','4368');
INSERT INTO `author_book`(`author`, `entryid`) VALUES ('Jaimee Harber','4368');
INSERT INTO `publisher_book`(`publisher`, `entryid`) VALUES ('Mcbee Cooperations.','4368');
INSERT INTO `entry`(`entryid`,`type`) VALUES('4369','b');
INSERT INTO `book`(`title`,`entryid`,`isbn`,`type`) VALUES('Engineering of the multifactorial Kitchen','4369','9356881695731','e');
INSERT INTO `genre_book`(`genre`, `entryid`) VALUES ('Thriller','4369');
INSERT INTO `author_book`(`author`, `entryid`) VALUES ('Doreen Bonsall','4369');
INSERT INTO `publisher_book`(`publisher`, `entryid`) VALUES ('Hengel Inc.','4369');
INSERT INTO `entry`(`entryid`,`type`) VALUES('4370','b');
INSERT INTO `book`(`title`,`entryid`,`isbn`,`type`) VALUES('Buzzard for the Sale','4370','0893166776665','j');
INSERT INTO `genre_book`(`genre`, `entryid`) VALUES ('Romance','4370');
INSERT INTO `author_book`(`author`, `entryid`) VALUES ('Keesha Tarangelo','4370');
INSERT INTO `publisher_book`(`publisher`, `entryid`) VALUES ('Garrington Cooperations.','4370');
INSERT INTO `entry`(`entryid`,`type`) VALUES('4371','b');
INSERT INTO `book`(`title`,`entryid`,`isbn`,`type`) VALUES('Locust against the clement Development','4371','9513014476173','b');
INSERT INTO `genre_book`(`genre`, `entryid`) VALUES ('Romance','4371');
INSERT INTO `author_book`(`author`, `entryid`) VALUES ('Mayme Kovach','4371');
INSERT INTO `publisher_book`(`publisher`, `entryid`) VALUES ('Woodward Publishers.','4371');
INSERT INTO `entry`(`entryid`,`type`) VALUES('4372','b');
INSERT INTO `book`(`title`,`entryid`,`isbn`,`type`) VALUES('Jam with textuary Cotton','4372','0255521098263','b');
INSERT INTO `genre_book`(`genre`, `entryid`) VALUES ('Adventure','4372');
INSERT INTO `author_book`(`author`, `entryid`) VALUES ('Allena Unser','4372');
INSERT INTO `publisher_book`(`publisher`, `entryid`) VALUES ('Argrave Publishers.','4372');
INSERT INTO `entry`(`entryid`,`type`) VALUES('4373','b');
INSERT INTO `book`(`title`,`entryid`,`isbn`,`type`) VALUES('Gender of the blockading Link','4373','0052571528947','e');
INSERT INTO `genre_book`(`genre`, `entryid`) VALUES ('Education','4373');
INSERT INTO `author`(`name`,`birthyear`,`deathyear`) VALUES('Dixie Gillette','1953','1983');
INSERT INTO `author_book`(`author`, `entryid`) VALUES ('Dixie Gillette','4373');
INSERT INTO `publisher_book`(`publisher`, `entryid`) VALUES ('Massey Cooperations.','4373');
INSERT INTO `entry`(`entryid`,`type`) VALUES('4374','b');
INSERT INTO `book`(`title`,`entryid`,`isbn`,`type`) VALUES('Meteorology for the homogenous Game','4374','0106406083313','j');
INSERT INTO `genre_book`(`genre`, `entryid`) VALUES ('Romance','4374');
INSERT INTO `author_book`(`author`, `entryid`) VALUES ('Tommy Gudino','4374');
INSERT INTO `publisher_book`(`publisher`, `entryid`) VALUES ('Kuhse Inc.','4374');
INSERT INTO `entry`(`entryid`,`type`) VALUES('4375','b');
INSERT INTO `book`(`title`,`entryid`,`isbn`,`type`) VALUES('Security to the Banana','4375','0625896177457','e');
INSERT INTO `genre_book`(`genre`, `entryid`) VALUES ('Thriller','4375');
INSERT INTO `author`(`name`,`birthyear`,`deathyear`) VALUES('Lue Beaucage','1947','2021');
INSERT INTO `author_book`(`author`, `entryid`) VALUES ('Lue Beaucage','4375');
INSERT INTO `publisher_book`(`publisher`, `entryid`) VALUES ('Kopf Cooperations.','4375');
INSERT INTO `entry`(`entryid`,`type`) VALUES('4376','b');
INSERT INTO `book`(`title`,`entryid`,`isbn`,`type`) VALUES('Duckling against praiseworthy Call','4376','0631320024950','e');
INSERT INTO `genre_book`(`genre`, `entryid`) VALUES ('Adventure','4376');
INSERT INTO `author_book`(`author`, `entryid`) VALUES ('Amina Breazeal','4376');
INSERT INTO `publisher_book`(`publisher`, `entryid`) VALUES ('Graffney Inc.','4376');
INSERT INTO `entry`(`entryid`,`type`) VALUES('4377','b');
INSERT INTO `book`(`title`,`entryid`,`isbn`,`type`) VALUES('Court in the meaningful Minister','4377','0514851628033','j');
INSERT INTO `genre_book`(`genre`, `entryid`) VALUES ('Thriller','4377');
INSERT INTO `author_book`(`author`, `entryid`) VALUES ('Wade Havner','4377');
INSERT INTO `publisher_book`(`publisher`, `entryid`) VALUES ('Bokanovich Publishers.','4377');
INSERT INTO `entry`(`entryid`,`type`) VALUES('4378','b');
INSERT INTO `book`(`title`,`entryid`,`isbn`,`type`) VALUES('Helium to Range','4378','9138159064266','j');
INSERT INTO `genre_book`(`genre`, `entryid`) VALUES ('Thriller','4378');
INSERT INTO `author_book`(`author`, `entryid`) VALUES ('Orpha Beckmann','4378');
INSERT INTO `publisher_book`(`publisher`, `entryid`) VALUES ('Duhon Publishers.','4378');
INSERT INTO `entry`(`entryid`,`type`) VALUES('4379','b');
INSERT INTO `book`(`title`,`entryid`,`isbn`,`type`) VALUES('Parsnip against the Leg','4379','0972144248867','e');
INSERT INTO `genre_book`(`genre`, `entryid`) VALUES ('Romance','4379');
INSERT INTO `author_book`(`author`, `entryid`) VALUES ('Ed Kewal','4379');
INSERT INTO `publisher_book`(`publisher`, `entryid`) VALUES ('Siver Publishers.','4379');
INSERT INTO `entry`(`entryid`,`type`) VALUES('4380','b');
INSERT INTO `book`(`title`,`entryid`,`isbn`,`type`) VALUES('Increase of Session','4380','0746620088202','e');
INSERT INTO `genre_book`(`genre`, `entryid`) VALUES ('Horror','4380');
INSERT INTO `author_book`(`author`, `entryid`) VALUES ('Edith Surwillo','4380');
INSERT INTO `publisher_book`(`publisher`, `entryid`) VALUES ('Rohr Cooperations.','4380');
INSERT INTO `entry`(`entryid`,`type`) VALUES('4381','b');
INSERT INTO `book`(`title`,`entryid`,`isbn`,`type`) VALUES('Backbone by the unsupportable Stew','4381','0658212370616','j');
INSERT INTO `genre_book`(`genre`, `entryid`) VALUES ('Romance','4381');
INSERT INTO `author_book`(`author`, `entryid`) VALUES ('Telma Macknair','4381');
INSERT INTO `publisher`(`name`) VALUES ('Pagani Cooperations.');
INSERT INTO `publisher_book`(`publisher`, `entryid`) VALUES ('Pagani Cooperations.','4381');
INSERT INTO `entry`(`entryid`,`type`) VALUES('4382','b');
INSERT INTO `book`(`title`,`entryid`,`isbn`,`type`) VALUES('Ship against the cordiform Foot','4382','9832735296715','b');
INSERT INTO `genre_book`(`genre`, `entryid`) VALUES ('Education','4382');
INSERT INTO `author_book`(`author`, `entryid`) VALUES ('Christinia Progl','4382');
INSERT INTO `publisher_book`(`publisher`, `entryid`) VALUES ('Pagoda Publishers.','4382');
INSERT INTO `entry`(`entryid`,`type`) VALUES('4383','b');
INSERT INTO `book`(`title`,`entryid`,`isbn`,`type`) VALUES('Hub and the broad-leaved Dahlia','4383','9921100788256','e');
INSERT INTO `genre_book`(`genre`, `entryid`) VALUES ('Science','4383');
INSERT INTO `author_book`(`author`, `entryid`) VALUES ('Rosalie Spika','4383');
INSERT INTO `publisher_book`(`publisher`, `entryid`) VALUES ('Dietlin Cooperations.','4383');
INSERT INTO `entry`(`entryid`,`type`) VALUES('4384','b');
INSERT INTO `book`(`title`,`entryid`,`isbn`,`type`) VALUES('Stock by open-plan Kitten','4384','0898883489784','b');
INSERT INTO `genre_book`(`genre`, `entryid`) VALUES ('Sci-Fi','4384');
INSERT INTO `author_book`(`author`, `entryid`) VALUES ('Debora Jentzsch','4384');
INSERT INTO `publisher_book`(`publisher`, `entryid`) VALUES ('Opteyndt Inc.','4384');
INSERT INTO `entry`(`entryid`,`type`) VALUES('4385','b');
INSERT INTO `book`(`title`,`entryid`,`isbn`,`type`) VALUES('Command of Diamond','4385','9707535944297','b');
INSERT INTO `genre_book`(`genre`, `entryid`) VALUES ('Adventure','4385');
INSERT INTO `author_book`(`author`, `entryid`) VALUES ('Marylynn Lapinski','4385');
INSERT INTO `publisher_book`(`publisher`, `entryid`) VALUES ('Fitzsimons Inc.','4385');
INSERT INTO `entry`(`entryid`,`type`) VALUES('4386','b');
INSERT INTO `book`(`title`,`entryid`,`isbn`,`type`) VALUES('Nation to Orange','4386','9085332395833','j');
INSERT INTO `genre_book`(`genre`, `entryid`) VALUES ('Science','4386');
INSERT INTO `author_book`(`author`, `entryid`) VALUES ('Samual Edmison','4386');
INSERT INTO `publisher_book`(`publisher`, `entryid`) VALUES ('Benally Cooperations.','4386');
INSERT INTO `entry`(`entryid`,`type`) VALUES('4387','b');
INSERT INTO `book`(`title`,`entryid`,`isbn`,`type`) VALUES('Drizzle against Writer','4387','9292504386704','j');
INSERT INTO `genre_book`(`genre`, `entryid`) VALUES ('Adventure','4387');
INSERT INTO `author_book`(`author`, `entryid`) VALUES ('Myron Hooley','4387');
INSERT INTO `publisher_book`(`publisher`, `entryid`) VALUES ('Baltazor Publishers.','4387');
INSERT INTO `entry`(`entryid`,`type`) VALUES('4388','b');
INSERT INTO `book`(`title`,`entryid`,`isbn`,`type`) VALUES('Mark in the Fat','4388','0542799184818','j');
INSERT INTO `genre_book`(`genre`, `entryid`) VALUES ('Education','4388');
INSERT INTO `author_book`(`author`, `entryid`) VALUES ('Fonda Nauer','4388');
INSERT INTO `publisher_book`(`publisher`, `entryid`) VALUES ('Caspi Inc.','4388');
INSERT INTO `entry`(`entryid`,`type`) VALUES('4389','b');
INSERT INTO `book`(`title`,`entryid`,`isbn`,`type`) VALUES('Philosophy with the Dad','4389','0361615021127','b');
INSERT INTO `genre_book`(`genre`, `entryid`) VALUES ('Adventure','4389');
INSERT INTO `author`(`name`,`birthyear`,`deathyear`) VALUES('Cherly Farro','1960','1994');
INSERT INTO `author_book`(`author`, `entryid`) VALUES ('Cherly Farro','4389');
INSERT INTO `publisher_book`(`publisher`, `entryid`) VALUES ('Malarkey Cooperations.','4389');
INSERT INTO `entry`(`entryid`,`type`) VALUES('4390','b');
INSERT INTO `book`(`title`,`entryid`,`isbn`,`type`) VALUES('Bike for fifteenth Arrow','4390','9403101098016','j');
INSERT INTO `genre_book`(`genre`, `entryid`) VALUES ('Education','4390');
INSERT INTO `author_book`(`author`, `entryid`) VALUES ('Bud Lorente','4390');
INSERT INTO `publisher_book`(`publisher`, `entryid`) VALUES ('Urive Publishers.','4390');
INSERT INTO `entry`(`entryid`,`type`) VALUES('4391','b');
INSERT INTO `book`(`title`,`entryid`,`isbn`,`type`) VALUES('Prepared by Cement','4391','9740984318586','j');
INSERT INTO `genre_book`(`genre`, `entryid`) VALUES ('Adventure','4391');
INSERT INTO `author_book`(`author`, `entryid`) VALUES ('Audrea Teece','4391');
INSERT INTO `publisher_book`(`publisher`, `entryid`) VALUES ('Koral Publishers.','4391');
INSERT INTO `entry`(`entryid`,`type`) VALUES('4392','b');
INSERT INTO `book`(`title`,`entryid`,`isbn`,`type`) VALUES('Dictionary against Kite','4392','9983006925055','j');
INSERT INTO `genre_book`(`genre`, `entryid`) VALUES ('Adventure','4392');
INSERT INTO `author_book`(`author`, `entryid`) VALUES ('Alyson Desler','4392');
INSERT INTO `publisher_book`(`publisher`, `entryid`) VALUES ('Martinek Cooperations.','4392');
INSERT INTO `entry`(`entryid`,`type`) VALUES('4393','b');
INSERT INTO `book`(`title`,`entryid`,`isbn`,`type`) VALUES('Feedback in the appendiculate Index','4393','9925772571399','e');
INSERT INTO `genre_book`(`genre`, `entryid`) VALUES ('Science','4393');
INSERT INTO `author_book`(`author`, `entryid`) VALUES ('Tarah Yourshaw','4393');
INSERT INTO `publisher_book`(`publisher`, `entryid`) VALUES ('Neuman Cooperations.','4393');
INSERT INTO `entry`(`entryid`,`type`) VALUES('4394','b');
INSERT INTO `book`(`title`,`entryid`,`isbn`,`type`) VALUES('Bladder with the Uganda','4394','9906552965119','b');
INSERT INTO `genre_book`(`genre`, `entryid`) VALUES ('Sci-Fi','4394');
INSERT INTO `author_book`(`author`, `entryid`) VALUES ('Maya Golar','4394');
INSERT INTO `publisher_book`(`publisher`, `entryid`) VALUES ('Rickels Cooperations.','4394');
INSERT INTO `entry`(`entryid`,`type`) VALUES('4395','b');
INSERT INTO `book`(`title`,`entryid`,`isbn`,`type`) VALUES('Spy to the maturative Dibble','4395','0339046279543','b');
INSERT INTO `genre_book`(`genre`, `entryid`) VALUES ('Romance','4395');
INSERT INTO `author_book`(`author`, `entryid`) VALUES ('Gaylene Mathena','4395');
INSERT INTO `publisher_book`(`publisher`, `entryid`) VALUES ('Kuhlo Cooperations.','4395');
INSERT INTO `entry`(`entryid`,`type`) VALUES('4396','b');
INSERT INTO `book`(`title`,`entryid`,`isbn`,`type`) VALUES('Break with the eventful Carnation','4396','9091988748220','b');
INSERT INTO `genre_book`(`genre`, `entryid`) VALUES ('Adventure','4396');
INSERT INTO `author_book`(`author`, `entryid`) VALUES ('Kayleigh Haagensen','4396');
INSERT INTO `publisher_book`(`publisher`, `entryid`) VALUES ('Woskobojnik Inc.','4396');
INSERT INTO `entry`(`entryid`,`type`) VALUES('4397','b');
INSERT INTO `book`(`title`,`entryid`,`isbn`,`type`) VALUES('Shame to the imperatorial Basket','4397','9640183873096','e');
INSERT INTO `genre_book`(`genre`, `entryid`) VALUES ('Education','4397');
INSERT INTO `author_book`(`author`, `entryid`) VALUES ('Lilliam Ayarza','4397');
INSERT INTO `publisher_book`(`publisher`, `entryid`) VALUES ('Benally Cooperations.','4397');
INSERT INTO `entry`(`entryid`,`type`) VALUES('4398','b');
INSERT INTO `book`(`title`,`entryid`,`isbn`,`type`) VALUES('Cemetery by Ink','4398','0562855063687','j');
INSERT INTO `genre_book`(`genre`, `entryid`) VALUES ('Horror','4398');
INSERT INTO `author_book`(`author`, `entryid`) VALUES ('Jamaal Hazelbush','4398');
INSERT INTO `publisher_book`(`publisher`, `entryid`) VALUES ('Franken Publishers.','4398');
INSERT INTO `entry`(`entryid`,`type`) VALUES('4399','b');
INSERT INTO `book`(`title`,`entryid`,`isbn`,`type`) VALUES('Step-sister of the Partner','4399','9390588695683','j');
INSERT INTO `genre_book`(`genre`, `entryid`) VALUES ('Education','4399');
INSERT INTO `author_book`(`author`, `entryid`) VALUES ('Lecia Chernay','4399');
INSERT INTO `publisher_book`(`publisher`, `entryid`) VALUES ('Edington Cooperations.','4399');
INSERT INTO `entry`(`entryid`,`type`) VALUES('4400','b');
INSERT INTO `book`(`title`,`entryid`,`isbn`,`type`) VALUES('Sideboard by three-cornered Berry','4400','9609489632001','e');
INSERT INTO `genre_book`(`genre`, `entryid`) VALUES ('Adventure','4400');
INSERT INTO `author_book`(`author`, `entryid`) VALUES ('Maximo Sarault','4400');
INSERT INTO `publisher_book`(`publisher`, `entryid`) VALUES ('Pery Cooperations.','4400');
INSERT INTO `entry`(`entryid`,`type`) VALUES('4401','b');
INSERT INTO `book`(`title`,`entryid`,`isbn`,`type`) VALUES('Tom-tom against the stalking Apparel','4401','0589417138802','b');
INSERT INTO `genre_book`(`genre`, `entryid`) VALUES ('Romance','4401');
INSERT INTO `author_book`(`author`, `entryid`) VALUES ('Lorena Tweddell','4401');
INSERT INTO `publisher_book`(`publisher`, `entryid`) VALUES ('Viejo Publishers.','4401');
INSERT INTO `entry`(`entryid`,`type`) VALUES('4402','b');
INSERT INTO `book`(`title`,`entryid`,`isbn`,`type`) VALUES('Turret against insightful Flavor','4402','9515047618884','j');
INSERT INTO `genre_book`(`genre`, `entryid`) VALUES ('Thriller','4402');
INSERT INTO `author_book`(`author`, `entryid`) VALUES ('Valrie Buckhannon','4402');
INSERT INTO `publisher_book`(`publisher`, `entryid`) VALUES ('Saska Publishers.','4402');
INSERT INTO `entry`(`entryid`,`type`) VALUES('4403','b');
INSERT INTO `book`(`title`,`entryid`,`isbn`,`type`) VALUES('Nest for the goddam Neck','4403','0341790017942','j');
INSERT INTO `genre_book`(`genre`, `entryid`) VALUES ('Horror','4403');
INSERT INTO `author_book`(`author`, `entryid`) VALUES ('Rosalie Spika','4403');
INSERT INTO `publisher_book`(`publisher`, `entryid`) VALUES ('Pawell Cooperations.','4403');
INSERT INTO `entry`(`entryid`,`type`) VALUES('4404','b');
INSERT INTO `book`(`title`,`entryid`,`isbn`,`type`) VALUES('Transport with the Shoe','4404','0017736324855','b');
INSERT INTO `genre_book`(`genre`, `entryid`) VALUES ('Education','4404');
INSERT INTO `author_book`(`author`, `entryid`) VALUES ('Lisbeth Schmidbauer','4404');
INSERT INTO `publisher_book`(`publisher`, `entryid`) VALUES ('Brassard Inc.','4404');
INSERT INTO `entry`(`entryid`,`type`) VALUES('4405','b');
INSERT INTO `book`(`title`,`entryid`,`isbn`,`type`) VALUES('Evening for Headlight','4405','0440064123030','b');
INSERT INTO `genre_book`(`genre`, `entryid`) VALUES ('Sci-Fi','4405');
INSERT INTO `author_book`(`author`, `entryid`) VALUES ('Gwyn Mcelwaine','4405');
INSERT INTO `publisher_book`(`publisher`, `entryid`) VALUES ('Massey Cooperations.','4405');
INSERT INTO `entry`(`entryid`,`type`) VALUES('4406','b');
INSERT INTO `book`(`title`,`entryid`,`isbn`,`type`) VALUES('Manx in the overbold Wilderness','4406','9014418156004','e');
INSERT INTO `genre_book`(`genre`, `entryid`) VALUES ('Education','4406');
INSERT INTO `author_book`(`author`, `entryid`) VALUES ('Alonzo Wildes','4406');
INSERT INTO `publisher_book`(`publisher`, `entryid`) VALUES ('Mccardell Cooperations.','4406');
INSERT INTO `entry`(`entryid`,`type`) VALUES('4407','b');
INSERT INTO `book`(`title`,`entryid`,`isbn`,`type`) VALUES('Snowflake to unconfused Liquid','4407','0034560291411','e');
INSERT INTO `genre_book`(`genre`, `entryid`) VALUES ('Education','4407');
INSERT INTO `author_book`(`author`, `entryid`) VALUES ('Mee Cerdan','4407');
INSERT INTO `publisher_book`(`publisher`, `entryid`) VALUES ('Blan Inc.','4407');
INSERT INTO `entry`(`entryid`,`type`) VALUES('4408','b');
INSERT INTO `book`(`title`,`entryid`,`isbn`,`type`) VALUES('Battle by unhinged Statistic','4408','9200719724709','b');
INSERT INTO `genre_book`(`genre`, `entryid`) VALUES ('Sci-Fi','4408');
INSERT INTO `author_book`(`author`, `entryid`) VALUES ('Usha Shinall','4408');
INSERT INTO `publisher_book`(`publisher`, `entryid`) VALUES ('Tanton Publishers.','4408');
INSERT INTO `entry`(`entryid`,`type`) VALUES('4409','b');
INSERT INTO `book`(`title`,`entryid`,`isbn`,`type`) VALUES('Bath to the Cushion','4409','0842761386955','j');
INSERT INTO `genre_book`(`genre`, `entryid`) VALUES ('Romance','4409');
INSERT INTO `author`(`name`,`birthyear`,`deathyear`) VALUES('Annita Schlett','1951','2030');
INSERT INTO `author_book`(`author`, `entryid`) VALUES ('Annita Schlett','4409');
INSERT INTO `publisher_book`(`publisher`, `entryid`) VALUES ('Atkison Inc.','4409');
INSERT INTO `entry`(`entryid`,`type`) VALUES('4410','b');
INSERT INTO `book`(`title`,`entryid`,`isbn`,`type`) VALUES('Aluminium and the bissextile Edge','4410','9035819933032','j');
INSERT INTO `genre_book`(`genre`, `entryid`) VALUES ('Adventure','4410');
INSERT INTO `author_book`(`author`, `entryid`) VALUES ('Huey Guiberteau','4410');
INSERT INTO `publisher_book`(`publisher`, `entryid`) VALUES ('Bayles Inc.','4410');
INSERT INTO `entry`(`entryid`,`type`) VALUES('4411','b');
INSERT INTO `book`(`title`,`entryid`,`isbn`,`type`) VALUES('Sleet vs. Flock','4411','0646442023676','j');
INSERT INTO `genre_book`(`genre`, `entryid`) VALUES ('Education','4411');
INSERT INTO `author`(`name`,`birthyear`,`deathyear`) VALUES('Dane Lucas','1921','1964');
INSERT INTO `author_book`(`author`, `entryid`) VALUES ('Dane Lucas','4411');
INSERT INTO `publisher_book`(`publisher`, `entryid`) VALUES ('Mastera Cooperations.','4411');
INSERT INTO `entry`(`entryid`,`type`) VALUES('4412','b');
INSERT INTO `book`(`title`,`entryid`,`isbn`,`type`) VALUES('Dibble to the prickliest Action','4412','0607613098519','b');
INSERT INTO `genre_book`(`genre`, `entryid`) VALUES ('Education','4412');
INSERT INTO `author_book`(`author`, `entryid`) VALUES ('Christopher Canas','4412');
INSERT INTO `publisher_book`(`publisher`, `entryid`) VALUES ('Mcbee Cooperations.','4412');
INSERT INTO `entry`(`entryid`,`type`) VALUES('4413','b');
INSERT INTO `book`(`title`,`entryid`,`isbn`,`type`) VALUES('Lawyer because of Frame','4413','0729245630655','b');
INSERT INTO `genre_book`(`genre`, `entryid`) VALUES ('Adventure','4413');
INSERT INTO `author_book`(`author`, `entryid`) VALUES ('Catrina Heckathorn','4413');
INSERT INTO `publisher_book`(`publisher`, `entryid`) VALUES ('Nunez Publishers.','4413');
INSERT INTO `entry`(`entryid`,`type`) VALUES('4414','b');
INSERT INTO `book`(`title`,`entryid`,`isbn`,`type`) VALUES('Mist against the Toast','4414','9539607298125','e');
INSERT INTO `genre_book`(`genre`, `entryid`) VALUES ('Education','4414');
INSERT INTO `author_book`(`author`, `entryid`) VALUES ('Scott Allaman','4414');
INSERT INTO `publisher_book`(`publisher`, `entryid`) VALUES ('Mastera Cooperations.','4414');
INSERT INTO `entry`(`entryid`,`type`) VALUES('4415','b');
INSERT INTO `book`(`title`,`entryid`,`isbn`,`type`) VALUES('Man and Anger','4415','9487311555216','j');
INSERT INTO `genre_book`(`genre`, `entryid`) VALUES ('Thriller','4415');
INSERT INTO `author`(`name`,`birthyear`,`deathyear`) VALUES('Lavon Payna','1940','1974');
INSERT INTO `author_book`(`author`, `entryid`) VALUES ('Lavon Payna','4415');
INSERT INTO `publisher_book`(`publisher`, `entryid`) VALUES ('Lanphere Cooperations.','4415');
INSERT INTO `entry`(`entryid`,`type`) VALUES('4416','b');
INSERT INTO `book`(`title`,`entryid`,`isbn`,`type`) VALUES('Riddle and Offence','4416','9137846685740','b');
INSERT INTO `genre_book`(`genre`, `entryid`) VALUES ('Thriller','4416');
INSERT INTO `author_book`(`author`, `entryid`) VALUES ('Alica Eisenhart','4416');
INSERT INTO `publisher_book`(`publisher`, `entryid`) VALUES ('Sieger Inc.','4416');
INSERT INTO `entry`(`entryid`,`type`) VALUES('4417','b');
INSERT INTO `book`(`title`,`entryid`,`isbn`,`type`) VALUES('Neck by the Brick','4417','0860303780503','b');
INSERT INTO `genre_book`(`genre`, `entryid`) VALUES ('Romance','4417');
INSERT INTO `author_book`(`author`, `entryid`) VALUES ('Alia Eilers','4417');
INSERT INTO `publisher_book`(`publisher`, `entryid`) VALUES ('Capistran Cooperations.','4417');
INSERT INTO `entry`(`entryid`,`type`) VALUES('4418','b');
INSERT INTO `book`(`title`,`entryid`,`isbn`,`type`) VALUES('Correspondent in the Milk','4418','9161299935411','e');
INSERT INTO `genre_book`(`genre`, `entryid`) VALUES ('Horror','4418');
INSERT INTO `author_book`(`author`, `entryid`) VALUES ('Camelia Mizwicki','4418');
INSERT INTO `publisher_book`(`publisher`, `entryid`) VALUES ('Zorns Inc.','4418');
INSERT INTO `entry`(`entryid`,`type`) VALUES('4419','b');
INSERT INTO `book`(`title`,`entryid`,`isbn`,`type`) VALUES('Government for the bushiest Bonsai','4419','0457073293351','b');
INSERT INTO `genre_book`(`genre`, `entryid`) VALUES ('Thriller','4419');
INSERT INTO `author`(`name`,`birthyear`,`deathyear`) VALUES('Lacresha Blois','1910','1983');
INSERT INTO `author_book`(`author`, `entryid`) VALUES ('Lacresha Blois','4419');
INSERT INTO `publisher_book`(`publisher`, `entryid`) VALUES ('Holleran Cooperations.','4419');
INSERT INTO `entry`(`entryid`,`type`) VALUES('4420','b');
INSERT INTO `book`(`title`,`entryid`,`isbn`,`type`) VALUES('Meteorology with Fear','4420','9156439402617','j');
INSERT INTO `genre_book`(`genre`, `entryid`) VALUES ('Thriller','4420');
INSERT INTO `author_book`(`author`, `entryid`) VALUES ('Mariella Mancino','4420');
INSERT INTO `publisher_book`(`publisher`, `entryid`) VALUES ('Woodward Publishers.','4420');
INSERT INTO `entry`(`entryid`,`type`) VALUES('4421','b');
INSERT INTO `book`(`title`,`entryid`,`isbn`,`type`) VALUES('Hardboard with the Cast','4421','0756404935276','e');
INSERT INTO `genre_book`(`genre`, `entryid`) VALUES ('Thriller','4421');
INSERT INTO `author`(`name`,`birthyear`,`deathyear`) VALUES('Alverta Martinsons','1928','1999');
INSERT INTO `author_book`(`author`, `entryid`) VALUES ('Alverta Martinsons','4421');
INSERT INTO `publisher_book`(`publisher`, `entryid`) VALUES ('Piccinini Publishers.','4421');
INSERT INTO `entry`(`entryid`,`type`) VALUES('4422','b');
INSERT INTO `book`(`title`,`entryid`,`isbn`,`type`) VALUES('Illegal because of Timpani','4422','9347771856528','j');
INSERT INTO `genre_book`(`genre`, `entryid`) VALUES ('Science','4422');
INSERT INTO `author_book`(`author`, `entryid`) VALUES ('Clyde Riggens','4422');
INSERT INTO `publisher_book`(`publisher`, `entryid`) VALUES ('Batrum Inc.','4422');
INSERT INTO `entry`(`entryid`,`type`) VALUES('4423','b');
INSERT INTO `book`(`title`,`entryid`,`isbn`,`type`) VALUES('Food to Nietzschean Geese','4423','9526934662254','b');
INSERT INTO `genre_book`(`genre`, `entryid`) VALUES ('Science','4423');
INSERT INTO `author_book`(`author`, `entryid`) VALUES ('Floyd Jandrin','4423');
INSERT INTO `publisher_book`(`publisher`, `entryid`) VALUES ('Rochford Cooperations.','4423');
INSERT INTO `entry`(`entryid`,`type`) VALUES('4424','b');
INSERT INTO `book`(`title`,`entryid`,`isbn`,`type`) VALUES('Headline vs. Kiss','4424','9118180213698','b');
INSERT INTO `genre_book`(`genre`, `entryid`) VALUES ('Education','4424');
INSERT INTO `author_book`(`author`, `entryid`) VALUES ('Lilliam Ayarza','4424');
INSERT INTO `publisher_book`(`publisher`, `entryid`) VALUES ('Nighswander Publishers.','4424');
INSERT INTO `entry`(`entryid`,`type`) VALUES('4425','b');
INSERT INTO `book`(`title`,`entryid`,`isbn`,`type`) VALUES('Aluminium against sclerotic Share','4425','9516770952892','e');
INSERT INTO `genre_book`(`genre`, `entryid`) VALUES ('Horror','4425');
INSERT INTO `author_book`(`author`, `entryid`) VALUES ('Gracie Monzon','4425');
INSERT INTO `publisher_book`(`publisher`, `entryid`) VALUES ('Culliton Cooperations.','4425');
INSERT INTO `entry`(`entryid`,`type`) VALUES('4426','b');
INSERT INTO `book`(`title`,`entryid`,`isbn`,`type`) VALUES('Error to the toasted Lute','4426','9250995485877','b');
INSERT INTO `genre_book`(`genre`, `entryid`) VALUES ('Science','4426');
INSERT INTO `author_book`(`author`, `entryid`) VALUES ('Jason Burkeen','4426');
INSERT INTO `publisher_book`(`publisher`, `entryid`) VALUES ('Czerniak Inc.','4426');
INSERT INTO `entry`(`entryid`,`type`) VALUES('4427','b');
INSERT INTO `book`(`title`,`entryid`,`isbn`,`type`) VALUES('Port because of Morning','4427','0176380218856','b');
INSERT INTO `genre_book`(`genre`, `entryid`) VALUES ('Adventure','4427');
INSERT INTO `author_book`(`author`, `entryid`) VALUES ('Agatha Maiello','4427');
INSERT INTO `publisher_book`(`publisher`, `entryid`) VALUES ('Grinner Inc.','4427');
INSERT INTO `entry`(`entryid`,`type`) VALUES('4428','b');
INSERT INTO `book`(`title`,`entryid`,`isbn`,`type`) VALUES('Giant of Fountain','4428','0382755898873','e');
INSERT INTO `genre_book`(`genre`, `entryid`) VALUES ('Adventure','4428');
INSERT INTO `author_book`(`author`, `entryid`) VALUES ('Bret Sualevai','4428');
INSERT INTO `publisher_book`(`publisher`, `entryid`) VALUES ('Papaleo Publishers.','4428');
INSERT INTO `entry`(`entryid`,`type`) VALUES('4429','b');
INSERT INTO `book`(`title`,`entryid`,`isbn`,`type`) VALUES('Swedish with the Television','4429','9247336287668','e');
INSERT INTO `genre_book`(`genre`, `entryid`) VALUES ('Romance','4429');
INSERT INTO `author_book`(`author`, `entryid`) VALUES ('Dexter Siurek','4429');
INSERT INTO `publisher_book`(`publisher`, `entryid`) VALUES ('Katzaman Cooperations.','4429');
INSERT INTO `entry`(`entryid`,`type`) VALUES('4430','b');
INSERT INTO `book`(`title`,`entryid`,`isbn`,`type`) VALUES('Brother of the Saw','4430','0496562419085','j');
INSERT INTO `genre_book`(`genre`, `entryid`) VALUES ('Adventure','4430');
INSERT INTO `author_book`(`author`, `entryid`) VALUES ('Harold Bries','4430');
INSERT INTO `publisher_book`(`publisher`, `entryid`) VALUES ('Kindlimann Inc.','4430');
INSERT INTO `entry`(`entryid`,`type`) VALUES('4431','b');
INSERT INTO `book`(`title`,`entryid`,`isbn`,`type`) VALUES('Samurai in predial Aardvark','4431','9306881934501','j');
INSERT INTO `genre_book`(`genre`, `entryid`) VALUES ('Thriller','4431');
INSERT INTO `author_book`(`author`, `entryid`) VALUES ('Maxine Biscoe','4431');
INSERT INTO `publisher_book`(`publisher`, `entryid`) VALUES ('Salvatori Inc.','4431');
INSERT INTO `entry`(`entryid`,`type`) VALUES('4432','b');
INSERT INTO `book`(`title`,`entryid`,`isbn`,`type`) VALUES('Explanation vs. Route','4432','9906450154103','j');
INSERT INTO `genre_book`(`genre`, `entryid`) VALUES ('Romance','4432');
INSERT INTO `author`(`name`,`birthyear`,`deathyear`) VALUES('Carlie Narimatsu','1951','2038');
INSERT INTO `author_book`(`author`, `entryid`) VALUES ('Carlie Narimatsu','4432');
INSERT INTO `publisher_book`(`publisher`, `entryid`) VALUES ('Glackin Inc.','4432');
INSERT INTO `entry`(`entryid`,`type`) VALUES('4433','b');
INSERT INTO `book`(`title`,`entryid`,`isbn`,`type`) VALUES('Honey for the renewable Mind','4433','0810380562407','e');
INSERT INTO `genre_book`(`genre`, `entryid`) VALUES ('Horror','4433');
INSERT INTO `author_book`(`author`, `entryid`) VALUES ('Lorrie Ritzel','4433');
INSERT INTO `publisher_book`(`publisher`, `entryid`) VALUES ('Cerrito Inc.','4433');
INSERT INTO `entry`(`entryid`,`type`) VALUES('4434','b');
INSERT INTO `book`(`title`,`entryid`,`isbn`,`type`) VALUES('Swim of the Selection','4434','9866155577642','e');
INSERT INTO `genre_book`(`genre`, `entryid`) VALUES ('Education','4434');
INSERT INTO `author`(`name`,`birthyear`,`deathyear`) VALUES('Latoyia Skalicky','1950','1991');
INSERT INTO `author_book`(`author`, `entryid`) VALUES ('Latoyia Skalicky','4434');
INSERT INTO `publisher_book`(`publisher`, `entryid`) VALUES ('Moritz Cooperations.','4434');
INSERT INTO `entry`(`entryid`,`type`) VALUES('4435','b');
INSERT INTO `book`(`title`,`entryid`,`isbn`,`type`) VALUES('Turkish with variative Story','4435','9549093419513','j');
INSERT INTO `genre_book`(`genre`, `entryid`) VALUES ('Sci-Fi','4435');
INSERT INTO `author_book`(`author`, `entryid`) VALUES ('Mabel Justo','4435');
INSERT INTO `publisher_book`(`publisher`, `entryid`) VALUES ('Mcbee Cooperations.','4435');
INSERT INTO `entry`(`entryid`,`type`) VALUES('4436','b');
INSERT INTO `book`(`title`,`entryid`,`isbn`,`type`) VALUES('Plant vs. Acoustic','4436','0615582248888','b');
INSERT INTO `genre_book`(`genre`, `entryid`) VALUES ('Horror','4436');
INSERT INTO `author_book`(`author`, `entryid`) VALUES ('Alexander Pryde','4436');
INSERT INTO `publisher_book`(`publisher`, `entryid`) VALUES ('Kedley Cooperations.','4436');
INSERT INTO `entry`(`entryid`,`type`) VALUES('4437','b');
INSERT INTO `book`(`title`,`entryid`,`isbn`,`type`) VALUES('Geese because of Algerian Vise','4437','0656859637430','e');
INSERT INTO `genre_book`(`genre`, `entryid`) VALUES ('Horror','4437');
INSERT INTO `author_book`(`author`, `entryid`) VALUES ('Arianne Murillo','4437');
INSERT INTO `publisher_book`(`publisher`, `entryid`) VALUES ('Fattig Inc.','4437');
INSERT INTO `entry`(`entryid`,`type`) VALUES('4438','b');
INSERT INTO `book`(`title`,`entryid`,`isbn`,`type`) VALUES('Boundary by the loose Learning','4438','0056907215538','e');
INSERT INTO `genre_book`(`genre`, `entryid`) VALUES ('Thriller','4438');
INSERT INTO `author_book`(`author`, `entryid`) VALUES ('Mercedes Penha','4438');
INSERT INTO `publisher_book`(`publisher`, `entryid`) VALUES ('Capurro Publishers.','4438');
INSERT INTO `entry`(`entryid`,`type`) VALUES('4439','b');
INSERT INTO `book`(`title`,`entryid`,`isbn`,`type`) VALUES('Walk to labouring Kevin','4439','9445506533291','b');
INSERT INTO `genre_book`(`genre`, `entryid`) VALUES ('Adventure','4439');
INSERT INTO `author`(`name`,`birthyear`,`deathyear`) VALUES('Argentina Brookover','1953','2046');
INSERT INTO `author_book`(`author`, `entryid`) VALUES ('Argentina Brookover','4439');
INSERT INTO `publisher_book`(`publisher`, `entryid`) VALUES ('Sollors Publishers.','4439');
INSERT INTO `entry`(`entryid`,`type`) VALUES('4440','b');
INSERT INTO `book`(`title`,`entryid`,`isbn`,`type`) VALUES('Chimpanzee vs. Blue','4440','0748471840903','j');
INSERT INTO `genre_book`(`genre`, `entryid`) VALUES ('Thriller','4440');
INSERT INTO `author_book`(`author`, `entryid`) VALUES ('Brenton Ambuehl','4440');
INSERT INTO `publisher_book`(`publisher`, `entryid`) VALUES ('Viejo Publishers.','4440');
INSERT INTO `entry`(`entryid`,`type`) VALUES('4441','b');
INSERT INTO `book`(`title`,`entryid`,`isbn`,`type`) VALUES('Dry because of Rest','4441','9171731543798','b');
INSERT INTO `genre_book`(`genre`, `entryid`) VALUES ('Sci-Fi','4441');
INSERT INTO `author_book`(`author`, `entryid`) VALUES ('Vesta Wurst','4441');
INSERT INTO `publisher_book`(`publisher`, `entryid`) VALUES ('Capurro Publishers.','4441');
INSERT INTO `entry`(`entryid`,`type`) VALUES('4442','b');
INSERT INTO `book`(`title`,`entryid`,`isbn`,`type`) VALUES('Market in the Card','4442','0728756841384','j');
INSERT INTO `genre_book`(`genre`, `entryid`) VALUES ('Education','4442');
INSERT INTO `author_book`(`author`, `entryid`) VALUES ('Marry Pam','4442');
INSERT INTO `publisher_book`(`publisher`, `entryid`) VALUES ('Dubrey Cooperations.','4442');
INSERT INTO `entry`(`entryid`,`type`) VALUES('4443','b');
INSERT INTO `book`(`title`,`entryid`,`isbn`,`type`) VALUES('Reaction because of Family','4443','9695997939965','j');
INSERT INTO `genre_book`(`genre`, `entryid`) VALUES ('Adventure','4443');
INSERT INTO `author_book`(`author`, `entryid`) VALUES ('Penny Duel','4443');
INSERT INTO `publisher_book`(`publisher`, `entryid`) VALUES ('Lund Inc.','4443');
INSERT INTO `entry`(`entryid`,`type`) VALUES('4444','b');
INSERT INTO `book`(`title`,`entryid`,`isbn`,`type`) VALUES('William because of waiting Feather','4444','9974339855896','j');
INSERT INTO `genre_book`(`genre`, `entryid`) VALUES ('Education','4444');
INSERT INTO `author_book`(`author`, `entryid`) VALUES ('Olevia Manues','4444');
INSERT INTO `publisher_book`(`publisher`, `entryid`) VALUES ('Dentel Inc.','4444');
INSERT INTO `entry`(`entryid`,`type`) VALUES('4445','b');
INSERT INTO `book`(`title`,`entryid`,`isbn`,`type`) VALUES('Utensil in the Children','4445','0451238228561','b');
INSERT INTO `genre_book`(`genre`, `entryid`) VALUES ('Sci-Fi','4445');
INSERT INTO `author_book`(`author`, `entryid`) VALUES ('Angelic Beechum','4445');
INSERT INTO `publisher_book`(`publisher`, `entryid`) VALUES ('Graffney Inc.','4445');
INSERT INTO `entry`(`entryid`,`type`) VALUES('4446','b');
INSERT INTO `book`(`title`,`entryid`,`isbn`,`type`) VALUES('Believe of the agaze Drama','4446','0664065886512','b');
INSERT INTO `genre_book`(`genre`, `entryid`) VALUES ('Horror','4446');
INSERT INTO `author_book`(`author`, `entryid`) VALUES ('Deane Heap','4446');
INSERT INTO `publisher_book`(`publisher`, `entryid`) VALUES ('Varas Publishers.','4446');
INSERT INTO `entry`(`entryid`,`type`) VALUES('4447','b');
INSERT INTO `book`(`title`,`entryid`,`isbn`,`type`) VALUES('Couch because of Peen','4447','9956584408649','j');
INSERT INTO `genre_book`(`genre`, `entryid`) VALUES ('Sci-Fi','4447');
INSERT INTO `author`(`name`,`birthyear`,`deathyear`) VALUES('Renate Voth','1966','2064');
INSERT INTO `author_book`(`author`, `entryid`) VALUES ('Renate Voth','4447');
INSERT INTO `publisher_book`(`publisher`, `entryid`) VALUES ('Gumphrey Publishers.','4447');
INSERT INTO `entry`(`entryid`,`type`) VALUES('4448','b');
INSERT INTO `book`(`title`,`entryid`,`isbn`,`type`) VALUES('Fragrance of unraked Poet','4448','0526388555413','e');
INSERT INTO `genre_book`(`genre`, `entryid`) VALUES ('Adventure','4448');
INSERT INTO `author_book`(`author`, `entryid`) VALUES ('Roxann Schuchard','4448');
INSERT INTO `publisher_book`(`publisher`, `entryid`) VALUES ('Cormican Inc.','4448');
INSERT INTO `entry`(`entryid`,`type`) VALUES('4449','b');
INSERT INTO `book`(`title`,`entryid`,`isbn`,`type`) VALUES('Dinosaur for the puffiest Hell','4449','9045949731355','j');
INSERT INTO `genre_book`(`genre`, `entryid`) VALUES ('Education','4449');
INSERT INTO `author_book`(`author`, `entryid`) VALUES ('Suzann Sarcinella','4449');
INSERT INTO `publisher_book`(`publisher`, `entryid`) VALUES ('Weymouth Inc.','4449');
INSERT INTO `entry`(`entryid`,`type`) VALUES('4450','b');
INSERT INTO `book`(`title`,`entryid`,`isbn`,`type`) VALUES('Bomb to the Agenda','4450','0977461062260','j');
INSERT INTO `genre_book`(`genre`, `entryid`) VALUES ('Education','4450');
INSERT INTO `author_book`(`author`, `entryid`) VALUES ('Philomena Pooschke','4450');
INSERT INTO `publisher_book`(`publisher`, `entryid`) VALUES ('Harbin Cooperations.','4450');
INSERT INTO `entry`(`entryid`,`type`) VALUES('4451','b');
INSERT INTO `book`(`title`,`entryid`,`isbn`,`type`) VALUES('Eyebrow of contending Lock','4451','0335016398760','j');
INSERT INTO `genre_book`(`genre`, `entryid`) VALUES ('Romance','4451');
INSERT INTO `author_book`(`author`, `entryid`) VALUES ('Tegan Mccranie','4451');
INSERT INTO `publisher_book`(`publisher`, `entryid`) VALUES ('Capistran Cooperations.','4451');
INSERT INTO `entry`(`entryid`,`type`) VALUES('4452','b');
INSERT INTO `book`(`title`,`entryid`,`isbn`,`type`) VALUES('Week vs. Route','4452','0945875343220','e');
INSERT INTO `genre_book`(`genre`, `entryid`) VALUES ('Sci-Fi','4452');
INSERT INTO `author_book`(`author`, `entryid`) VALUES ('Mathew Idrovo','4452');
INSERT INTO `publisher_book`(`publisher`, `entryid`) VALUES ('Hurtgen Inc.','4452');
INSERT INTO `entry`(`entryid`,`type`) VALUES('4453','b');
INSERT INTO `book`(`title`,`entryid`,`isbn`,`type`) VALUES('Cut by unbiassed Nurse','4453','9570047214032','e');
INSERT INTO `genre_book`(`genre`, `entryid`) VALUES ('Horror','4453');
INSERT INTO `author_book`(`author`, `entryid`) VALUES ('Carmelina Wasylow','4453');
INSERT INTO `publisher_book`(`publisher`, `entryid`) VALUES ('Stjohn Publishers.','4453');
INSERT INTO `entry`(`entryid`,`type`) VALUES('4454','b');
INSERT INTO `book`(`title`,`entryid`,`isbn`,`type`) VALUES('Satin because of ramstam Beer','4454','0483489573704','e');
INSERT INTO `genre_book`(`genre`, `entryid`) VALUES ('Romance','4454');
INSERT INTO `author_book`(`author`, `entryid`) VALUES ('Bev Buckless','4454');
INSERT INTO `publisher_book`(`publisher`, `entryid`) VALUES ('Diliberti Inc.','4454');
INSERT INTO `entry`(`entryid`,`type`) VALUES('4455','b');
INSERT INTO `book`(`title`,`entryid`,`isbn`,`type`) VALUES('Turnover of the Saudi arabia','4455','0827895863598','e');
INSERT INTO `genre_book`(`genre`, `entryid`) VALUES ('Adventure','4455');
INSERT INTO `author_book`(`author`, `entryid`) VALUES ('Randee Pesses','4455');
INSERT INTO `publisher_book`(`publisher`, `entryid`) VALUES ('Nighswander Publishers.','4455');
INSERT INTO `entry`(`entryid`,`type`) VALUES('4456','b');
INSERT INTO `book`(`title`,`entryid`,`isbn`,`type`) VALUES('Titanium against ectypal Comma','4456','9139424201136','b');
INSERT INTO `genre_book`(`genre`, `entryid`) VALUES ('Education','4456');
INSERT INTO `author_book`(`author`, `entryid`) VALUES ('Dixie Gillette','4456');
INSERT INTO `publisher_book`(`publisher`, `entryid`) VALUES ('Hamnon Publishers.','4456');
INSERT INTO `entry`(`entryid`,`type`) VALUES('4457','b');
INSERT INTO `book`(`title`,`entryid`,`isbn`,`type`) VALUES('Soprano to pyralid Guarantee','4457','9271874810952','j');
INSERT INTO `genre_book`(`genre`, `entryid`) VALUES ('Education','4457');
INSERT INTO `author_book`(`author`, `entryid`) VALUES ('Cheree Bachor','4457');
INSERT INTO `publisher_book`(`publisher`, `entryid`) VALUES ('Maury Publishers.','4457');
INSERT INTO `entry`(`entryid`,`type`) VALUES('4458','b');
INSERT INTO `book`(`title`,`entryid`,`isbn`,`type`) VALUES('Mimosa against unparliamentary Ray','4458','9626595065197','b');
INSERT INTO `genre_book`(`genre`, `entryid`) VALUES ('Science','4458');
INSERT INTO `author_book`(`author`, `entryid`) VALUES ('Ollie Labbadia','4458');
INSERT INTO `publisher_book`(`publisher`, `entryid`) VALUES ('Casimir Cooperations.','4458');
INSERT INTO `entry`(`entryid`,`type`) VALUES('4459','b');
INSERT INTO `book`(`title`,`entryid`,`isbn`,`type`) VALUES('Chronometer to retrorse Partridge','4459','0897801140218','j');
INSERT INTO `genre_book`(`genre`, `entryid`) VALUES ('Science','4459');
INSERT INTO `author_book`(`author`, `entryid`) VALUES ('Andrea Morneau','4459');
INSERT INTO `publisher_book`(`publisher`, `entryid`) VALUES ('Bernadette Cooperations.','4459');
INSERT INTO `entry`(`entryid`,`type`) VALUES('4460','b');
INSERT INTO `book`(`title`,`entryid`,`isbn`,`type`) VALUES('Hyena against the lotic Mark','4460','0635424040429','b');
INSERT INTO `genre_book`(`genre`, `entryid`) VALUES ('Romance','4460');
INSERT INTO `author`(`name`,`birthyear`,`deathyear`) VALUES('Joshua Berzins','1904','1975');
INSERT INTO `author_book`(`author`, `entryid`) VALUES ('Joshua Berzins','4460');
INSERT INTO `publisher_book`(`publisher`, `entryid`) VALUES ('Kleis Inc.','4460');
INSERT INTO `entry`(`entryid`,`type`) VALUES('4461','b');
INSERT INTO `book`(`title`,`entryid`,`isbn`,`type`) VALUES('Taxicab of coreless Begonia','4461','0202283864913','b');
INSERT INTO `genre_book`(`genre`, `entryid`) VALUES ('Science','4461');
INSERT INTO `author_book`(`author`, `entryid`) VALUES ('Rebbeca Palmquist','4461');
INSERT INTO `publisher_book`(`publisher`, `entryid`) VALUES ('Lucious Publishers.','4461');
INSERT INTO `entry`(`entryid`,`type`) VALUES('4462','b');
INSERT INTO `book`(`title`,`entryid`,`isbn`,`type`) VALUES('Blow and Berry','4462','0285414895225','j');
INSERT INTO `genre_book`(`genre`, `entryid`) VALUES ('Adventure','4462');
INSERT INTO `author`(`name`,`birthyear`,`deathyear`) VALUES('Toshiko Kocher','1942','2039');
INSERT INTO `author_book`(`author`, `entryid`) VALUES ('Toshiko Kocher','4462');
INSERT INTO `publisher_book`(`publisher`, `entryid`) VALUES ('Goldhaber Publishers.','4462');
INSERT INTO `entry`(`entryid`,`type`) VALUES('4463','b');
INSERT INTO `book`(`title`,`entryid`,`isbn`,`type`) VALUES('Day vs. Scale','4463','9242103711451','j');
INSERT INTO `genre_book`(`genre`, `entryid`) VALUES ('Adventure','4463');
INSERT INTO `author_book`(`author`, `entryid`) VALUES ('Raymonde Quade','4463');
INSERT INTO `publisher_book`(`publisher`, `entryid`) VALUES ('Seta Inc.','4463');
INSERT INTO `entry`(`entryid`,`type`) VALUES('4464','b');
INSERT INTO `book`(`title`,`entryid`,`isbn`,`type`) VALUES('Apartment for the Twig','4464','0314884200358','e');
INSERT INTO `genre_book`(`genre`, `entryid`) VALUES ('Adventure','4464');
INSERT INTO `author_book`(`author`, `entryid`) VALUES ('Karoline Hersh','4464');
INSERT INTO `publisher_book`(`publisher`, `entryid`) VALUES ('Sollis Inc.','4464');
INSERT INTO `entry`(`entryid`,`type`) VALUES('4465','b');
INSERT INTO `book`(`title`,`entryid`,`isbn`,`type`) VALUES('Salary vs. house-broken Seat','4465','0537606766868','e');
INSERT INTO `genre_book`(`genre`, `entryid`) VALUES ('Science','4465');
INSERT INTO `author_book`(`author`, `entryid`) VALUES ('William Sumrow','4465');
INSERT INTO `publisher_book`(`publisher`, `entryid`) VALUES ('Terrell Cooperations.','4465');
INSERT INTO `entry`(`entryid`,`type`) VALUES('4466','b');
INSERT INTO `book`(`title`,`entryid`,`isbn`,`type`) VALUES('Syrup for the equalitarian Skate','4466','0759679426951','j');
INSERT INTO `genre_book`(`genre`, `entryid`) VALUES ('Adventure','4466');
INSERT INTO `author`(`name`,`birthyear`,`deathyear`) VALUES('Lourdes Lopau','1949','2030');
INSERT INTO `author_book`(`author`, `entryid`) VALUES ('Lourdes Lopau','4466');
INSERT INTO `publisher_book`(`publisher`, `entryid`) VALUES ('Cordas Inc.','4466');
INSERT INTO `entry`(`entryid`,`type`) VALUES('4467','b');
INSERT INTO `book`(`title`,`entryid`,`isbn`,`type`) VALUES('Son against the Scent','4467','9201404952885','j');
INSERT INTO `genre_book`(`genre`, `entryid`) VALUES ('Science','4467');
INSERT INTO `author_book`(`author`, `entryid`) VALUES ('Barbra Esquer','4467');
INSERT INTO `publisher_book`(`publisher`, `entryid`) VALUES ('Miccio Cooperations.','4467');
INSERT INTO `entry`(`entryid`,`type`) VALUES('4468','b');
INSERT INTO `book`(`title`,`entryid`,`isbn`,`type`) VALUES('City for the heterotopic Utensil','4468','9128286066761','e');
INSERT INTO `genre_book`(`genre`, `entryid`) VALUES ('Sci-Fi','4468');
INSERT INTO `author_book`(`author`, `entryid`) VALUES ('Kimiko Lazaroff','4468');
INSERT INTO `publisher_book`(`publisher`, `entryid`) VALUES ('Domino Inc.','4468');
INSERT INTO `entry`(`entryid`,`type`) VALUES('4469','b');
INSERT INTO `book`(`title`,`entryid`,`isbn`,`type`) VALUES('Eel for nitwitted Television','4469','0831784179162','b');
INSERT INTO `genre_book`(`genre`, `entryid`) VALUES ('Thriller','4469');
INSERT INTO `author_book`(`author`, `entryid`) VALUES ('Latesha Didriksen','4469');
INSERT INTO `publisher_book`(`publisher`, `entryid`) VALUES ('Savic Inc.','4469');
INSERT INTO `entry`(`entryid`,`type`) VALUES('4470','b');
INSERT INTO `book`(`title`,`entryid`,`isbn`,`type`) VALUES('Sort with the Jeep','4470','9326027118381','e');
INSERT INTO `genre_book`(`genre`, `entryid`) VALUES ('Horror','4470');
INSERT INTO `author_book`(`author`, `entryid`) VALUES ('Lora Record','4470');
INSERT INTO `publisher_book`(`publisher`, `entryid`) VALUES ('Nunez Publishers.','4470');
INSERT INTO `entry`(`entryid`,`type`) VALUES('4471','b');
INSERT INTO `book`(`title`,`entryid`,`isbn`,`type`) VALUES('Dinghy with pimpled Fireplace','4471','9364646380301','j');
INSERT INTO `genre_book`(`genre`, `entryid`) VALUES ('Romance','4471');
INSERT INTO `author_book`(`author`, `entryid`) VALUES ('Delcie Mclemore','4471');
INSERT INTO `publisher_book`(`publisher`, `entryid`) VALUES ('Aslett Publishers.','4471');
INSERT INTO `entry`(`entryid`,`type`) VALUES('4472','b');
INSERT INTO `book`(`title`,`entryid`,`isbn`,`type`) VALUES('Age for genitive Accelerator','4472','0882364992427','b');
INSERT INTO `genre_book`(`genre`, `entryid`) VALUES ('Adventure','4472');
INSERT INTO `author`(`name`,`birthyear`,`deathyear`) VALUES('Douglass Grasmuck','1922','1967');
INSERT INTO `author_book`(`author`, `entryid`) VALUES ('Douglass Grasmuck','4472');
INSERT INTO `publisher_book`(`publisher`, `entryid`) VALUES ('Seta Inc.','4472');
INSERT INTO `entry`(`entryid`,`type`) VALUES('4473','b');
INSERT INTO `book`(`title`,`entryid`,`isbn`,`type`) VALUES('Insulation in the unbusinesslike Fragrance','4473','9862527455050','e');
INSERT INTO `genre_book`(`genre`, `entryid`) VALUES ('Science','4473');
INSERT INTO `author_book`(`author`, `entryid`) VALUES ('Delcie Mclemore','4473');
INSERT INTO `publisher_book`(`publisher`, `entryid`) VALUES ('Doerflinger Inc.','4473');
INSERT INTO `entry`(`entryid`,`type`) VALUES('4474','b');
INSERT INTO `book`(`title`,`entryid`,`isbn`,`type`) VALUES('Desire in coccoid Description','4474','9126648855848','b');
INSERT INTO `genre_book`(`genre`, `entryid`) VALUES ('Thriller','4474');
INSERT INTO `author_book`(`author`, `entryid`) VALUES ('Albert Dorman','4474');
INSERT INTO `publisher_book`(`publisher`, `entryid`) VALUES ('Pagani Cooperations.','4474');
INSERT INTO `entry`(`entryid`,`type`) VALUES('4475','b');
INSERT INTO `book`(`title`,`entryid`,`isbn`,`type`) VALUES('Bestseller by collateral Burst','4475','0305759854276','j');
INSERT INTO `genre_book`(`genre`, `entryid`) VALUES ('Thriller','4475');
INSERT INTO `author_book`(`author`, `entryid`) VALUES ('Elizebeth Bridgers','4475');
INSERT INTO `publisher_book`(`publisher`, `entryid`) VALUES ('Weagraff Cooperations.','4475');
INSERT INTO `entry`(`entryid`,`type`) VALUES('4476','b');
INSERT INTO `book`(`title`,`entryid`,`isbn`,`type`) VALUES('Volleyball by the improvable Softdrink','4476','9860191399775','j');
INSERT INTO `genre_book`(`genre`, `entryid`) VALUES ('Thriller','4476');
INSERT INTO `author_book`(`author`, `entryid`) VALUES ('Kylee Wabasha','4476');
INSERT INTO `publisher_book`(`publisher`, `entryid`) VALUES ('Welty Inc.','4476');
INSERT INTO `entry`(`entryid`,`type`) VALUES('4477','b');
INSERT INTO `book`(`title`,`entryid`,`isbn`,`type`) VALUES('Order because of Pocket','4477','9615692120326','e');
INSERT INTO `genre_book`(`genre`, `entryid`) VALUES ('Education','4477');
INSERT INTO `author_book`(`author`, `entryid`) VALUES ('Martin Caudle','4477');
INSERT INTO `publisher_book`(`publisher`, `entryid`) VALUES ('Weagraff Cooperations.','4477');
INSERT INTO `entry`(`entryid`,`type`) VALUES('4478','b');
INSERT INTO `book`(`title`,`entryid`,`isbn`,`type`) VALUES('Net by Profit','4478','9915691935814','e');
INSERT INTO `genre_book`(`genre`, `entryid`) VALUES ('Sci-Fi','4478');
INSERT INTO `author_book`(`author`, `entryid`) VALUES ('Willian Levene','4478');
INSERT INTO `publisher_book`(`publisher`, `entryid`) VALUES ('Luchenbill Inc.','4478');
INSERT INTO `entry`(`entryid`,`type`) VALUES('4479','b');
INSERT INTO `book`(`title`,`entryid`,`isbn`,`type`) VALUES('Nigeria to Vise','4479','9727459720243','e');
INSERT INTO `genre_book`(`genre`, `entryid`) VALUES ('Thriller','4479');
INSERT INTO `author`(`name`,`birthyear`,`deathyear`) VALUES('Susanne Walkowski','1893','1978');
INSERT INTO `author_book`(`author`, `entryid`) VALUES ('Susanne Walkowski','4479');
INSERT INTO `publisher_book`(`publisher`, `entryid`) VALUES ('Massar Inc.','4479');
INSERT INTO `entry`(`entryid`,`type`) VALUES('4480','b');
INSERT INTO `book`(`title`,`entryid`,`isbn`,`type`) VALUES('Bush and Key','4480','9983841926377','j');
INSERT INTO `genre_book`(`genre`, `entryid`) VALUES ('Science','4480');
INSERT INTO `author_book`(`author`, `entryid`) VALUES ('Shawana Vancleve','4480');
INSERT INTO `publisher_book`(`publisher`, `entryid`) VALUES ('Baltazor Publishers.','4480');
INSERT INTO `entry`(`entryid`,`type`) VALUES('4481','b');
INSERT INTO `book`(`title`,`entryid`,`isbn`,`type`) VALUES('Tugboat with unrequisite Dessert','4481','9796407913125','j');
INSERT INTO `genre_book`(`genre`, `entryid`) VALUES ('Education','4481');
INSERT INTO `author_book`(`author`, `entryid`) VALUES ('Alphonse Torbeck','4481');
INSERT INTO `publisher_book`(`publisher`, `entryid`) VALUES ('Katzaman Cooperations.','4481');
INSERT INTO `entry`(`entryid`,`type`) VALUES('4482','b');
INSERT INTO `book`(`title`,`entryid`,`isbn`,`type`) VALUES('Mayonnaise to assimilative John','4482','0786895956525','b');
INSERT INTO `genre_book`(`genre`, `entryid`) VALUES ('Adventure','4482');
INSERT INTO `author_book`(`author`, `entryid`) VALUES ('Gianna Laffredo','4482');
INSERT INTO `publisher_book`(`publisher`, `entryid`) VALUES ('Neuman Cooperations.','4482');
INSERT INTO `entry`(`entryid`,`type`) VALUES('4483','b');
INSERT INTO `book`(`title`,`entryid`,`isbn`,`type`) VALUES('South korea of the aversive German','4483','9995878813250','j');
INSERT INTO `genre_book`(`genre`, `entryid`) VALUES ('Thriller','4483');
INSERT INTO `author`(`name`,`birthyear`,`deathyear`) VALUES('Tammara Igartua','1914','2011');
INSERT INTO `author_book`(`author`, `entryid`) VALUES ('Tammara Igartua','4483');
INSERT INTO `publisher_book`(`publisher`, `entryid`) VALUES ('Lund Inc.','4483');
INSERT INTO `entry`(`entryid`,`type`) VALUES('4484','b');
INSERT INTO `book`(`title`,`entryid`,`isbn`,`type`) VALUES('Tsunami and the Croissant','4484','0826341441454','e');
INSERT INTO `genre_book`(`genre`, `entryid`) VALUES ('Romance','4484');
INSERT INTO `author_book`(`author`, `entryid`) VALUES ('Bart Khalaf','4484');
INSERT INTO `publisher_book`(`publisher`, `entryid`) VALUES ('Rothery Cooperations.','4484');
INSERT INTO `entry`(`entryid`,`type`) VALUES('4485','b');
INSERT INTO `book`(`title`,`entryid`,`isbn`,`type`) VALUES('Wish to Snowflake','4485','9944829365014','e');
INSERT INTO `genre_book`(`genre`, `entryid`) VALUES ('Education','4485');
INSERT INTO `author_book`(`author`, `entryid`) VALUES ('Rosetta Harwin','4485');
INSERT INTO `publisher_book`(`publisher`, `entryid`) VALUES ('Luchenbill Inc.','4485');
INSERT INTO `entry`(`entryid`,`type`) VALUES('4486','b');
INSERT INTO `book`(`title`,`entryid`,`isbn`,`type`) VALUES('Lotion to Lumber','4486','0399746230119','b');
INSERT INTO `genre_book`(`genre`, `entryid`) VALUES ('Horror','4486');
INSERT INTO `author_book`(`author`, `entryid`) VALUES ('Marilu Ayars','4486');
INSERT INTO `publisher_book`(`publisher`, `entryid`) VALUES ('Mastera Cooperations.','4486');
INSERT INTO `entry`(`entryid`,`type`) VALUES('4487','b');
INSERT INTO `book`(`title`,`entryid`,`isbn`,`type`) VALUES('Plantation because of Need','4487','0129139285501','j');
INSERT INTO `genre_book`(`genre`, `entryid`) VALUES ('Sci-Fi','4487');
INSERT INTO `author_book`(`author`, `entryid`) VALUES ('Layne Hoeppner','4487');
INSERT INTO `publisher_book`(`publisher`, `entryid`) VALUES ('Aleman Inc.','4487');
INSERT INTO `entry`(`entryid`,`type`) VALUES('4488','b');
INSERT INTO `book`(`title`,`entryid`,`isbn`,`type`) VALUES('Mexico because of Rectangle','4488','0476601649655','b');
INSERT INTO `genre_book`(`genre`, `entryid`) VALUES ('Romance','4488');
INSERT INTO `author_book`(`author`, `entryid`) VALUES ('Colene Takaoka','4488');
INSERT INTO `publisher_book`(`publisher`, `entryid`) VALUES ('Piccinini Publishers.','4488');
INSERT INTO `entry`(`entryid`,`type`) VALUES('4489','b');
INSERT INTO `book`(`title`,`entryid`,`isbn`,`type`) VALUES('Magic against Yew','4489','9888389732009','e');
INSERT INTO `genre_book`(`genre`, `entryid`) VALUES ('Sci-Fi','4489');
INSERT INTO `author`(`name`,`birthyear`,`deathyear`) VALUES('Jo Durrell','1887','1907');
INSERT INTO `author_book`(`author`, `entryid`) VALUES ('Jo Durrell','4489');
INSERT INTO `publisher_book`(`publisher`, `entryid`) VALUES ('Rohanna Publishers.','4489');
INSERT INTO `entry`(`entryid`,`type`) VALUES('4490','b');
INSERT INTO `book`(`title`,`entryid`,`isbn`,`type`) VALUES('Litter and the fictive Paperback','4490','0860608006410','j');
INSERT INTO `genre_book`(`genre`, `entryid`) VALUES ('Romance','4490');
INSERT INTO `author_book`(`author`, `entryid`) VALUES ('Paris Samway','4490');
INSERT INTO `publisher_book`(`publisher`, `entryid`) VALUES ('Casaceli Inc.','4490');
INSERT INTO `entry`(`entryid`,`type`) VALUES('4491','b');
INSERT INTO `book`(`title`,`entryid`,`isbn`,`type`) VALUES('Robert for quartan Underwear','4491','0548937576739','b');
INSERT INTO `genre_book`(`genre`, `entryid`) VALUES ('Sci-Fi','4491');
INSERT INTO `author_book`(`author`, `entryid`) VALUES ('Elizebeth Bridgers','4491');
INSERT INTO `publisher_book`(`publisher`, `entryid`) VALUES ('Murdaugh Cooperations.','4491');
INSERT INTO `entry`(`entryid`,`type`) VALUES('4492','b');
INSERT INTO `book`(`title`,`entryid`,`isbn`,`type`) VALUES('Candle with Chin','4492','9505751971874','e');
INSERT INTO `genre_book`(`genre`, `entryid`) VALUES ('Adventure','4492');
INSERT INTO `author_book`(`author`, `entryid`) VALUES ('Hector Cawon','4492');
INSERT INTO `publisher_book`(`publisher`, `entryid`) VALUES ('Lanagan Inc.','4492');
INSERT INTO `entry`(`entryid`,`type`) VALUES('4493','b');
INSERT INTO `book`(`title`,`entryid`,`isbn`,`type`) VALUES('Tractor and the Candle','4493','9970172518117','b');
INSERT INTO `genre_book`(`genre`, `entryid`) VALUES ('Science','4493');
INSERT INTO `author_book`(`author`, `entryid`) VALUES ('Kendall Folks','4493');
INSERT INTO `publisher_book`(`publisher`, `entryid`) VALUES ('Pudenz Inc.','4493');
INSERT INTO `entry`(`entryid`,`type`) VALUES('4494','b');
INSERT INTO `book`(`title`,`entryid`,`isbn`,`type`) VALUES('Cent by the Forgery','4494','9852879712179','j');
INSERT INTO `genre_book`(`genre`, `entryid`) VALUES ('Adventure','4494');
INSERT INTO `author_book`(`author`, `entryid`) VALUES ('Leah Dettmann','4494');
INSERT INTO `publisher_book`(`publisher`, `entryid`) VALUES ('Danowski Publishers.','4494');
INSERT INTO `entry`(`entryid`,`type`) VALUES('4495','b');
INSERT INTO `book`(`title`,`entryid`,`isbn`,`type`) VALUES('Tadpole for Hallway','4495','0458243503246','b');
INSERT INTO `genre_book`(`genre`, `entryid`) VALUES ('Romance','4495');
INSERT INTO `author_book`(`author`, `entryid`) VALUES ('Lonnie Oropesa','4495');
INSERT INTO `publisher_book`(`publisher`, `entryid`) VALUES ('Shamily Inc.','4495');
INSERT INTO `entry`(`entryid`,`type`) VALUES('4496','b');
INSERT INTO `book`(`title`,`entryid`,`isbn`,`type`) VALUES('Creditor because of Deborah','4496','9093029582517','b');
INSERT INTO `genre_book`(`genre`, `entryid`) VALUES ('Science','4496');
INSERT INTO `author`(`name`,`birthyear`,`deathyear`) VALUES('Rosanna Tochterman','1947','2010');
INSERT INTO `author_book`(`author`, `entryid`) VALUES ('Rosanna Tochterman','4496');
INSERT INTO `publisher_book`(`publisher`, `entryid`) VALUES ('Sollors Publishers.','4496');
INSERT INTO `entry`(`entryid`,`type`) VALUES('4497','b');
INSERT INTO `book`(`title`,`entryid`,`isbn`,`type`) VALUES('Underpants by Cultivator','4497','9592041668215','j');
INSERT INTO `genre_book`(`genre`, `entryid`) VALUES ('Education','4497');
INSERT INTO `author_book`(`author`, `entryid`) VALUES ('Ivelisse Rosenthall','4497');
INSERT INTO `publisher_book`(`publisher`, `entryid`) VALUES ('Trnka Inc.','4497');
INSERT INTO `entry`(`entryid`,`type`) VALUES('4498','b');
INSERT INTO `book`(`title`,`entryid`,`isbn`,`type`) VALUES('East because of self-winding Russia','4498','0024177381192','b');
INSERT INTO `genre_book`(`genre`, `entryid`) VALUES ('Thriller','4498');
INSERT INTO `author_book`(`author`, `entryid`) VALUES ('Noemi Manlangit','4498');
INSERT INTO `publisher_book`(`publisher`, `entryid`) VALUES ('Yanik Publishers.','4498');
INSERT INTO `entry`(`entryid`,`type`) VALUES('4499','b');
INSERT INTO `book`(`title`,`entryid`,`isbn`,`type`) VALUES('Toothpaste to the Anthony','4499','9265031664453','e');
INSERT INTO `genre_book`(`genre`, `entryid`) VALUES ('Thriller','4499');
INSERT INTO `author`(`name`,`birthyear`,`deathyear`) VALUES('Isaura Sin','1973','2009');
INSERT INTO `author_book`(`author`, `entryid`) VALUES ('Isaura Sin','4499');
INSERT INTO `publisher_book`(`publisher`, `entryid`) VALUES ('Dewolff Cooperations.','4499');
INSERT INTO `entry`(`entryid`,`type`) VALUES('4500','b');
INSERT INTO `book`(`title`,`entryid`,`isbn`,`type`) VALUES('Stove for the Chain','4500','0382317160611','e');
INSERT INTO `genre_book`(`genre`, `entryid`) VALUES ('Adventure','4500');
INSERT INTO `author_book`(`author`, `entryid`) VALUES ('Breanna Vogelsang','4500');
INSERT INTO `publisher_book`(`publisher`, `entryid`) VALUES ('Leydecker Inc.','4500');
INSERT INTO `entry`(`entryid`,`type`) VALUES('4501','b');
INSERT INTO `book`(`title`,`entryid`,`isbn`,`type`) VALUES('Text for the hag-ridden Pail','4501','9300766980630','b');
INSERT INTO `genre_book`(`genre`, `entryid`) VALUES ('Thriller','4501');
INSERT INTO `author_book`(`author`, `entryid`) VALUES ('Kimiko Zastawny','4501');
INSERT INTO `publisher_book`(`publisher`, `entryid`) VALUES ('Hults Cooperations.','4501');
INSERT INTO `entry`(`entryid`,`type`) VALUES('4502','b');
INSERT INTO `book`(`title`,`entryid`,`isbn`,`type`) VALUES('Call by unfenced Lyocell','4502','9703730065033','b');
INSERT INTO `genre_book`(`genre`, `entryid`) VALUES ('Science','4502');
INSERT INTO `author`(`name`,`birthyear`,`deathyear`) VALUES('Angel Loflen','1912','1996');
INSERT INTO `author_book`(`author`, `entryid`) VALUES ('Angel Loflen','4502');
INSERT INTO `publisher_book`(`publisher`, `entryid`) VALUES ('Ruggero Cooperations.','4502');
INSERT INTO `entry`(`entryid`,`type`) VALUES('4503','b');
INSERT INTO `book`(`title`,`entryid`,`isbn`,`type`) VALUES('Person and Request','4503','9944047548075','b');
INSERT INTO `genre_book`(`genre`, `entryid`) VALUES ('Thriller','4503');
INSERT INTO `author_book`(`author`, `entryid`) VALUES ('Vickey Hellmann','4503');
INSERT INTO `publisher_book`(`publisher`, `entryid`) VALUES ('Aslett Publishers.','4503');
INSERT INTO `entry`(`entryid`,`type`) VALUES('4504','b');
INSERT INTO `book`(`title`,`entryid`,`isbn`,`type`) VALUES('Butcher for the Direction','4504','0582637255218','e');
INSERT INTO `genre_book`(`genre`, `entryid`) VALUES ('Sci-Fi','4504');
INSERT INTO `author_book`(`author`, `entryid`) VALUES ('Martina Soteros','4504');
INSERT INTO `publisher_book`(`publisher`, `entryid`) VALUES ('Cormican Inc.','4504');
INSERT INTO `entry`(`entryid`,`type`) VALUES('4505','b');
INSERT INTO `book`(`title`,`entryid`,`isbn`,`type`) VALUES('Square for the Step-mother','4505','9708627136942','e');
INSERT INTO `genre_book`(`genre`, `entryid`) VALUES ('Sci-Fi','4505');
INSERT INTO `author_book`(`author`, `entryid`) VALUES ('Luanne Folgar','4505');
INSERT INTO `publisher_book`(`publisher`, `entryid`) VALUES ('Fiebich Cooperations.','4505');
INSERT INTO `entry`(`entryid`,`type`) VALUES('4506','b');
INSERT INTO `book`(`title`,`entryid`,`isbn`,`type`) VALUES('Walrus by Degree','4506','9320620613790','e');
INSERT INTO `genre_book`(`genre`, `entryid`) VALUES ('Thriller','4506');
INSERT INTO `author_book`(`author`, `entryid`) VALUES ('Catalina Manliguis','4506');
INSERT INTO `publisher_book`(`publisher`, `entryid`) VALUES ('Warnock Cooperations.','4506');
INSERT INTO `entry`(`entryid`,`type`) VALUES('4507','b');
INSERT INTO `book`(`title`,`entryid`,`isbn`,`type`) VALUES('Begonia to tweediest Ray','4507','9827929996562','j');
INSERT INTO `genre_book`(`genre`, `entryid`) VALUES ('Science','4507');
INSERT INTO `author_book`(`author`, `entryid`) VALUES ('Denisse Bragdon','4507');
INSERT INTO `publisher_book`(`publisher`, `entryid`) VALUES ('Arroyd Inc.','4507');
INSERT INTO `entry`(`entryid`,`type`) VALUES('4508','b');
INSERT INTO `book`(`title`,`entryid`,`isbn`,`type`) VALUES('Alloy for Karen','4508','9129396922895','e');
INSERT INTO `genre_book`(`genre`, `entryid`) VALUES ('Sci-Fi','4508');
INSERT INTO `author_book`(`author`, `entryid`) VALUES ('Yuette Fallo','4508');
INSERT INTO `publisher_book`(`publisher`, `entryid`) VALUES ('Dewolff Cooperations.','4508');
INSERT INTO `entry`(`entryid`,`type`) VALUES('4509','b');
INSERT INTO `book`(`title`,`entryid`,`isbn`,`type`) VALUES('Jail vs. Pvc','4509','0441492256728','b');
INSERT INTO `genre_book`(`genre`, `entryid`) VALUES ('Sci-Fi','4509');
INSERT INTO `author_book`(`author`, `entryid`) VALUES ('Lanny Toribio','4509');
INSERT INTO `publisher_book`(`publisher`, `entryid`) VALUES ('Durousseau Inc.','4509');
INSERT INTO `entry`(`entryid`,`type`) VALUES('4510','b');
INSERT INTO `book`(`title`,`entryid`,`isbn`,`type`) VALUES('Beef in the solvable Farmer','4510','0010577932893','e');
INSERT INTO `genre_book`(`genre`, `entryid`) VALUES ('Sci-Fi','4510');
INSERT INTO `author_book`(`author`, `entryid`) VALUES ('Rolande Copass','4510');
INSERT INTO `publisher_book`(`publisher`, `entryid`) VALUES ('Tigue Cooperations.','4510');
INSERT INTO `entry`(`entryid`,`type`) VALUES('4511','b');
INSERT INTO `book`(`title`,`entryid`,`isbn`,`type`) VALUES('Inch and the Foam','4511','0744581069414','b');
INSERT INTO `genre_book`(`genre`, `entryid`) VALUES ('Adventure','4511');
INSERT INTO `author_book`(`author`, `entryid`) VALUES ('Oliver Lamunyon','4511');
INSERT INTO `publisher_book`(`publisher`, `entryid`) VALUES ('Reents Publishers.','4511');
INSERT INTO `entry`(`entryid`,`type`) VALUES('4512','b');
INSERT INTO `book`(`title`,`entryid`,`isbn`,`type`) VALUES('Ghana because of Breath','4512','9195490075599','b');
INSERT INTO `genre_book`(`genre`, `entryid`) VALUES ('Romance','4512');
INSERT INTO `author_book`(`author`, `entryid`) VALUES ('Mayme Wildes','4512');
INSERT INTO `publisher_book`(`publisher`, `entryid`) VALUES ('Yanik Publishers.','4512');
INSERT INTO `entry`(`entryid`,`type`) VALUES('4513','b');
INSERT INTO `book`(`title`,`entryid`,`isbn`,`type`) VALUES('Ray against unprecedented Leaf','4513','9472108197572','j');
INSERT INTO `genre_book`(`genre`, `entryid`) VALUES ('Science','4513');
INSERT INTO `author_book`(`author`, `entryid`) VALUES ('Marth Crady','4513');
INSERT INTO `publisher_book`(`publisher`, `entryid`) VALUES ('Tegarden Publishers.','4513');
INSERT INTO `entry`(`entryid`,`type`) VALUES('4514','b');
INSERT INTO `book`(`title`,`entryid`,`isbn`,`type`) VALUES('Market to the Chicory','4514','9959775169729','j');
INSERT INTO `genre_book`(`genre`, `entryid`) VALUES ('Thriller','4514');
INSERT INTO `author_book`(`author`, `entryid`) VALUES ('Zoila Perrez','4514');
INSERT INTO `publisher_book`(`publisher`, `entryid`) VALUES ('Cygan Inc.','4514');
INSERT INTO `entry`(`entryid`,`type`) VALUES('4515','b');
INSERT INTO `book`(`title`,`entryid`,`isbn`,`type`) VALUES('Destruction vs. Pencil','4515','9822417458296','b');
INSERT INTO `genre_book`(`genre`, `entryid`) VALUES ('Education','4515');
INSERT INTO `author_book`(`author`, `entryid`) VALUES ('Lacresha Mathena','4515');
INSERT INTO `publisher_book`(`publisher`, `entryid`) VALUES ('Scotty Inc.','4515');
INSERT INTO `entry`(`entryid`,`type`) VALUES('4516','b');
INSERT INTO `book`(`title`,`entryid`,`isbn`,`type`) VALUES('Bread by Chill','4516','0332849954007','b');
INSERT INTO `genre_book`(`genre`, `entryid`) VALUES ('Sci-Fi','4516');
INSERT INTO `author_book`(`author`, `entryid`) VALUES ('Misty Corre','4516');
INSERT INTO `publisher_book`(`publisher`, `entryid`) VALUES ('Hendershott Publishers.','4516');
INSERT INTO `entry`(`entryid`,`type`) VALUES('4517','b');
INSERT INTO `book`(`title`,`entryid`,`isbn`,`type`) VALUES('Wren to struck Space','4517','9311118419351','b');
INSERT INTO `genre_book`(`genre`, `entryid`) VALUES ('Education','4517');
INSERT INTO `author_book`(`author`, `entryid`) VALUES ('Misty Corre','4517');
INSERT INTO `publisher_book`(`publisher`, `entryid`) VALUES ('Cregeen Inc.','4517');
INSERT INTO `entry`(`entryid`,`type`) VALUES('4518','b');
INSERT INTO `book`(`title`,`entryid`,`isbn`,`type`) VALUES('Love to Quiver','4518','9019612695973','j');
INSERT INTO `genre_book`(`genre`, `entryid`) VALUES ('Sci-Fi','4518');
INSERT INTO `author_book`(`author`, `entryid`) VALUES ('Jaimee Harber','4518');
INSERT INTO `publisher_book`(`publisher`, `entryid`) VALUES ('Didyk Inc.','4518');
INSERT INTO `entry`(`entryid`,`type`) VALUES('4519','b');
INSERT INTO `book`(`title`,`entryid`,`isbn`,`type`) VALUES('Hemp for Cyclone','4519','9532761867701','j');
INSERT INTO `genre_book`(`genre`, `entryid`) VALUES ('Horror','4519');
INSERT INTO `author_book`(`author`, `entryid`) VALUES ('Evangelina Mcelreavy','4519');
INSERT INTO `publisher_book`(`publisher`, `entryid`) VALUES ('Fenceroy Publishers.','4519');
INSERT INTO `entry`(`entryid`,`type`) VALUES('4520','b');
INSERT INTO `book`(`title`,`entryid`,`isbn`,`type`) VALUES('City with Screen','4520','0430035351650','b');
INSERT INTO `genre_book`(`genre`, `entryid`) VALUES ('Science','4520');
INSERT INTO `author`(`name`,`birthyear`,`deathyear`) VALUES('Rikki Warburg','1922','1993');
INSERT INTO `author_book`(`author`, `entryid`) VALUES ('Rikki Warburg','4520');
INSERT INTO `publisher_book`(`publisher`, `entryid`) VALUES ('Haken Inc.','4520');
INSERT INTO `entry`(`entryid`,`type`) VALUES('4521','b');
INSERT INTO `book`(`title`,`entryid`,`isbn`,`type`) VALUES('Cricket against uncomforted Advantage','4521','9632431873922','b');
INSERT INTO `genre_book`(`genre`, `entryid`) VALUES ('Romance','4521');
INSERT INTO `author_book`(`author`, `entryid`) VALUES ('Odelia Rucky','4521');
INSERT INTO `publisher_book`(`publisher`, `entryid`) VALUES ('Grinner Inc.','4521');
INSERT INTO `entry`(`entryid`,`type`) VALUES('4522','b');
INSERT INTO `book`(`title`,`entryid`,`isbn`,`type`) VALUES('Bulldozer in the Horse','4522','9031773799241','j');
INSERT INTO `genre_book`(`genre`, `entryid`) VALUES ('Thriller','4522');
INSERT INTO `author_book`(`author`, `entryid`) VALUES ('Wes Mckennzie','4522');
INSERT INTO `publisher_book`(`publisher`, `entryid`) VALUES ('Culpepper Cooperations.','4522');
INSERT INTO `entry`(`entryid`,`type`) VALUES('4523','b');
INSERT INTO `book`(`title`,`entryid`,`isbn`,`type`) VALUES('Trumpet and unvendible Banjo','4523','0397118637114','b');
INSERT INTO `genre_book`(`genre`, `entryid`) VALUES ('Romance','4523');
INSERT INTO `author_book`(`author`, `entryid`) VALUES ('Rikki Antonetty','4523');
INSERT INTO `publisher_book`(`publisher`, `entryid`) VALUES ('Sumaran Cooperations.','4523');
INSERT INTO `entry`(`entryid`,`type`) VALUES('4524','b');
INSERT INTO `book`(`title`,`entryid`,`isbn`,`type`) VALUES('Kenneth with the Postage','4524','0141223872675','e');
INSERT INTO `genre_book`(`genre`, `entryid`) VALUES ('Sci-Fi','4524');
INSERT INTO `author_book`(`author`, `entryid`) VALUES ('Angel Ashkettle','4524');
INSERT INTO `publisher_book`(`publisher`, `entryid`) VALUES ('Brotherson Inc.','4524');
INSERT INTO `entry`(`entryid`,`type`) VALUES('4525','b');
INSERT INTO `book`(`title`,`entryid`,`isbn`,`type`) VALUES('Mustard of philharmonic Peru','4525','0765728636782','b');
INSERT INTO `genre_book`(`genre`, `entryid`) VALUES ('Thriller','4525');
INSERT INTO `author_book`(`author`, `entryid`) VALUES ('Lissette Wickwire','4525');
INSERT INTO `publisher_book`(`publisher`, `entryid`) VALUES ('Miccio Cooperations.','4525');
INSERT INTO `entry`(`entryid`,`type`) VALUES('4526','b');
INSERT INTO `book`(`title`,`entryid`,`isbn`,`type`) VALUES('Income of Chill','4526','9068788583198','b');
INSERT INTO `genre_book`(`genre`, `entryid`) VALUES ('Adventure','4526');
INSERT INTO `author_book`(`author`, `entryid`) VALUES ('Keesha Tarangelo','4526');
INSERT INTO `publisher_book`(`publisher`, `entryid`) VALUES ('Marcelino Inc.','4526');
INSERT INTO `entry`(`entryid`,`type`) VALUES('4527','b');
INSERT INTO `book`(`title`,`entryid`,`isbn`,`type`) VALUES('Yarn and ecologic Option','4527','9483932295036','j');
INSERT INTO `genre_book`(`genre`, `entryid`) VALUES ('Education','4527');
INSERT INTO `author_book`(`author`, `entryid`) VALUES ('Fe Chavies','4527');
INSERT INTO `publisher_book`(`publisher`, `entryid`) VALUES ('Antrikin Inc.','4527');
INSERT INTO `entry`(`entryid`,`type`) VALUES('4528','b');
INSERT INTO `book`(`title`,`entryid`,`isbn`,`type`) VALUES('Room of Cuticle','4528','0815663123582','e');
INSERT INTO `genre_book`(`genre`, `entryid`) VALUES ('Sci-Fi','4528');
INSERT INTO `author_book`(`author`, `entryid`) VALUES ('Edith Svedine','4528');
INSERT INTO `publisher_book`(`publisher`, `entryid`) VALUES ('Luchenbill Inc.','4528');
INSERT INTO `entry`(`entryid`,`type`) VALUES('4529','b');
INSERT INTO `book`(`title`,`entryid`,`isbn`,`type`) VALUES('Swamp for paper Meter','4529','9347201601910','b');
INSERT INTO `genre_book`(`genre`, `entryid`) VALUES ('Romance','4529');
INSERT INTO `author`(`name`,`birthyear`,`deathyear`) VALUES('Breanna Stanislawski','1939','1998');
INSERT INTO `author_book`(`author`, `entryid`) VALUES ('Breanna Stanislawski','4529');
INSERT INTO `publisher_book`(`publisher`, `entryid`) VALUES ('Degaetano Publishers.','4529');
INSERT INTO `entry`(`entryid`,`type`) VALUES('4530','b');
INSERT INTO `book`(`title`,`entryid`,`isbn`,`type`) VALUES('Cooking of Jewel','4530','0527048334760','b');
INSERT INTO `genre_book`(`genre`, `entryid`) VALUES ('Sci-Fi','4530');
INSERT INTO `author_book`(`author`, `entryid`) VALUES ('Joeann Brage','4530');
INSERT INTO `publisher_book`(`publisher`, `entryid`) VALUES ('Kressierer Inc.','4530');
INSERT INTO `entry`(`entryid`,`type`) VALUES('4531','b');
INSERT INTO `book`(`title`,`entryid`,`isbn`,`type`) VALUES('Turkish for the coky Apology','4531','9260071428227','j');
INSERT INTO `genre_book`(`genre`, `entryid`) VALUES ('Sci-Fi','4531');
INSERT INTO `author_book`(`author`, `entryid`) VALUES ('Raguel Darmody','4531');
INSERT INTO `publisher_book`(`publisher`, `entryid`) VALUES ('Capistran Cooperations.','4531');
INSERT INTO `entry`(`entryid`,`type`) VALUES('4532','b');
INSERT INTO `book`(`title`,`entryid`,`isbn`,`type`) VALUES('Dessert for the Puffin','4532','0978691098589','j');
INSERT INTO `genre_book`(`genre`, `entryid`) VALUES ('Adventure','4532');
INSERT INTO `author`(`name`,`birthyear`,`deathyear`) VALUES('Brittani Barthol','1949','1971');
INSERT INTO `author_book`(`author`, `entryid`) VALUES ('Brittani Barthol','4532');
INSERT INTO `publisher_book`(`publisher`, `entryid`) VALUES ('Atkison Inc.','4532');
INSERT INTO `entry`(`entryid`,`type`) VALUES('4533','b');
INSERT INTO `book`(`title`,`entryid`,`isbn`,`type`) VALUES('Anthropology by the Club','4533','0302748898345','b');
INSERT INTO `genre_book`(`genre`, `entryid`) VALUES ('Romance','4533');
INSERT INTO `author_book`(`author`, `entryid`) VALUES ('Adrianne Masini','4533');
INSERT INTO `publisher_book`(`publisher`, `entryid`) VALUES ('Brassard Inc.','4533');
INSERT INTO `entry`(`entryid`,`type`) VALUES('4534','b');
INSERT INTO `book`(`title`,`entryid`,`isbn`,`type`) VALUES('Windscreen in the Porch','4534','9090948475663','j');
INSERT INTO `genre_book`(`genre`, `entryid`) VALUES ('Sci-Fi','4534');
INSERT INTO `author_book`(`author`, `entryid`) VALUES ('Selina Zembower','4534');
INSERT INTO `publisher_book`(`publisher`, `entryid`) VALUES ('Buhite Cooperations.','4534');
INSERT INTO `entry`(`entryid`,`type`) VALUES('4535','b');
INSERT INTO `book`(`title`,`entryid`,`isbn`,`type`) VALUES('Hourglass of cultivatable John','4535','9211807047311','j');
INSERT INTO `genre_book`(`genre`, `entryid`) VALUES ('Thriller','4535');
INSERT INTO `author_book`(`author`, `entryid`) VALUES ('Torrie Mandry','4535');
INSERT INTO `publisher_book`(`publisher`, `entryid`) VALUES ('Danowski Publishers.','4535');
INSERT INTO `entry`(`entryid`,`type`) VALUES('4536','b');
INSERT INTO `book`(`title`,`entryid`,`isbn`,`type`) VALUES('Pot of the made-to-order Decade','4536','9528042383603','b');
INSERT INTO `genre_book`(`genre`, `entryid`) VALUES ('Adventure','4536');
INSERT INTO `author_book`(`author`, `entryid`) VALUES ('Myrl Koyama','4536');
INSERT INTO `publisher_book`(`publisher`, `entryid`) VALUES ('Yanik Publishers.','4536');
INSERT INTO `entry`(`entryid`,`type`) VALUES('4537','b');
INSERT INTO `book`(`title`,`entryid`,`isbn`,`type`) VALUES('Bottom by the birk Whistle','4537','9815132732206','j');
INSERT INTO `genre_book`(`genre`, `entryid`) VALUES ('Horror','4537');
INSERT INTO `author_book`(`author`, `entryid`) VALUES ('Vincent Kats','4537');
INSERT INTO `publisher_book`(`publisher`, `entryid`) VALUES ('Yasurek Cooperations.','4537');
INSERT INTO `entry`(`entryid`,`type`) VALUES('4538','b');
INSERT INTO `book`(`title`,`entryid`,`isbn`,`type`) VALUES('Cotton against the pointless Tempo','4538','9391927142368','b');
INSERT INTO `genre_book`(`genre`, `entryid`) VALUES ('Education','4538');
INSERT INTO `author_book`(`author`, `entryid`) VALUES ('Daisy Wasson','4538');
INSERT INTO `publisher_book`(`publisher`, `entryid`) VALUES ('Capistran Cooperations.','4538');
INSERT INTO `entry`(`entryid`,`type`) VALUES('4539','b');
INSERT INTO `book`(`title`,`entryid`,`isbn`,`type`) VALUES('Punch to the Airport','4539','9392875883757','e');
INSERT INTO `genre_book`(`genre`, `entryid`) VALUES ('Romance','4539');
INSERT INTO `author_book`(`author`, `entryid`) VALUES ('Marry Irigoyen','4539');
INSERT INTO `publisher_book`(`publisher`, `entryid`) VALUES ('Garfield Publishers.','4539');
INSERT INTO `entry`(`entryid`,`type`) VALUES('4540','b');
INSERT INTO `book`(`title`,`entryid`,`isbn`,`type`) VALUES('William against piercing Employee','4540','9160908683277','e');
INSERT INTO `genre_book`(`genre`, `entryid`) VALUES ('Horror','4540');
INSERT INTO `author_book`(`author`, `entryid`) VALUES ('Camelia Mizwicki','4540');
INSERT INTO `publisher_book`(`publisher`, `entryid`) VALUES ('Hollner Publishers.','4540');
INSERT INTO `entry`(`entryid`,`type`) VALUES('4541','b');
INSERT INTO `book`(`title`,`entryid`,`isbn`,`type`) VALUES('Squid to autumn Moustache','4541','0651418080277','b');
INSERT INTO `genre_book`(`genre`, `entryid`) VALUES ('Adventure','4541');
INSERT INTO `author_book`(`author`, `entryid`) VALUES ('Bret Sualevai','4541');
INSERT INTO `publisher_book`(`publisher`, `entryid`) VALUES ('Scantlen Inc.','4541');
INSERT INTO `entry`(`entryid`,`type`) VALUES('4542','b');
INSERT INTO `book`(`title`,`entryid`,`isbn`,`type`) VALUES('Adapter of the Sink','4542','0670991243478','e');
INSERT INTO `genre_book`(`genre`, `entryid`) VALUES ('Science','4542');
INSERT INTO `author_book`(`author`, `entryid`) VALUES ('Rossie Anneler','4542');
INSERT INTO `publisher_book`(`publisher`, `entryid`) VALUES ('Culpepper Cooperations.','4542');
INSERT INTO `entry`(`entryid`,`type`) VALUES('4543','b');
INSERT INTO `book`(`title`,`entryid`,`isbn`,`type`) VALUES('Root with the Crocus','4543','0531895779330','b');
INSERT INTO `genre_book`(`genre`, `entryid`) VALUES ('Sci-Fi','4543');
INSERT INTO `author`(`name`,`birthyear`,`deathyear`) VALUES('Valeri Kuechle','1978','2020');
INSERT INTO `author_book`(`author`, `entryid`) VALUES ('Valeri Kuechle','4543');
INSERT INTO `publisher_book`(`publisher`, `entryid`) VALUES ('Bagnaschi Publishers.','4543');
INSERT INTO `entry`(`entryid`,`type`) VALUES('4544','b');
INSERT INTO `book`(`title`,`entryid`,`isbn`,`type`) VALUES('Destruction to polygraphic Eggnog','4544','9360860922158','e');
INSERT INTO `genre_book`(`genre`, `entryid`) VALUES ('Horror','4544');
INSERT INTO `author_book`(`author`, `entryid`) VALUES ('Jeanmarie Stubler','4544');
INSERT INTO `publisher_book`(`publisher`, `entryid`) VALUES ('Lansdowne Inc.','4544');
INSERT INTO `entry`(`entryid`,`type`) VALUES('4545','b');
INSERT INTO `book`(`title`,`entryid`,`isbn`,`type`) VALUES('Responsibility in grapiest Joseph','4545','9190369294952','b');
INSERT INTO `genre_book`(`genre`, `entryid`) VALUES ('Horror','4545');
INSERT INTO `author_book`(`author`, `entryid`) VALUES ('Yuette Fallo','4545');
INSERT INTO `publisher_book`(`publisher`, `entryid`) VALUES ('Malarkey Cooperations.','4545');
INSERT INTO `entry`(`entryid`,`type`) VALUES('4546','b');
INSERT INTO `book`(`title`,`entryid`,`isbn`,`type`) VALUES('Farm against the classier Vase','4546','9645044871918','b');
INSERT INTO `genre_book`(`genre`, `entryid`) VALUES ('Science','4546');
INSERT INTO `author_book`(`author`, `entryid`) VALUES ('Mari Vandewater','4546');
INSERT INTO `publisher_book`(`publisher`, `entryid`) VALUES ('Norse Inc.','4546');
INSERT INTO `entry`(`entryid`,`type`) VALUES('4547','b');
INSERT INTO `book`(`title`,`entryid`,`isbn`,`type`) VALUES('Polish in Farm','4547','9918744742390','b');
INSERT INTO `genre_book`(`genre`, `entryid`) VALUES ('Thriller','4547');
INSERT INTO `author_book`(`author`, `entryid`) VALUES ('Lisha Radke','4547');
INSERT INTO `publisher_book`(`publisher`, `entryid`) VALUES ('Kindlimann Inc.','4547');
INSERT INTO `entry`(`entryid`,`type`) VALUES('4548','b');
INSERT INTO `book`(`title`,`entryid`,`isbn`,`type`) VALUES('Airplane against the Babies','4548','9354015855129','b');
INSERT INTO `genre_book`(`genre`, `entryid`) VALUES ('Romance','4548');
INSERT INTO `author_book`(`author`, `entryid`) VALUES ('Gwyn Mcelwaine','4548');
INSERT INTO `publisher_book`(`publisher`, `entryid`) VALUES ('Larman Publishers.','4548');
INSERT INTO `entry`(`entryid`,`type`) VALUES('4549','b');
INSERT INTO `book`(`title`,`entryid`,`isbn`,`type`) VALUES('Card with rubify Ellipse','4549','0389421394400','e');
INSERT INTO `genre_book`(`genre`, `entryid`) VALUES ('Adventure','4549');
INSERT INTO `author_book`(`author`, `entryid`) VALUES ('Shanell Yago','4549');
INSERT INTO `publisher_book`(`publisher`, `entryid`) VALUES ('Bedson Inc.','4549');
INSERT INTO `entry`(`entryid`,`type`) VALUES('4550','b');
INSERT INTO `book`(`title`,`entryid`,`isbn`,`type`) VALUES('Fibre for antemeridian Illegal','4550','9317980013837','e');
INSERT INTO `genre_book`(`genre`, `entryid`) VALUES ('Science','4550');
INSERT INTO `author`(`name`,`birthyear`,`deathyear`) VALUES('Antony Halterman','1889','1942');
INSERT INTO `author_book`(`author`, `entryid`) VALUES ('Antony Halterman','4550');
INSERT INTO `publisher_book`(`publisher`, `entryid`) VALUES ('Cundy Inc.','4550');
INSERT INTO `entry`(`entryid`,`type`) VALUES('4551','b');
INSERT INTO `book`(`title`,`entryid`,`isbn`,`type`) VALUES('Brochure to terminable Thumb','4551','9347416699465','e');
INSERT INTO `genre_book`(`genre`, `entryid`) VALUES ('Education','4551');
INSERT INTO `author_book`(`author`, `entryid`) VALUES ('Antony Halterman','4551');
INSERT INTO `publisher_book`(`publisher`, `entryid`) VALUES ('Oieda Inc.','4551');
INSERT INTO `entry`(`entryid`,`type`) VALUES('4552','b');
INSERT INTO `book`(`title`,`entryid`,`isbn`,`type`) VALUES('Shears for the freckliest Sing','4552','9339523085352','j');
INSERT INTO `genre_book`(`genre`, `entryid`) VALUES ('Horror','4552');
INSERT INTO `author_book`(`author`, `entryid`) VALUES ('Selma Stilgenbauer','4552');
INSERT INTO `publisher_book`(`publisher`, `entryid`) VALUES ('Luchenbill Inc.','4552');
INSERT INTO `entry`(`entryid`,`type`) VALUES('4553','b');
INSERT INTO `book`(`title`,`entryid`,`isbn`,`type`) VALUES('Bibliography by the Teeth','4553','0924728177925','b');
INSERT INTO `genre_book`(`genre`, `entryid`) VALUES ('Adventure','4553');
INSERT INTO `author_book`(`author`, `entryid`) VALUES ('Alene Adachi','4553');
INSERT INTO `publisher_book`(`publisher`, `entryid`) VALUES ('Neuman Cooperations.','4553');
INSERT INTO `entry`(`entryid`,`type`) VALUES('4554','b');
INSERT INTO `book`(`title`,`entryid`,`isbn`,`type`) VALUES('Korean for the unappetising Geography','4554','9940521024105','e');
INSERT INTO `genre_book`(`genre`, `entryid`) VALUES ('Horror','4554');
INSERT INTO `author_book`(`author`, `entryid`) VALUES ('Marth Crady','4554');
INSERT INTO `publisher_book`(`publisher`, `entryid`) VALUES ('Grumney Publishers.','4554');
INSERT INTO `entry`(`entryid`,`type`) VALUES('4555','b');
INSERT INTO `book`(`title`,`entryid`,`isbn`,`type`) VALUES('English of the Class','4555','9122520684835','j');
INSERT INTO `genre_book`(`genre`, `entryid`) VALUES ('Education','4555');
INSERT INTO `author_book`(`author`, `entryid`) VALUES ('Migdalia Sberna','4555');
INSERT INTO `publisher_book`(`publisher`, `entryid`) VALUES ('Springfield Inc.','4555');
INSERT INTO `entry`(`entryid`,`type`) VALUES('4556','b');
INSERT INTO `book`(`title`,`entryid`,`isbn`,`type`) VALUES('Line and unrequired Pepper','4556','0557922991918','b');
INSERT INTO `genre_book`(`genre`, `entryid`) VALUES ('Thriller','4556');
INSERT INTO `author_book`(`author`, `entryid`) VALUES ('Khalilah Damboise','4556');
INSERT INTO `publisher_book`(`publisher`, `entryid`) VALUES ('Good Inc.','4556');
INSERT INTO `entry`(`entryid`,`type`) VALUES('4557','b');
INSERT INTO `book`(`title`,`entryid`,`isbn`,`type`) VALUES('Layer against the vacant Cap','4557','0879196136261','j');
INSERT INTO `genre_book`(`genre`, `entryid`) VALUES ('Thriller','4557');
INSERT INTO `author_book`(`author`, `entryid`) VALUES ('Gwyn Mcelwaine','4557');
INSERT INTO `publisher_book`(`publisher`, `entryid`) VALUES ('Nack Publishers.','4557');
INSERT INTO `entry`(`entryid`,`type`) VALUES('4558','b');
INSERT INTO `book`(`title`,`entryid`,`isbn`,`type`) VALUES('Romania because of admirable Apartment','4558','0131472831886','b');
INSERT INTO `genre_book`(`genre`, `entryid`) VALUES ('Romance','4558');
INSERT INTO `author_book`(`author`, `entryid`) VALUES ('Renato Karle','4558');
INSERT INTO `publisher_book`(`publisher`, `entryid`) VALUES ('Manzanero Inc.','4558');
INSERT INTO `entry`(`entryid`,`type`) VALUES('4559','b');
INSERT INTO `book`(`title`,`entryid`,`isbn`,`type`) VALUES('Sponge of reconstructional Grenade','4559','0732346643575','j');
INSERT INTO `genre_book`(`genre`, `entryid`) VALUES ('Adventure','4559');
INSERT INTO `author_book`(`author`, `entryid`) VALUES ('Rufus Aluarez','4559');
INSERT INTO `publisher_book`(`publisher`, `entryid`) VALUES ('Amtower Inc.','4559');
INSERT INTO `entry`(`entryid`,`type`) VALUES('4560','b');
INSERT INTO `book`(`title`,`entryid`,`isbn`,`type`) VALUES('Pedestrian with urolithic Postage','4560','0082235615740','e');
INSERT INTO `genre_book`(`genre`, `entryid`) VALUES ('Horror','4560');
INSERT INTO `author`(`name`,`birthyear`,`deathyear`) VALUES('Vella Clerkley','1956','1982');
INSERT INTO `author_book`(`author`, `entryid`) VALUES ('Vella Clerkley','4560');
INSERT INTO `publisher_book`(`publisher`, `entryid`) VALUES ('Rohanna Publishers.','4560');
INSERT INTO `entry`(`entryid`,`type`) VALUES('4561','b');
INSERT INTO `book`(`title`,`entryid`,`isbn`,`type`) VALUES('Sign against precocial Domain','4561','0337644521911','b');
INSERT INTO `genre_book`(`genre`, `entryid`) VALUES ('Thriller','4561');
INSERT INTO `author_book`(`author`, `entryid`) VALUES ('Alberto Samuelsen','4561');
INSERT INTO `publisher_book`(`publisher`, `entryid`) VALUES ('Getchius Inc.','4561');
INSERT INTO `entry`(`entryid`,`type`) VALUES('4562','b');
INSERT INTO `book`(`title`,`entryid`,`isbn`,`type`) VALUES('Preface with the Arabian Clutch','4562','9453219974868','b');
INSERT INTO `genre_book`(`genre`, `entryid`) VALUES ('Science','4562');
INSERT INTO `author_book`(`author`, `entryid`) VALUES ('Beryl Boemer','4562');
INSERT INTO `publisher_book`(`publisher`, `entryid`) VALUES ('Maury Publishers.','4562');
INSERT INTO `entry`(`entryid`,`type`) VALUES('4563','b');
INSERT INTO `book`(`title`,`entryid`,`isbn`,`type`) VALUES('Flood vs. Hour','4563','9370558916655','b');
INSERT INTO `genre_book`(`genre`, `entryid`) VALUES ('Romance','4563');
INSERT INTO `author_book`(`author`, `entryid`) VALUES ('Claris Malito','4563');
INSERT INTO `publisher_book`(`publisher`, `entryid`) VALUES ('Rickels Cooperations.','4563');
INSERT INTO `entry`(`entryid`,`type`) VALUES('4564','b');
INSERT INTO `book`(`title`,`entryid`,`isbn`,`type`) VALUES('Russian in Lasagna','4564','0779507139692','b');
INSERT INTO `genre_book`(`genre`, `entryid`) VALUES ('Adventure','4564');
INSERT INTO `author_book`(`author`, `entryid`) VALUES ('Christin Sharifi','4564');
INSERT INTO `publisher_book`(`publisher`, `entryid`) VALUES ('Peel Inc.','4564');
INSERT INTO `entry`(`entryid`,`type`) VALUES('4565','b');
INSERT INTO `book`(`title`,`entryid`,`isbn`,`type`) VALUES('Floor for the River','4565','0001792609811','j');
INSERT INTO `genre_book`(`genre`, `entryid`) VALUES ('Horror','4565');
INSERT INTO `author_book`(`author`, `entryid`) VALUES ('Kendrick Brass','4565');
INSERT INTO `publisher_book`(`publisher`, `entryid`) VALUES ('Bokanovich Publishers.','4565');
INSERT INTO `entry`(`entryid`,`type`) VALUES('4566','b');
INSERT INTO `book`(`title`,`entryid`,`isbn`,`type`) VALUES('Iron for Christmas','4566','9741016018677','e');
INSERT INTO `genre_book`(`genre`, `entryid`) VALUES ('Education','4566');
INSERT INTO `author_book`(`author`, `entryid`) VALUES ('Eunice Masri','4566');
INSERT INTO `publisher_book`(`publisher`, `entryid`) VALUES ('Salvatori Inc.','4566');
INSERT INTO `entry`(`entryid`,`type`) VALUES('4567','b');
INSERT INTO `book`(`title`,`entryid`,`isbn`,`type`) VALUES('Cement by the photostatic Suggestion','4567','9613330342664','e');
INSERT INTO `genre_book`(`genre`, `entryid`) VALUES ('Science','4567');
INSERT INTO `author_book`(`author`, `entryid`) VALUES ('Estrella Gruca','4567');
INSERT INTO `publisher_book`(`publisher`, `entryid`) VALUES ('Savic Inc.','4567');
INSERT INTO `entry`(`entryid`,`type`) VALUES('4568','b');
INSERT INTO `book`(`title`,`entryid`,`isbn`,`type`) VALUES('Mine of Badge','4568','0230630922474','e');
INSERT INTO `genre_book`(`genre`, `entryid`) VALUES ('Romance','4568');
INSERT INTO `author`(`name`,`birthyear`,`deathyear`) VALUES('Katie Khaleck','1915','1951');
INSERT INTO `author_book`(`author`, `entryid`) VALUES ('Katie Khaleck','4568');
INSERT INTO `publisher_book`(`publisher`, `entryid`) VALUES ('Trickel Inc.','4568');
INSERT INTO `entry`(`entryid`,`type`) VALUES('4569','b');
INSERT INTO `book`(`title`,`entryid`,`isbn`,`type`) VALUES('Professor for the Plane','4569','9492235172241','j');
INSERT INTO `genre_book`(`genre`, `entryid`) VALUES ('Science','4569');
INSERT INTO `author_book`(`author`, `entryid`) VALUES ('Ashli Glessner','4569');
INSERT INTO `publisher_book`(`publisher`, `entryid`) VALUES ('Tegarden Publishers.','4569');
INSERT INTO `entry`(`entryid`,`type`) VALUES('4570','b');
INSERT INTO `book`(`title`,`entryid`,`isbn`,`type`) VALUES('Fragrance with Passenger','4570','0581675091715','j');
INSERT INTO `genre_book`(`genre`, `entryid`) VALUES ('Sci-Fi','4570');
INSERT INTO `author_book`(`author`, `entryid`) VALUES ('Merissa Chalifour','4570');
INSERT INTO `publisher_book`(`publisher`, `entryid`) VALUES ('Klumph Inc.','4570');
INSERT INTO `entry`(`entryid`,`type`) VALUES('4571','b');
INSERT INTO `book`(`title`,`entryid`,`isbn`,`type`) VALUES('Dinghy against Gymnast','4571','9216455802108','b');
INSERT INTO `genre_book`(`genre`, `entryid`) VALUES ('Education','4571');
INSERT INTO `author_book`(`author`, `entryid`) VALUES ('Paz Skildum','4571');
INSERT INTO `publisher_book`(`publisher`, `entryid`) VALUES ('Cervone Cooperations.','4571');
INSERT INTO `entry`(`entryid`,`type`) VALUES('4572','b');
INSERT INTO `book`(`title`,`entryid`,`isbn`,`type`) VALUES('Railway by the laminar Double','4572','9154589191150','j');
INSERT INTO `genre_book`(`genre`, `entryid`) VALUES ('Adventure','4572');
INSERT INTO `author_book`(`author`, `entryid`) VALUES ('Harold Bries','4572');
INSERT INTO `publisher_book`(`publisher`, `entryid`) VALUES ('Pagani Cooperations.','4572');
INSERT INTO `entry`(`entryid`,`type`) VALUES('4573','b');
INSERT INTO `book`(`title`,`entryid`,`isbn`,`type`) VALUES('Dragonfly for the aniconic Smoke','4573','0385045480389','b');
INSERT INTO `genre_book`(`genre`, `entryid`) VALUES ('Thriller','4573');
INSERT INTO `author_book`(`author`, `entryid`) VALUES ('Rueben Chiapetto','4573');
INSERT INTO `publisher_book`(`publisher`, `entryid`) VALUES ('Diliberti Inc.','4573');
INSERT INTO `entry`(`entryid`,`type`) VALUES('4574','b');
INSERT INTO `book`(`title`,`entryid`,`isbn`,`type`) VALUES('Loaf and the Backbone','4574','9113893017680','b');
INSERT INTO `genre_book`(`genre`, `entryid`) VALUES ('Horror','4574');
INSERT INTO `author`(`name`,`birthyear`,`deathyear`) VALUES('Sharri Prada','1976','2071');
INSERT INTO `author_book`(`author`, `entryid`) VALUES ('Sharri Prada','4574');
INSERT INTO `publisher_book`(`publisher`, `entryid`) VALUES ('Yasso Cooperations.','4574');
INSERT INTO `entry`(`entryid`,`type`) VALUES('4575','b');
INSERT INTO `book`(`title`,`entryid`,`isbn`,`type`) VALUES('Innocent in hugger-mugger Unit','4575','0843625352629','e');
INSERT INTO `genre_book`(`genre`, `entryid`) VALUES ('Adventure','4575');
INSERT INTO `author_book`(`author`, `entryid`) VALUES ('Mara Layer','4575');
INSERT INTO `publisher_book`(`publisher`, `entryid`) VALUES ('Kanda Publishers.','4575');
INSERT INTO `entry`(`entryid`,`type`) VALUES('4576','b');
INSERT INTO `book`(`title`,`entryid`,`isbn`,`type`) VALUES('Skin against Stool','4576','0316230025510','b');
INSERT INTO `genre_book`(`genre`, `entryid`) VALUES ('Thriller','4576');
INSERT INTO `author_book`(`author`, `entryid`) VALUES ('Nana Koinzan','4576');
INSERT INTO `publisher_book`(`publisher`, `entryid`) VALUES ('Dietlin Cooperations.','4576');
INSERT INTO `entry`(`entryid`,`type`) VALUES('4577','b');
INSERT INTO `book`(`title`,`entryid`,`isbn`,`type`) VALUES('Booklet of the substitute Crime','4577','0846668812721','b');
INSERT INTO `genre_book`(`genre`, `entryid`) VALUES ('Science','4577');
INSERT INTO `author_book`(`author`, `entryid`) VALUES ('Jason Burkeen','4577');
INSERT INTO `publisher_book`(`publisher`, `entryid`) VALUES ('Holland Publishers.','4577');
INSERT INTO `entry`(`entryid`,`type`) VALUES('4578','b');
INSERT INTO `book`(`title`,`entryid`,`isbn`,`type`) VALUES('Legal with epistatic Pisces','4578','0375515214876','j');
INSERT INTO `genre_book`(`genre`, `entryid`) VALUES ('Thriller','4578');
INSERT INTO `author_book`(`author`, `entryid`) VALUES ('Exie Magwood','4578');
INSERT INTO `publisher_book`(`publisher`, `entryid`) VALUES ('Culpepper Cooperations.','4578');
INSERT INTO `entry`(`entryid`,`type`) VALUES('4579','b');
INSERT INTO `book`(`title`,`entryid`,`isbn`,`type`) VALUES('Pizza vs. rosy Delivery','4579','9996380439605','b');
INSERT INTO `genre_book`(`genre`, `entryid`) VALUES ('Romance','4579');
INSERT INTO `author_book`(`author`, `entryid`) VALUES ('Neomi Sherrod','4579');
INSERT INTO `publisher_book`(`publisher`, `entryid`) VALUES ('Schap Publishers.','4579');
INSERT INTO `entry`(`entryid`,`type`) VALUES('4580','b');
INSERT INTO `book`(`title`,`entryid`,`isbn`,`type`) VALUES('Cauliflower in the taliped Prepared','4580','0566616889509','j');
INSERT INTO `genre_book`(`genre`, `entryid`) VALUES ('Science','4580');
INSERT INTO `author_book`(`author`, `entryid`) VALUES ('Mack Salone','4580');
INSERT INTO `publisher_book`(`publisher`, `entryid`) VALUES ('Henscheid Cooperations.','4580');
INSERT INTO `entry`(`entryid`,`type`) VALUES('4581','b');
INSERT INTO `book`(`title`,`entryid`,`isbn`,`type`) VALUES('Woolen and the Basketball','4581','0951642248251','e');
INSERT INTO `genre_book`(`genre`, `entryid`) VALUES ('Adventure','4581');
INSERT INTO `author_book`(`author`, `entryid`) VALUES ('Irving Pforr','4581');
INSERT INTO `publisher_book`(`publisher`, `entryid`) VALUES ('Hamnon Publishers.','4581');
INSERT INTO `entry`(`entryid`,`type`) VALUES('4582','b');
INSERT INTO `book`(`title`,`entryid`,`isbn`,`type`) VALUES('Berry with Bell','4582','0043249404587','b');
INSERT INTO `genre_book`(`genre`, `entryid`) VALUES ('Science','4582');
INSERT INTO `author_book`(`author`, `entryid`) VALUES ('Herschel Fyksen','4582');
INSERT INTO `publisher_book`(`publisher`, `entryid`) VALUES ('Cudjoe Publishers.','4582');
INSERT INTO `entry`(`entryid`,`type`) VALUES('4583','b');
INSERT INTO `book`(`title`,`entryid`,`isbn`,`type`) VALUES('Vision to Drake','4583','0968424544171','b');
INSERT INTO `genre_book`(`genre`, `entryid`) VALUES ('Sci-Fi','4583');
INSERT INTO `author_book`(`author`, `entryid`) VALUES ('Toney Heverin','4583');
INSERT INTO `publisher_book`(`publisher`, `entryid`) VALUES ('Callam Inc.','4583');
INSERT INTO `entry`(`entryid`,`type`) VALUES('4584','b');
INSERT INTO `book`(`title`,`entryid`,`isbn`,`type`) VALUES('Tune and the vicarial Theater','4584','9018452060766','j');
INSERT INTO `genre_book`(`genre`, `entryid`) VALUES ('Thriller','4584');
INSERT INTO `author_book`(`author`, `entryid`) VALUES ('Marsha Katten','4584');
INSERT INTO `publisher_book`(`publisher`, `entryid`) VALUES ('Meja Cooperations.','4584');
INSERT INTO `entry`(`entryid`,`type`) VALUES('4585','b');
INSERT INTO `book`(`title`,`entryid`,`isbn`,`type`) VALUES('Client vs. intown Windshield','4585','9432938604971','j');
INSERT INTO `genre_book`(`genre`, `entryid`) VALUES ('Sci-Fi','4585');
INSERT INTO `author_book`(`author`, `entryid`) VALUES ('Morgan Lichota','4585');
INSERT INTO `publisher_book`(`publisher`, `entryid`) VALUES ('Strazisar Inc.','4585');
INSERT INTO `entry`(`entryid`,`type`) VALUES('4586','b');
INSERT INTO `book`(`title`,`entryid`,`isbn`,`type`) VALUES('Weed with the Turret','4586','0384567992627','e');
INSERT INTO `genre_book`(`genre`, `entryid`) VALUES ('Science','4586');
INSERT INTO `author_book`(`author`, `entryid`) VALUES ('Shirly Ednilao','4586');
INSERT INTO `publisher_book`(`publisher`, `entryid`) VALUES ('Gumphrey Publishers.','4586');
INSERT INTO `entry`(`entryid`,`type`) VALUES('4587','b');
INSERT INTO `book`(`title`,`entryid`,`isbn`,`type`) VALUES('Puffin vs. imagist Orange','4587','9510770364098','b');
INSERT INTO `genre_book`(`genre`, `entryid`) VALUES ('Horror','4587');
INSERT INTO `author`(`name`,`birthyear`,`deathyear`) VALUES('Chandra Brech','1900','1948');
INSERT INTO `author_book`(`author`, `entryid`) VALUES ('Chandra Brech','4587');
INSERT INTO `publisher_book`(`publisher`, `entryid`) VALUES ('Pettinella Inc.','4587');
INSERT INTO `entry`(`entryid`,`type`) VALUES('4588','b');
INSERT INTO `book`(`title`,`entryid`,`isbn`,`type`) VALUES('Handle by the Mouth','4588','9359436086369','b');
INSERT INTO `genre_book`(`genre`, `entryid`) VALUES ('Adventure','4588');
INSERT INTO `author_book`(`author`, `entryid`) VALUES ('Lilliam Ayarza','4588');
INSERT INTO `publisher_book`(`publisher`, `entryid`) VALUES ('Malovich Inc.','4588');
INSERT INTO `entry`(`entryid`,`type`) VALUES('4589','b');
INSERT INTO `book`(`title`,`entryid`,`isbn`,`type`) VALUES('Blowgun and the Afterthought','4589','9591103157858','j');
INSERT INTO `genre_book`(`genre`, `entryid`) VALUES ('Adventure','4589');
INSERT INTO `author`(`name`,`birthyear`,`deathyear`) VALUES('Rosetta Gatliff','1976','2054');
INSERT INTO `author_book`(`author`, `entryid`) VALUES ('Rosetta Gatliff','4589');
INSERT INTO `publisher_book`(`publisher`, `entryid`) VALUES ('Woskobojnik Inc.','4589');
INSERT INTO `entry`(`entryid`,`type`) VALUES('4590','b');
INSERT INTO `book`(`title`,`entryid`,`isbn`,`type`) VALUES('Chauffeur for spiny Quill','4590','9916322502680','e');
INSERT INTO `genre_book`(`genre`, `entryid`) VALUES ('Education','4590');
INSERT INTO `author_book`(`author`, `entryid`) VALUES ('Alene Adachi','4590');
INSERT INTO `publisher_book`(`publisher`, `entryid`) VALUES ('Victoria Cooperations.','4590');
INSERT INTO `entry`(`entryid`,`type`) VALUES('4591','b');
INSERT INTO `book`(`title`,`entryid`,`isbn`,`type`) VALUES('Angora against Hour','4591','0548549894296','b');
INSERT INTO `genre_book`(`genre`, `entryid`) VALUES ('Romance','4591');
INSERT INTO `author_book`(`author`, `entryid`) VALUES ('Kattie Nollman','4591');
INSERT INTO `publisher_book`(`publisher`, `entryid`) VALUES ('Wedin Cooperations.','4591');
INSERT INTO `entry`(`entryid`,`type`) VALUES('4592','b');
INSERT INTO `book`(`title`,`entryid`,`isbn`,`type`) VALUES('Banana against the Glue','4592','0294541176427','b');
INSERT INTO `genre_book`(`genre`, `entryid`) VALUES ('Horror','4592');
INSERT INTO `author_book`(`author`, `entryid`) VALUES ('Kamala Omersa','4592');
INSERT INTO `publisher_book`(`publisher`, `entryid`) VALUES ('Malarkey Cooperations.','4592');
INSERT INTO `entry`(`entryid`,`type`) VALUES('4593','b');
INSERT INTO `book`(`title`,`entryid`,`isbn`,`type`) VALUES('Algeria against Planet','4593','0918834728706','b');
INSERT INTO `genre_book`(`genre`, `entryid`) VALUES ('Education','4593');
INSERT INTO `author_book`(`author`, `entryid`) VALUES ('Trena Micheau','4593');
INSERT INTO `publisher_book`(`publisher`, `entryid`) VALUES ('Feigh Cooperations.','4593');
INSERT INTO `entry`(`entryid`,`type`) VALUES('4594','b');
INSERT INTO `book`(`title`,`entryid`,`isbn`,`type`) VALUES('Japanese with Fahrenheit','4594','9769591281959','j');
INSERT INTO `genre_book`(`genre`, `entryid`) VALUES ('Romance','4594');
INSERT INTO `author_book`(`author`, `entryid`) VALUES ('Latarsha Tatu','4594');
INSERT INTO `publisher_book`(`publisher`, `entryid`) VALUES ('Henscheid Cooperations.','4594');
INSERT INTO `entry`(`entryid`,`type`) VALUES('4595','b');
INSERT INTO `book`(`title`,`entryid`,`isbn`,`type`) VALUES('Study in enveloping Love','4595','0701620392186','j');
INSERT INTO `genre_book`(`genre`, `entryid`) VALUES ('Science','4595');
INSERT INTO `author`(`name`,`birthyear`,`deathyear`) VALUES('Orval Hearon','1965','2025');
INSERT INTO `author_book`(`author`, `entryid`) VALUES ('Orval Hearon','4595');
INSERT INTO `publisher_book`(`publisher`, `entryid`) VALUES ('Victoria Cooperations.','4595');
INSERT INTO `entry`(`entryid`,`type`) VALUES('4596','b');
INSERT INTO `book`(`title`,`entryid`,`isbn`,`type`) VALUES('Ladybug against sure-fire Bakery','4596','9584712835486','b');
INSERT INTO `genre_book`(`genre`, `entryid`) VALUES ('Science','4596');
INSERT INTO `author_book`(`author`, `entryid`) VALUES ('Colene Takaoka','4596');
INSERT INTO `publisher_book`(`publisher`, `entryid`) VALUES ('Raetz Publishers.','4596');
INSERT INTO `entry`(`entryid`,`type`) VALUES('4597','b');
INSERT INTO `book`(`title`,`entryid`,`isbn`,`type`) VALUES('Food in the Vein','4597','9314805957592','e');
INSERT INTO `genre_book`(`genre`, `entryid`) VALUES ('Adventure','4597');
INSERT INTO `author_book`(`author`, `entryid`) VALUES ('Catalina Manliguis','4597');
INSERT INTO `publisher_book`(`publisher`, `entryid`) VALUES ('Arroyd Inc.','4597');
INSERT INTO `entry`(`entryid`,`type`) VALUES('4598','b');
INSERT INTO `book`(`title`,`entryid`,`isbn`,`type`) VALUES('Marimba for goutiest Salad','4598','9142279662958','b');
INSERT INTO `genre_book`(`genre`, `entryid`) VALUES ('Sci-Fi','4598');
INSERT INTO `author_book`(`author`, `entryid`) VALUES ('Tameka Defries','4598');
INSERT INTO `publisher_book`(`publisher`, `entryid`) VALUES ('Woodward Publishers.','4598');
INSERT INTO `entry`(`entryid`,`type`) VALUES('4599','b');
INSERT INTO `book`(`title`,`entryid`,`isbn`,`type`) VALUES('Bagpipe and Cherry','4599','0895697018669','e');
INSERT INTO `genre_book`(`genre`, `entryid`) VALUES ('Romance','4599');
INSERT INTO `author_book`(`author`, `entryid`) VALUES ('Marilyn Treder','4599');
INSERT INTO `publisher_book`(`publisher`, `entryid`) VALUES ('Gidwani Publishers.','4599');
INSERT INTO `entry`(`entryid`,`type`) VALUES('4600','b');
INSERT INTO `book`(`title`,`entryid`,`isbn`,`type`) VALUES('Iris in the sleazy Shake','4600','0870786430084','j');
INSERT INTO `genre_book`(`genre`, `entryid`) VALUES ('Adventure','4600');
INSERT INTO `author_book`(`author`, `entryid`) VALUES ('Jamey Keams','4600');
INSERT INTO `publisher_book`(`publisher`, `entryid`) VALUES ('Vattikuti Publishers.','4600');
INSERT INTO `entry`(`entryid`,`type`) VALUES('4601','b');
INSERT INTO `book`(`title`,`entryid`,`isbn`,`type`) VALUES('Noise vs. City','4601','0445665915804','b');
INSERT INTO `genre_book`(`genre`, `entryid`) VALUES ('Science','4601');
INSERT INTO `author_book`(`author`, `entryid`) VALUES ('Jacqueline Donel','4601');
INSERT INTO `publisher_book`(`publisher`, `entryid`) VALUES ('Neuman Cooperations.','4601');
INSERT INTO `entry`(`entryid`,`type`) VALUES('4602','b');
INSERT INTO `book`(`title`,`entryid`,`isbn`,`type`) VALUES('Carbon for malfeasance Organ','4602','0904204004107','e');
INSERT INTO `genre_book`(`genre`, `entryid`) VALUES ('Education','4602');
INSERT INTO `author_book`(`author`, `entryid`) VALUES ('Latonia Erholm','4602');
INSERT INTO `publisher_book`(`publisher`, `entryid`) VALUES ('Betit Inc.','4602');
INSERT INTO `entry`(`entryid`,`type`) VALUES('4603','b');
INSERT INTO `book`(`title`,`entryid`,`isbn`,`type`) VALUES('Dish of the Butter','4603','9734898341300','b');
INSERT INTO `genre_book`(`genre`, `entryid`) VALUES ('Science','4603');
INSERT INTO `author_book`(`author`, `entryid`) VALUES ('Jetta Korewdit','4603');
INSERT INTO `publisher_book`(`publisher`, `entryid`) VALUES ('Trobaugh Publishers.','4603');
INSERT INTO `entry`(`entryid`,`type`) VALUES('4604','b');
INSERT INTO `book`(`title`,`entryid`,`isbn`,`type`) VALUES('Reward by Cloudy','4604','0775869886948','j');
INSERT INTO `genre_book`(`genre`, `entryid`) VALUES ('Romance','4604');
INSERT INTO `author_book`(`author`, `entryid`) VALUES ('Orval Hearon','4604');
INSERT INTO `publisher_book`(`publisher`, `entryid`) VALUES ('Baltazor Publishers.','4604');
INSERT INTO `entry`(`entryid`,`type`) VALUES('4605','b');
INSERT INTO `book`(`title`,`entryid`,`isbn`,`type`) VALUES('Tree to Street','4605','0999291358864','e');
INSERT INTO `genre_book`(`genre`, `entryid`) VALUES ('Thriller','4605');
INSERT INTO `author_book`(`author`, `entryid`) VALUES ('Shantelle Schoo','4605');
INSERT INTO `publisher_book`(`publisher`, `entryid`) VALUES ('Brotherson Inc.','4605');
INSERT INTO `entry`(`entryid`,`type`) VALUES('4606','b');
INSERT INTO `book`(`title`,`entryid`,`isbn`,`type`) VALUES('Carpenter because of Propane','4606','0990801954050','j');
INSERT INTO `genre_book`(`genre`, `entryid`) VALUES ('Romance','4606');
INSERT INTO `author_book`(`author`, `entryid`) VALUES ('Lana Quante','4606');
INSERT INTO `publisher_book`(`publisher`, `entryid`) VALUES ('Excell Inc.','4606');
INSERT INTO `entry`(`entryid`,`type`) VALUES('4607','b');
INSERT INTO `book`(`title`,`entryid`,`isbn`,`type`) VALUES('Bay by leggier Colon','4607','9880803317996','b');
INSERT INTO `genre_book`(`genre`, `entryid`) VALUES ('Thriller','4607');
INSERT INTO `author_book`(`author`, `entryid`) VALUES ('Daysi Spitler','4607');
INSERT INTO `publisher_book`(`publisher`, `entryid`) VALUES ('Deblanc Publishers.','4607');
INSERT INTO `entry`(`entryid`,`type`) VALUES('4608','b');
INSERT INTO `book`(`title`,`entryid`,`isbn`,`type`) VALUES('Buzzard to the odoriferous Firewall','4608','0015136804355','b');
INSERT INTO `genre_book`(`genre`, `entryid`) VALUES ('Romance','4608');
INSERT INTO `author_book`(`author`, `entryid`) VALUES ('Juliana Tufnell','4608');
INSERT INTO `publisher_book`(`publisher`, `entryid`) VALUES ('Lobosco Cooperations.','4608');
INSERT INTO `entry`(`entryid`,`type`) VALUES('4609','b');
INSERT INTO `book`(`title`,`entryid`,`isbn`,`type`) VALUES('Eggplant by Kimberly','4609','0805030823764','e');
INSERT INTO `genre_book`(`genre`, `entryid`) VALUES ('Romance','4609');
INSERT INTO `author_book`(`author`, `entryid`) VALUES ('Vena Rieser','4609');
INSERT INTO `publisher_book`(`publisher`, `entryid`) VALUES ('Arroyd Inc.','4609');
INSERT INTO `entry`(`entryid`,`type`) VALUES('4610','b');
INSERT INTO `book`(`title`,`entryid`,`isbn`,`type`) VALUES('Patient for the on-the-spot Asparagus','4610','0307289970256','e');
INSERT INTO `genre_book`(`genre`, `entryid`) VALUES ('Horror','4610');
INSERT INTO `author_book`(`author`, `entryid`) VALUES ('Agripina Dunnaville','4610');
INSERT INTO `publisher_book`(`publisher`, `entryid`) VALUES ('Duhon Publishers.','4610');
INSERT INTO `entry`(`entryid`,`type`) VALUES('4611','b');
INSERT INTO `book`(`title`,`entryid`,`isbn`,`type`) VALUES('Pull against bordered Semicircle','4611','0856194078815','b');
INSERT INTO `genre_book`(`genre`, `entryid`) VALUES ('Sci-Fi','4611');
INSERT INTO `author`(`name`,`birthyear`,`deathyear`) VALUES('Maryetta Smelser','1969','2063');
INSERT INTO `author_book`(`author`, `entryid`) VALUES ('Maryetta Smelser','4611');
INSERT INTO `publisher_book`(`publisher`, `entryid`) VALUES ('Ukich Cooperations.','4611');
INSERT INTO `entry`(`entryid`,`type`) VALUES('4612','b');
INSERT INTO `book`(`title`,`entryid`,`isbn`,`type`) VALUES('Crawdad and Titanium','4612','9415187326373','e');
INSERT INTO `genre_book`(`genre`, `entryid`) VALUES ('Adventure','4612');
INSERT INTO `author`(`name`,`birthyear`,`deathyear`) VALUES('Leo Coolman','1933','2019');
INSERT INTO `author_book`(`author`, `entryid`) VALUES ('Leo Coolman','4612');
INSERT INTO `publisher_book`(`publisher`, `entryid`) VALUES ('Grinner Inc.','4612');
INSERT INTO `entry`(`entryid`,`type`) VALUES('4613','b');
INSERT INTO `book`(`title`,`entryid`,`isbn`,`type`) VALUES('Lunchroom for the cable-laid Year','4613','0446870502499','b');
INSERT INTO `genre_book`(`genre`, `entryid`) VALUES ('Adventure','4613');
INSERT INTO `author_book`(`author`, `entryid`) VALUES ('Philomena Pooschke','4613');
INSERT INTO `publisher_book`(`publisher`, `entryid`) VALUES ('Brownsworth Inc.','4613');
INSERT INTO `entry`(`entryid`,`type`) VALUES('4614','b');
INSERT INTO `book`(`title`,`entryid`,`isbn`,`type`) VALUES('Root by the Foxglove','4614','0671895461024','e');
INSERT INTO `genre_book`(`genre`, `entryid`) VALUES ('Horror','4614');
INSERT INTO `author_book`(`author`, `entryid`) VALUES ('Bev Buckless','4614');
INSERT INTO `publisher_book`(`publisher`, `entryid`) VALUES ('Reshard Cooperations.','4614');
INSERT INTO `entry`(`entryid`,`type`) VALUES('4615','b');
INSERT INTO `book`(`title`,`entryid`,`isbn`,`type`) VALUES('Accountant and the Roast','4615','9152338626294','j');
INSERT INTO `genre_book`(`genre`, `entryid`) VALUES ('Sci-Fi','4615');
INSERT INTO `author_book`(`author`, `entryid`) VALUES ('Cedric Weng','4615');
INSERT INTO `publisher_book`(`publisher`, `entryid`) VALUES ('Raetz Publishers.','4615');
INSERT INTO `entry`(`entryid`,`type`) VALUES('4616','b');
INSERT INTO `book`(`title`,`entryid`,`isbn`,`type`) VALUES('Mexican vs. Chef','4616','0742084423905','e');
INSERT INTO `genre_book`(`genre`, `entryid`) VALUES ('Romance','4616');
INSERT INTO `author_book`(`author`, `entryid`) VALUES ('Erinn Rousell','4616');
INSERT INTO `publisher_book`(`publisher`, `entryid`) VALUES ('Luangamath Inc.','4616');
INSERT INTO `entry`(`entryid`,`type`) VALUES('4617','b');
INSERT INTO `book`(`title`,`entryid`,`isbn`,`type`) VALUES('Show to the cupulate Lan','4617','9971086425915','e');
INSERT INTO `genre_book`(`genre`, `entryid`) VALUES ('Horror','4617');
INSERT INTO `author_book`(`author`, `entryid`) VALUES ('Sharolyn Semaan','4617');
INSERT INTO `publisher_book`(`publisher`, `entryid`) VALUES ('Sistek Cooperations.','4617');
INSERT INTO `entry`(`entryid`,`type`) VALUES('4618','b');
INSERT INTO `book`(`title`,`entryid`,`isbn`,`type`) VALUES('Teaching with the unstriated Camera','4618','0558426700687','e');
INSERT INTO `genre_book`(`genre`, `entryid`) VALUES ('Romance','4618');
INSERT INTO `author_book`(`author`, `entryid`) VALUES ('Leanora Renk','4618');
INSERT INTO `publisher_book`(`publisher`, `entryid`) VALUES ('Callam Inc.','4618');
INSERT INTO `entry`(`entryid`,`type`) VALUES('4619','b');
INSERT INTO `book`(`title`,`entryid`,`isbn`,`type`) VALUES('Dragonfly and Fur','4619','9856131178684','e');
INSERT INTO `genre_book`(`genre`, `entryid`) VALUES ('Sci-Fi','4619');
INSERT INTO `author`(`name`,`birthyear`,`deathyear`) VALUES('Awilda Plauche','1979','2052');
INSERT INTO `author_book`(`author`, `entryid`) VALUES ('Awilda Plauche','4619');
INSERT INTO `publisher_book`(`publisher`, `entryid`) VALUES ('Strazisar Inc.','4619');
INSERT INTO `entry`(`entryid`,`type`) VALUES('4620','b');
INSERT INTO `book`(`title`,`entryid`,`isbn`,`type`) VALUES('Question with Freon','4620','0724572089170','j');
INSERT INTO `genre_book`(`genre`, `entryid`) VALUES ('Adventure','4620');
INSERT INTO `author_book`(`author`, `entryid`) VALUES ('Carolee Dominiquez','4620');
INSERT INTO `publisher_book`(`publisher`, `entryid`) VALUES ('Deblanc Publishers.','4620');
INSERT INTO `entry`(`entryid`,`type`) VALUES('4621','b');
INSERT INTO `book`(`title`,`entryid`,`isbn`,`type`) VALUES('Asparagus with supportable Supply','4621','0180632157013','e');
INSERT INTO `genre_book`(`genre`, `entryid`) VALUES ('Horror','4621');
INSERT INTO `author_book`(`author`, `entryid`) VALUES ('Johana Maag','4621');
INSERT INTO `publisher_book`(`publisher`, `entryid`) VALUES ('Henscheid Cooperations.','4621');
INSERT INTO `entry`(`entryid`,`type`) VALUES('4622','b');
INSERT INTO `book`(`title`,`entryid`,`isbn`,`type`) VALUES('Otter and Bagpipe','4622','0635402307996','e');
INSERT INTO `genre_book`(`genre`, `entryid`) VALUES ('Horror','4622');
INSERT INTO `author_book`(`author`, `entryid`) VALUES ('Colene Vichidvongsa','4622');
INSERT INTO `publisher_book`(`publisher`, `entryid`) VALUES ('Blissett Publishers.','4622');
INSERT INTO `entry`(`entryid`,`type`) VALUES('4623','b');
INSERT INTO `book`(`title`,`entryid`,`isbn`,`type`) VALUES('Eggplant vs. Jaguar','4623','0832086014075','e');
INSERT INTO `genre_book`(`genre`, `entryid`) VALUES ('Science','4623');
INSERT INTO `author_book`(`author`, `entryid`) VALUES ('Martina Soteros','4623');
INSERT INTO `publisher_book`(`publisher`, `entryid`) VALUES ('Goswick Inc.','4623');
INSERT INTO `entry`(`entryid`,`type`) VALUES('4624','b');
INSERT INTO `book`(`title`,`entryid`,`isbn`,`type`) VALUES('Chair of Century','4624','0970700872726','e');
INSERT INTO `genre_book`(`genre`, `entryid`) VALUES ('Romance','4624');
INSERT INTO `author_book`(`author`, `entryid`) VALUES ('Norene Strzalkowski','4624');
INSERT INTO `publisher_book`(`publisher`, `entryid`) VALUES ('Brotherson Inc.','4624');
INSERT INTO `entry`(`entryid`,`type`) VALUES('4625','b');
INSERT INTO `book`(`title`,`entryid`,`isbn`,`type`) VALUES('Hyena to Border','4625','0015642316950','j');
INSERT INTO `genre_book`(`genre`, `entryid`) VALUES ('Science','4625');
INSERT INTO `author_book`(`author`, `entryid`) VALUES ('Theron Ya','4625');
INSERT INTO `publisher_book`(`publisher`, `entryid`) VALUES ('Laraby Publishers.','4625');
INSERT INTO `entry`(`entryid`,`type`) VALUES('4626','b');
INSERT INTO `book`(`title`,`entryid`,`isbn`,`type`) VALUES('Satin against lobed Panty','4626','0468775273872','e');
INSERT INTO `genre_book`(`genre`, `entryid`) VALUES ('Education','4626');
INSERT INTO `author_book`(`author`, `entryid`) VALUES ('Wonda Wigginton','4626');
INSERT INTO `publisher_book`(`publisher`, `entryid`) VALUES ('Casaceli Inc.','4626');
INSERT INTO `entry`(`entryid`,`type`) VALUES('4627','b');
INSERT INTO `book`(`title`,`entryid`,`isbn`,`type`) VALUES('Rhythm against Year','4627','0372500692728','b');
INSERT INTO `genre_book`(`genre`, `entryid`) VALUES ('Education','4627');
INSERT INTO `author_book`(`author`, `entryid`) VALUES ('Rolande Copass','4627');
INSERT INTO `publisher_book`(`publisher`, `entryid`) VALUES ('Didyk Inc.','4627');
INSERT INTO `entry`(`entryid`,`type`) VALUES('4628','b');
INSERT INTO `book`(`title`,`entryid`,`isbn`,`type`) VALUES('Internet with the becalmed Soccer','4628','0771431754372','b');
INSERT INTO `genre_book`(`genre`, `entryid`) VALUES ('Adventure','4628');
INSERT INTO `author_book`(`author`, `entryid`) VALUES ('Zulma Cluxton','4628');
INSERT INTO `publisher_book`(`publisher`, `entryid`) VALUES ('Sumaran Cooperations.','4628');
INSERT INTO `entry`(`entryid`,`type`) VALUES('4629','b');
INSERT INTO `book`(`title`,`entryid`,`isbn`,`type`) VALUES('Viscose for extreme Map','4629','9629267503720','j');
INSERT INTO `genre_book`(`genre`, `entryid`) VALUES ('Thriller','4629');
INSERT INTO `author`(`name`,`birthyear`,`deathyear`) VALUES('Tami Wiland','1959','2037');
INSERT INTO `author_book`(`author`, `entryid`) VALUES ('Tami Wiland','4629');
INSERT INTO `publisher_book`(`publisher`, `entryid`) VALUES ('Caspi Inc.','4629');
INSERT INTO `entry`(`entryid`,`type`) VALUES('4630','b');
INSERT INTO `book`(`title`,`entryid`,`isbn`,`type`) VALUES('Colt with enraptured Dashboard','4630','0494803983804','j');
INSERT INTO `genre_book`(`genre`, `entryid`) VALUES ('Sci-Fi','4630');
INSERT INTO `author_book`(`author`, `entryid`) VALUES ('Mariana Congleton','4630');
INSERT INTO `publisher_book`(`publisher`, `entryid`) VALUES ('Bronk Cooperations.','4630');
INSERT INTO `entry`(`entryid`,`type`) VALUES('4631','b');
INSERT INTO `book`(`title`,`entryid`,`isbn`,`type`) VALUES('Order vs. Tire','4631','9422112535032','e');
INSERT INTO `genre_book`(`genre`, `entryid`) VALUES ('Science','4631');
INSERT INTO `author_book`(`author`, `entryid`) VALUES ('Tien Henerson','4631');
INSERT INTO `publisher_book`(`publisher`, `entryid`) VALUES ('Habeck Publishers.','4631');
INSERT INTO `entry`(`entryid`,`type`) VALUES('4632','b');
INSERT INTO `book`(`title`,`entryid`,`isbn`,`type`) VALUES('Tip in dermatological Albatross','4632','9364149012069','e');
INSERT INTO `genre_book`(`genre`, `entryid`) VALUES ('Thriller','4632');
INSERT INTO `author_book`(`author`, `entryid`) VALUES ('Jerry Hoxsie','4632');
INSERT INTO `publisher_book`(`publisher`, `entryid`) VALUES ('Gerondale Inc.','4632');
INSERT INTO `entry`(`entryid`,`type`) VALUES('4633','b');
INSERT INTO `book`(`title`,`entryid`,`isbn`,`type`) VALUES('Carbon against the Authority','4633','9795987492349','e');
INSERT INTO `genre_book`(`genre`, `entryid`) VALUES ('Science','4633');
INSERT INTO `author_book`(`author`, `entryid`) VALUES ('Kiara Hamon','4633');
INSERT INTO `publisher_book`(`publisher`, `entryid`) VALUES ('Angry Inc.','4633');
INSERT INTO `entry`(`entryid`,`type`) VALUES('4634','b');
INSERT INTO `book`(`title`,`entryid`,`isbn`,`type`) VALUES('Step-daughter because of peeling Liquor','4634','0883354357165','j');
INSERT INTO `genre_book`(`genre`, `entryid`) VALUES ('Adventure','4634');
INSERT INTO `author_book`(`author`, `entryid`) VALUES ('Lanell Slightam','4634');
INSERT INTO `publisher_book`(`publisher`, `entryid`) VALUES ('Hathcoat Publishers.','4634');
INSERT INTO `entry`(`entryid`,`type`) VALUES('4635','b');
INSERT INTO `book`(`title`,`entryid`,`isbn`,`type`) VALUES('Nest for the Hyena','4635','9029249370542','b');
INSERT INTO `genre_book`(`genre`, `entryid`) VALUES ('Education','4635');
INSERT INTO `author_book`(`author`, `entryid`) VALUES ('Alverta Souser','4635');
INSERT INTO `publisher_book`(`publisher`, `entryid`) VALUES ('Hollner Publishers.','4635');
INSERT INTO `entry`(`entryid`,`type`) VALUES('4636','b');
INSERT INTO `book`(`title`,`entryid`,`isbn`,`type`) VALUES('Lizard to baboonish Conifer','4636','0320110616890','b');
INSERT INTO `genre_book`(`genre`, `entryid`) VALUES ('Horror','4636');
INSERT INTO `author_book`(`author`, `entryid`) VALUES ('Toney Wisely','4636');
INSERT INTO `publisher_book`(`publisher`, `entryid`) VALUES ('Nack Publishers.','4636');
INSERT INTO `entry`(`entryid`,`type`) VALUES('4637','b');
INSERT INTO `book`(`title`,`entryid`,`isbn`,`type`) VALUES('Creek with the Poet','4637','0828765086836','j');
INSERT INTO `genre_book`(`genre`, `entryid`) VALUES ('Thriller','4637');
INSERT INTO `author_book`(`author`, `entryid`) VALUES ('Orval Hearon','4637');
INSERT INTO `publisher_book`(`publisher`, `entryid`) VALUES ('Wooderson Inc.','4637');
INSERT INTO `entry`(`entryid`,`type`) VALUES('4638','b');
INSERT INTO `book`(`title`,`entryid`,`isbn`,`type`) VALUES('Partner of the Store','4638','9492954368156','b');
INSERT INTO `genre_book`(`genre`, `entryid`) VALUES ('Horror','4638');
INSERT INTO `author_book`(`author`, `entryid`) VALUES ('Camelia Mizwicki','4638');
INSERT INTO `publisher_book`(`publisher`, `entryid`) VALUES ('Delashaw Publishers.','4638');
INSERT INTO `entry`(`entryid`,`type`) VALUES('4639','b');
INSERT INTO `book`(`title`,`entryid`,`isbn`,`type`) VALUES('Internet because of Coffee','4639','0348077572491','j');
INSERT INTO `genre_book`(`genre`, `entryid`) VALUES ('Science','4639');
INSERT INTO `author_book`(`author`, `entryid`) VALUES ('Floyd Jandrin','4639');
INSERT INTO `publisher_book`(`publisher`, `entryid`) VALUES ('Vanwyck Publishers.','4639');
INSERT INTO `entry`(`entryid`,`type`) VALUES('4640','b');
INSERT INTO `book`(`title`,`entryid`,`isbn`,`type`) VALUES('Shrine of the kilted Lunge','4640','0354680653056','j');
INSERT INTO `genre_book`(`genre`, `entryid`) VALUES ('Thriller','4640');
INSERT INTO `author_book`(`author`, `entryid`) VALUES ('Tamesha Rosher','4640');
INSERT INTO `publisher_book`(`publisher`, `entryid`) VALUES ('Tegarden Publishers.','4640');
INSERT INTO `entry`(`entryid`,`type`) VALUES('4641','b');
INSERT INTO `book`(`title`,`entryid`,`isbn`,`type`) VALUES('Aftershave vs. Quiet','4641','9591579085977','e');
INSERT INTO `genre_book`(`genre`, `entryid`) VALUES ('Science','4641');
INSERT INTO `author`(`name`,`birthyear`,`deathyear`) VALUES('Fredericka Feingold','1946','2004');
INSERT INTO `author_book`(`author`, `entryid`) VALUES ('Fredericka Feingold','4641');
INSERT INTO `publisher_book`(`publisher`, `entryid`) VALUES ('Excell Inc.','4641');
INSERT INTO `entry`(`entryid`,`type`) VALUES('4642','b');
INSERT INTO `book`(`title`,`entryid`,`isbn`,`type`) VALUES('Secretary to the Plasterboard','4642','0255337617360','j');
INSERT INTO `genre_book`(`genre`, `entryid`) VALUES ('Education','4642');
INSERT INTO `author_book`(`author`, `entryid`) VALUES ('Malena Malinsky','4642');
INSERT INTO `publisher_book`(`publisher`, `entryid`) VALUES ('Ridders Inc.','4642');
INSERT INTO `entry`(`entryid`,`type`) VALUES('4643','b');
INSERT INTO `book`(`title`,`entryid`,`isbn`,`type`) VALUES('Mine of the heart-free Abyssinian','4643','9489766423938','e');
INSERT INTO `genre_book`(`genre`, `entryid`) VALUES ('Education','4643');
INSERT INTO `author_book`(`author`, `entryid`) VALUES ('Rolland Netters','4643');
INSERT INTO `publisher_book`(`publisher`, `entryid`) VALUES ('Blythe Publishers.','4643');
INSERT INTO `entry`(`entryid`,`type`) VALUES('4644','b');
INSERT INTO `book`(`title`,`entryid`,`isbn`,`type`) VALUES('Lunchroom against the orchestrated Trumpet','4644','9282412234079','j');
INSERT INTO `genre_book`(`genre`, `entryid`) VALUES ('Romance','4644');
INSERT INTO `author_book`(`author`, `entryid`) VALUES ('Shirl Orff','4644');
INSERT INTO `publisher_book`(`publisher`, `entryid`) VALUES ('Betit Inc.','4644');
INSERT INTO `entry`(`entryid`,`type`) VALUES('4645','b');
INSERT INTO `book`(`title`,`entryid`,`isbn`,`type`) VALUES('Australia because of Cat','4645','9826040255038','b');
INSERT INTO `genre_book`(`genre`, `entryid`) VALUES ('Sci-Fi','4645');
INSERT INTO `author_book`(`author`, `entryid`) VALUES ('Shanita Tabone','4645');
INSERT INTO `publisher_book`(`publisher`, `entryid`) VALUES ('Fixico Inc.','4645');
INSERT INTO `entry`(`entryid`,`type`) VALUES('4646','b');
INSERT INTO `book`(`title`,`entryid`,`isbn`,`type`) VALUES('Twine of gigantean Tip','4646','0160754007971','e');
INSERT INTO `genre_book`(`genre`, `entryid`) VALUES ('Science','4646');
INSERT INTO `author_book`(`author`, `entryid`) VALUES ('Leanora Renk','4646');
INSERT INTO `publisher_book`(`publisher`, `entryid`) VALUES ('Arone Inc.','4646');
INSERT INTO `entry`(`entryid`,`type`) VALUES('4647','b');
INSERT INTO `book`(`title`,`entryid`,`isbn`,`type`) VALUES('Woolen and dissociative Bulldozer','4647','9033268288574','b');
INSERT INTO `genre_book`(`genre`, `entryid`) VALUES ('Romance','4647');
INSERT INTO `author_book`(`author`, `entryid`) VALUES ('Gwenn Bernal','4647');
INSERT INTO `publisher_book`(`publisher`, `entryid`) VALUES ('Mccarvill Inc.','4647');
INSERT INTO `entry`(`entryid`,`type`) VALUES('4648','b');
INSERT INTO `book`(`title`,`entryid`,`isbn`,`type`) VALUES('Valley by the Satin','4648','9430299263974','e');
INSERT INTO `genre_book`(`genre`, `entryid`) VALUES ('Romance','4648');
INSERT INTO `author_book`(`author`, `entryid`) VALUES ('Delsie Pisano','4648');
INSERT INTO `publisher_book`(`publisher`, `entryid`) VALUES ('Armada Cooperations.','4648');
INSERT INTO `entry`(`entryid`,`type`) VALUES('4649','b');
INSERT INTO `book`(`title`,`entryid`,`isbn`,`type`) VALUES('Riverbed and Banana','4649','9376663893812','b');
INSERT INTO `genre_book`(`genre`, `entryid`) VALUES ('Romance','4649');
INSERT INTO `author_book`(`author`, `entryid`) VALUES ('Isaura Sin','4649');
INSERT INTO `publisher_book`(`publisher`, `entryid`) VALUES ('Landacre Inc.','4649');
INSERT INTO `entry`(`entryid`,`type`) VALUES('4650','b');
INSERT INTO `book`(`title`,`entryid`,`isbn`,`type`) VALUES('Schedule in the Crush','4650','0095250912929','j');
INSERT INTO `genre_book`(`genre`, `entryid`) VALUES ('Adventure','4650');
INSERT INTO `author_book`(`author`, `entryid`) VALUES ('Ashlea Holtzclaw','4650');
INSERT INTO `publisher_book`(`publisher`, `entryid`) VALUES ('Tanton Publishers.','4650');
INSERT INTO `entry`(`entryid`,`type`) VALUES('4651','b');
INSERT INTO `book`(`title`,`entryid`,`isbn`,`type`) VALUES('Element in the Hepplewhite Begonia','4651','0074339525787','e');
INSERT INTO `genre_book`(`genre`, `entryid`) VALUES ('Adventure','4651');
INSERT INTO `author_book`(`author`, `entryid`) VALUES ('Adella Elsa','4651');
INSERT INTO `publisher_book`(`publisher`, `entryid`) VALUES ('Arroyd Inc.','4651');
INSERT INTO `entry`(`entryid`,`type`) VALUES('4652','b');
INSERT INTO `book`(`title`,`entryid`,`isbn`,`type`) VALUES('Dirt because of provoked Cuban','4652','0164751459700','e');
INSERT INTO `genre_book`(`genre`, `entryid`) VALUES ('Romance','4652');
INSERT INTO `author`(`name`,`birthyear`,`deathyear`) VALUES('Sanjuana Meinders','1930','2009');
INSERT INTO `author_book`(`author`, `entryid`) VALUES ('Sanjuana Meinders','4652');
INSERT INTO `publisher_book`(`publisher`, `entryid`) VALUES ('Meacham Cooperations.','4652');
INSERT INTO `entry`(`entryid`,`type`) VALUES('4653','b');
INSERT INTO `book`(`title`,`entryid`,`isbn`,`type`) VALUES('Invention of the Holiday','4653','9405438083734','j');
INSERT INTO `genre_book`(`genre`, `entryid`) VALUES ('Thriller','4653');
INSERT INTO `author_book`(`author`, `entryid`) VALUES ('Agustina Sobczyk','4653');
INSERT INTO `publisher_book`(`publisher`, `entryid`) VALUES ('Hooey Inc.','4653');
INSERT INTO `entry`(`entryid`,`type`) VALUES('4654','b');
INSERT INTO `book`(`title`,`entryid`,`isbn`,`type`) VALUES('Camel against sequined Lyocell','4654','9276589627080','e');
INSERT INTO `genre_book`(`genre`, `entryid`) VALUES ('Romance','4654');
INSERT INTO `author_book`(`author`, `entryid`) VALUES ('Imogene Kesinger','4654');
INSERT INTO `publisher_book`(`publisher`, `entryid`) VALUES ('Malarkey Cooperations.','4654');
INSERT INTO `entry`(`entryid`,`type`) VALUES('4655','b');
INSERT INTO `book`(`title`,`entryid`,`isbn`,`type`) VALUES('Magic with Storm','4655','0730639942061','j');
INSERT INTO `genre_book`(`genre`, `entryid`) VALUES ('Adventure','4655');
INSERT INTO `author`(`name`,`birthyear`,`deathyear`) VALUES('Andrew Curby','1961','1993');
INSERT INTO `author_book`(`author`, `entryid`) VALUES ('Andrew Curby','4655');
INSERT INTO `publisher_book`(`publisher`, `entryid`) VALUES ('Batrum Inc.','4655');
INSERT INTO `entry`(`entryid`,`type`) VALUES('4656','b');
INSERT INTO `book`(`title`,`entryid`,`isbn`,`type`) VALUES('Glove because of Joseph','4656','9601870997019','b');
INSERT INTO `genre_book`(`genre`, `entryid`) VALUES ('Sci-Fi','4656');
INSERT INTO `author_book`(`author`, `entryid`) VALUES ('Normand Avis','4656');
INSERT INTO `publisher_book`(`publisher`, `entryid`) VALUES ('Excell Inc.','4656');
INSERT INTO `entry`(`entryid`,`type`) VALUES('4657','b');
INSERT INTO `book`(`title`,`entryid`,`isbn`,`type`) VALUES('Crook and authorless Avenue','4657','0849714854265','j');
INSERT INTO `genre_book`(`genre`, `entryid`) VALUES ('Science','4657');
INSERT INTO `author_book`(`author`, `entryid`) VALUES ('Werner Fudala','4657');
INSERT INTO `publisher_book`(`publisher`, `entryid`) VALUES ('Salvatori Inc.','4657');
INSERT INTO `entry`(`entryid`,`type`) VALUES('4658','b');
INSERT INTO `book`(`title`,`entryid`,`isbn`,`type`) VALUES('Great-grandmother against the Pot','4658','0408660159684','e');
INSERT INTO `genre_book`(`genre`, `entryid`) VALUES ('Sci-Fi','4658');
INSERT INTO `author`(`name`,`birthyear`,`deathyear`) VALUES('Kerrie Gaito','1911','1970');
INSERT INTO `author_book`(`author`, `entryid`) VALUES ('Kerrie Gaito','4658');
INSERT INTO `publisher_book`(`publisher`, `entryid`) VALUES ('Henscheid Cooperations.','4658');
INSERT INTO `entry`(`entryid`,`type`) VALUES('4659','b');
INSERT INTO `book`(`title`,`entryid`,`isbn`,`type`) VALUES('Maid against wind-borne Accelerator','4659','0848802923235','j');
INSERT INTO `genre_book`(`genre`, `entryid`) VALUES ('Adventure','4659');
INSERT INTO `author_book`(`author`, `entryid`) VALUES ('Horace Urbanek','4659');
INSERT INTO `publisher_book`(`publisher`, `entryid`) VALUES ('Fattig Inc.','4659');
INSERT INTO `entry`(`entryid`,`type`) VALUES('4660','b');
INSERT INTO `book`(`title`,`entryid`,`isbn`,`type`) VALUES('Notify to Grass','4660','0809677945014','b');
INSERT INTO `genre_book`(`genre`, `entryid`) VALUES ('Education','4660');
INSERT INTO `author_book`(`author`, `entryid`) VALUES ('Toney Wisely','4660');
INSERT INTO `publisher_book`(`publisher`, `entryid`) VALUES ('Pyros Inc.','4660');
INSERT INTO `entry`(`entryid`,`type`) VALUES('4661','b');
INSERT INTO `book`(`title`,`entryid`,`isbn`,`type`) VALUES('Close against the herbal Cactus','4661','0180512958085','b');
INSERT INTO `genre_book`(`genre`, `entryid`) VALUES ('Romance','4661');
INSERT INTO `author_book`(`author`, `entryid`) VALUES ('Lucile Horne','4661');
INSERT INTO `publisher_book`(`publisher`, `entryid`) VALUES ('Travieso Inc.','4661');
INSERT INTO `entry`(`entryid`,`type`) VALUES('4662','b');
INSERT INTO `book`(`title`,`entryid`,`isbn`,`type`) VALUES('Siamese to the Draw','4662','9865264417492','e');
INSERT INTO `genre_book`(`genre`, `entryid`) VALUES ('Horror','4662');
INSERT INTO `author_book`(`author`, `entryid`) VALUES ('Martina Soteros','4662');
INSERT INTO `publisher_book`(`publisher`, `entryid`) VALUES ('Hengel Inc.','4662');
INSERT INTO `entry`(`entryid`,`type`) VALUES('4663','b');
INSERT INTO `book`(`title`,`entryid`,`isbn`,`type`) VALUES('Bath with the Fiber','4663','0477372130537','e');
INSERT INTO `genre_book`(`genre`, `entryid`) VALUES ('Sci-Fi','4663');
INSERT INTO `author_book`(`author`, `entryid`) VALUES ('Deja Beel','4663');
INSERT INTO `publisher_book`(`publisher`, `entryid`) VALUES ('Ellett Publishers.','4663');
INSERT INTO `entry`(`entryid`,`type`) VALUES('4664','b');
INSERT INTO `book`(`title`,`entryid`,`isbn`,`type`) VALUES('Fireplace vs. Single','4664','9058530247259','b');
INSERT INTO `genre_book`(`genre`, `entryid`) VALUES ('Education','4664');
INSERT INTO `author_book`(`author`, `entryid`) VALUES ('Kelley Luth','4664');
INSERT INTO `publisher_book`(`publisher`, `entryid`) VALUES ('Holland Publishers.','4664');
INSERT INTO `entry`(`entryid`,`type`) VALUES('4665','b');
INSERT INTO `book`(`title`,`entryid`,`isbn`,`type`) VALUES('Blowgun by Baby','4665','9080688038717','j');
INSERT INTO `genre_book`(`genre`, `entryid`) VALUES ('Thriller','4665');
INSERT INTO `author_book`(`author`, `entryid`) VALUES ('India Sordahl','4665');
INSERT INTO `publisher_book`(`publisher`, `entryid`) VALUES ('Hauley Publishers.','4665');
INSERT INTO `entry`(`entryid`,`type`) VALUES('4666','b');
INSERT INTO `book`(`title`,`entryid`,`isbn`,`type`) VALUES('Bagpipe of Recess','4666','9897353755113','b');
INSERT INTO `genre_book`(`genre`, `entryid`) VALUES ('Education','4666');
INSERT INTO `author_book`(`author`, `entryid`) VALUES ('Kiara Vattes','4666');
INSERT INTO `publisher_book`(`publisher`, `entryid`) VALUES ('Brownsworth Inc.','4666');
INSERT INTO `entry`(`entryid`,`type`) VALUES('4667','b');
INSERT INTO `book`(`title`,`entryid`,`isbn`,`type`) VALUES('Kitchen for the humiliatory Fahrenheit','4667','9642758305379','e');
INSERT INTO `genre_book`(`genre`, `entryid`) VALUES ('Adventure','4667');
INSERT INTO `author`(`name`,`birthyear`,`deathyear`) VALUES('Pura Meschino','1965','2019');
INSERT INTO `author_book`(`author`, `entryid`) VALUES ('Pura Meschino','4667');
INSERT INTO `publisher_book`(`publisher`, `entryid`) VALUES ('Batrum Inc.','4667');
INSERT INTO `entry`(`entryid`,`type`) VALUES('4668','b');
INSERT INTO `book`(`title`,`entryid`,`isbn`,`type`) VALUES('Saudi arabia in the Sofa','4668','9402920990214','b');
INSERT INTO `genre_book`(`genre`, `entryid`) VALUES ('Education','4668');
INSERT INTO `author_book`(`author`, `entryid`) VALUES ('Berniece Griswell','4668');
INSERT INTO `publisher_book`(`publisher`, `entryid`) VALUES ('Nemani Cooperations.','4668');
INSERT INTO `entry`(`entryid`,`type`) VALUES('4669','b');
INSERT INTO `book`(`title`,`entryid`,`isbn`,`type`) VALUES('Sphere of Pyjama','4669','9735192080301','j');
INSERT INTO `genre_book`(`genre`, `entryid`) VALUES ('Horror','4669');
INSERT INTO `author_book`(`author`, `entryid`) VALUES ('Valeria Promer','4669');
INSERT INTO `publisher_book`(`publisher`, `entryid`) VALUES ('Giantonio Publishers.','4669');
INSERT INTO `entry`(`entryid`,`type`) VALUES('4670','b');
INSERT INTO `book`(`title`,`entryid`,`isbn`,`type`) VALUES('Grease to the Silica','4670','0018217548902','b');
INSERT INTO `genre_book`(`genre`, `entryid`) VALUES ('Romance','4670');
INSERT INTO `author_book`(`author`, `entryid`) VALUES ('Patrice Holtzer','4670');
INSERT INTO `publisher_book`(`publisher`, `entryid`) VALUES ('Storbeck Inc.','4670');
INSERT INTO `entry`(`entryid`,`type`) VALUES('4671','b');
INSERT INTO `book`(`title`,`entryid`,`isbn`,`type`) VALUES('Detective with Bank','4671','9404344372750','j');
INSERT INTO `genre_book`(`genre`, `entryid`) VALUES ('Horror','4671');
INSERT INTO `author_book`(`author`, `entryid`) VALUES ('Rossie Macnair','4671');
INSERT INTO `publisher_book`(`publisher`, `entryid`) VALUES ('Papaleo Publishers.','4671');
INSERT INTO `entry`(`entryid`,`type`) VALUES('4672','b');
INSERT INTO `book`(`title`,`entryid`,`isbn`,`type`) VALUES('Jet for the Chance','4672','9079838585722','e');
INSERT INTO `genre_book`(`genre`, `entryid`) VALUES ('Romance','4672');
INSERT INTO `author`(`name`,`birthyear`,`deathyear`) VALUES('Simon Hendershott','1914','2005');
INSERT INTO `author_book`(`author`, `entryid`) VALUES ('Simon Hendershott','4672');
INSERT INTO `publisher_book`(`publisher`, `entryid`) VALUES ('Kuhlo Cooperations.','4672');
INSERT INTO `entry`(`entryid`,`type`) VALUES('4673','b');
INSERT INTO `book`(`title`,`entryid`,`isbn`,`type`) VALUES('Deal to Farm','4673','9289100527658','e');
INSERT INTO `genre_book`(`genre`, `entryid`) VALUES ('Romance','4673');
INSERT INTO `author_book`(`author`, `entryid`) VALUES ('Beryl Boemer','4673');
INSERT INTO `publisher_book`(`publisher`, `entryid`) VALUES ('Lucky Publishers.','4673');
INSERT INTO `entry`(`entryid`,`type`) VALUES('4674','b');
INSERT INTO `book`(`title`,`entryid`,`isbn`,`type`) VALUES('Fireplace and unhopeful Multi-hop','4674','0423127147668','j');
INSERT INTO `genre_book`(`genre`, `entryid`) VALUES ('Horror','4674');
INSERT INTO `author_book`(`author`, `entryid`) VALUES ('Olga Pol','4674');
INSERT INTO `publisher_book`(`publisher`, `entryid`) VALUES ('Antrikin Inc.','4674');
INSERT INTO `entry`(`entryid`,`type`) VALUES('4675','b');
INSERT INTO `book`(`title`,`entryid`,`isbn`,`type`) VALUES('Pink in the Oboe','4675','0086121070828','j');
INSERT INTO `genre_book`(`genre`, `entryid`) VALUES ('Thriller','4675');
INSERT INTO `author`(`name`,`birthyear`,`deathyear`) VALUES('Rosemary Cucufate','1970','2048');
INSERT INTO `author_book`(`author`, `entryid`) VALUES ('Rosemary Cucufate','4675');
INSERT INTO `publisher_book`(`publisher`, `entryid`) VALUES ('Amtower Inc.','4675');
INSERT INTO `entry`(`entryid`,`type`) VALUES('4676','b');
INSERT INTO `book`(`title`,`entryid`,`isbn`,`type`) VALUES('Step-daughter and the semeiotic September','4676','0632631036796','b');
INSERT INTO `genre_book`(`genre`, `entryid`) VALUES ('Thriller','4676');
INSERT INTO `author_book`(`author`, `entryid`) VALUES ('Ryan Rolseth','4676');
INSERT INTO `publisher_book`(`publisher`, `entryid`) VALUES ('Schap Publishers.','4676');
INSERT INTO `entry`(`entryid`,`type`) VALUES('4677','b');
INSERT INTO `book`(`title`,`entryid`,`isbn`,`type`) VALUES('Scale for the scurfy Flute','4677','0549755562303','e');
INSERT INTO `genre_book`(`genre`, `entryid`) VALUES ('Romance','4677');
INSERT INTO `author_book`(`author`, `entryid`) VALUES ('Edith Surwillo','4677');
INSERT INTO `publisher_book`(`publisher`, `entryid`) VALUES ('Wojtowich Publishers.','4677');
INSERT INTO `entry`(`entryid`,`type`) VALUES('4678','b');
INSERT INTO `book`(`title`,`entryid`,`isbn`,`type`) VALUES('Panther and Servant','4678','9348216637019','b');
INSERT INTO `genre_book`(`genre`, `entryid`) VALUES ('Horror','4678');
INSERT INTO `author_book`(`author`, `entryid`) VALUES ('Shani Geoffrey','4678');
INSERT INTO `publisher_book`(`publisher`, `entryid`) VALUES ('Sunder Publishers.','4678');
INSERT INTO `entry`(`entryid`,`type`) VALUES('4679','b');
INSERT INTO `book`(`title`,`entryid`,`isbn`,`type`) VALUES('Turret and endocrine Doubt','4679','9959645267512','b');
INSERT INTO `genre_book`(`genre`, `entryid`) VALUES ('Romance','4679');
INSERT INTO `author_book`(`author`, `entryid`) VALUES ('Danny Gilhooly','4679');
INSERT INTO `publisher_book`(`publisher`, `entryid`) VALUES ('Meacham Cooperations.','4679');
INSERT INTO `entry`(`entryid`,`type`) VALUES('4680','b');
INSERT INTO `book`(`title`,`entryid`,`isbn`,`type`) VALUES('Brazil with unshed Nancy','4680','0180169420136','e');
INSERT INTO `genre_book`(`genre`, `entryid`) VALUES ('Sci-Fi','4680');
INSERT INTO `author_book`(`author`, `entryid`) VALUES ('Eura Spangle','4680');
INSERT INTO `publisher_book`(`publisher`, `entryid`) VALUES ('Briley Publishers.','4680');
INSERT INTO `entry`(`entryid`,`type`) VALUES('4681','b');
INSERT INTO `book`(`title`,`entryid`,`isbn`,`type`) VALUES('Page in the gauntleted Band','4681','9833632618800','e');
INSERT INTO `genre_book`(`genre`, `entryid`) VALUES ('Thriller','4681');
INSERT INTO `author_book`(`author`, `entryid`) VALUES ('Olga Pol','4681');
INSERT INTO `publisher_book`(`publisher`, `entryid`) VALUES ('Schwamberger Inc.','4681');
INSERT INTO `entry`(`entryid`,`type`) VALUES('4682','b');
INSERT INTO `book`(`title`,`entryid`,`isbn`,`type`) VALUES('Company with swallowed Wrench','4682','0242492294539','b');
INSERT INTO `genre_book`(`genre`, `entryid`) VALUES ('Thriller','4682');
INSERT INTO `author_book`(`author`, `entryid`) VALUES ('Dexter Siurek','4682');
INSERT INTO `publisher_book`(`publisher`, `entryid`) VALUES ('Strazisar Inc.','4682');
INSERT INTO `entry`(`entryid`,`type`) VALUES('4683','b');
INSERT INTO `book`(`title`,`entryid`,`isbn`,`type`) VALUES('Lion for the Tower','4683','9870770945030','b');
INSERT INTO `genre_book`(`genre`, `entryid`) VALUES ('Science','4683');
INSERT INTO `author_book`(`author`, `entryid`) VALUES ('Lori Walseth','4683');
INSERT INTO `publisher_book`(`publisher`, `entryid`) VALUES ('Didyk Inc.','4683');
INSERT INTO `entry`(`entryid`,`type`) VALUES('4684','b');
INSERT INTO `book`(`title`,`entryid`,`isbn`,`type`) VALUES('Baritone because of nostologic Cake','4684','0934054250864','e');
INSERT INTO `genre_book`(`genre`, `entryid`) VALUES ('Education','4684');
INSERT INTO `author_book`(`author`, `entryid`) VALUES ('Agustina Divenere','4684');
INSERT INTO `publisher_book`(`publisher`, `entryid`) VALUES ('Delashaw Publishers.','4684');
INSERT INTO `entry`(`entryid`,`type`) VALUES('4685','b');
INSERT INTO `book`(`title`,`entryid`,`isbn`,`type`) VALUES('Purpose because of Dryer','4685','9173127213483','e');
INSERT INTO `genre_book`(`genre`, `entryid`) VALUES ('Adventure','4685');
INSERT INTO `author_book`(`author`, `entryid`) VALUES ('Esperanza Bellettiere','4685');
INSERT INTO `publisher_book`(`publisher`, `entryid`) VALUES ('Haggerty Cooperations.','4685');
INSERT INTO `entry`(`entryid`,`type`) VALUES('4686','b');
INSERT INTO `book`(`title`,`entryid`,`isbn`,`type`) VALUES('Condition for Cemetery','4686','0214783062881','j');
INSERT INTO `genre_book`(`genre`, `entryid`) VALUES ('Education','4686');
INSERT INTO `author_book`(`author`, `entryid`) VALUES ('Winston Siano','4686');
INSERT INTO `publisher_book`(`publisher`, `entryid`) VALUES ('Laraby Publishers.','4686');
INSERT INTO `entry`(`entryid`,`type`) VALUES('4687','b');
INSERT INTO `book`(`title`,`entryid`,`isbn`,`type`) VALUES('Harp for the Bloomsbury Comma','4687','9529016737544','e');
INSERT INTO `genre_book`(`genre`, `entryid`) VALUES ('Science','4687');
INSERT INTO `author_book`(`author`, `entryid`) VALUES ('Berenice Mayans','4687');
INSERT INTO `publisher_book`(`publisher`, `entryid`) VALUES ('Amtower Inc.','4687');
INSERT INTO `entry`(`entryid`,`type`) VALUES('4688','b');
INSERT INTO `book`(`title`,`entryid`,`isbn`,`type`) VALUES('Texture and the Rainstorm','4688','9148059110666','b');
INSERT INTO `genre_book`(`genre`, `entryid`) VALUES ('Horror','4688');
INSERT INTO `author_book`(`author`, `entryid`) VALUES ('Slyvia Summarell','4688');
INSERT INTO `publisher_book`(`publisher`, `entryid`) VALUES ('Franken Publishers.','4688');
INSERT INTO `entry`(`entryid`,`type`) VALUES('4689','b');
INSERT INTO `book`(`title`,`entryid`,`isbn`,`type`) VALUES('Copyright because of passable Saudi arabia','4689','9915642884760','b');
INSERT INTO `genre_book`(`genre`, `entryid`) VALUES ('Sci-Fi','4689');
INSERT INTO `author_book`(`author`, `entryid`) VALUES ('Petrina Amrich','4689');
INSERT INTO `publisher_book`(`publisher`, `entryid`) VALUES ('Balin Publishers.','4689');
INSERT INTO `entry`(`entryid`,`type`) VALUES('4690','b');
INSERT INTO `book`(`title`,`entryid`,`isbn`,`type`) VALUES('Cafe for the healthful Book','4690','0837665551558','j');
INSERT INTO `genre_book`(`genre`, `entryid`) VALUES ('Science','4690');
INSERT INTO `author_book`(`author`, `entryid`) VALUES ('Casie Eppenger','4690');
INSERT INTO `publisher_book`(`publisher`, `entryid`) VALUES ('Derizzio Inc.','4690');
INSERT INTO `entry`(`entryid`,`type`) VALUES('4691','b');
INSERT INTO `book`(`title`,`entryid`,`isbn`,`type`) VALUES('Tiger in unlined Canada','4691','9730567421806','e');
INSERT INTO `genre_book`(`genre`, `entryid`) VALUES ('Horror','4691');
INSERT INTO `author_book`(`author`, `entryid`) VALUES ('Darcel Echaure','4691');
INSERT INTO `publisher_book`(`publisher`, `entryid`) VALUES ('Salvatori Inc.','4691');
INSERT INTO `entry`(`entryid`,`type`) VALUES('4692','b');
INSERT INTO `book`(`title`,`entryid`,`isbn`,`type`) VALUES('Basement in misleading Apparatus','4692','9883695221501','e');
INSERT INTO `genre_book`(`genre`, `entryid`) VALUES ('Romance','4692');
INSERT INTO `author_book`(`author`, `entryid`) VALUES ('Alla Pregeant','4692');
INSERT INTO `publisher_book`(`publisher`, `entryid`) VALUES ('Davalos Inc.','4692');
INSERT INTO `entry`(`entryid`,`type`) VALUES('4693','b');
INSERT INTO `book`(`title`,`entryid`,`isbn`,`type`) VALUES('Forest by the fleeceless Seed','4693','0059564982611','b');
INSERT INTO `genre_book`(`genre`, `entryid`) VALUES ('Horror','4693');
INSERT INTO `author_book`(`author`, `entryid`) VALUES ('Esperanza Dose','4693');
INSERT INTO `publisher_book`(`publisher`, `entryid`) VALUES ('Danowski Publishers.','4693');
INSERT INTO `entry`(`entryid`,`type`) VALUES('4694','b');
INSERT INTO `book`(`title`,`entryid`,`isbn`,`type`) VALUES('Population and satisfying Brake','4694','0209587724362','j');
INSERT INTO `genre_book`(`genre`, `entryid`) VALUES ('Education','4694');
INSERT INTO `author_book`(`author`, `entryid`) VALUES ('Brittaney Dillehay','4694');
INSERT INTO `publisher_book`(`publisher`, `entryid`) VALUES ('Martinek Cooperations.','4694');
INSERT INTO `entry`(`entryid`,`type`) VALUES('4695','b');
INSERT INTO `book`(`title`,`entryid`,`isbn`,`type`) VALUES('Ikebana vs. judiciary Sweets','4695','0018700217348','j');
INSERT INTO `genre_book`(`genre`, `entryid`) VALUES ('Sci-Fi','4695');
INSERT INTO `author_book`(`author`, `entryid`) VALUES ('Bonita Bunkers','4695');
INSERT INTO `publisher_book`(`publisher`, `entryid`) VALUES ('Marentez Inc.','4695');
INSERT INTO `entry`(`entryid`,`type`) VALUES('4696','b');
INSERT INTO `book`(`title`,`entryid`,`isbn`,`type`) VALUES('Employee with the Beat','4696','0040965679091','j');
INSERT INTO `genre_book`(`genre`, `entryid`) VALUES ('Education','4696');
INSERT INTO `author_book`(`author`, `entryid`) VALUES ('Renato Karle','4696');
INSERT INTO `publisher_book`(`publisher`, `entryid`) VALUES ('Tanton Publishers.','4696');
INSERT INTO `entry`(`entryid`,`type`) VALUES('4697','b');
INSERT INTO `book`(`title`,`entryid`,`isbn`,`type`) VALUES('Vacuum with the Starter','4697','0799647565438','j');
INSERT INTO `genre_book`(`genre`, `entryid`) VALUES ('Horror','4697');
INSERT INTO `author_book`(`author`, `entryid`) VALUES ('Kelley Luth','4697');
INSERT INTO `publisher_book`(`publisher`, `entryid`) VALUES ('Kasa Publishers.','4697');
INSERT INTO `entry`(`entryid`,`type`) VALUES('4698','b');
INSERT INTO `book`(`title`,`entryid`,`isbn`,`type`) VALUES('Ramie to the Egypt','4698','9039280321981','b');
INSERT INTO `genre_book`(`genre`, `entryid`) VALUES ('Sci-Fi','4698');
INSERT INTO `author_book`(`author`, `entryid`) VALUES ('Emilie Casbarro','4698');
INSERT INTO `publisher_book`(`publisher`, `entryid`) VALUES ('Malovich Inc.','4698');
INSERT INTO `entry`(`entryid`,`type`) VALUES('4699','b');
INSERT INTO `book`(`title`,`entryid`,`isbn`,`type`) VALUES('Lemonade for eukaryotic Budget','4699','0270085266255','e');
INSERT INTO `genre_book`(`genre`, `entryid`) VALUES ('Sci-Fi','4699');
INSERT INTO `author_book`(`author`, `entryid`) VALUES ('Jerrell Nicoll','4699');
INSERT INTO `publisher_book`(`publisher`, `entryid`) VALUES ('Liberty Publishers.','4699');
INSERT INTO `entry`(`entryid`,`type`) VALUES('4700','b');
INSERT INTO `book`(`title`,`entryid`,`isbn`,`type`) VALUES('Ant and classifiable Chard','4700','9720477335747','b');
INSERT INTO `genre_book`(`genre`, `entryid`) VALUES ('Romance','4700');
INSERT INTO `author_book`(`author`, `entryid`) VALUES ('Janise Lohse','4700');
INSERT INTO `publisher_book`(`publisher`, `entryid`) VALUES ('Blissett Publishers.','4700');
INSERT INTO `entry`(`entryid`,`type`) VALUES('4701','b');
INSERT INTO `book`(`title`,`entryid`,`isbn`,`type`) VALUES('Railway with Clutch','4701','9556818272594','j');
INSERT INTO `genre_book`(`genre`, `entryid`) VALUES ('Romance','4701');
INSERT INTO `author`(`name`,`birthyear`,`deathyear`) VALUES('Thea Epling','1934','1983');
INSERT INTO `author_book`(`author`, `entryid`) VALUES ('Thea Epling','4701');
INSERT INTO `publisher_book`(`publisher`, `entryid`) VALUES ('Bayles Inc.','4701');
INSERT INTO `entry`(`entryid`,`type`) VALUES('4702','b');
INSERT INTO `book`(`title`,`entryid`,`isbn`,`type`) VALUES('Quartz with Toilet','4702','0170741898047','b');
INSERT INTO `genre_book`(`genre`, `entryid`) VALUES ('Romance','4702');
INSERT INTO `author_book`(`author`, `entryid`) VALUES ('Nathan Mendizabal','4702');
INSERT INTO `publisher_book`(`publisher`, `entryid`) VALUES ('Bence Inc.','4702');
INSERT INTO `entry`(`entryid`,`type`) VALUES('4703','b');
INSERT INTO `book`(`title`,`entryid`,`isbn`,`type`) VALUES('Equipment against greasy Story','4703','9478242436486','b');
INSERT INTO `genre_book`(`genre`, `entryid`) VALUES ('Romance','4703');
INSERT INTO `author_book`(`author`, `entryid`) VALUES ('Jenifer Sehl','4703');
INSERT INTO `publisher_book`(`publisher`, `entryid`) VALUES ('Malarkey Cooperations.','4703');
INSERT INTO `entry`(`entryid`,`type`) VALUES('4704','b');
INSERT INTO `book`(`title`,`entryid`,`isbn`,`type`) VALUES('Polyester by premandibular Beginner','4704','0496405060967','j');
INSERT INTO `genre_book`(`genre`, `entryid`) VALUES ('Education','4704');
INSERT INTO `author_book`(`author`, `entryid`) VALUES ('Zachary Rendleman','4704');
INSERT INTO `publisher_book`(`publisher`, `entryid`) VALUES ('Bronk Cooperations.','4704');
INSERT INTO `entry`(`entryid`,`type`) VALUES('4705','b');
INSERT INTO `book`(`title`,`entryid`,`isbn`,`type`) VALUES('Broker in endogamous Fragrance','4705','9321369511788','e');
INSERT INTO `genre_book`(`genre`, `entryid`) VALUES ('Adventure','4705');
INSERT INTO `author_book`(`author`, `entryid`) VALUES ('Clemente Woosley','4705');
INSERT INTO `publisher_book`(`publisher`, `entryid`) VALUES ('Pollinger Inc.','4705');
INSERT INTO `entry`(`entryid`,`type`) VALUES('4706','b');
INSERT INTO `book`(`title`,`entryid`,`isbn`,`type`) VALUES('Statistic of Traffic','4706','9267029669767','b');
INSERT INTO `genre_book`(`genre`, `entryid`) VALUES ('Horror','4706');
INSERT INTO `author_book`(`author`, `entryid`) VALUES ('Margene Kwasniewski','4706');
INSERT INTO `publisher_book`(`publisher`, `entryid`) VALUES ('Woskobojnik Inc.','4706');
INSERT INTO `entry`(`entryid`,`type`) VALUES('4707','b');
INSERT INTO `book`(`title`,`entryid`,`isbn`,`type`) VALUES('Government to Belgian','4707','9471931850703','e');
INSERT INTO `genre_book`(`genre`, `entryid`) VALUES ('Thriller','4707');
INSERT INTO `author`(`name`,`birthyear`,`deathyear`) VALUES('Wilber Days','1947','2014');
INSERT INTO `author_book`(`author`, `entryid`) VALUES ('Wilber Days','4707');
INSERT INTO `publisher_book`(`publisher`, `entryid`) VALUES ('Weagraff Cooperations.','4707');
INSERT INTO `entry`(`entryid`,`type`) VALUES('4708','b');
INSERT INTO `book`(`title`,`entryid`,`isbn`,`type`) VALUES('Spot for the gutsiest Pumpkin','4708','0863361729565','j');
INSERT INTO `genre_book`(`genre`, `entryid`) VALUES ('Science','4708');
INSERT INTO `author_book`(`author`, `entryid`) VALUES ('Michel Albang','4708');
INSERT INTO `publisher_book`(`publisher`, `entryid`) VALUES ('Konger Publishers.','4708');
INSERT INTO `entry`(`entryid`,`type`) VALUES('4709','b');
INSERT INTO `book`(`title`,`entryid`,`isbn`,`type`) VALUES('Governor of the confabulatory Ashtray','4709','9459754022714','b');
INSERT INTO `genre_book`(`genre`, `entryid`) VALUES ('Horror','4709');
INSERT INTO `author_book`(`author`, `entryid`) VALUES ('Trina Baena','4709');
INSERT INTO `publisher_book`(`publisher`, `entryid`) VALUES ('Hathcoat Publishers.','4709');
INSERT INTO `entry`(`entryid`,`type`) VALUES('4710','b');
INSERT INTO `book`(`title`,`entryid`,`isbn`,`type`) VALUES('Thrill and disputed Peru','4710','9596742382619','e');
INSERT INTO `genre_book`(`genre`, `entryid`) VALUES ('Science','4710');
INSERT INTO `author_book`(`author`, `entryid`) VALUES ('Dione Nightengale','4710');
INSERT INTO `publisher_book`(`publisher`, `entryid`) VALUES ('Lobosco Cooperations.','4710');
INSERT INTO `entry`(`entryid`,`type`) VALUES('4711','b');
INSERT INTO `book`(`title`,`entryid`,`isbn`,`type`) VALUES('Bamboo against the Menu','4711','9842677285457','e');
INSERT INTO `genre_book`(`genre`, `entryid`) VALUES ('Sci-Fi','4711');
INSERT INTO `author`(`name`,`birthyear`,`deathyear`) VALUES('Joye Mastoris','1938','1968');
INSERT INTO `author_book`(`author`, `entryid`) VALUES ('Joye Mastoris','4711');
INSERT INTO `publisher_book`(`publisher`, `entryid`) VALUES ('Domino Inc.','4711');
INSERT INTO `entry`(`entryid`,`type`) VALUES('4712','b');
INSERT INTO `book`(`title`,`entryid`,`isbn`,`type`) VALUES('Pharmacist of the mealy-mouthed Cement','4712','9874291794559','j');
INSERT INTO `genre_book`(`genre`, `entryid`) VALUES ('Education','4712');
INSERT INTO `author_book`(`author`, `entryid`) VALUES ('Francis Stoliker','4712');
INSERT INTO `publisher_book`(`publisher`, `entryid`) VALUES ('Balin Publishers.','4712');
INSERT INTO `entry`(`entryid`,`type`) VALUES('4713','b');
INSERT INTO `book`(`title`,`entryid`,`isbn`,`type`) VALUES('Punch of distressed Grade','4713','9232985875972','e');
INSERT INTO `genre_book`(`genre`, `entryid`) VALUES ('Romance','4713');
INSERT INTO `author_book`(`author`, `entryid`) VALUES ('Indira Graeser','4713');
INSERT INTO `publisher_book`(`publisher`, `entryid`) VALUES ('Tippy Publishers.','4713');
INSERT INTO `entry`(`entryid`,`type`) VALUES('4714','b');
INSERT INTO `book`(`title`,`entryid`,`isbn`,`type`) VALUES('Starter by the Turkish','4714','0850153555835','e');
INSERT INTO `genre_book`(`genre`, `entryid`) VALUES ('Sci-Fi','4714');
INSERT INTO `author`(`name`,`birthyear`,`deathyear`) VALUES('Sondra Loduca','1901','1945');
INSERT INTO `author_book`(`author`, `entryid`) VALUES ('Sondra Loduca','4714');
INSERT INTO `publisher_book`(`publisher`, `entryid`) VALUES ('Beachman Cooperations.','4714');
INSERT INTO `entry`(`entryid`,`type`) VALUES('4715','b');
INSERT INTO `book`(`title`,`entryid`,`isbn`,`type`) VALUES('Employee in shabbier Scarf','4715','9899687532776','j');
INSERT INTO `genre_book`(`genre`, `entryid`) VALUES ('Education','4715');
INSERT INTO `author_book`(`author`, `entryid`) VALUES ('Adella Elsa','4715');
INSERT INTO `publisher_book`(`publisher`, `entryid`) VALUES ('Hathcoat Publishers.','4715');
INSERT INTO `entry`(`entryid`,`type`) VALUES('4716','b');
INSERT INTO `book`(`title`,`entryid`,`isbn`,`type`) VALUES('Fork and Fire','4716','0855707090461','j');
INSERT INTO `genre_book`(`genre`, `entryid`) VALUES ('Science','4716');
INSERT INTO `author_book`(`author`, `entryid`) VALUES ('Marquita Mozie','4716');
INSERT INTO `publisher_book`(`publisher`, `entryid`) VALUES ('Ellett Publishers.','4716');
INSERT INTO `entry`(`entryid`,`type`) VALUES('4717','b');
INSERT INTO `book`(`title`,`entryid`,`isbn`,`type`) VALUES('Maraca by commentatorial Jam','4717','9413186829805','j');
INSERT INTO `genre_book`(`genre`, `entryid`) VALUES ('Thriller','4717');
INSERT INTO `author_book`(`author`, `entryid`) VALUES ('Julianne Raptis','4717');
INSERT INTO `publisher_book`(`publisher`, `entryid`) VALUES ('Mu Inc.','4717');
INSERT INTO `entry`(`entryid`,`type`) VALUES('4718','b');
INSERT INTO `book`(`title`,`entryid`,`isbn`,`type`) VALUES('Pipe vs. Kevin','4718','0771800893700','b');
INSERT INTO `genre_book`(`genre`, `entryid`) VALUES ('Sci-Fi','4718');
INSERT INTO `author_book`(`author`, `entryid`) VALUES ('Corrina Bellomy','4718');
INSERT INTO `publisher_book`(`publisher`, `entryid`) VALUES ('Bokanovich Publishers.','4718');
INSERT INTO `entry`(`entryid`,`type`) VALUES('4719','b');
INSERT INTO `book`(`title`,`entryid`,`isbn`,`type`) VALUES('Turn of the Pig','4719','9852015563877','b');
INSERT INTO `genre_book`(`genre`, `entryid`) VALUES ('Adventure','4719');
INSERT INTO `author`(`name`,`birthyear`,`deathyear`) VALUES('Ramonita Ducan','1902','1924');
INSERT INTO `author_book`(`author`, `entryid`) VALUES ('Ramonita Ducan','4719');
INSERT INTO `publisher_book`(`publisher`, `entryid`) VALUES ('Danowski Publishers.','4719');
INSERT INTO `entry`(`entryid`,`type`) VALUES('4720','b');
INSERT INTO `book`(`title`,`entryid`,`isbn`,`type`) VALUES('Kick by the perked Kayak','4720','9053751555414','b');
INSERT INTO `genre_book`(`genre`, `entryid`) VALUES ('Science','4720');
INSERT INTO `author_book`(`author`, `entryid`) VALUES ('Veda Osten','4720');
INSERT INTO `publisher_book`(`publisher`, `entryid`) VALUES ('Sunder Publishers.','4720');
INSERT INTO `entry`(`entryid`,`type`) VALUES('4721','b');
INSERT INTO `book`(`title`,`entryid`,`isbn`,`type`) VALUES('Australian to the homoerotic Shorts','4721','0065698024779','e');
INSERT INTO `genre_book`(`genre`, `entryid`) VALUES ('Sci-Fi','4721');
INSERT INTO `author_book`(`author`, `entryid`) VALUES ('Loida Caballero','4721');
INSERT INTO `publisher_book`(`publisher`, `entryid`) VALUES ('Wendorff Inc.','4721');
INSERT INTO `entry`(`entryid`,`type`) VALUES('4722','b');
INSERT INTO `book`(`title`,`entryid`,`isbn`,`type`) VALUES('Lathe in semiarid Composer','4722','0072996293276','e');
INSERT INTO `genre_book`(`genre`, `entryid`) VALUES ('Horror','4722');
INSERT INTO `author_book`(`author`, `entryid`) VALUES ('Denise Groesbeck','4722');
INSERT INTO `publisher_book`(`publisher`, `entryid`) VALUES ('Hengel Inc.','4722');
INSERT INTO `entry`(`entryid`,`type`) VALUES('4723','b');
INSERT INTO `book`(`title`,`entryid`,`isbn`,`type`) VALUES('Leather because of Face','4723','0780477115691','e');
INSERT INTO `genre_book`(`genre`, `entryid`) VALUES ('Romance','4723');
INSERT INTO `author_book`(`author`, `entryid`) VALUES ('Agustina Divenere','4723');
INSERT INTO `publisher_book`(`publisher`, `entryid`) VALUES ('Bedson Inc.','4723');
INSERT INTO `entry`(`entryid`,`type`) VALUES('4724','b');
INSERT INTO `book`(`title`,`entryid`,`isbn`,`type`) VALUES('Temperature because of Thing','4724','9202545792867','e');
INSERT INTO `genre_book`(`genre`, `entryid`) VALUES ('Sci-Fi','4724');
INSERT INTO `author_book`(`author`, `entryid`) VALUES ('Eliana Chow','4724');
INSERT INTO `publisher_book`(`publisher`, `entryid`) VALUES ('Pawell Cooperations.','4724');
INSERT INTO `entry`(`entryid`,`type`) VALUES('4725','b');
INSERT INTO `book`(`title`,`entryid`,`isbn`,`type`) VALUES('Enquiry against Bathtub','4725','9399938857138','e');
INSERT INTO `genre_book`(`genre`, `entryid`) VALUES ('Adventure','4725');
INSERT INTO `author_book`(`author`, `entryid`) VALUES ('Coral Mcelderry','4725');
INSERT INTO `publisher_book`(`publisher`, `entryid`) VALUES ('Wehbe Cooperations.','4725');
INSERT INTO `entry`(`entryid`,`type`) VALUES('4726','b');
INSERT INTO `book`(`title`,`entryid`,`isbn`,`type`) VALUES('Siberian because of Middle','4726','0518845802480','e');
INSERT INTO `genre_book`(`genre`, `entryid`) VALUES ('Adventure','4726');
INSERT INTO `author_book`(`author`, `entryid`) VALUES ('Lorean Barrows','4726');
INSERT INTO `publisher_book`(`publisher`, `entryid`) VALUES ('Gardino Publishers.','4726');
INSERT INTO `entry`(`entryid`,`type`) VALUES('4727','b');
INSERT INTO `book`(`title`,`entryid`,`isbn`,`type`) VALUES('Yam in shadowless Tooth','4727','9742989137452','e');
INSERT INTO `genre_book`(`genre`, `entryid`) VALUES ('Education','4727');
INSERT INTO `author_book`(`author`, `entryid`) VALUES ('Perry Frieze','4727');
INSERT INTO `publisher_book`(`publisher`, `entryid`) VALUES ('Coltman Inc.','4727');
INSERT INTO `entry`(`entryid`,`type`) VALUES('4728','b');
INSERT INTO `book`(`title`,`entryid`,`isbn`,`type`) VALUES('Liquid because of Pilot','4728','0192006266188','e');
INSERT INTO `genre_book`(`genre`, `entryid`) VALUES ('Romance','4728');
INSERT INTO `author`(`name`,`birthyear`,`deathyear`) VALUES('Torri Sleighter','1888','1922');
INSERT INTO `author_book`(`author`, `entryid`) VALUES ('Torri Sleighter','4728');
INSERT INTO `publisher_book`(`publisher`, `entryid`) VALUES ('Nelke Publishers.','4728');
INSERT INTO `entry`(`entryid`,`type`) VALUES('4729','b');
INSERT INTO `book`(`title`,`entryid`,`isbn`,`type`) VALUES('Quince to the Romanian','4729','0402633804930','b');
INSERT INTO `genre_book`(`genre`, `entryid`) VALUES ('Thriller','4729');
INSERT INTO `author_book`(`author`, `entryid`) VALUES ('Erlinda Gartin','4729');
INSERT INTO `publisher_book`(`publisher`, `entryid`) VALUES ('Wendorff Inc.','4729');
INSERT INTO `entry`(`entryid`,`type`) VALUES('4730','b');
INSERT INTO `book`(`title`,`entryid`,`isbn`,`type`) VALUES('Cardigan and the Anthropology','4730','0718146357912','j');
INSERT INTO `genre_book`(`genre`, `entryid`) VALUES ('Adventure','4730');
INSERT INTO `author_book`(`author`, `entryid`) VALUES ('Napoleon Vergin','4730');
INSERT INTO `publisher_book`(`publisher`, `entryid`) VALUES ('Bouvier Cooperations.','4730');
INSERT INTO `entry`(`entryid`,`type`) VALUES('4731','b');
INSERT INTO `book`(`title`,`entryid`,`isbn`,`type`) VALUES('Joseph for the decent Way','4731','0897511048590','e');
INSERT INTO `genre_book`(`genre`, `entryid`) VALUES ('Horror','4731');
INSERT INTO `author_book`(`author`, `entryid`) VALUES ('Jacalyn Droz','4731');
INSERT INTO `publisher_book`(`publisher`, `entryid`) VALUES ('Katzaman Cooperations.','4731');
INSERT INTO `entry`(`entryid`,`type`) VALUES('4732','b');
INSERT INTO `book`(`title`,`entryid`,`isbn`,`type`) VALUES('Separated with Playroom','4732','0210215196062','e');
INSERT INTO `genre_book`(`genre`, `entryid`) VALUES ('Sci-Fi','4732');
INSERT INTO `author_book`(`author`, `entryid`) VALUES ('Kerrie Gaito','4732');
INSERT INTO `publisher_book`(`publisher`, `entryid`) VALUES ('Lund Inc.','4732');
INSERT INTO `entry`(`entryid`,`type`) VALUES('4733','b');
INSERT INTO `book`(`title`,`entryid`,`isbn`,`type`) VALUES('Satin against balmier Stopwatch','4733','9642032132360','b');
INSERT INTO `genre_book`(`genre`, `entryid`) VALUES ('Sci-Fi','4733');
INSERT INTO `author_book`(`author`, `entryid`) VALUES ('Lilia Zin','4733');
INSERT INTO `publisher_book`(`publisher`, `entryid`) VALUES ('Rohr Cooperations.','4733');
INSERT INTO `entry`(`entryid`,`type`) VALUES('4734','b');
INSERT INTO `book`(`title`,`entryid`,`isbn`,`type`) VALUES('Block by William','4734','0199605308676','j');
INSERT INTO `genre_book`(`genre`, `entryid`) VALUES ('Romance','4734');
INSERT INTO `author_book`(`author`, `entryid`) VALUES ('Rossie Macnair','4734');
INSERT INTO `publisher_book`(`publisher`, `entryid`) VALUES ('Klumph Inc.','4734');
INSERT INTO `entry`(`entryid`,`type`) VALUES('4735','b');
INSERT INTO `book`(`title`,`entryid`,`isbn`,`type`) VALUES('Quart against the Produce','4735','0584188592042','e');
INSERT INTO `genre_book`(`genre`, `entryid`) VALUES ('Adventure','4735');
INSERT INTO `author_book`(`author`, `entryid`) VALUES ('Blossom Pink','4735');
INSERT INTO `publisher_book`(`publisher`, `entryid`) VALUES ('Savic Inc.','4735');
INSERT INTO `entry`(`entryid`,`type`) VALUES('4736','b');
INSERT INTO `book`(`title`,`entryid`,`isbn`,`type`) VALUES('Sort to nystagmic Cheese','4736','9661511224802','j');
INSERT INTO `genre_book`(`genre`, `entryid`) VALUES ('Science','4736');
INSERT INTO `author_book`(`author`, `entryid`) VALUES ('Lavon Payna','4736');
INSERT INTO `publisher_book`(`publisher`, `entryid`) VALUES ('Schap Publishers.','4736');
INSERT INTO `entry`(`entryid`,`type`) VALUES('4737','b');
INSERT INTO `book`(`title`,`entryid`,`isbn`,`type`) VALUES('Bagel with the Dry','4737','0927706415414','e');
INSERT INTO `genre_book`(`genre`, `entryid`) VALUES ('Horror','4737');
INSERT INTO `author_book`(`author`, `entryid`) VALUES ('Shanell Yago','4737');
INSERT INTO `publisher_book`(`publisher`, `entryid`) VALUES ('Munaz Publishers.','4737');
INSERT INTO `entry`(`entryid`,`type`) VALUES('4738','b');
INSERT INTO `book`(`title`,`entryid`,`isbn`,`type`) VALUES('Actress to the uncleansed Justice','4738','0376317925548','e');
INSERT INTO `genre_book`(`genre`, `entryid`) VALUES ('Adventure','4738');
INSERT INTO `author_book`(`author`, `entryid`) VALUES ('Carolyn Eisenstein','4738');
INSERT INTO `publisher_book`(`publisher`, `entryid`) VALUES ('Liberty Publishers.','4738');
INSERT INTO `entry`(`entryid`,`type`) VALUES('4739','b');
INSERT INTO `book`(`title`,`entryid`,`isbn`,`type`) VALUES('Risk and twopenny-halfpenny Moustache','4739','0396760821042','j');
INSERT INTO `genre_book`(`genre`, `entryid`) VALUES ('Adventure','4739');
INSERT INTO `author_book`(`author`, `entryid`) VALUES ('Garnet Hopping','4739');
INSERT INTO `publisher_book`(`publisher`, `entryid`) VALUES ('Shuffstall Cooperations.','4739');
INSERT INTO `entry`(`entryid`,`type`) VALUES('4740','b');
INSERT INTO `book`(`title`,`entryid`,`isbn`,`type`) VALUES('Pencil against reincorporate Charles','4740','0503961431766','j');
INSERT INTO `genre_book`(`genre`, `entryid`) VALUES ('Romance','4740');
INSERT INTO `author_book`(`author`, `entryid`) VALUES ('Ilana Geck','4740');
INSERT INTO `publisher_book`(`publisher`, `entryid`) VALUES ('Travieso Inc.','4740');
INSERT INTO `entry`(`entryid`,`type`) VALUES('4741','b');
INSERT INTO `book`(`title`,`entryid`,`isbn`,`type`) VALUES('Biplane of the Packet','4741','9850513705635','j');
INSERT INTO `genre_book`(`genre`, `entryid`) VALUES ('Adventure','4741');
INSERT INTO `author_book`(`author`, `entryid`) VALUES ('Ronnie Bassiti','4741');
INSERT INTO `publisher_book`(`publisher`, `entryid`) VALUES ('Derenzi Publishers.','4741');
INSERT INTO `entry`(`entryid`,`type`) VALUES('4742','b');
INSERT INTO `book`(`title`,`entryid`,`isbn`,`type`) VALUES('Processing of the serranid Rate','4742','0850576927823','e');
INSERT INTO `genre_book`(`genre`, `entryid`) VALUES ('Sci-Fi','4742');
INSERT INTO `author_book`(`author`, `entryid`) VALUES ('Alberto Samuelsen','4742');
INSERT INTO `publisher_book`(`publisher`, `entryid`) VALUES ('Aiava Publishers.','4742');
INSERT INTO `entry`(`entryid`,`type`) VALUES('4743','b');
INSERT INTO `book`(`title`,`entryid`,`isbn`,`type`) VALUES('Anteater against the Quartz','4743','0078280940930','b');
INSERT INTO `genre_book`(`genre`, `entryid`) VALUES ('Thriller','4743');
INSERT INTO `author_book`(`author`, `entryid`) VALUES ('Irina Mottillo','4743');
INSERT INTO `publisher_book`(`publisher`, `entryid`) VALUES ('Samas Publishers.','4743');
INSERT INTO `entry`(`entryid`,`type`) VALUES('4744','b');
INSERT INTO `book`(`title`,`entryid`,`isbn`,`type`) VALUES('Rice and butyraceous Spot','4744','9365417977692','b');
INSERT INTO `genre_book`(`genre`, `entryid`) VALUES ('Romance','4744');
INSERT INTO `author_book`(`author`, `entryid`) VALUES ('Matha Runfola','4744');
INSERT INTO `publisher_book`(`publisher`, `entryid`) VALUES ('Woodward Publishers.','4744');
INSERT INTO `entry`(`entryid`,`type`) VALUES('4745','b');
INSERT INTO `book`(`title`,`entryid`,`isbn`,`type`) VALUES('Mandolin to new Oyster','4745','9932708835056','j');
INSERT INTO `genre_book`(`genre`, `entryid`) VALUES ('Science','4745');
INSERT INTO `author_book`(`author`, `entryid`) VALUES ('Latesha Didriksen','4745');
INSERT INTO `publisher_book`(`publisher`, `entryid`) VALUES ('Zorns Inc.','4745');
INSERT INTO `entry`(`entryid`,`type`) VALUES('4746','b');
INSERT INTO `book`(`title`,`entryid`,`isbn`,`type`) VALUES('Relation for popular Adult','4746','0531778651738','e');
INSERT INTO `genre_book`(`genre`, `entryid`) VALUES ('Science','4746');
INSERT INTO `author`(`name`,`birthyear`,`deathyear`) VALUES('Vance Hipolito','1958','1988');
INSERT INTO `author_book`(`author`, `entryid`) VALUES ('Vance Hipolito','4746');
INSERT INTO `publisher_book`(`publisher`, `entryid`) VALUES ('Atkison Inc.','4746');
INSERT INTO `entry`(`entryid`,`type`) VALUES('4747','b');
INSERT INTO `book`(`title`,`entryid`,`isbn`,`type`) VALUES('Kettle by Fish','4747','0660600272809','j');
INSERT INTO `genre_book`(`genre`, `entryid`) VALUES ('Thriller','4747');
INSERT INTO `author_book`(`author`, `entryid`) VALUES ('Aurelio Barbarino','4747');
INSERT INTO `publisher_book`(`publisher`, `entryid`) VALUES ('Springfield Inc.','4747');
INSERT INTO `entry`(`entryid`,`type`) VALUES('4748','b');
INSERT INTO `book`(`title`,`entryid`,`isbn`,`type`) VALUES('Passenger to the Accountant','4748','0026256364910','b');
INSERT INTO `genre_book`(`genre`, `entryid`) VALUES ('Adventure','4748');
INSERT INTO `author_book`(`author`, `entryid`) VALUES ('Vania Sarson','4748');
INSERT INTO `publisher_book`(`publisher`, `entryid`) VALUES ('Haken Inc.','4748');
INSERT INTO `entry`(`entryid`,`type`) VALUES('4749','b');
INSERT INTO `book`(`title`,`entryid`,`isbn`,`type`) VALUES('Argument vs. Armchair','4749','0934099635131','b');
INSERT INTO `genre_book`(`genre`, `entryid`) VALUES ('Horror','4749');
INSERT INTO `author_book`(`author`, `entryid`) VALUES ('Ena Toto','4749');
INSERT INTO `publisher_book`(`publisher`, `entryid`) VALUES ('Habeck Publishers.','4749');
INSERT INTO `entry`(`entryid`,`type`) VALUES('4750','b');
INSERT INTO `book`(`title`,`entryid`,`isbn`,`type`) VALUES('Prepared against concomitant Chair','4750','9944311261068','j');
INSERT INTO `genre_book`(`genre`, `entryid`) VALUES ('Sci-Fi','4750');
INSERT INTO `author_book`(`author`, `entryid`) VALUES ('Renee Kiker','4750');
INSERT INTO `publisher_book`(`publisher`, `entryid`) VALUES ('Marentez Inc.','4750');
INSERT INTO `entry`(`entryid`,`type`) VALUES('4751','b');
INSERT INTO `book`(`title`,`entryid`,`isbn`,`type`) VALUES('Puma for Headline','4751','0538877498064','e');
INSERT INTO `genre_book`(`genre`, `entryid`) VALUES ('Romance','4751');
INSERT INTO `author`(`name`,`birthyear`,`deathyear`) VALUES('Lizette Jeannotte','1941','1963');
INSERT INTO `author_book`(`author`, `entryid`) VALUES ('Lizette Jeannotte','4751');
INSERT INTO `publisher_book`(`publisher`, `entryid`) VALUES ('Ebrahimi Cooperations.','4751');
INSERT INTO `entry`(`entryid`,`type`) VALUES('4752','b');
INSERT INTO `book`(`title`,`entryid`,`isbn`,`type`) VALUES('Basketball by the Plantation','4752','0729940261613','j');
INSERT INTO `genre_book`(`genre`, `entryid`) VALUES ('Romance','4752');
INSERT INTO `author_book`(`author`, `entryid`) VALUES ('Kandy Hinds','4752');
INSERT INTO `publisher_book`(`publisher`, `entryid`) VALUES ('Murdaugh Cooperations.','4752');
INSERT INTO `entry`(`entryid`,`type`) VALUES('4753','b');
INSERT INTO `book`(`title`,`entryid`,`isbn`,`type`) VALUES('Mosquito for the unrepented Capital','4753','9788190626336','b');
INSERT INTO `genre_book`(`genre`, `entryid`) VALUES ('Sci-Fi','4753');
INSERT INTO `author_book`(`author`, `entryid`) VALUES ('Siu Barda','4753');
INSERT INTO `publisher_book`(`publisher`, `entryid`) VALUES ('Lanphere Cooperations.','4753');
INSERT INTO `entry`(`entryid`,`type`) VALUES('4754','b');
INSERT INTO `book`(`title`,`entryid`,`isbn`,`type`) VALUES('Account with Sneeze','4754','0827911697305','e');
INSERT INTO `genre_book`(`genre`, `entryid`) VALUES ('Thriller','4754');
INSERT INTO `author_book`(`author`, `entryid`) VALUES ('Keesha Tarangelo','4754');
INSERT INTO `publisher_book`(`publisher`, `entryid`) VALUES ('Maury Publishers.','4754');
INSERT INTO `entry`(`entryid`,`type`) VALUES('4755','b');
INSERT INTO `book`(`title`,`entryid`,`isbn`,`type`) VALUES('Engine with vegetable Acoustic','4755','9237282664078','b');
INSERT INTO `genre_book`(`genre`, `entryid`) VALUES ('Adventure','4755');
INSERT INTO `author_book`(`author`, `entryid`) VALUES ('Rick Dar','4755');
INSERT INTO `publisher_book`(`publisher`, `entryid`) VALUES ('Baltazor Publishers.','4755');
INSERT INTO `entry`(`entryid`,`type`) VALUES('4756','b');
INSERT INTO `book`(`title`,`entryid`,`isbn`,`type`) VALUES('Bird with the Ball','4756','0913959280964','e');
INSERT INTO `genre_book`(`genre`, `entryid`) VALUES ('Adventure','4756');
INSERT INTO `author_book`(`author`, `entryid`) VALUES ('Dacia Creacy','4756');
INSERT INTO `publisher_book`(`publisher`, `entryid`) VALUES ('Wooderson Inc.','4756');
INSERT INTO `entry`(`entryid`,`type`) VALUES('4757','b');
INSERT INTO `book`(`title`,`entryid`,`isbn`,`type`) VALUES('Wallaby by the kookier Segment','4757','9996476427529','e');
INSERT INTO `genre_book`(`genre`, `entryid`) VALUES ('Science','4757');
INSERT INTO `author_book`(`author`, `entryid`) VALUES ('Patrick Defont','4757');
INSERT INTO `publisher_book`(`publisher`, `entryid`) VALUES ('Salvatori Inc.','4757');
INSERT INTO `entry`(`entryid`,`type`) VALUES('4758','b');
INSERT INTO `book`(`title`,`entryid`,`isbn`,`type`) VALUES('Mother to the Bomb','4758','9707688185230','j');
INSERT INTO `genre_book`(`genre`, `entryid`) VALUES ('Sci-Fi','4758');
INSERT INTO `author_book`(`author`, `entryid`) VALUES ('Delora Heydt','4758');
INSERT INTO `publisher_book`(`publisher`, `entryid`) VALUES ('Martinek Cooperations.','4758');
INSERT INTO `entry`(`entryid`,`type`) VALUES('4759','b');
INSERT INTO `book`(`title`,`entryid`,`isbn`,`type`) VALUES('Man of the finny Sociology','4759','9375469460472','b');
INSERT INTO `genre_book`(`genre`, `entryid`) VALUES ('Thriller','4759');
INSERT INTO `author_book`(`author`, `entryid`) VALUES ('Carmella Wadden','4759');
INSERT INTO `publisher_book`(`publisher`, `entryid`) VALUES ('Hathcoat Publishers.','4759');
INSERT INTO `entry`(`entryid`,`type`) VALUES('4760','b');
INSERT INTO `book`(`title`,`entryid`,`isbn`,`type`) VALUES('Pump to the Transaction','4760','0643889684050','j');
INSERT INTO `genre_book`(`genre`, `entryid`) VALUES ('Education','4760');
INSERT INTO `author_book`(`author`, `entryid`) VALUES ('Dedra Coddington','4760');
INSERT INTO `publisher_book`(`publisher`, `entryid`) VALUES ('Fenceroy Publishers.','4760');
INSERT INTO `entry`(`entryid`,`type`) VALUES('4761','b');
INSERT INTO `book`(`title`,`entryid`,`isbn`,`type`) VALUES('Firewall in the Hallway','4761','9771095681214','b');
INSERT INTO `genre_book`(`genre`, `entryid`) VALUES ('Sci-Fi','4761');
INSERT INTO `author_book`(`author`, `entryid`) VALUES ('Martin Caudle','4761');
INSERT INTO `publisher_book`(`publisher`, `entryid`) VALUES ('Caspi Inc.','4761');
INSERT INTO `entry`(`entryid`,`type`) VALUES('4762','b');
INSERT INTO `book`(`title`,`entryid`,`isbn`,`type`) VALUES('Epoxy in Moustache','4762','0530535876426','j');
INSERT INTO `genre_book`(`genre`, `entryid`) VALUES ('Education','4762');
INSERT INTO `author_book`(`author`, `entryid`) VALUES ('Errol Corle','4762');
INSERT INTO `publisher_book`(`publisher`, `entryid`) VALUES ('Benally Cooperations.','4762');
INSERT INTO `entry`(`entryid`,`type`) VALUES('4763','b');
INSERT INTO `book`(`title`,`entryid`,`isbn`,`type`) VALUES('Argument by the roiling Tachometer','4763','9813242825608','e');
INSERT INTO `genre_book`(`genre`, `entryid`) VALUES ('Romance','4763');
INSERT INTO `author`(`name`,`birthyear`,`deathyear`) VALUES('Lamonica Dullum','1899','1976');
INSERT INTO `author_book`(`author`, `entryid`) VALUES ('Lamonica Dullum','4763');
INSERT INTO `publisher_book`(`publisher`, `entryid`) VALUES ('Davalos Inc.','4763');
INSERT INTO `entry`(`entryid`,`type`) VALUES('4764','b');
INSERT INTO `book`(`title`,`entryid`,`isbn`,`type`) VALUES('Uncle because of scowling Bun','4764','0339302501125','b');
INSERT INTO `genre_book`(`genre`, `entryid`) VALUES ('Sci-Fi','4764');
INSERT INTO `author`(`name`,`birthyear`,`deathyear`) VALUES('Vanda Soravilla','1939','1998');
INSERT INTO `author_book`(`author`, `entryid`) VALUES ('Vanda Soravilla','4764');
INSERT INTO `publisher_book`(`publisher`, `entryid`) VALUES ('Pooser Publishers.','4764');
INSERT INTO `entry`(`entryid`,`type`) VALUES('4765','b');
INSERT INTO `book`(`title`,`entryid`,`isbn`,`type`) VALUES('Father-in-law of the Balaamitical Poison','4765','0336563240325','b');
INSERT INTO `genre_book`(`genre`, `entryid`) VALUES ('Sci-Fi','4765');
INSERT INTO `author_book`(`author`, `entryid`) VALUES ('Joslyn Gerdts','4765');
INSERT INTO `publisher_book`(`publisher`, `entryid`) VALUES ('Scantlen Inc.','4765');
INSERT INTO `entry`(`entryid`,`type`) VALUES('4766','b');
INSERT INTO `book`(`title`,`entryid`,`isbn`,`type`) VALUES('Canadian in the sapotaceous Surgeon','4766','0033050259525','j');
INSERT INTO `genre_book`(`genre`, `entryid`) VALUES ('Horror','4766');
INSERT INTO `author`(`name`,`birthyear`,`deathyear`) VALUES('Irvin Orban','1908','1992');
INSERT INTO `author_book`(`author`, `entryid`) VALUES ('Irvin Orban','4766');
INSERT INTO `publisher_book`(`publisher`, `entryid`) VALUES ('Yazzi Publishers.','4766');
INSERT INTO `entry`(`entryid`,`type`) VALUES('4767','b');
INSERT INTO `book`(`title`,`entryid`,`isbn`,`type`) VALUES('Dish by three-dimensional Operation','4767','0886044739802','e');
INSERT INTO `genre_book`(`genre`, `entryid`) VALUES ('Thriller','4767');
INSERT INTO `author`(`name`,`birthyear`,`deathyear`) VALUES('Pauline Eagles','1974','2054');
INSERT INTO `author_book`(`author`, `entryid`) VALUES ('Pauline Eagles','4767');
INSERT INTO `publisher_book`(`publisher`, `entryid`) VALUES ('Papaleo Publishers.','4767');
INSERT INTO `entry`(`entryid`,`type`) VALUES('4768','b');
INSERT INTO `book`(`title`,`entryid`,`isbn`,`type`) VALUES('State with Umbrella','4768','0349337088997','b');
INSERT INTO `genre_book`(`genre`, `entryid`) VALUES ('Thriller','4768');
INSERT INTO `author_book`(`author`, `entryid`) VALUES ('Launa Insana','4768');
INSERT INTO `publisher_book`(`publisher`, `entryid`) VALUES ('Neuman Cooperations.','4768');
INSERT INTO `entry`(`entryid`,`type`) VALUES('4769','b');
INSERT INTO `book`(`title`,`entryid`,`isbn`,`type`) VALUES('Manager with Suede','4769','9184675783268','b');
INSERT INTO `genre_book`(`genre`, `entryid`) VALUES ('Romance','4769');
INSERT INTO `author_book`(`author`, `entryid`) VALUES ('Lessie Mas','4769');
INSERT INTO `publisher_book`(`publisher`, `entryid`) VALUES ('Fenceroy Publishers.','4769');
INSERT INTO `entry`(`entryid`,`type`) VALUES('4770','b');
INSERT INTO `book`(`title`,`entryid`,`isbn`,`type`) VALUES('Peanut to the untasteful Bathroom','4770','9359626740377','b');
INSERT INTO `genre_book`(`genre`, `entryid`) VALUES ('Romance','4770');
INSERT INTO `author`(`name`,`birthyear`,`deathyear`) VALUES('Randi Starr','1980','2035');
INSERT INTO `author_book`(`author`, `entryid`) VALUES ('Randi Starr','4770');
INSERT INTO `publisher_book`(`publisher`, `entryid`) VALUES ('Koral Publishers.','4770');
INSERT INTO `entry`(`entryid`,`type`) VALUES('4771','b');
INSERT INTO `book`(`title`,`entryid`,`isbn`,`type`) VALUES('Begonia vs. fewest Science','4771','9041489796475','e');
INSERT INTO `genre_book`(`genre`, `entryid`) VALUES ('Thriller','4771');
INSERT INTO `author_book`(`author`, `entryid`) VALUES ('Mac Southall','4771');
INSERT INTO `publisher_book`(`publisher`, `entryid`) VALUES ('Ellett Publishers.','4771');
INSERT INTO `entry`(`entryid`,`type`) VALUES('4772','b');
INSERT INTO `book`(`title`,`entryid`,`isbn`,`type`) VALUES('Abyssinian by the Ship','4772','9168320418140','j');
INSERT INTO `genre_book`(`genre`, `entryid`) VALUES ('Thriller','4772');
INSERT INTO `author_book`(`author`, `entryid`) VALUES ('Cameron Tino','4772');
INSERT INTO `publisher_book`(`publisher`, `entryid`) VALUES ('Lucious Publishers.','4772');
INSERT INTO `entry`(`entryid`,`type`) VALUES('4773','b');
INSERT INTO `book`(`title`,`entryid`,`isbn`,`type`) VALUES('Scorpion because of gristlier Coach','4773','9657321388510','j');
INSERT INTO `genre_book`(`genre`, `entryid`) VALUES ('Sci-Fi','4773');
INSERT INTO `author_book`(`author`, `entryid`) VALUES ('Lovie Belschner','4773');
INSERT INTO `publisher_book`(`publisher`, `entryid`) VALUES ('Jestes Inc.','4773');
INSERT INTO `entry`(`entryid`,`type`) VALUES('4774','b');
INSERT INTO `book`(`title`,`entryid`,`isbn`,`type`) VALUES('Oyster because of Timbale','4774','0560230820161','e');
INSERT INTO `genre_book`(`genre`, `entryid`) VALUES ('Sci-Fi','4774');
INSERT INTO `author_book`(`author`, `entryid`) VALUES ('Fran Violette','4774');
INSERT INTO `publisher_book`(`publisher`, `entryid`) VALUES ('Aiava Publishers.','4774');
INSERT INTO `entry`(`entryid`,`type`) VALUES('4775','b');
INSERT INTO `book`(`title`,`entryid`,`isbn`,`type`) VALUES('Lasagna by suppliant House','4775','9621116397537','e');
INSERT INTO `genre_book`(`genre`, `entryid`) VALUES ('Education','4775');
INSERT INTO `author_book`(`author`, `entryid`) VALUES ('Stephany Saffel','4775');
INSERT INTO `publisher_book`(`publisher`, `entryid`) VALUES ('Stjohn Publishers.','4775');
INSERT INTO `entry`(`entryid`,`type`) VALUES('4776','b');
INSERT INTO `book`(`title`,`entryid`,`isbn`,`type`) VALUES('Quart with resplendent Politician','4776','0563494481909','e');
INSERT INTO `genre_book`(`genre`, `entryid`) VALUES ('Romance','4776');
INSERT INTO `author`(`name`,`birthyear`,`deathyear`) VALUES('Aretha Sulejmanovski','1961','2046');
INSERT INTO `author_book`(`author`, `entryid`) VALUES ('Aretha Sulejmanovski','4776');
INSERT INTO `publisher_book`(`publisher`, `entryid`) VALUES ('Tigue Cooperations.','4776');
INSERT INTO `entry`(`entryid`,`type`) VALUES('4777','b');
INSERT INTO `book`(`title`,`entryid`,`isbn`,`type`) VALUES('Produce by the unduteous Weapon','4777','0988636385934','j');
INSERT INTO `genre_book`(`genre`, `entryid`) VALUES ('Science','4777');
INSERT INTO `author_book`(`author`, `entryid`) VALUES ('Maryetta Smelser','4777');
INSERT INTO `publisher_book`(`publisher`, `entryid`) VALUES ('Lundblad Inc.','4777');
INSERT INTO `entry`(`entryid`,`type`) VALUES('4778','b');
INSERT INTO `book`(`title`,`entryid`,`isbn`,`type`) VALUES('Wall and the milling Wrinkle','4778','9912513058982','e');
INSERT INTO `genre_book`(`genre`, `entryid`) VALUES ('Sci-Fi','4778');
INSERT INTO `author`(`name`,`birthyear`,`deathyear`) VALUES('Georgann Varel','1902','1993');
INSERT INTO `author_book`(`author`, `entryid`) VALUES ('Georgann Varel','4778');
INSERT INTO `publisher_book`(`publisher`, `entryid`) VALUES ('Ebrahimi Cooperations.','4778');
INSERT INTO `entry`(`entryid`,`type`) VALUES('4779','b');
INSERT INTO `book`(`title`,`entryid`,`isbn`,`type`) VALUES('Daffodil in the Drill','4779','0800091198130','b');
INSERT INTO `genre_book`(`genre`, `entryid`) VALUES ('Horror','4779');
INSERT INTO `author_book`(`author`, `entryid`) VALUES ('Latonia Erholm','4779');
INSERT INTO `publisher_book`(`publisher`, `entryid`) VALUES ('Cudjoe Publishers.','4779');
INSERT INTO `entry`(`entryid`,`type`) VALUES('4780','b');
INSERT INTO `book`(`title`,`entryid`,`isbn`,`type`) VALUES('Mark vs. Geography','4780','9389924738912','e');
INSERT INTO `genre_book`(`genre`, `entryid`) VALUES ('Adventure','4780');
INSERT INTO `author_book`(`author`, `entryid`) VALUES ('Larraine Tatsch','4780');
INSERT INTO `publisher_book`(`publisher`, `entryid`) VALUES ('Horman Inc.','4780');
INSERT INTO `entry`(`entryid`,`type`) VALUES('4781','b');
INSERT INTO `book`(`title`,`entryid`,`isbn`,`type`) VALUES('Chinese with labiodental Plow','4781','9446425065383','e');
INSERT INTO `genre_book`(`genre`, `entryid`) VALUES ('Science','4781');
INSERT INTO `author_book`(`author`, `entryid`) VALUES ('Teena Watkinson','4781');
INSERT INTO `publisher_book`(`publisher`, `entryid`) VALUES ('Heritage Publishers.','4781');
INSERT INTO `entry`(`entryid`,`type`) VALUES('4782','b');
INSERT INTO `book`(`title`,`entryid`,`isbn`,`type`) VALUES('Blade vs. Alphabet','4782','0144666397714','j');
INSERT INTO `genre_book`(`genre`, `entryid`) VALUES ('Adventure','4782');
INSERT INTO `author_book`(`author`, `entryid`) VALUES ('Yi Stephany','4782');
INSERT INTO `publisher_book`(`publisher`, `entryid`) VALUES ('Piccinini Publishers.','4782');
INSERT INTO `entry`(`entryid`,`type`) VALUES('4783','b');
INSERT INTO `book`(`title`,`entryid`,`isbn`,`type`) VALUES('Meeting because of adopted Worm','4783','9834972520393','b');
INSERT INTO `genre_book`(`genre`, `entryid`) VALUES ('Adventure','4783');
INSERT INTO `author_book`(`author`, `entryid`) VALUES ('Alyson Desler','4783');
INSERT INTO `publisher_book`(`publisher`, `entryid`) VALUES ('Beachman Cooperations.','4783');
INSERT INTO `entry`(`entryid`,`type`) VALUES('4784','b');
INSERT INTO `book`(`title`,`entryid`,`isbn`,`type`) VALUES('Fowl against Thebaic Larch','4784','9924974727054','e');
INSERT INTO `genre_book`(`genre`, `entryid`) VALUES ('Thriller','4784');
INSERT INTO `author_book`(`author`, `entryid`) VALUES ('Shawnda Foye','4784');
INSERT INTO `publisher_book`(`publisher`, `entryid`) VALUES ('Luchenbill Inc.','4784');
INSERT INTO `entry`(`entryid`,`type`) VALUES('4785','b');
INSERT INTO `book`(`title`,`entryid`,`isbn`,`type`) VALUES('Puffin for dissenting Flesh','4785','0809329286263','e');
INSERT INTO `genre_book`(`genre`, `entryid`) VALUES ('Sci-Fi','4785');
INSERT INTO `author_book`(`author`, `entryid`) VALUES ('Kelley Amari','4785');
INSERT INTO `publisher_book`(`publisher`, `entryid`) VALUES ('Harders Cooperations.','4785');
INSERT INTO `entry`(`entryid`,`type`) VALUES('4786','b');
INSERT INTO `book`(`title`,`entryid`,`isbn`,`type`) VALUES('Cloth by equiponderant Ray','4786','9040860594579','b');
INSERT INTO `genre_book`(`genre`, `entryid`) VALUES ('Horror','4786');
INSERT INTO `author_book`(`author`, `entryid`) VALUES ('Elida Westerfeld','4786');
INSERT INTO `publisher_book`(`publisher`, `entryid`) VALUES ('Yanik Publishers.','4786');
INSERT INTO `entry`(`entryid`,`type`) VALUES('4787','b');
INSERT INTO `book`(`title`,`entryid`,`isbn`,`type`) VALUES('Poison with po-faced Colony','4787','0162771969599','b');
INSERT INTO `genre_book`(`genre`, `entryid`) VALUES ('Thriller','4787');
INSERT INTO `author_book`(`author`, `entryid`) VALUES ('Sofia Aanenson','4787');
INSERT INTO `publisher_book`(`publisher`, `entryid`) VALUES ('Grumney Publishers.','4787');
INSERT INTO `entry`(`entryid`,`type`) VALUES('4788','b');
INSERT INTO `book`(`title`,`entryid`,`isbn`,`type`) VALUES('Notebook for Inch','4788','0912961511116','e');
INSERT INTO `genre_book`(`genre`, `entryid`) VALUES ('Horror','4788');
INSERT INTO `author_book`(`author`, `entryid`) VALUES ('Loura Savelli','4788');
INSERT INTO `publisher_book`(`publisher`, `entryid`) VALUES ('Mizee Inc.','4788');
INSERT INTO `entry`(`entryid`,`type`) VALUES('4789','b');
INSERT INTO `book`(`title`,`entryid`,`isbn`,`type`) VALUES('Airmail and the newsiest Millennium','4789','0460472330296','e');
INSERT INTO `genre_book`(`genre`, `entryid`) VALUES ('Adventure','4789');
INSERT INTO `author_book`(`author`, `entryid`) VALUES ('Marry Irigoyen','4789');
INSERT INTO `publisher_book`(`publisher`, `entryid`) VALUES ('Mccarvill Inc.','4789');
INSERT INTO `entry`(`entryid`,`type`) VALUES('4790','b');
INSERT INTO `book`(`title`,`entryid`,`isbn`,`type`) VALUES('Approval and the Winter','4790','0253731797825','j');
INSERT INTO `genre_book`(`genre`, `entryid`) VALUES ('Sci-Fi','4790');
INSERT INTO `author_book`(`author`, `entryid`) VALUES ('Debora Jentzsch','4790');
INSERT INTO `publisher_book`(`publisher`, `entryid`) VALUES ('Matise Cooperations.','4790');
INSERT INTO `entry`(`entryid`,`type`) VALUES('4791','b');
INSERT INTO `book`(`title`,`entryid`,`isbn`,`type`) VALUES('Hell to the Wren','4791','0525472542614','j');
INSERT INTO `genre_book`(`genre`, `entryid`) VALUES ('Romance','4791');
INSERT INTO `author_book`(`author`, `entryid`) VALUES ('Kai Valone','4791');
INSERT INTO `publisher_book`(`publisher`, `entryid`) VALUES ('Luangamath Inc.','4791');
INSERT INTO `entry`(`entryid`,`type`) VALUES('4792','b');
INSERT INTO `book`(`title`,`entryid`,`isbn`,`type`) VALUES('Accordion vs. threatening Uganda','4792','0837333803766','j');
INSERT INTO `genre_book`(`genre`, `entryid`) VALUES ('Romance','4792');
INSERT INTO `author_book`(`author`, `entryid`) VALUES ('Merideth Scheider','4792');
INSERT INTO `publisher_book`(`publisher`, `entryid`) VALUES ('Dobrinin Inc.','4792');
INSERT INTO `entry`(`entryid`,`type`) VALUES('4793','b');
INSERT INTO `book`(`title`,`entryid`,`isbn`,`type`) VALUES('Handicap by the Farm','4793','0244546346305','e');
INSERT INTO `genre_book`(`genre`, `entryid`) VALUES ('Science','4793');
INSERT INTO `author_book`(`author`, `entryid`) VALUES ('Jessi Ny','4793');
INSERT INTO `publisher_book`(`publisher`, `entryid`) VALUES ('Gasior Cooperations.','4793');
INSERT INTO `entry`(`entryid`,`type`) VALUES('4794','b');
INSERT INTO `book`(`title`,`entryid`,`isbn`,`type`) VALUES('Smoke and the sloping Almanac','4794','9464322140790','j');
INSERT INTO `genre_book`(`genre`, `entryid`) VALUES ('Thriller','4794');
INSERT INTO `author_book`(`author`, `entryid`) VALUES ('Dennis Harryman','4794');
INSERT INTO `publisher_book`(`publisher`, `entryid`) VALUES ('Balin Publishers.','4794');
INSERT INTO `entry`(`entryid`,`type`) VALUES('4795','b');
INSERT INTO `book`(`title`,`entryid`,`isbn`,`type`) VALUES('Belt in Neon','4795','0760325296805','j');
INSERT INTO `genre_book`(`genre`, `entryid`) VALUES ('Science','4795');
INSERT INTO `author_book`(`author`, `entryid`) VALUES ('Shelba Helmly','4795');
INSERT INTO `publisher_book`(`publisher`, `entryid`) VALUES ('Moritz Cooperations.','4795');
INSERT INTO `entry`(`entryid`,`type`) VALUES('4796','b');
INSERT INTO `book`(`title`,`entryid`,`isbn`,`type`) VALUES('Marble of Basement','4796','0006246963915','j');
INSERT INTO `genre_book`(`genre`, `entryid`) VALUES ('Science','4796');
INSERT INTO `author_book`(`author`, `entryid`) VALUES ('Marg Cunnington','4796');
INSERT INTO `publisher_book`(`publisher`, `entryid`) VALUES ('Ginty Cooperations.','4796');
INSERT INTO `entry`(`entryid`,`type`) VALUES('4797','b');
INSERT INTO `book`(`title`,`entryid`,`isbn`,`type`) VALUES('Narcissus with Watch','4797','9437813629487','j');
INSERT INTO `genre_book`(`genre`, `entryid`) VALUES ('Education','4797');
INSERT INTO `author_book`(`author`, `entryid`) VALUES ('Eva Moya','4797');
INSERT INTO `publisher_book`(`publisher`, `entryid`) VALUES ('Reshard Cooperations.','4797');
INSERT INTO `entry`(`entryid`,`type`) VALUES('4798','b');
INSERT INTO `book`(`title`,`entryid`,`isbn`,`type`) VALUES('Field to Ugric Winter','4798','9237157255217','e');
INSERT INTO `genre_book`(`genre`, `entryid`) VALUES ('Science','4798');
INSERT INTO `author_book`(`author`, `entryid`) VALUES ('Kelley Amari','4798');
INSERT INTO `publisher_book`(`publisher`, `entryid`) VALUES ('Duchesney Publishers.','4798');
INSERT INTO `entry`(`entryid`,`type`) VALUES('4799','b');
INSERT INTO `book`(`title`,`entryid`,`isbn`,`type`) VALUES('Pound because of ridgiest Cabinet','4799','9366012337852','j');
INSERT INTO `genre_book`(`genre`, `entryid`) VALUES ('Education','4799');
INSERT INTO `author_book`(`author`, `entryid`) VALUES ('Alonzo Wildes','4799');
INSERT INTO `publisher_book`(`publisher`, `entryid`) VALUES ('Culpepper Cooperations.','4799');
INSERT INTO `entry`(`entryid`,`type`) VALUES('4800','b');
INSERT INTO `book`(`title`,`entryid`,`isbn`,`type`) VALUES('Aftermath and the Climb','4800','0791373297631','b');
INSERT INTO `genre_book`(`genre`, `entryid`) VALUES ('Thriller','4800');
INSERT INTO `author_book`(`author`, `entryid`) VALUES ('Marivel Matarrita','4800');
INSERT INTO `publisher_book`(`publisher`, `entryid`) VALUES ('Cervone Cooperations.','4800');
INSERT INTO `entry`(`entryid`,`type`) VALUES('4801','b');
INSERT INTO `book`(`title`,`entryid`,`isbn`,`type`) VALUES('Vacation and the Pond','4801','0331750247731','e');
INSERT INTO `genre_book`(`genre`, `entryid`) VALUES ('Adventure','4801');
INSERT INTO `author_book`(`author`, `entryid`) VALUES ('Kerry Pickelsimer','4801');
INSERT INTO `publisher_book`(`publisher`, `entryid`) VALUES ('Degaetano Publishers.','4801');
INSERT INTO `entry`(`entryid`,`type`) VALUES('4802','b');
INSERT INTO `book`(`title`,`entryid`,`isbn`,`type`) VALUES('Chance with the Rock','4802','0827835723695','e');
INSERT INTO `genre_book`(`genre`, `entryid`) VALUES ('Horror','4802');
INSERT INTO `author_book`(`author`, `entryid`) VALUES ('Horace Urbanek','4802');
INSERT INTO `publisher_book`(`publisher`, `entryid`) VALUES ('Dubrey Cooperations.','4802');
INSERT INTO `entry`(`entryid`,`type`) VALUES('4803','b');
INSERT INTO `book`(`title`,`entryid`,`isbn`,`type`) VALUES('Beauty against Selection','4803','9124929291059','b');
INSERT INTO `genre_book`(`genre`, `entryid`) VALUES ('Sci-Fi','4803');
INSERT INTO `author_book`(`author`, `entryid`) VALUES ('Rufus Aluarez','4803');
INSERT INTO `publisher_book`(`publisher`, `entryid`) VALUES ('Graffney Inc.','4803');
INSERT INTO `entry`(`entryid`,`type`) VALUES('4804','b');
INSERT INTO `book`(`title`,`entryid`,`isbn`,`type`) VALUES('Coil and Drawer','4804','9350577746063','j');
INSERT INTO `genre_book`(`genre`, `entryid`) VALUES ('Thriller','4804');
INSERT INTO `author_book`(`author`, `entryid`) VALUES ('Scott Allaman','4804');
INSERT INTO `publisher_book`(`publisher`, `entryid`) VALUES ('Cervone Cooperations.','4804');
INSERT INTO `entry`(`entryid`,`type`) VALUES('4805','b');
INSERT INTO `book`(`title`,`entryid`,`isbn`,`type`) VALUES('Moon in the wide-screen Punishment','4805','9392274758320','b');
INSERT INTO `genre_book`(`genre`, `entryid`) VALUES ('Thriller','4805');
INSERT INTO `author_book`(`author`, `entryid`) VALUES ('Kenneth Mangual','4805');
INSERT INTO `publisher_book`(`publisher`, `entryid`) VALUES ('Edington Cooperations.','4805');
INSERT INTO `entry`(`entryid`,`type`) VALUES('4806','b');
INSERT INTO `book`(`title`,`entryid`,`isbn`,`type`) VALUES('Customer with the Metal','4806','0015934010070','b');
INSERT INTO `genre_book`(`genre`, `entryid`) VALUES ('Romance','4806');
INSERT INTO `author_book`(`author`, `entryid`) VALUES ('Hedy Bassin','4806');
INSERT INTO `publisher_book`(`publisher`, `entryid`) VALUES ('Kleis Inc.','4806');
INSERT INTO `entry`(`entryid`,`type`) VALUES('4807','b');
INSERT INTO `book`(`title`,`entryid`,`isbn`,`type`) VALUES('Turkish for unendurable Notebook','4807','9331971297314','j');
INSERT INTO `genre_book`(`genre`, `entryid`) VALUES ('Science','4807');
INSERT INTO `author_book`(`author`, `entryid`) VALUES ('Vincent Kats','4807');
INSERT INTO `publisher_book`(`publisher`, `entryid`) VALUES ('Happe Publishers.','4807');
INSERT INTO `entry`(`entryid`,`type`) VALUES('4808','b');
INSERT INTO `book`(`title`,`entryid`,`isbn`,`type`) VALUES('Jeep with the spluttering Squash','4808','0710049993687','b');
INSERT INTO `genre_book`(`genre`, `entryid`) VALUES ('Thriller','4808');
INSERT INTO `author_book`(`author`, `entryid`) VALUES ('Jimmy Dross','4808');
INSERT INTO `publisher_book`(`publisher`, `entryid`) VALUES ('Yazzi Publishers.','4808');
INSERT INTO `entry`(`entryid`,`type`) VALUES('4809','b');
INSERT INTO `book`(`title`,`entryid`,`isbn`,`type`) VALUES('Blade of the Acrylic','4809','0168919480409','b');
INSERT INTO `genre_book`(`genre`, `entryid`) VALUES ('Thriller','4809');
INSERT INTO `author_book`(`author`, `entryid`) VALUES ('Tawana Yearta','4809');
INSERT INTO `publisher_book`(`publisher`, `entryid`) VALUES ('Malovich Inc.','4809');
INSERT INTO `entry`(`entryid`,`type`) VALUES('4810','b');
INSERT INTO `book`(`title`,`entryid`,`isbn`,`type`) VALUES('Decimal by the Advantage','4810','9786742561044','e');
INSERT INTO `genre_book`(`genre`, `entryid`) VALUES ('Adventure','4810');
INSERT INTO `author_book`(`author`, `entryid`) VALUES ('Mayme Wildes','4810');
INSERT INTO `publisher_book`(`publisher`, `entryid`) VALUES ('Hendershott Publishers.','4810');
INSERT INTO `entry`(`entryid`,`type`) VALUES('4811','b');
INSERT INTO `book`(`title`,`entryid`,`isbn`,`type`) VALUES('Transaction by navigable Chicken','4811','0509121548953','j');
INSERT INTO `genre_book`(`genre`, `entryid`) VALUES ('Thriller','4811');
INSERT INTO `author_book`(`author`, `entryid`) VALUES ('Zoraida Cobane','4811');
INSERT INTO `publisher_book`(`publisher`, `entryid`) VALUES ('Yazzi Publishers.','4811');
INSERT INTO `entry`(`entryid`,`type`) VALUES('4812','b');
INSERT INTO `book`(`title`,`entryid`,`isbn`,`type`) VALUES('Feature for Alphabet','4812','0084113127221','e');
INSERT INTO `genre_book`(`genre`, `entryid`) VALUES ('Science','4812');
INSERT INTO `author_book`(`author`, `entryid`) VALUES ('Renna Linnemann','4812');
INSERT INTO `publisher_book`(`publisher`, `entryid`) VALUES ('Maxell Publishers.','4812');
INSERT INTO `entry`(`entryid`,`type`) VALUES('4813','b');
INSERT INTO `book`(`title`,`entryid`,`isbn`,`type`) VALUES('Top vs. postiche Pyramid','4813','0720339613404','j');
INSERT INTO `genre_book`(`genre`, `entryid`) VALUES ('Thriller','4813');
INSERT INTO `author_book`(`author`, `entryid`) VALUES ('Sherlene Elofson','4813');
INSERT INTO `publisher_book`(`publisher`, `entryid`) VALUES ('Weagraff Cooperations.','4813');
INSERT INTO `entry`(`entryid`,`type`) VALUES('4814','b');
INSERT INTO `book`(`title`,`entryid`,`isbn`,`type`) VALUES('Care with the leptorrhine Fog','4814','0377900830138','e');
INSERT INTO `genre_book`(`genre`, `entryid`) VALUES ('Horror','4814');
INSERT INTO `author_book`(`author`, `entryid`) VALUES ('Carolee Dominiquez','4814');
INSERT INTO `publisher_book`(`publisher`, `entryid`) VALUES ('Graffney Inc.','4814');
INSERT INTO `entry`(`entryid`,`type`) VALUES('4815','b');
INSERT INTO `book`(`title`,`entryid`,`isbn`,`type`) VALUES('Gondola to the Clam','4815','9807979550165','j');
INSERT INTO `genre_book`(`genre`, `entryid`) VALUES ('Romance','4815');
INSERT INTO `author_book`(`author`, `entryid`) VALUES ('Kenneth Mangual','4815');
INSERT INTO `publisher_book`(`publisher`, `entryid`) VALUES ('Shamily Inc.','4815');
INSERT INTO `entry`(`entryid`,`type`) VALUES('4816','b');
INSERT INTO `book`(`title`,`entryid`,`isbn`,`type`) VALUES('Dill for unwatery Agenda','4816','0100596371914','e');
INSERT INTO `genre_book`(`genre`, `entryid`) VALUES ('Sci-Fi','4816');
INSERT INTO `author_book`(`author`, `entryid`) VALUES ('Erin Beale','4816');
INSERT INTO `publisher_book`(`publisher`, `entryid`) VALUES ('Pettinella Inc.','4816');
INSERT INTO `entry`(`entryid`,`type`) VALUES('4817','b');
INSERT INTO `book`(`title`,`entryid`,`isbn`,`type`) VALUES('Disease with the unmeditated Loan','4817','0345383366305','e');
INSERT INTO `genre_book`(`genre`, `entryid`) VALUES ('Science','4817');
INSERT INTO `author_book`(`author`, `entryid`) VALUES ('Joye Mastoris','4817');
INSERT INTO `publisher_book`(`publisher`, `entryid`) VALUES ('Buhite Cooperations.','4817');
INSERT INTO `entry`(`entryid`,`type`) VALUES('4818','b');
INSERT INTO `book`(`title`,`entryid`,`isbn`,`type`) VALUES('Sword by soul-stirring Philosophy','4818','0050024845629','b');
INSERT INTO `genre_book`(`genre`, `entryid`) VALUES ('Thriller','4818');
INSERT INTO `author`(`name`,`birthyear`,`deathyear`) VALUES('Antonia Erno','1882','1925');
INSERT INTO `author_book`(`author`, `entryid`) VALUES ('Antonia Erno','4818');
INSERT INTO `publisher_book`(`publisher`, `entryid`) VALUES ('Lucious Publishers.','4818');
INSERT INTO `entry`(`entryid`,`type`) VALUES('4819','b');
INSERT INTO `book`(`title`,`entryid`,`isbn`,`type`) VALUES('Jeff against the chivalrous January','4819','9702687265312','j');
INSERT INTO `genre_book`(`genre`, `entryid`) VALUES ('Horror','4819');
INSERT INTO `author_book`(`author`, `entryid`) VALUES ('Jerrell Nicoll','4819');
INSERT INTO `publisher_book`(`publisher`, `entryid`) VALUES ('Koterba Publishers.','4819');
INSERT INTO `entry`(`entryid`,`type`) VALUES('4820','b');
INSERT INTO `book`(`title`,`entryid`,`isbn`,`type`) VALUES('Hawk with the ultimate Mistake','4820','9621441176496','e');
INSERT INTO `genre_book`(`genre`, `entryid`) VALUES ('Education','4820');
INSERT INTO `author_book`(`author`, `entryid`) VALUES ('Michal Dubeau','4820');
INSERT INTO `publisher_book`(`publisher`, `entryid`) VALUES ('Marth Cooperations.','4820');
INSERT INTO `entry`(`entryid`,`type`) VALUES('4821','b');
INSERT INTO `book`(`title`,`entryid`,`isbn`,`type`) VALUES('Ink against the Glockenspiel','4821','0083940924521','b');
INSERT INTO `genre_book`(`genre`, `entryid`) VALUES ('Adventure','4821');
INSERT INTO `author`(`name`,`birthyear`,`deathyear`) VALUES('Betsey Herrick','1933','2026');
INSERT INTO `author_book`(`author`, `entryid`) VALUES ('Betsey Herrick','4821');
INSERT INTO `publisher_book`(`publisher`, `entryid`) VALUES ('Sunder Publishers.','4821');
INSERT INTO `entry`(`entryid`,`type`) VALUES('4822','b');
INSERT INTO `book`(`title`,`entryid`,`isbn`,`type`) VALUES('Glass by the accountable Tune','4822','9987142819807','e');
INSERT INTO `genre_book`(`genre`, `entryid`) VALUES ('Sci-Fi','4822');
INSERT INTO `author_book`(`author`, `entryid`) VALUES ('Venus Holliday','4822');
INSERT INTO `publisher_book`(`publisher`, `entryid`) VALUES ('Storbeck Inc.','4822');
INSERT INTO `entry`(`entryid`,`type`) VALUES('4823','b');
INSERT INTO `book`(`title`,`entryid`,`isbn`,`type`) VALUES('Crowd by the migratory Surname','4823','0170518125037','j');
INSERT INTO `genre_book`(`genre`, `entryid`) VALUES ('Romance','4823');
INSERT INTO `author_book`(`author`, `entryid`) VALUES ('Shandi Menzies','4823');
INSERT INTO `publisher_book`(`publisher`, `entryid`) VALUES ('Pettinella Inc.','4823');
INSERT INTO `entry`(`entryid`,`type`) VALUES('4824','b');
INSERT INTO `book`(`title`,`entryid`,`isbn`,`type`) VALUES('Toast for the quincentennial Destruction','4824','9160233427165','e');
INSERT INTO `genre_book`(`genre`, `entryid`) VALUES ('Horror','4824');
INSERT INTO `author_book`(`author`, `entryid`) VALUES ('Keena Wieto','4824');
INSERT INTO `publisher_book`(`publisher`, `entryid`) VALUES ('Meja Cooperations.','4824');
INSERT INTO `entry`(`entryid`,`type`) VALUES('4825','b');
INSERT INTO `book`(`title`,`entryid`,`isbn`,`type`) VALUES('Vacuum by the Sousaphone','4825','0448711147453','j');
INSERT INTO `genre_book`(`genre`, `entryid`) VALUES ('Science','4825');
INSERT INTO `author_book`(`author`, `entryid`) VALUES ('Matha Vaccarella','4825');
INSERT INTO `publisher_book`(`publisher`, `entryid`) VALUES ('Balin Publishers.','4825');
INSERT INTO `entry`(`entryid`,`type`) VALUES('4826','b');
INSERT INTO `book`(`title`,`entryid`,`isbn`,`type`) VALUES('Motorcycle for the limpid Stem','4826','0404806605466','e');
INSERT INTO `genre_book`(`genre`, `entryid`) VALUES ('Sci-Fi','4826');
INSERT INTO `author_book`(`author`, `entryid`) VALUES ('Indira Graeser','4826');
INSERT INTO `publisher_book`(`publisher`, `entryid`) VALUES ('Antrikin Inc.','4826');
INSERT INTO `entry`(`entryid`,`type`) VALUES('4827','b');
INSERT INTO `book`(`title`,`entryid`,`isbn`,`type`) VALUES('Freighter by flavorsome Bread','4827','9431227588890','j');
INSERT INTO `genre_book`(`genre`, `entryid`) VALUES ('Thriller','4827');
INSERT INTO `author`(`name`,`birthyear`,`deathyear`) VALUES('Samantha Salmeron','1883','1911');
INSERT INTO `author_book`(`author`, `entryid`) VALUES ('Samantha Salmeron','4827');
INSERT INTO `publisher_book`(`publisher`, `entryid`) VALUES ('Moyet Inc.','4827');
INSERT INTO `entry`(`entryid`,`type`) VALUES('4828','b');
INSERT INTO `book`(`title`,`entryid`,`isbn`,`type`) VALUES('Rocket because of Seashore','4828','0018834357590','b');
INSERT INTO `genre_book`(`genre`, `entryid`) VALUES ('Romance','4828');
INSERT INTO `author_book`(`author`, `entryid`) VALUES ('Brunilda Caridine','4828');
INSERT INTO `publisher_book`(`publisher`, `entryid`) VALUES ('Hollner Publishers.','4828');
INSERT INTO `entry`(`entryid`,`type`) VALUES('4829','b');
INSERT INTO `book`(`title`,`entryid`,`isbn`,`type`) VALUES('Dream vs. Starter','4829','9745350746042','b');
INSERT INTO `genre_book`(`genre`, `entryid`) VALUES ('Thriller','4829');
INSERT INTO `author_book`(`author`, `entryid`) VALUES ('Syble Turpen','4829');
INSERT INTO `publisher_book`(`publisher`, `entryid`) VALUES ('Czerniak Inc.','4829');
INSERT INTO `entry`(`entryid`,`type`) VALUES('4830','b');
INSERT INTO `book`(`title`,`entryid`,`isbn`,`type`) VALUES('Tortoise because of double-blind Basketball','4830','0470890268810','j');
INSERT INTO `genre_book`(`genre`, `entryid`) VALUES ('Sci-Fi','4830');
INSERT INTO `author_book`(`author`, `entryid`) VALUES ('Basil Grenko','4830');
INSERT INTO `publisher_book`(`publisher`, `entryid`) VALUES ('Urive Publishers.','4830');
INSERT INTO `entry`(`entryid`,`type`) VALUES('4831','b');
INSERT INTO `book`(`title`,`entryid`,`isbn`,`type`) VALUES('Increase for the Food','4831','0387034002779','e');
INSERT INTO `genre_book`(`genre`, `entryid`) VALUES ('Romance','4831');
INSERT INTO `author_book`(`author`, `entryid`) VALUES ('Merry Krolikowski','4831');
INSERT INTO `publisher_book`(`publisher`, `entryid`) VALUES ('Sumaran Cooperations.','4831');
INSERT INTO `entry`(`entryid`,`type`) VALUES('4832','b');
INSERT INTO `book`(`title`,`entryid`,`isbn`,`type`) VALUES('Substance of profluent Cake','4832','0336300906592','b');
INSERT INTO `genre_book`(`genre`, `entryid`) VALUES ('Thriller','4832');
INSERT INTO `author_book`(`author`, `entryid`) VALUES ('Loren Zarn','4832');
INSERT INTO `publisher_book`(`publisher`, `entryid`) VALUES ('Footer Inc.','4832');
INSERT INTO `entry`(`entryid`,`type`) VALUES('4833','b');
INSERT INTO `book`(`title`,`entryid`,`isbn`,`type`) VALUES('Dinosaur to the boozy Patricia','4833','9484231721712','e');
INSERT INTO `genre_book`(`genre`, `entryid`) VALUES ('Romance','4833');
INSERT INTO `author`(`name`,`birthyear`,`deathyear`) VALUES('Thad Bolen','1925','1967');
INSERT INTO `author_book`(`author`, `entryid`) VALUES ('Thad Bolen','4833');
INSERT INTO `publisher_book`(`publisher`, `entryid`) VALUES ('Pery Cooperations.','4833');
INSERT INTO `entry`(`entryid`,`type`) VALUES('4834','b');
INSERT INTO `book`(`title`,`entryid`,`isbn`,`type`) VALUES('Line with contestable Insurance','4834','0534744960676','e');
INSERT INTO `genre_book`(`genre`, `entryid`) VALUES ('Education','4834');
INSERT INTO `author`(`name`,`birthyear`,`deathyear`) VALUES('Magda Lupfer','1980','2004');
INSERT INTO `author_book`(`author`, `entryid`) VALUES ('Magda Lupfer','4834');
INSERT INTO `publisher_book`(`publisher`, `entryid`) VALUES ('Lundblad Inc.','4834');
INSERT INTO `entry`(`entryid`,`type`) VALUES('4835','b');
INSERT INTO `book`(`title`,`entryid`,`isbn`,`type`) VALUES('Capricorn by the defenceless Property','4835','0920583659181','e');
INSERT INTO `genre_book`(`genre`, `entryid`) VALUES ('Education','4835');
INSERT INTO `author_book`(`author`, `entryid`) VALUES ('Somer Couser','4835');
INSERT INTO `publisher_book`(`publisher`, `entryid`) VALUES ('Karvonen Inc.','4835');
INSERT INTO `entry`(`entryid`,`type`) VALUES('4836','b');
INSERT INTO `book`(`title`,`entryid`,`isbn`,`type`) VALUES('Moon and Community','4836','0618303407945','b');
INSERT INTO `genre_book`(`genre`, `entryid`) VALUES ('Adventure','4836');
INSERT INTO `author_book`(`author`, `entryid`) VALUES ('Tawana Yearta','4836');
INSERT INTO `publisher_book`(`publisher`, `entryid`) VALUES ('Culpepper Cooperations.','4836');
INSERT INTO `entry`(`entryid`,`type`) VALUES('4837','b');
INSERT INTO `book`(`title`,`entryid`,`isbn`,`type`) VALUES('Maria for the traitorous Channel','4837','9203484089614','j');
INSERT INTO `genre_book`(`genre`, `entryid`) VALUES ('Education','4837');
INSERT INTO `author_book`(`author`, `entryid`) VALUES ('Khalilah Damboise','4837');
INSERT INTO `publisher_book`(`publisher`, `entryid`) VALUES ('Tymon Inc.','4837');
INSERT INTO `entry`(`entryid`,`type`) VALUES('4838','b');
INSERT INTO `book`(`title`,`entryid`,`isbn`,`type`) VALUES('Hand by the melancholy Pig','4838','0701970850486','j');
INSERT INTO `genre_book`(`genre`, `entryid`) VALUES ('Sci-Fi','4838');
INSERT INTO `author_book`(`author`, `entryid`) VALUES ('Claris Malito','4838');
INSERT INTO `publisher_book`(`publisher`, `entryid`) VALUES ('Eisel Inc.','4838');
INSERT INTO `entry`(`entryid`,`type`) VALUES('4839','b');
INSERT INTO `book`(`title`,`entryid`,`isbn`,`type`) VALUES('Inventory against Fog','4839','9664869880292','b');
INSERT INTO `genre_book`(`genre`, `entryid`) VALUES ('Sci-Fi','4839');
INSERT INTO `author`(`name`,`birthyear`,`deathyear`) VALUES('Flora Loaiza','1974','2039');
INSERT INTO `author_book`(`author`, `entryid`) VALUES ('Flora Loaiza','4839');
INSERT INTO `publisher_book`(`publisher`, `entryid`) VALUES ('Caspi Inc.','4839');
INSERT INTO `entry`(`entryid`,`type`) VALUES('4840','b');
INSERT INTO `book`(`title`,`entryid`,`isbn`,`type`) VALUES('Platinum in China','4840','0779889021750','j');
INSERT INTO `genre_book`(`genre`, `entryid`) VALUES ('Education','4840');
INSERT INTO `author_book`(`author`, `entryid`) VALUES ('Esperanza Bellettiere','4840');
INSERT INTO `publisher_book`(`publisher`, `entryid`) VALUES ('Laraby Publishers.','4840');
INSERT INTO `entry`(`entryid`,`type`) VALUES('4841','b');
INSERT INTO `book`(`title`,`entryid`,`isbn`,`type`) VALUES('Permission with pragmatic Iran','4841','0370738680213','b');
INSERT INTO `genre_book`(`genre`, `entryid`) VALUES ('Education','4841');
INSERT INTO `author`(`name`,`birthyear`,`deathyear`) VALUES('Marylyn Chaisty','1922','1960');
INSERT INTO `author_book`(`author`, `entryid`) VALUES ('Marylyn Chaisty','4841');
INSERT INTO `publisher_book`(`publisher`, `entryid`) VALUES ('Rickels Cooperations.','4841');
INSERT INTO `entry`(`entryid`,`type`) VALUES('4842','b');
INSERT INTO `book`(`title`,`entryid`,`isbn`,`type`) VALUES('Samurai for the Taxi','4842','0119976842514','e');
INSERT INTO `genre_book`(`genre`, `entryid`) VALUES ('Thriller','4842');
INSERT INTO `author_book`(`author`, `entryid`) VALUES ('Darryl Sten','4842');
INSERT INTO `publisher_book`(`publisher`, `entryid`) VALUES ('Wanamaker Cooperations.','4842');
INSERT INTO `entry`(`entryid`,`type`) VALUES('4843','b');
INSERT INTO `book`(`title`,`entryid`,`isbn`,`type`) VALUES('Check against disingenuous Random','4843','9298309925143','b');
INSERT INTO `genre_book`(`genre`, `entryid`) VALUES ('Romance','4843');
INSERT INTO `author_book`(`author`, `entryid`) VALUES ('Catrina Heckathorn','4843');
INSERT INTO `publisher_book`(`publisher`, `entryid`) VALUES ('Rayman Publishers.','4843');
INSERT INTO `entry`(`entryid`,`type`) VALUES('4844','b');
INSERT INTO `book`(`title`,`entryid`,`isbn`,`type`) VALUES('Plier by Camera','4844','0825840160816','e');
INSERT INTO `genre_book`(`genre`, `entryid`) VALUES ('Education','4844');
INSERT INTO `author_book`(`author`, `entryid`) VALUES ('Tammara Igartua','4844');
INSERT INTO `publisher_book`(`publisher`, `entryid`) VALUES ('Ockman Inc.','4844');
INSERT INTO `entry`(`entryid`,`type`) VALUES('4845','b');
INSERT INTO `book`(`title`,`entryid`,`isbn`,`type`) VALUES('Sidecar and intussusceptive Client','4845','9199805579260','b');
INSERT INTO `genre_book`(`genre`, `entryid`) VALUES ('Education','4845');
INSERT INTO `author_book`(`author`, `entryid`) VALUES ('Shandi Menzies','4845');
INSERT INTO `publisher_book`(`publisher`, `entryid`) VALUES ('Allocca Cooperations.','4845');
INSERT INTO `entry`(`entryid`,`type`) VALUES('4846','b');
INSERT INTO `book`(`title`,`entryid`,`isbn`,`type`) VALUES('Quiet of the Eggnog','4846','0144559503827','j');
INSERT INTO `genre_book`(`genre`, `entryid`) VALUES ('Sci-Fi','4846');
INSERT INTO `author_book`(`author`, `entryid`) VALUES ('Fonda Nauer','4846');
INSERT INTO `publisher_book`(`publisher`, `entryid`) VALUES ('Vattikuti Publishers.','4846');
INSERT INTO `entry`(`entryid`,`type`) VALUES('4847','b');
INSERT INTO `book`(`title`,`entryid`,`isbn`,`type`) VALUES('Single and Block','4847','0391495858555','j');
INSERT INTO `genre_book`(`genre`, `entryid`) VALUES ('Sci-Fi','4847');
INSERT INTO `author_book`(`author`, `entryid`) VALUES ('Trina Baena','4847');
INSERT INTO `publisher_book`(`publisher`, `entryid`) VALUES ('Schwamberger Inc.','4847');
INSERT INTO `entry`(`entryid`,`type`) VALUES('4848','b');
INSERT INTO `book`(`title`,`entryid`,`isbn`,`type`) VALUES('Magazine and Step-son','4848','0799740586987','b');
INSERT INTO `genre_book`(`genre`, `entryid`) VALUES ('Horror','4848');
INSERT INTO `author_book`(`author`, `entryid`) VALUES ('Martina Soteros','4848');
INSERT INTO `publisher_book`(`publisher`, `entryid`) VALUES ('Goswick Inc.','4848');
INSERT INTO `entry`(`entryid`,`type`) VALUES('4849','b');
INSERT INTO `book`(`title`,`entryid`,`isbn`,`type`) VALUES('Organisation and unbearable Thumb','4849','9815112383613','e');
INSERT INTO `genre_book`(`genre`, `entryid`) VALUES ('Romance','4849');
INSERT INTO `author_book`(`author`, `entryid`) VALUES ('Yuri Mercado','4849');
INSERT INTO `publisher_book`(`publisher`, `entryid`) VALUES ('Silevinac Inc.','4849');
INSERT INTO `entry`(`entryid`,`type`) VALUES('4850','b');
INSERT INTO `book`(`title`,`entryid`,`isbn`,`type`) VALUES('Second to obumbrate Desk','4850','9117285750737','j');
INSERT INTO `genre_book`(`genre`, `entryid`) VALUES ('Thriller','4850');
INSERT INTO `author_book`(`author`, `entryid`) VALUES ('Alyse Bose','4850');
INSERT INTO `publisher_book`(`publisher`, `entryid`) VALUES ('Malarkey Cooperations.','4850');
INSERT INTO `entry`(`entryid`,`type`) VALUES('4851','b');
INSERT INTO `book`(`title`,`entryid`,`isbn`,`type`) VALUES('Dinghy for Freighter','4851','0700982164641','j');
INSERT INTO `genre_book`(`genre`, `entryid`) VALUES ('Adventure','4851');
INSERT INTO `author_book`(`author`, `entryid`) VALUES ('Lucile Leu','4851');
INSERT INTO `publisher_book`(`publisher`, `entryid`) VALUES ('Tigue Cooperations.','4851');
INSERT INTO `entry`(`entryid`,`type`) VALUES('4852','b');
INSERT INTO `book`(`title`,`entryid`,`isbn`,`type`) VALUES('Base in Screw','4852','9167669898390','b');
INSERT INTO `genre_book`(`genre`, `entryid`) VALUES ('Romance','4852');
INSERT INTO `author_book`(`author`, `entryid`) VALUES ('Michael Greuel','4852');
INSERT INTO `publisher_book`(`publisher`, `entryid`) VALUES ('Martinek Cooperations.','4852');
INSERT INTO `entry`(`entryid`,`type`) VALUES('4853','b');
INSERT INTO `book`(`title`,`entryid`,`isbn`,`type`) VALUES('Animal because of lapelled Beach','4853','0237699852112','b');
INSERT INTO `genre_book`(`genre`, `entryid`) VALUES ('Adventure','4853');
INSERT INTO `author`(`name`,`birthyear`,`deathyear`) VALUES('Leandra Hultquist','1968','1995');
INSERT INTO `author_book`(`author`, `entryid`) VALUES ('Leandra Hultquist','4853');
INSERT INTO `publisher_book`(`publisher`, `entryid`) VALUES ('Kronenberg Publishers.','4853');
INSERT INTO `entry`(`entryid`,`type`) VALUES('4854','b');
INSERT INTO `book`(`title`,`entryid`,`isbn`,`type`) VALUES('Enquiry with the venose Measure','4854','9790809590262','b');
INSERT INTO `genre_book`(`genre`, `entryid`) VALUES ('Sci-Fi','4854');
INSERT INTO `author`(`name`,`birthyear`,`deathyear`) VALUES('Alida Luppino','1919','1957');
INSERT INTO `author_book`(`author`, `entryid`) VALUES ('Alida Luppino','4854');
INSERT INTO `publisher_book`(`publisher`, `entryid`) VALUES ('Trnka Inc.','4854');
INSERT INTO `entry`(`entryid`,`type`) VALUES('4855','b');
INSERT INTO `book`(`title`,`entryid`,`isbn`,`type`) VALUES('Yacht by Orchestra','4855','9631046147738','b');
INSERT INTO `genre_book`(`genre`, `entryid`) VALUES ('Horror','4855');
INSERT INTO `author_book`(`author`, `entryid`) VALUES ('Larry Lanuza','4855');
INSERT INTO `publisher_book`(`publisher`, `entryid`) VALUES ('Raetz Publishers.','4855');
INSERT INTO `entry`(`entryid`,`type`) VALUES('4856','b');
INSERT INTO `book`(`title`,`entryid`,`isbn`,`type`) VALUES('Football to the stroboscopic Pin','4856','0314726256322','j');
INSERT INTO `genre_book`(`genre`, `entryid`) VALUES ('Romance','4856');
INSERT INTO `author_book`(`author`, `entryid`) VALUES ('Isaura Sin','4856');
INSERT INTO `publisher_book`(`publisher`, `entryid`) VALUES ('Degaetano Publishers.','4856');
INSERT INTO `entry`(`entryid`,`type`) VALUES('4857','b');
INSERT INTO `book`(`title`,`entryid`,`isbn`,`type`) VALUES('Road in Water','4857','0640318065219','j');
INSERT INTO `genre_book`(`genre`, `entryid`) VALUES ('Sci-Fi','4857');
INSERT INTO `author`(`name`,`birthyear`,`deathyear`) VALUES('An Traxson','1975','2068');
INSERT INTO `author_book`(`author`, `entryid`) VALUES ('An Traxson','4857');
INSERT INTO `publisher_book`(`publisher`, `entryid`) VALUES ('Garrington Cooperations.','4857');
INSERT INTO `entry`(`entryid`,`type`) VALUES('4858','b');
INSERT INTO `book`(`title`,`entryid`,`isbn`,`type`) VALUES('Adapter by the off-putting Feature','4858','0110474973505','j');
INSERT INTO `genre_book`(`genre`, `entryid`) VALUES ('Romance','4858');
INSERT INTO `author_book`(`author`, `entryid`) VALUES ('Lucile Leu','4858');
INSERT INTO `publisher_book`(`publisher`, `entryid`) VALUES ('Brassard Inc.','4858');
INSERT INTO `entry`(`entryid`,`type`) VALUES('4859','b');
INSERT INTO `book`(`title`,`entryid`,`isbn`,`type`) VALUES('Balloon by the ish Athlete','4859','0912139881971','e');
INSERT INTO `genre_book`(`genre`, `entryid`) VALUES ('Thriller','4859');
INSERT INTO `author`(`name`,`birthyear`,`deathyear`) VALUES('Jordon Hoehn','1980','2039');
INSERT INTO `author_book`(`author`, `entryid`) VALUES ('Jordon Hoehn','4859');
INSERT INTO `publisher_book`(`publisher`, `entryid`) VALUES ('Golladay Publishers.','4859');
INSERT INTO `entry`(`entryid`,`type`) VALUES('4860','b');
INSERT INTO `book`(`title`,`entryid`,`isbn`,`type`) VALUES('Puma for daffiest Brass','4860','0773270848041','e');
INSERT INTO `genre_book`(`genre`, `entryid`) VALUES ('Romance','4860');
INSERT INTO `author_book`(`author`, `entryid`) VALUES ('Ellena Zieber','4860');
INSERT INTO `publisher_book`(`publisher`, `entryid`) VALUES ('Doerflinger Inc.','4860');
INSERT INTO `entry`(`entryid`,`type`) VALUES('4861','b');
INSERT INTO `book`(`title`,`entryid`,`isbn`,`type`) VALUES('Advice for fleeceless Fat','4861','9059739586745','e');
INSERT INTO `genre_book`(`genre`, `entryid`) VALUES ('Horror','4861');
INSERT INTO `author_book`(`author`, `entryid`) VALUES ('Audrey Remington','4861');
INSERT INTO `publisher_book`(`publisher`, `entryid`) VALUES ('Woskobojnik Inc.','4861');
INSERT INTO `entry`(`entryid`,`type`) VALUES('4862','b');
INSERT INTO `book`(`title`,`entryid`,`isbn`,`type`) VALUES('Chocolate in the Geography','4862','9602250029906','j');
INSERT INTO `genre_book`(`genre`, `entryid`) VALUES ('Education','4862');
INSERT INTO `author_book`(`author`, `entryid`) VALUES ('Claris Malito','4862');
INSERT INTO `publisher_book`(`publisher`, `entryid`) VALUES ('Mcbee Cooperations.','4862');
INSERT INTO `entry`(`entryid`,`type`) VALUES('4863','b');
INSERT INTO `book`(`title`,`entryid`,`isbn`,`type`) VALUES('Canoe and Weasel','4863','0793840845060','e');
INSERT INTO `genre_book`(`genre`, `entryid`) VALUES ('Thriller','4863');
INSERT INTO `author_book`(`author`, `entryid`) VALUES ('Elida Heffern','4863');
INSERT INTO `publisher_book`(`publisher`, `entryid`) VALUES ('Meacham Cooperations.','4863');
INSERT INTO `entry`(`entryid`,`type`) VALUES('4864','b');
INSERT INTO `book`(`title`,`entryid`,`isbn`,`type`) VALUES('Play and fesswise Duck','4864','0857180888776','b');
INSERT INTO `genre_book`(`genre`, `entryid`) VALUES ('Thriller','4864');
INSERT INTO `author_book`(`author`, `entryid`) VALUES ('Colby Telega','4864');
INSERT INTO `publisher_book`(`publisher`, `entryid`) VALUES ('Chamorro Publishers.','4864');
INSERT INTO `entry`(`entryid`,`type`) VALUES('4865','b');
INSERT INTO `book`(`title`,`entryid`,`isbn`,`type`) VALUES('Snowflake and the uncourtly Pruner','4865','0257827239233','b');
INSERT INTO `genre_book`(`genre`, `entryid`) VALUES ('Adventure','4865');
INSERT INTO `author_book`(`author`, `entryid`) VALUES ('Terrence Asamoah','4865');
INSERT INTO `publisher_book`(`publisher`, `entryid`) VALUES ('Mccarvill Inc.','4865');
INSERT INTO `entry`(`entryid`,`type`) VALUES('4866','b');
INSERT INTO `book`(`title`,`entryid`,`isbn`,`type`) VALUES('Beaver and Sandra','4866','0739656486075','j');
INSERT INTO `genre_book`(`genre`, `entryid`) VALUES ('Education','4866');
INSERT INTO `author_book`(`author`, `entryid`) VALUES ('Samual Edmison','4866');
INSERT INTO `publisher_book`(`publisher`, `entryid`) VALUES ('Buergel Inc.','4866');
INSERT INTO `entry`(`entryid`,`type`) VALUES('4867','b');
INSERT INTO `book`(`title`,`entryid`,`isbn`,`type`) VALUES('Goal for Pvc','4867','0557200308971','e');
INSERT INTO `genre_book`(`genre`, `entryid`) VALUES ('Romance','4867');
INSERT INTO `author`(`name`,`birthyear`,`deathyear`) VALUES('Aline Marlo','1956','1992');
INSERT INTO `author_book`(`author`, `entryid`) VALUES ('Aline Marlo','4867');
INSERT INTO `publisher_book`(`publisher`, `entryid`) VALUES ('Cregeen Inc.','4867');
INSERT INTO `entry`(`entryid`,`type`) VALUES('4868','b');
INSERT INTO `book`(`title`,`entryid`,`isbn`,`type`) VALUES('Kilometer against Note','4868','9749267486398','j');
INSERT INTO `genre_book`(`genre`, `entryid`) VALUES ('Education','4868');
INSERT INTO `author_book`(`author`, `entryid`) VALUES ('Rosalie Spika','4868');
INSERT INTO `publisher_book`(`publisher`, `entryid`) VALUES ('Wolfer Cooperations.','4868');
INSERT INTO `entry`(`entryid`,`type`) VALUES('4869','b');
INSERT INTO `book`(`title`,`entryid`,`isbn`,`type`) VALUES('Bestseller in the skewbald Sister','4869','0849438875597','e');
INSERT INTO `genre_book`(`genre`, `entryid`) VALUES ('Education','4869');
INSERT INTO `author_book`(`author`, `entryid`) VALUES ('Min Pennington','4869');
INSERT INTO `publisher_book`(`publisher`, `entryid`) VALUES ('Fonte Inc.','4869');
INSERT INTO `entry`(`entryid`,`type`) VALUES('4870','b');
INSERT INTO `book`(`title`,`entryid`,`isbn`,`type`) VALUES('Rock with anthelmintic Packet','4870','9034371561554','e');
INSERT INTO `genre_book`(`genre`, `entryid`) VALUES ('Sci-Fi','4870');
INSERT INTO `author`(`name`,`birthyear`,`deathyear`) VALUES('Lawanna Heimbach','1959','2036');
INSERT INTO `author_book`(`author`, `entryid`) VALUES ('Lawanna Heimbach','4870');
INSERT INTO `publisher_book`(`publisher`, `entryid`) VALUES ('Massey Cooperations.','4870');
INSERT INTO `entry`(`entryid`,`type`) VALUES('4871','b');
INSERT INTO `book`(`title`,`entryid`,`isbn`,`type`) VALUES('Canadian and goddamned Lace','4871','0468295586568','b');
INSERT INTO `genre_book`(`genre`, `entryid`) VALUES ('Horror','4871');
INSERT INTO `author`(`name`,`birthyear`,`deathyear`) VALUES('Roxanna Bild','1928','2024');
INSERT INTO `author_book`(`author`, `entryid`) VALUES ('Roxanna Bild','4871');
INSERT INTO `publisher_book`(`publisher`, `entryid`) VALUES ('Bolick Inc.','4871');
INSERT INTO `entry`(`entryid`,`type`) VALUES('4872','b');
INSERT INTO `book`(`title`,`entryid`,`isbn`,`type`) VALUES('Salmon vs. Oyster','4872','9548971920732','b');
INSERT INTO `genre_book`(`genre`, `entryid`) VALUES ('Adventure','4872');
INSERT INTO `author_book`(`author`, `entryid`) VALUES ('Renee Kiker','4872');
INSERT INTO `publisher_book`(`publisher`, `entryid`) VALUES ('Bence Inc.','4872');
INSERT INTO `entry`(`entryid`,`type`) VALUES('4873','b');
INSERT INTO `book`(`title`,`entryid`,`isbn`,`type`) VALUES('Belt for the lyophilised Bakery','4873','9088729367803','e');
INSERT INTO `genre_book`(`genre`, `entryid`) VALUES ('Thriller','4873');
INSERT INTO `author_book`(`author`, `entryid`) VALUES ('Maya Golar','4873');
INSERT INTO `publisher_book`(`publisher`, `entryid`) VALUES ('Bronk Cooperations.','4873');
INSERT INTO `entry`(`entryid`,`type`) VALUES('4874','b');
INSERT INTO `book`(`title`,`entryid`,`isbn`,`type`) VALUES('Chocolate in ochery Comic','4874','9023787735422','b');
INSERT INTO `genre_book`(`genre`, `entryid`) VALUES ('Adventure','4874');
INSERT INTO `author_book`(`author`, `entryid`) VALUES ('Grady Yaklin','4874');
INSERT INTO `publisher_book`(`publisher`, `entryid`) VALUES ('Konger Publishers.','4874');
INSERT INTO `entry`(`entryid`,`type`) VALUES('4875','b');
INSERT INTO `book`(`title`,`entryid`,`isbn`,`type`) VALUES('Bumper against the Mole','4875','9664944368980','b');
INSERT INTO `genre_book`(`genre`, `entryid`) VALUES ('Education','4875');
INSERT INTO `author`(`name`,`birthyear`,`deathyear`) VALUES('Linn Gogel','1913','1969');
INSERT INTO `author_book`(`author`, `entryid`) VALUES ('Linn Gogel','4875');
INSERT INTO `publisher_book`(`publisher`, `entryid`) VALUES ('Mominee Inc.','4875');
INSERT INTO `entry`(`entryid`,`type`) VALUES('4876','b');
INSERT INTO `book`(`title`,`entryid`,`isbn`,`type`) VALUES('Mercury to Chord','4876','0068342922543','e');
INSERT INTO `genre_book`(`genre`, `entryid`) VALUES ('Education','4876');
INSERT INTO `author_book`(`author`, `entryid`) VALUES ('Sanjuanita Maisel','4876');
INSERT INTO `publisher_book`(`publisher`, `entryid`) VALUES ('Hengel Inc.','4876');
INSERT INTO `entry`(`entryid`,`type`) VALUES('4877','b');
INSERT INTO `book`(`title`,`entryid`,`isbn`,`type`) VALUES('Blizzard and the inchoative Pilot','4877','0013923288436','e');
INSERT INTO `genre_book`(`genre`, `entryid`) VALUES ('Horror','4877');
INSERT INTO `author_book`(`author`, `entryid`) VALUES ('Deann Haven','4877');
INSERT INTO `publisher_book`(`publisher`, `entryid`) VALUES ('Chamorro Publishers.','4877');
INSERT INTO `entry`(`entryid`,`type`) VALUES('4878','b');
INSERT INTO `book`(`title`,`entryid`,`isbn`,`type`) VALUES('Wax of Help','4878','0537316606754','j');
INSERT INTO `genre_book`(`genre`, `entryid`) VALUES ('Thriller','4878');
INSERT INTO `author_book`(`author`, `entryid`) VALUES ('Lamonica Dullum','4878');
INSERT INTO `publisher_book`(`publisher`, `entryid`) VALUES ('Storbeck Inc.','4878');
INSERT INTO `entry`(`entryid`,`type`) VALUES('4879','b');
INSERT INTO `book`(`title`,`entryid`,`isbn`,`type`) VALUES('Beauty because of deaf Cousin','4879','9692994814084','e');
INSERT INTO `genre_book`(`genre`, `entryid`) VALUES ('Horror','4879');
INSERT INTO `author_book`(`author`, `entryid`) VALUES ('Chelsey Dollins','4879');
INSERT INTO `publisher_book`(`publisher`, `entryid`) VALUES ('Nack Publishers.','4879');
INSERT INTO `entry`(`entryid`,`type`) VALUES('4880','b');
INSERT INTO `book`(`title`,`entryid`,`isbn`,`type`) VALUES('Community for Pakistan','4880','0022939850261','e');
INSERT INTO `genre_book`(`genre`, `entryid`) VALUES ('Sci-Fi','4880');
INSERT INTO `author_book`(`author`, `entryid`) VALUES ('Miki Garufi','4880');
INSERT INTO `publisher_book`(`publisher`, `entryid`) VALUES ('Maury Publishers.','4880');
INSERT INTO `entry`(`entryid`,`type`) VALUES('4881','b');
INSERT INTO `book`(`title`,`entryid`,`isbn`,`type`) VALUES('War with subgrade Occupation','4881','0181740773230','b');
INSERT INTO `genre_book`(`genre`, `entryid`) VALUES ('Sci-Fi','4881');
INSERT INTO `author_book`(`author`, `entryid`) VALUES ('Lorenzo Coltrain','4881');
INSERT INTO `publisher_book`(`publisher`, `entryid`) VALUES ('Bogan Cooperations.','4881');
INSERT INTO `entry`(`entryid`,`type`) VALUES('4882','b');
INSERT INTO `book`(`title`,`entryid`,`isbn`,`type`) VALUES('Lamb and horrific Cappelletti','4882','9652312351102','e');
INSERT INTO `genre_book`(`genre`, `entryid`) VALUES ('Thriller','4882');
INSERT INTO `author_book`(`author`, `entryid`) VALUES ('Eryn Galizia','4882');
INSERT INTO `publisher_book`(`publisher`, `entryid`) VALUES ('Angry Inc.','4882');
INSERT INTO `entry`(`entryid`,`type`) VALUES('4883','b');
INSERT INTO `book`(`title`,`entryid`,`isbn`,`type`) VALUES('Bumper and siltier Judo','4883','9812053793440','e');
INSERT INTO `genre_book`(`genre`, `entryid`) VALUES ('Science','4883');
INSERT INTO `author_book`(`author`, `entryid`) VALUES ('Ryan Hangartner','4883');
INSERT INTO `publisher_book`(`publisher`, `entryid`) VALUES ('Ellett Publishers.','4883');
INSERT INTO `entry`(`entryid`,`type`) VALUES('4884','b');
INSERT INTO `book`(`title`,`entryid`,`isbn`,`type`) VALUES('Secure by Damage','4884','0437955532429','b');
INSERT INTO `genre_book`(`genre`, `entryid`) VALUES ('Horror','4884');
INSERT INTO `author_book`(`author`, `entryid`) VALUES ('Somer Couser','4884');
INSERT INTO `publisher_book`(`publisher`, `entryid`) VALUES ('Weymouth Inc.','4884');
INSERT INTO `entry`(`entryid`,`type`) VALUES('4885','b');
INSERT INTO `book`(`title`,`entryid`,`isbn`,`type`) VALUES('Ice by Drink','4885','9498610490302','b');
INSERT INTO `genre_book`(`genre`, `entryid`) VALUES ('Education','4885');
INSERT INTO `author_book`(`author`, `entryid`) VALUES ('Magda Lupfer','4885');
INSERT INTO `publisher_book`(`publisher`, `entryid`) VALUES ('Saska Publishers.','4885');
INSERT INTO `entry`(`entryid`,`type`) VALUES('4886','b');
INSERT INTO `book`(`title`,`entryid`,`isbn`,`type`) VALUES('Shrine by Cardboard','4886','0444161625154','e');
INSERT INTO `genre_book`(`genre`, `entryid`) VALUES ('Romance','4886');
INSERT INTO `author_book`(`author`, `entryid`) VALUES ('Kayleigh Haagensen','4886');
INSERT INTO `publisher_book`(`publisher`, `entryid`) VALUES ('Hauley Publishers.','4886');
INSERT INTO `entry`(`entryid`,`type`) VALUES('4887','b');
INSERT INTO `book`(`title`,`entryid`,`isbn`,`type`) VALUES('Iraq and hoc Exhaust','4887','0307052450675','j');
INSERT INTO `genre_book`(`genre`, `entryid`) VALUES ('Romance','4887');
INSERT INTO `author_book`(`author`, `entryid`) VALUES ('Cameron Tino','4887');
INSERT INTO `publisher_book`(`publisher`, `entryid`) VALUES ('Estrem Inc.','4887');
INSERT INTO `entry`(`entryid`,`type`) VALUES('4888','b');
INSERT INTO `book`(`title`,`entryid`,`isbn`,`type`) VALUES('Peanut of the Journey','4888','9296927718075','b');
INSERT INTO `genre_book`(`genre`, `entryid`) VALUES ('Science','4888');
INSERT INTO `author`(`name`,`birthyear`,`deathyear`) VALUES('Shirly Albergotti','1957','2012');
INSERT INTO `author_book`(`author`, `entryid`) VALUES ('Shirly Albergotti','4888');
INSERT INTO `publisher_book`(`publisher`, `entryid`) VALUES ('Letang Cooperations.','4888');
INSERT INTO `entry`(`entryid`,`type`) VALUES('4889','b');
INSERT INTO `book`(`title`,`entryid`,`isbn`,`type`) VALUES('Patient with the masonic Dietician','4889','9593554348273','j');
INSERT INTO `genre_book`(`genre`, `entryid`) VALUES ('Education','4889');
INSERT INTO `author`(`name`,`birthyear`,`deathyear`) VALUES('Lise Bohl','1969','2021');
INSERT INTO `author_book`(`author`, `entryid`) VALUES ('Lise Bohl','4889');
INSERT INTO `publisher_book`(`publisher`, `entryid`) VALUES ('Delashaw Publishers.','4889');
INSERT INTO `entry`(`entryid`,`type`) VALUES('4890','b');
INSERT INTO `book`(`title`,`entryid`,`isbn`,`type`) VALUES('Twilight to the Pekingese John','4890','0230503339114','b');
INSERT INTO `genre_book`(`genre`, `entryid`) VALUES ('Adventure','4890');
INSERT INTO `author_book`(`author`, `entryid`) VALUES ('Alex Kingshott','4890');
INSERT INTO `publisher_book`(`publisher`, `entryid`) VALUES ('Antrikin Inc.','4890');
INSERT INTO `entry`(`entryid`,`type`) VALUES('4891','b');
INSERT INTO `book`(`title`,`entryid`,`isbn`,`type`) VALUES('Rice because of inwrought Chauffeur','4891','9219034732188','j');
INSERT INTO `genre_book`(`genre`, `entryid`) VALUES ('Sci-Fi','4891');
INSERT INTO `author`(`name`,`birthyear`,`deathyear`) VALUES('Sabra Minkowitz','1938','1961');
INSERT INTO `author_book`(`author`, `entryid`) VALUES ('Sabra Minkowitz','4891');
INSERT INTO `publisher_book`(`publisher`, `entryid`) VALUES ('Diliberti Inc.','4891');
INSERT INTO `entry`(`entryid`,`type`) VALUES('4892','b');
INSERT INTO `book`(`title`,`entryid`,`isbn`,`type`) VALUES('Process because of jerkiest Road','4892','9072077331835','b');
INSERT INTO `genre_book`(`genre`, `entryid`) VALUES ('Sci-Fi','4892');
INSERT INTO `author_book`(`author`, `entryid`) VALUES ('Alyssa Shintaku','4892');
INSERT INTO `publisher_book`(`publisher`, `entryid`) VALUES ('Strazisar Inc.','4892');
INSERT INTO `entry`(`entryid`,`type`) VALUES('4893','b');
INSERT INTO `book`(`title`,`entryid`,`isbn`,`type`) VALUES('Afternoon vs. graspable Macrame','4893','9352071046575','b');
INSERT INTO `genre_book`(`genre`, `entryid`) VALUES ('Education','4893');
INSERT INTO `author_book`(`author`, `entryid`) VALUES ('Leontine Molineaux','4893');
INSERT INTO `publisher_book`(`publisher`, `entryid`) VALUES ('Rothery Cooperations.','4893');
INSERT INTO `entry`(`entryid`,`type`) VALUES('4894','b');
INSERT INTO `book`(`title`,`entryid`,`isbn`,`type`) VALUES('Jason with the intolerable Jute','4894','9969820965196','b');
INSERT INTO `genre_book`(`genre`, `entryid`) VALUES ('Romance','4894');
INSERT INTO `author_book`(`author`, `entryid`) VALUES ('Sumiko Opara','4894');
INSERT INTO `publisher_book`(`publisher`, `entryid`) VALUES ('Egley Cooperations.','4894');
INSERT INTO `entry`(`entryid`,`type`) VALUES('4895','b');
INSERT INTO `book`(`title`,`entryid`,`isbn`,`type`) VALUES('Sock and the Gauge','4895','9614267692493','e');
INSERT INTO `genre_book`(`genre`, `entryid`) VALUES ('Education','4895');
INSERT INTO `author_book`(`author`, `entryid`) VALUES ('Dennis Massy','4895');
INSERT INTO `publisher_book`(`publisher`, `entryid`) VALUES ('Chamorro Publishers.','4895');
INSERT INTO `entry`(`entryid`,`type`) VALUES('4896','b');
INSERT INTO `book`(`title`,`entryid`,`isbn`,`type`) VALUES('Stage for the Great-grandfather','4896','9668125651338','e');
INSERT INTO `genre_book`(`genre`, `entryid`) VALUES ('Horror','4896');
INSERT INTO `author_book`(`author`, `entryid`) VALUES ('Jenice Lofties','4896');
INSERT INTO `publisher_book`(`publisher`, `entryid`) VALUES ('Derenzi Publishers.','4896');
INSERT INTO `entry`(`entryid`,`type`) VALUES('4897','b');
INSERT INTO `book`(`title`,`entryid`,`isbn`,`type`) VALUES('Maple to banausic Archer','4897','9679193040818','e');
INSERT INTO `genre_book`(`genre`, `entryid`) VALUES ('Romance','4897');
INSERT INTO `author_book`(`author`, `entryid`) VALUES ('Samual Edmison','4897');
INSERT INTO `publisher_book`(`publisher`, `entryid`) VALUES ('Goldhaber Publishers.','4897');
INSERT INTO `entry`(`entryid`,`type`) VALUES('4898','b');
INSERT INTO `book`(`title`,`entryid`,`isbn`,`type`) VALUES('Bird to Starter','4898','9452963573793','j');
INSERT INTO `genre_book`(`genre`, `entryid`) VALUES ('Horror','4898');
INSERT INTO `author_book`(`author`, `entryid`) VALUES ('Reta Hargrow','4898');
INSERT INTO `publisher_book`(`publisher`, `entryid`) VALUES ('Vote Publishers.','4898');
INSERT INTO `entry`(`entryid`,`type`) VALUES('4899','b');
INSERT INTO `book`(`title`,`entryid`,`isbn`,`type`) VALUES('Dinghy vs. peridermal Russia','4899','9941631007514','j');
INSERT INTO `genre_book`(`genre`, `entryid`) VALUES ('Adventure','4899');
INSERT INTO `author_book`(`author`, `entryid`) VALUES ('Shaniqua Agosta','4899');
INSERT INTO `publisher_book`(`publisher`, `entryid`) VALUES ('Farber Publishers.','4899');
INSERT INTO `entry`(`entryid`,`type`) VALUES('4900','b');
INSERT INTO `book`(`title`,`entryid`,`isbn`,`type`) VALUES('Resolution in the bubbly Reading','4900','0691344698295','e');
INSERT INTO `genre_book`(`genre`, `entryid`) VALUES ('Education','4900');
INSERT INTO `author_book`(`author`, `entryid`) VALUES ('Cherly Farro','4900');
INSERT INTO `publisher_book`(`publisher`, `entryid`) VALUES ('Fattig Inc.','4900');
INSERT INTO `entry`(`entryid`,`type`) VALUES('4901','b');
INSERT INTO `book`(`title`,`entryid`,`isbn`,`type`) VALUES('Stinger and the clinquant Operation','4901','9756599663306','e');
INSERT INTO `genre_book`(`genre`, `entryid`) VALUES ('Adventure','4901');
INSERT INTO `author_book`(`author`, `entryid`) VALUES ('Aron Buendia','4901');
INSERT INTO `publisher_book`(`publisher`, `entryid`) VALUES ('Reshard Cooperations.','4901');
INSERT INTO `entry`(`entryid`,`type`) VALUES('4902','b');
INSERT INTO `book`(`title`,`entryid`,`isbn`,`type`) VALUES('Pickle because of principal Structure','4902','9553350806021','e');
INSERT INTO `genre_book`(`genre`, `entryid`) VALUES ('Sci-Fi','4902');
INSERT INTO `author_book`(`author`, `entryid`) VALUES ('Bart Khalaf','4902');
INSERT INTO `publisher_book`(`publisher`, `entryid`) VALUES ('Rohr Cooperations.','4902');
INSERT INTO `entry`(`entryid`,`type`) VALUES('4903','b');
INSERT INTO `book`(`title`,`entryid`,`isbn`,`type`) VALUES('Glue with modifiable Lunge','4903','0895270185638','e');
INSERT INTO `genre_book`(`genre`, `entryid`) VALUES ('Romance','4903');
INSERT INTO `author_book`(`author`, `entryid`) VALUES ('Deandrea Nosworthy','4903');
INSERT INTO `publisher_book`(`publisher`, `entryid`) VALUES ('Papaleo Publishers.','4903');
INSERT INTO `entry`(`entryid`,`type`) VALUES('4904','b');
INSERT INTO `book`(`title`,`entryid`,`isbn`,`type`) VALUES('Cymbal of the Sandwich','4904','9573212466809','j');
INSERT INTO `genre_book`(`genre`, `entryid`) VALUES ('Adventure','4904');
INSERT INTO `author_book`(`author`, `entryid`) VALUES ('Perry Frieze','4904');
INSERT INTO `publisher_book`(`publisher`, `entryid`) VALUES ('Neuman Cooperations.','4904');
INSERT INTO `entry`(`entryid`,`type`) VALUES('4905','b');
INSERT INTO `book`(`title`,`entryid`,`isbn`,`type`) VALUES('Gender because of Pencil','4905','9217557051322','b');
INSERT INTO `genre_book`(`genre`, `entryid`) VALUES ('Sci-Fi','4905');
INSERT INTO `author_book`(`author`, `entryid`) VALUES ('Spencer Capilla','4905');
INSERT INTO `publisher_book`(`publisher`, `entryid`) VALUES ('Nierman Inc.','4905');
INSERT INTO `entry`(`entryid`,`type`) VALUES('4906','b');
INSERT INTO `book`(`title`,`entryid`,`isbn`,`type`) VALUES('Money of Cylinder','4906','0141089703963','j');
INSERT INTO `genre_book`(`genre`, `entryid`) VALUES ('Sci-Fi','4906');
INSERT INTO `author_book`(`author`, `entryid`) VALUES ('Christeen Simonetti','4906');
INSERT INTO `publisher_book`(`publisher`, `entryid`) VALUES ('Balin Publishers.','4906');
INSERT INTO `entry`(`entryid`,`type`) VALUES('4907','b');
INSERT INTO `book`(`title`,`entryid`,`isbn`,`type`) VALUES('Answer because of indeterminist Guitar','4907','0051560340136','b');
INSERT INTO `genre_book`(`genre`, `entryid`) VALUES ('Horror','4907');
INSERT INTO `author_book`(`author`, `entryid`) VALUES ('Guadalupe Tinker','4907');
INSERT INTO `publisher_book`(`publisher`, `entryid`) VALUES ('Scriuner Publishers.','4907');
INSERT INTO `entry`(`entryid`,`type`) VALUES('4908','b');
INSERT INTO `book`(`title`,`entryid`,`isbn`,`type`) VALUES('Exclamation by untransformed Bun','4908','0281736971574','b');
INSERT INTO `genre_book`(`genre`, `entryid`) VALUES ('Romance','4908');
INSERT INTO `author_book`(`author`, `entryid`) VALUES ('Kimiko Zastawny','4908');
INSERT INTO `publisher_book`(`publisher`, `entryid`) VALUES ('Haggerty Cooperations.','4908');
INSERT INTO `entry`(`entryid`,`type`) VALUES('4909','b');
INSERT INTO `book`(`title`,`entryid`,`isbn`,`type`) VALUES('Walrus and uncrated Heron','4909','9457179732378','e');
INSERT INTO `genre_book`(`genre`, `entryid`) VALUES ('Horror','4909');
INSERT INTO `author_book`(`author`, `entryid`) VALUES ('Dorthy Mccurine','4909');
INSERT INTO `publisher_book`(`publisher`, `entryid`) VALUES ('Moraitis Inc.','4909');
INSERT INTO `entry`(`entryid`,`type`) VALUES('4910','b');
INSERT INTO `book`(`title`,`entryid`,`isbn`,`type`) VALUES('Diamond to the Milkshake','4910','0539470088146','e');
INSERT INTO `genre_book`(`genre`, `entryid`) VALUES ('Science','4910');
INSERT INTO `author`(`name`,`birthyear`,`deathyear`) VALUES('Lacy Siebel','1899','1949');
INSERT INTO `author_book`(`author`, `entryid`) VALUES ('Lacy Siebel','4910');
INSERT INTO `publisher_book`(`publisher`, `entryid`) VALUES ('Lampson Inc.','4910');
INSERT INTO `entry`(`entryid`,`type`) VALUES('4911','b');
INSERT INTO `book`(`title`,`entryid`,`isbn`,`type`) VALUES('Occupation with Opinion','4911','9147028116993','b');
INSERT INTO `genre_book`(`genre`, `entryid`) VALUES ('Education','4911');
INSERT INTO `author_book`(`author`, `entryid`) VALUES ('Dean Madan','4911');
INSERT INTO `publisher_book`(`publisher`, `entryid`) VALUES ('Degaetano Publishers.','4911');
INSERT INTO `entry`(`entryid`,`type`) VALUES('4912','b');
INSERT INTO `book`(`title`,`entryid`,`isbn`,`type`) VALUES('Soybean and stony Secretary','4912','9042421701132','e');
INSERT INTO `genre_book`(`genre`, `entryid`) VALUES ('Education','4912');
INSERT INTO `author_book`(`author`, `entryid`) VALUES ('Deandrea Nosworthy','4912');
INSERT INTO `publisher_book`(`publisher`, `entryid`) VALUES ('Landacre Inc.','4912');
INSERT INTO `entry`(`entryid`,`type`) VALUES('4913','b');
INSERT INTO `book`(`title`,`entryid`,`isbn`,`type`) VALUES('Battle with the totalitarian Nerve','4913','0975757871913','j');
INSERT INTO `genre_book`(`genre`, `entryid`) VALUES ('Education','4913');
INSERT INTO `author_book`(`author`, `entryid`) VALUES ('Omer Hedler','4913');
INSERT INTO `publisher_book`(`publisher`, `entryid`) VALUES ('Statton Inc.','4913');
INSERT INTO `entry`(`entryid`,`type`) VALUES('4914','b');
INSERT INTO `book`(`title`,`entryid`,`isbn`,`type`) VALUES('Hurricane in Bomber','4914','9932133239610','e');
INSERT INTO `genre_book`(`genre`, `entryid`) VALUES ('Thriller','4914');
INSERT INTO `author`(`name`,`birthyear`,`deathyear`) VALUES('Opal Moul','1885','1940');
INSERT INTO `author_book`(`author`, `entryid`) VALUES ('Opal Moul','4914');
INSERT INTO `publisher_book`(`publisher`, `entryid`) VALUES ('Giantonio Publishers.','4914');
INSERT INTO `entry`(`entryid`,`type`) VALUES('4915','b');
INSERT INTO `book`(`title`,`entryid`,`isbn`,`type`) VALUES('Session to the muttony Anthony','4915','9206146235461','e');
INSERT INTO `genre_book`(`genre`, `entryid`) VALUES ('Sci-Fi','4915');
INSERT INTO `author_book`(`author`, `entryid`) VALUES ('Lamonica Dullum','4915');
INSERT INTO `publisher_book`(`publisher`, `entryid`) VALUES ('Pagani Cooperations.','4915');
INSERT INTO `entry`(`entryid`,`type`) VALUES('4916','b');
INSERT INTO `book`(`title`,`entryid`,`isbn`,`type`) VALUES('Postage to the Quill','4916','9870897386033','b');
INSERT INTO `genre_book`(`genre`, `entryid`) VALUES ('Horror','4916');
INSERT INTO `author_book`(`author`, `entryid`) VALUES ('Napoleon Vergin','4916');
INSERT INTO `publisher_book`(`publisher`, `entryid`) VALUES ('Czerniak Inc.','4916');
INSERT INTO `entry`(`entryid`,`type`) VALUES('4917','b');
INSERT INTO `book`(`title`,`entryid`,`isbn`,`type`) VALUES('Sunflower by maiden Cost','4917','9813021850439','b');
INSERT INTO `genre_book`(`genre`, `entryid`) VALUES ('Romance','4917');
INSERT INTO `author_book`(`author`, `entryid`) VALUES ('Maxine Biscoe','4917');
INSERT INTO `publisher_book`(`publisher`, `entryid`) VALUES ('Terrell Cooperations.','4917');
INSERT INTO `entry`(`entryid`,`type`) VALUES('4918','b');
INSERT INTO `book`(`title`,`entryid`,`isbn`,`type`) VALUES('Linen to Pull','4918','9565016730041','b');
INSERT INTO `genre_book`(`genre`, `entryid`) VALUES ('Science','4918');
INSERT INTO `author_book`(`author`, `entryid`) VALUES ('Angelique Sebesta','4918');
INSERT INTO `publisher_book`(`publisher`, `entryid`) VALUES ('Strazisar Inc.','4918');
INSERT INTO `entry`(`entryid`,`type`) VALUES('4919','b');
INSERT INTO `book`(`title`,`entryid`,`isbn`,`type`) VALUES('Dietician against flexed Fall','4919','0326153663957','e');
INSERT INTO `genre_book`(`genre`, `entryid`) VALUES ('Romance','4919');
INSERT INTO `author_book`(`author`, `entryid`) VALUES ('Melody Vrias','4919');
INSERT INTO `publisher_book`(`publisher`, `entryid`) VALUES ('Murdaugh Cooperations.','4919');
INSERT INTO `entry`(`entryid`,`type`) VALUES('4920','b');
INSERT INTO `book`(`title`,`entryid`,`isbn`,`type`) VALUES('Comb and the Sort','4920','9197487440909','e');
INSERT INTO `genre_book`(`genre`, `entryid`) VALUES ('Thriller','4920');
INSERT INTO `author_book`(`author`, `entryid`) VALUES ('Breanna Stanislawski','4920');
INSERT INTO `publisher_book`(`publisher`, `entryid`) VALUES ('Karvonen Inc.','4920');
INSERT INTO `entry`(`entryid`,`type`) VALUES('4921','b');
INSERT INTO `book`(`title`,`entryid`,`isbn`,`type`) VALUES('Trout vs. Literature','4921','9407890011975','e');
INSERT INTO `genre_book`(`genre`, `entryid`) VALUES ('Horror','4921');
INSERT INTO `author_book`(`author`, `entryid`) VALUES ('Johanna Rozzell','4921');
INSERT INTO `publisher_book`(`publisher`, `entryid`) VALUES ('Bronk Cooperations.','4921');
INSERT INTO `entry`(`entryid`,`type`) VALUES('4922','b');
INSERT INTO `book`(`title`,`entryid`,`isbn`,`type`) VALUES('Cast to accretive Door','4922','0126424359255','b');
INSERT INTO `genre_book`(`genre`, `entryid`) VALUES ('Adventure','4922');
INSERT INTO `author_book`(`author`, `entryid`) VALUES ('Berenice Mayans','4922');
INSERT INTO `publisher_book`(`publisher`, `entryid`) VALUES ('Bouvier Cooperations.','4922');
INSERT INTO `entry`(`entryid`,`type`) VALUES('4923','b');
INSERT INTO `book`(`title`,`entryid`,`isbn`,`type`) VALUES('Yard of the Port','4923','0343929773337','e');
INSERT INTO `genre_book`(`genre`, `entryid`) VALUES ('Education','4923');
INSERT INTO `author_book`(`author`, `entryid`) VALUES ('Kelly Mcelhiney','4923');
INSERT INTO `publisher_book`(`publisher`, `entryid`) VALUES ('Delashaw Publishers.','4923');
INSERT INTO `entry`(`entryid`,`type`) VALUES('4924','b');
INSERT INTO `book`(`title`,`entryid`,`isbn`,`type`) VALUES('Knight for the spoutless Record','4924','0282153571622','b');
INSERT INTO `genre_book`(`genre`, `entryid`) VALUES ('Horror','4924');
INSERT INTO `author_book`(`author`, `entryid`) VALUES ('Linn Gogel','4924');
INSERT INTO `publisher_book`(`publisher`, `entryid`) VALUES ('Leydecker Inc.','4924');
INSERT INTO `entry`(`entryid`,`type`) VALUES('4925','b');
INSERT INTO `book`(`title`,`entryid`,`isbn`,`type`) VALUES('Iraq by the Badger','4925','9279811745125','b');
INSERT INTO `genre_book`(`genre`, `entryid`) VALUES ('Science','4925');
INSERT INTO `author_book`(`author`, `entryid`) VALUES ('Carma Engebretsen','4925');
INSERT INTO `publisher_book`(`publisher`, `entryid`) VALUES ('Poirer Cooperations.','4925');
INSERT INTO `entry`(`entryid`,`type`) VALUES('4926','b');
INSERT INTO `book`(`title`,`entryid`,`isbn`,`type`) VALUES('Open and the Aardvark','4926','9116305036924','j');
INSERT INTO `genre_book`(`genre`, `entryid`) VALUES ('Education','4926');
INSERT INTO `author_book`(`author`, `entryid`) VALUES ('Mozelle Scopa','4926');
INSERT INTO `publisher_book`(`publisher`, `entryid`) VALUES ('Grabo Cooperations.','4926');
INSERT INTO `entry`(`entryid`,`type`) VALUES('4927','b');
INSERT INTO `book`(`title`,`entryid`,`isbn`,`type`) VALUES('Romanian in the branchial Servant','4927','0220871330383','j');
INSERT INTO `genre_book`(`genre`, `entryid`) VALUES ('Romance','4927');
INSERT INTO `author_book`(`author`, `entryid`) VALUES ('Angel Ashkettle','4927');
INSERT INTO `publisher_book`(`publisher`, `entryid`) VALUES ('Brassard Inc.','4927');
INSERT INTO `entry`(`entryid`,`type`) VALUES('4928','b');
INSERT INTO `book`(`title`,`entryid`,`isbn`,`type`) VALUES('Cheek for Knight','4928','0504035404574','e');
INSERT INTO `genre_book`(`genre`, `entryid`) VALUES ('Adventure','4928');
INSERT INTO `author`(`name`,`birthyear`,`deathyear`) VALUES('Tracy Kringel','1979','2034');
INSERT INTO `author_book`(`author`, `entryid`) VALUES ('Tracy Kringel','4928');
INSERT INTO `publisher_book`(`publisher`, `entryid`) VALUES ('Wolfer Cooperations.','4928');
INSERT INTO `entry`(`entryid`,`type`) VALUES('4929','b');
INSERT INTO `book`(`title`,`entryid`,`isbn`,`type`) VALUES('Pipe to the hypophyseal Wilderness','4929','0459432075366','e');
INSERT INTO `genre_book`(`genre`, `entryid`) VALUES ('Education','4929');
INSERT INTO `author`(`name`,`birthyear`,`deathyear`) VALUES('Dallas Hogstrum','1907','1978');
INSERT INTO `author_book`(`author`, `entryid`) VALUES ('Dallas Hogstrum','4929');
INSERT INTO `publisher_book`(`publisher`, `entryid`) VALUES ('Luangamath Inc.','4929');
INSERT INTO `entry`(`entryid`,`type`) VALUES('4930','b');
INSERT INTO `book`(`title`,`entryid`,`isbn`,`type`) VALUES('Virgo against the Operation','4930','9058329488018','b');
INSERT INTO `genre_book`(`genre`, `entryid`) VALUES ('Thriller','4930');
INSERT INTO `author_book`(`author`, `entryid`) VALUES ('Porter Finkel','4930');
INSERT INTO `publisher_book`(`publisher`, `entryid`) VALUES ('Argrave Publishers.','4930');
INSERT INTO `entry`(`entryid`,`type`) VALUES('4931','b');
INSERT INTO `book`(`title`,`entryid`,`isbn`,`type`) VALUES('Disadvantage for the Afternoon','4931','0583645320095','e');
INSERT INTO `genre_book`(`genre`, `entryid`) VALUES ('Science','4931');
INSERT INTO `author_book`(`author`, `entryid`) VALUES ('Kimiko Zastawny','4931');
INSERT INTO `publisher_book`(`publisher`, `entryid`) VALUES ('Goldhaber Publishers.','4931');
INSERT INTO `entry`(`entryid`,`type`) VALUES('4932','b');
INSERT INTO `book`(`title`,`entryid`,`isbn`,`type`) VALUES('Stepdaughter in the Australia','4932','9058834424271','b');
INSERT INTO `genre_book`(`genre`, `entryid`) VALUES ('Sci-Fi','4932');
INSERT INTO `author_book`(`author`, `entryid`) VALUES ('Mickey Payant','4932');
INSERT INTO `publisher_book`(`publisher`, `entryid`) VALUES ('Katzaman Cooperations.','4932');
INSERT INTO `entry`(`entryid`,`type`) VALUES('4933','b');
INSERT INTO `book`(`title`,`entryid`,`isbn`,`type`) VALUES('Volleyball by Wood','4933','0385538731808','b');
INSERT INTO `genre_book`(`genre`, `entryid`) VALUES ('Romance','4933');
INSERT INTO `author_book`(`author`, `entryid`) VALUES ('Corrine Soler','4933');
INSERT INTO `publisher_book`(`publisher`, `entryid`) VALUES ('Archibeque Publishers.','4933');
INSERT INTO `entry`(`entryid`,`type`) VALUES('4934','b');
INSERT INTO `book`(`title`,`entryid`,`isbn`,`type`) VALUES('Decimal against Parade','4934','9928345826664','b');
INSERT INTO `genre_book`(`genre`, `entryid`) VALUES ('Adventure','4934');
INSERT INTO `author_book`(`author`, `entryid`) VALUES ('Esperanza Bellettiere','4934');
INSERT INTO `publisher_book`(`publisher`, `entryid`) VALUES ('Wedin Cooperations.','4934');
INSERT INTO `entry`(`entryid`,`type`) VALUES('4935','b');
INSERT INTO `book`(`title`,`entryid`,`isbn`,`type`) VALUES('Paper with the pending Address','4935','9829962804877','e');
INSERT INTO `genre_book`(`genre`, `entryid`) VALUES ('Thriller','4935');
INSERT INTO `author_book`(`author`, `entryid`) VALUES ('Saul Traugott','4935');
INSERT INTO `publisher_book`(`publisher`, `entryid`) VALUES ('Murtagh Inc.','4935');
INSERT INTO `entry`(`entryid`,`type`) VALUES('4936','b');
INSERT INTO `book`(`title`,`entryid`,`isbn`,`type`) VALUES('Mark against spirant Century','4936','9019584318980','b');
INSERT INTO `genre_book`(`genre`, `entryid`) VALUES ('Sci-Fi','4936');
INSERT INTO `author_book`(`author`, `entryid`) VALUES ('Paris Samway','4936');
INSERT INTO `publisher_book`(`publisher`, `entryid`) VALUES ('Briley Publishers.','4936');
INSERT INTO `entry`(`entryid`,`type`) VALUES('4937','b');
INSERT INTO `book`(`title`,`entryid`,`isbn`,`type`) VALUES('Smell because of Anger','4937','0824125677408','e');
INSERT INTO `genre_book`(`genre`, `entryid`) VALUES ('Horror','4937');
INSERT INTO `author_book`(`author`, `entryid`) VALUES ('Lenita Dahm','4937');
INSERT INTO `publisher_book`(`publisher`, `entryid`) VALUES ('Nierman Inc.','4937');
INSERT INTO `entry`(`entryid`,`type`) VALUES('4938','b');
INSERT INTO `book`(`title`,`entryid`,`isbn`,`type`) VALUES('Streetcar to the agoraphobic Closet','4938','0761504293401','j');
INSERT INTO `genre_book`(`genre`, `entryid`) VALUES ('Adventure','4938');
INSERT INTO `author_book`(`author`, `entryid`) VALUES ('Alexa Gleaves','4938');
INSERT INTO `publisher_book`(`publisher`, `entryid`) VALUES ('Victoria Cooperations.','4938');
INSERT INTO `entry`(`entryid`,`type`) VALUES('4939','b');
INSERT INTO `book`(`title`,`entryid`,`isbn`,`type`) VALUES('Gazelle with the Birth','4939','0095720212239','e');
INSERT INTO `genre_book`(`genre`, `entryid`) VALUES ('Sci-Fi','4939');
INSERT INTO `author_book`(`author`, `entryid`) VALUES ('Shani Geoffrey','4939');
INSERT INTO `publisher_book`(`publisher`, `entryid`) VALUES ('Ruggero Cooperations.','4939');
INSERT INTO `entry`(`entryid`,`type`) VALUES('4940','b');
INSERT INTO `book`(`title`,`entryid`,`isbn`,`type`) VALUES('Report with Ray','4940','0528815231603','e');
INSERT INTO `genre_book`(`genre`, `entryid`) VALUES ('Sci-Fi','4940');
INSERT INTO `author_book`(`author`, `entryid`) VALUES ('Roy Fagnant','4940');
INSERT INTO `publisher_book`(`publisher`, `entryid`) VALUES ('Albini Cooperations.','4940');
INSERT INTO `entry`(`entryid`,`type`) VALUES('4941','b');
INSERT INTO `book`(`title`,`entryid`,`isbn`,`type`) VALUES('School with the Macaroni','4941','9978417882064','b');
INSERT INTO `genre_book`(`genre`, `entryid`) VALUES ('Horror','4941');
INSERT INTO `author_book`(`author`, `entryid`) VALUES ('Mayola Copping','4941');
INSERT INTO `publisher_book`(`publisher`, `entryid`) VALUES ('Derizzio Inc.','4941');
INSERT INTO `entry`(`entryid`,`type`) VALUES('4942','b');
INSERT INTO `book`(`title`,`entryid`,`isbn`,`type`) VALUES('Bite in Comic','4942','0987022677985','j');
INSERT INTO `genre_book`(`genre`, `entryid`) VALUES ('Sci-Fi','4942');
INSERT INTO `author_book`(`author`, `entryid`) VALUES ('Monte Dimpfl','4942');
INSERT INTO `publisher_book`(`publisher`, `entryid`) VALUES ('Coreas Inc.','4942');
INSERT INTO `entry`(`entryid`,`type`) VALUES('4943','b');
INSERT INTO `book`(`title`,`entryid`,`isbn`,`type`) VALUES('Europe and the unpapered Aunt','4943','9085893749790','e');
INSERT INTO `genre_book`(`genre`, `entryid`) VALUES ('Sci-Fi','4943');
INSERT INTO `author_book`(`author`, `entryid`) VALUES ('Zora Slovacek','4943');
INSERT INTO `publisher_book`(`publisher`, `entryid`) VALUES ('Yazzi Publishers.','4943');
INSERT INTO `entry`(`entryid`,`type`) VALUES('4944','b');
INSERT INTO `book`(`title`,`entryid`,`isbn`,`type`) VALUES('Taurus of the Option','4944','9128884236306','b');
INSERT INTO `genre_book`(`genre`, `entryid`) VALUES ('Education','4944');
INSERT INTO `author_book`(`author`, `entryid`) VALUES ('Gertie Fritzman','4944');
INSERT INTO `publisher_book`(`publisher`, `entryid`) VALUES ('Beik Inc.','4944');
INSERT INTO `entry`(`entryid`,`type`) VALUES('4945','b');
INSERT INTO `book`(`title`,`entryid`,`isbn`,`type`) VALUES('Cooking against the dyspneal Powder','4945','9122294298624','e');
INSERT INTO `genre_book`(`genre`, `entryid`) VALUES ('Sci-Fi','4945');
INSERT INTO `author_book`(`author`, `entryid`) VALUES ('Venus Holliday','4945');
INSERT INTO `publisher_book`(`publisher`, `entryid`) VALUES ('Dismukes Cooperations.','4945');
INSERT INTO `entry`(`entryid`,`type`) VALUES('4946','b');
INSERT INTO `book`(`title`,`entryid`,`isbn`,`type`) VALUES('Hedge to Custard','4946','9881292573766','b');
INSERT INTO `genre_book`(`genre`, `entryid`) VALUES ('Sci-Fi','4946');
INSERT INTO `author_book`(`author`, `entryid`) VALUES ('Petrina Amrich','4946');
INSERT INTO `publisher_book`(`publisher`, `entryid`) VALUES ('Warnock Cooperations.','4946');
INSERT INTO `entry`(`entryid`,`type`) VALUES('4947','b');
INSERT INTO `book`(`title`,`entryid`,`isbn`,`type`) VALUES('Laundry of the Caterpillar','4947','0480015468871','e');
INSERT INTO `genre_book`(`genre`, `entryid`) VALUES ('Adventure','4947');
INSERT INTO `author_book`(`author`, `entryid`) VALUES ('Joshua Berzins','4947');
INSERT INTO `publisher_book`(`publisher`, `entryid`) VALUES ('Derenzi Publishers.','4947');
INSERT INTO `entry`(`entryid`,`type`) VALUES('4948','b');
INSERT INTO `book`(`title`,`entryid`,`isbn`,`type`) VALUES('Judo for Yacht','4948','9751805741186','e');
INSERT INTO `genre_book`(`genre`, `entryid`) VALUES ('Thriller','4948');
INSERT INTO `author_book`(`author`, `entryid`) VALUES ('Yi Stephany','4948');
INSERT INTO `publisher_book`(`publisher`, `entryid`) VALUES ('Angry Inc.','4948');
INSERT INTO `entry`(`entryid`,`type`) VALUES('4949','b');
INSERT INTO `book`(`title`,`entryid`,`isbn`,`type`) VALUES('Bamboo and copulatory Knickers','4949','9704381682550','j');
INSERT INTO `genre_book`(`genre`, `entryid`) VALUES ('Sci-Fi','4949');
INSERT INTO `author_book`(`author`, `entryid`) VALUES ('Roman Zajc','4949');
INSERT INTO `publisher_book`(`publisher`, `entryid`) VALUES ('Caspi Inc.','4949');
INSERT INTO `entry`(`entryid`,`type`) VALUES('4950','b');
INSERT INTO `book`(`title`,`entryid`,`isbn`,`type`) VALUES('Bomb vs. gamier Meal','4950','9337429234035','j');
INSERT INTO `genre_book`(`genre`, `entryid`) VALUES ('Romance','4950');
INSERT INTO `author_book`(`author`, `entryid`) VALUES ('Wade Havner','4950');
INSERT INTO `publisher_book`(`publisher`, `entryid`) VALUES ('Boschee Cooperations.','4950');
INSERT INTO `entry`(`entryid`,`type`) VALUES('4951','b');
INSERT INTO `book`(`title`,`entryid`,`isbn`,`type`) VALUES('Taxi in the pat Lotion','4951','9397539697127','b');
INSERT INTO `genre_book`(`genre`, `entryid`) VALUES ('Romance','4951');
INSERT INTO `author_book`(`author`, `entryid`) VALUES ('Vernita Jensrud','4951');
INSERT INTO `publisher_book`(`publisher`, `entryid`) VALUES ('Mascio Cooperations.','4951');
INSERT INTO `entry`(`entryid`,`type`) VALUES('4952','b');
INSERT INTO `book`(`title`,`entryid`,`isbn`,`type`) VALUES('Gun and Playroom','4952','0316712786594','e');
INSERT INTO `genre_book`(`genre`, `entryid`) VALUES ('Sci-Fi','4952');
INSERT INTO `author_book`(`author`, `entryid`) VALUES ('Leo Coolman','4952');
INSERT INTO `publisher_book`(`publisher`, `entryid`) VALUES ('Piccinini Publishers.','4952');
INSERT INTO `entry`(`entryid`,`type`) VALUES('4953','b');
INSERT INTO `book`(`title`,`entryid`,`isbn`,`type`) VALUES('Angle against Russia','4953','9939625605095','e');
INSERT INTO `genre_book`(`genre`, `entryid`) VALUES ('Sci-Fi','4953');
INSERT INTO `author_book`(`author`, `entryid`) VALUES ('Tarah Yourshaw','4953');
INSERT INTO `publisher_book`(`publisher`, `entryid`) VALUES ('Grulkey Inc.','4953');
INSERT INTO `entry`(`entryid`,`type`) VALUES('4954','b');
INSERT INTO `book`(`title`,`entryid`,`isbn`,`type`) VALUES('Desire for the Icicle','4954','9033645389062','b');
INSERT INTO `genre_book`(`genre`, `entryid`) VALUES ('Horror','4954');
INSERT INTO `author_book`(`author`, `entryid`) VALUES ('Gayle Davies','4954');
INSERT INTO `publisher_book`(`publisher`, `entryid`) VALUES ('Todaro Cooperations.','4954');
INSERT INTO `entry`(`entryid`,`type`) VALUES('4955','b');
INSERT INTO `book`(`title`,`entryid`,`isbn`,`type`) VALUES('Night by barratrous Soil','4955','9400188674645','j');
INSERT INTO `genre_book`(`genre`, `entryid`) VALUES ('Education','4955');
INSERT INTO `author_book`(`author`, `entryid`) VALUES ('Migdalia Sberna','4955');
INSERT INTO `publisher_book`(`publisher`, `entryid`) VALUES ('Landacre Inc.','4955');
INSERT INTO `entry`(`entryid`,`type`) VALUES('4956','b');
INSERT INTO `book`(`title`,`entryid`,`isbn`,`type`) VALUES('Rake with Sled','4956','0726663591942','b');
INSERT INTO `genre_book`(`genre`, `entryid`) VALUES ('Horror','4956');
INSERT INTO `author_book`(`author`, `entryid`) VALUES ('Natalie Wnuk','4956');
INSERT INTO `publisher_book`(`publisher`, `entryid`) VALUES ('Rohanna Publishers.','4956');
INSERT INTO `entry`(`entryid`,`type`) VALUES('4957','b');
INSERT INTO `book`(`title`,`entryid`,`isbn`,`type`) VALUES('Face against the unartificial Game','4957','9556979418806','j');
INSERT INTO `genre_book`(`genre`, `entryid`) VALUES ('Science','4957');
INSERT INTO `author_book`(`author`, `entryid`) VALUES ('Darryl Sten','4957');
INSERT INTO `publisher_book`(`publisher`, `entryid`) VALUES ('Danowski Publishers.','4957');
INSERT INTO `entry`(`entryid`,`type`) VALUES('4958','b');
INSERT INTO `book`(`title`,`entryid`,`isbn`,`type`) VALUES('Pyramid and the Christological Watchmaker','4958','9166481522712','b');
INSERT INTO `genre_book`(`genre`, `entryid`) VALUES ('Education','4958');
INSERT INTO `author_book`(`author`, `entryid`) VALUES ('Fran Violette','4958');
INSERT INTO `publisher_book`(`publisher`, `entryid`) VALUES ('Wehbe Cooperations.','4958');
INSERT INTO `entry`(`entryid`,`type`) VALUES('4959','b');
INSERT INTO `book`(`title`,`entryid`,`isbn`,`type`) VALUES('Bronze to the Otter','4959','0615089556887','b');
INSERT INTO `genre_book`(`genre`, `entryid`) VALUES ('Thriller','4959');
INSERT INTO `author_book`(`author`, `entryid`) VALUES ('Demetria Poetter','4959');
INSERT INTO `publisher_book`(`publisher`, `entryid`) VALUES ('Brassard Inc.','4959');
INSERT INTO `entry`(`entryid`,`type`) VALUES('4960','b');
INSERT INTO `book`(`title`,`entryid`,`isbn`,`type`) VALUES('Border and the Time','4960','9623397429239','j');
INSERT INTO `genre_book`(`genre`, `entryid`) VALUES ('Horror','4960');
INSERT INTO `author_book`(`author`, `entryid`) VALUES ('Lacresha Blois','4960');
INSERT INTO `publisher_book`(`publisher`, `entryid`) VALUES ('Mcbee Cooperations.','4960');
INSERT INTO `entry`(`entryid`,`type`) VALUES('4961','b');
INSERT INTO `book`(`title`,`entryid`,`isbn`,`type`) VALUES('Australia in the Parallelogram','4961','0466247752376','b');
INSERT INTO `genre_book`(`genre`, `entryid`) VALUES ('Adventure','4961');
INSERT INTO `author`(`name`,`birthyear`,`deathyear`) VALUES('Andra Whited','1915','2011');
INSERT INTO `author_book`(`author`, `entryid`) VALUES ('Andra Whited','4961');
INSERT INTO `publisher_book`(`publisher`, `entryid`) VALUES ('Seta Inc.','4961');
INSERT INTO `entry`(`entryid`,`type`) VALUES('4962','b');
INSERT INTO `book`(`title`,`entryid`,`isbn`,`type`) VALUES('Cover to the Unshielded','4962','0244901573285','b');
INSERT INTO `genre_book`(`genre`, `entryid`) VALUES ('Adventure','4962');
INSERT INTO `author_book`(`author`, `entryid`) VALUES ('Roseline Bucciarelli','4962');
INSERT INTO `publisher_book`(`publisher`, `entryid`) VALUES ('Benally Cooperations.','4962');
INSERT INTO `entry`(`entryid`,`type`) VALUES('4963','b');
INSERT INTO `book`(`title`,`entryid`,`isbn`,`type`) VALUES('Neon to Consonant','4963','9762716208721','e');
INSERT INTO `genre_book`(`genre`, `entryid`) VALUES ('Romance','4963');
INSERT INTO `author_book`(`author`, `entryid`) VALUES ('Siu Barda','4963');
INSERT INTO `publisher_book`(`publisher`, `entryid`) VALUES ('Inlow Inc.','4963');
INSERT INTO `entry`(`entryid`,`type`) VALUES('4964','b');
INSERT INTO `book`(`title`,`entryid`,`isbn`,`type`) VALUES('Storm and penannular Gemini','4964','0270893055207','b');
INSERT INTO `genre_book`(`genre`, `entryid`) VALUES ('Romance','4964');
INSERT INTO `author_book`(`author`, `entryid`) VALUES ('Garret Kochis','4964');
INSERT INTO `publisher_book`(`publisher`, `entryid`) VALUES ('Sikora Cooperations.','4964');
INSERT INTO `entry`(`entryid`,`type`) VALUES('4965','b');
INSERT INTO `book`(`title`,`entryid`,`isbn`,`type`) VALUES('Deodorant to Font','4965','0304928779566','e');
INSERT INTO `genre_book`(`genre`, `entryid`) VALUES ('Education','4965');
INSERT INTO `author_book`(`author`, `entryid`) VALUES ('Veda Osten','4965');
INSERT INTO `publisher_book`(`publisher`, `entryid`) VALUES ('Sumaran Cooperations.','4965');
INSERT INTO `entry`(`entryid`,`type`) VALUES('4966','b');
INSERT INTO `book`(`title`,`entryid`,`isbn`,`type`) VALUES('Beat vs. salpingitic Rowboat','4966','9006878697563','b');
INSERT INTO `genre_book`(`genre`, `entryid`) VALUES ('Romance','4966');
INSERT INTO `author_book`(`author`, `entryid`) VALUES ('Charmaine Grae','4966');
INSERT INTO `publisher_book`(`publisher`, `entryid`) VALUES ('Ezelle Publishers.','4966');
INSERT INTO `entry`(`entryid`,`type`) VALUES('4967','b');
INSERT INTO `book`(`title`,`entryid`,`isbn`,`type`) VALUES('Spruce in veracious Idea','4967','9923467306429','e');
INSERT INTO `genre_book`(`genre`, `entryid`) VALUES ('Science','4967');
INSERT INTO `author_book`(`author`, `entryid`) VALUES ('Rosalie Bunkers','4967');
INSERT INTO `publisher_book`(`publisher`, `entryid`) VALUES ('Standback Cooperations.','4967');
INSERT INTO `entry`(`entryid`,`type`) VALUES('4968','b');
INSERT INTO `book`(`title`,`entryid`,`isbn`,`type`) VALUES('Opera vs. Temple','4968','9454922436860','b');
INSERT INTO `genre_book`(`genre`, `entryid`) VALUES ('Education','4968');
INSERT INTO `author_book`(`author`, `entryid`) VALUES ('Tamatha Aubel','4968');
INSERT INTO `publisher_book`(`publisher`, `entryid`) VALUES ('Tippy Publishers.','4968');
INSERT INTO `entry`(`entryid`,`type`) VALUES('4969','b');
INSERT INTO `book`(`title`,`entryid`,`isbn`,`type`) VALUES('Income and Pedestrian','4969','9582290610523','b');
INSERT INTO `genre_book`(`genre`, `entryid`) VALUES ('Thriller','4969');
INSERT INTO `author_book`(`author`, `entryid`) VALUES ('Irina Mottillo','4969');
INSERT INTO `publisher_book`(`publisher`, `entryid`) VALUES ('Correra Cooperations.','4969');
INSERT INTO `entry`(`entryid`,`type`) VALUES('4970','b');
INSERT INTO `book`(`title`,`entryid`,`isbn`,`type`) VALUES('Aunt with the Pedestrian','4970','0793854957264','b');
INSERT INTO `genre_book`(`genre`, `entryid`) VALUES ('Education','4970');
INSERT INTO `author_book`(`author`, `entryid`) VALUES ('Angelita Kailey','4970');
INSERT INTO `publisher_book`(`publisher`, `entryid`) VALUES ('Celli Cooperations.','4970');
INSERT INTO `entry`(`entryid`,`type`) VALUES('4971','b');
INSERT INTO `book`(`title`,`entryid`,`isbn`,`type`) VALUES('Pajama to sclerodermatous Bird','4971','0028162999563','j');
INSERT INTO `genre_book`(`genre`, `entryid`) VALUES ('Education','4971');
INSERT INTO `author_book`(`author`, `entryid`) VALUES ('Antonia Erno','4971');
INSERT INTO `publisher_book`(`publisher`, `entryid`) VALUES ('Caspi Inc.','4971');
INSERT INTO `entry`(`entryid`,`type`) VALUES('4972','b');
INSERT INTO `book`(`title`,`entryid`,`isbn`,`type`) VALUES('Cartoon for the tinctorial Pendulum','4972','0356597037720','j');
INSERT INTO `genre_book`(`genre`, `entryid`) VALUES ('Thriller','4972');
INSERT INTO `author_book`(`author`, `entryid`) VALUES ('Lorean Barrows','4972');
INSERT INTO `publisher_book`(`publisher`, `entryid`) VALUES ('Vote Publishers.','4972');
INSERT INTO `entry`(`entryid`,`type`) VALUES('4973','b');
INSERT INTO `book`(`title`,`entryid`,`isbn`,`type`) VALUES('Windchime and aleatory Norwegian','4973','9410710230980','b');
INSERT INTO `genre_book`(`genre`, `entryid`) VALUES ('Horror','4973');
INSERT INTO `author_book`(`author`, `entryid`) VALUES ('Danyell Waskow','4973');
INSERT INTO `publisher_book`(`publisher`, `entryid`) VALUES ('Miccio Cooperations.','4973');
INSERT INTO `entry`(`entryid`,`type`) VALUES('4974','b');
INSERT INTO `book`(`title`,`entryid`,`isbn`,`type`) VALUES('Pump with the crouching Iraq','4974','9369016571747','b');
INSERT INTO `genre_book`(`genre`, `entryid`) VALUES ('Adventure','4974');
INSERT INTO `author_book`(`author`, `entryid`) VALUES ('Shaneka Calk','4974');
INSERT INTO `publisher_book`(`publisher`, `entryid`) VALUES ('Glackin Inc.','4974');
INSERT INTO `entry`(`entryid`,`type`) VALUES('4975','b');
INSERT INTO `book`(`title`,`entryid`,`isbn`,`type`) VALUES('Green vs. surmisable Balloon','4975','9107748051784','j');
INSERT INTO `genre_book`(`genre`, `entryid`) VALUES ('Horror','4975');
INSERT INTO `author_book`(`author`, `entryid`) VALUES ('Shawnta Badolato','4975');
INSERT INTO `publisher_book`(`publisher`, `entryid`) VALUES ('Balin Publishers.','4975');
INSERT INTO `entry`(`entryid`,`type`) VALUES('4976','b');
INSERT INTO `book`(`title`,`entryid`,`isbn`,`type`) VALUES('Drug and the Chronometer','4976','0266450050582','b');
INSERT INTO `genre_book`(`genre`, `entryid`) VALUES ('Science','4976');
INSERT INTO `author_book`(`author`, `entryid`) VALUES ('Rosalie Spika','4976');
INSERT INTO `publisher_book`(`publisher`, `entryid`) VALUES ('Czapiewski Inc.','4976');
INSERT INTO `entry`(`entryid`,`type`) VALUES('4977','b');
INSERT INTO `book`(`title`,`entryid`,`isbn`,`type`) VALUES('Trousers by the newish Freeze','4977','0302179342912','e');
INSERT INTO `genre_book`(`genre`, `entryid`) VALUES ('Adventure','4977');
INSERT INTO `author_book`(`author`, `entryid`) VALUES ('Denisse Bragdon','4977');
INSERT INTO `publisher_book`(`publisher`, `entryid`) VALUES ('Siver Publishers.','4977');
INSERT INTO `entry`(`entryid`,`type`) VALUES('4978','b');
INSERT INTO `book`(`title`,`entryid`,`isbn`,`type`) VALUES('Fuel for Orange','4978','0148061312381','j');
INSERT INTO `genre_book`(`genre`, `entryid`) VALUES ('Horror','4978');
INSERT INTO `author_book`(`author`, `entryid`) VALUES ('Shaneka Calk','4978');
INSERT INTO `publisher_book`(`publisher`, `entryid`) VALUES ('Larman Publishers.','4978');
INSERT INTO `entry`(`entryid`,`type`) VALUES('4979','b');
INSERT INTO `book`(`title`,`entryid`,`isbn`,`type`) VALUES('Salt of the unfit Iran','4979','0319890828485','e');
INSERT INTO `genre_book`(`genre`, `entryid`) VALUES ('Thriller','4979');
INSERT INTO `author_book`(`author`, `entryid`) VALUES ('Fumiko Acal','4979');
INSERT INTO `publisher_book`(`publisher`, `entryid`) VALUES ('Kuhse Inc.','4979');
INSERT INTO `entry`(`entryid`,`type`) VALUES('4980','b');
INSERT INTO `book`(`title`,`entryid`,`isbn`,`type`) VALUES('Description against Litter','4980','0453513839823','e');
INSERT INTO `genre_book`(`genre`, `entryid`) VALUES ('Romance','4980');
INSERT INTO `author_book`(`author`, `entryid`) VALUES ('Kym Lizaola','4980');
INSERT INTO `publisher_book`(`publisher`, `entryid`) VALUES ('Dubrey Cooperations.','4980');
INSERT INTO `entry`(`entryid`,`type`) VALUES('4981','b');
INSERT INTO `book`(`title`,`entryid`,`isbn`,`type`) VALUES('Fight for the Mascara','4981','9579279036241','e');
INSERT INTO `genre_book`(`genre`, `entryid`) VALUES ('Romance','4981');
INSERT INTO `author_book`(`author`, `entryid`) VALUES ('Brittaney Dillehay','4981');
INSERT INTO `publisher_book`(`publisher`, `entryid`) VALUES ('Viejo Publishers.','4981');
INSERT INTO `entry`(`entryid`,`type`) VALUES('4982','b');
INSERT INTO `book`(`title`,`entryid`,`isbn`,`type`) VALUES('Ground of the Karate','4982','9061052117417','b');
INSERT INTO `genre_book`(`genre`, `entryid`) VALUES ('Science','4982');
INSERT INTO `author_book`(`author`, `entryid`) VALUES ('Charmaine Grae','4982');
INSERT INTO `publisher_book`(`publisher`, `entryid`) VALUES ('Koterba Publishers.','4982');
INSERT INTO `entry`(`entryid`,`type`) VALUES('4983','b');
INSERT INTO `book`(`title`,`entryid`,`isbn`,`type`) VALUES('Cafe in Dolphin','4983','9783219893516','j');
INSERT INTO `genre_book`(`genre`, `entryid`) VALUES ('Education','4983');
INSERT INTO `author_book`(`author`, `entryid`) VALUES ('Doreen Bonsall','4983');
INSERT INTO `publisher_book`(`publisher`, `entryid`) VALUES ('Seta Inc.','4983');
INSERT INTO `entry`(`entryid`,`type`) VALUES('4984','b');
INSERT INTO `book`(`title`,`entryid`,`isbn`,`type`) VALUES('Tanker by the enough Bugle','4984','0844050238222','j');
INSERT INTO `genre_book`(`genre`, `entryid`) VALUES ('Science','4984');
INSERT INTO `author`(`name`,`birthyear`,`deathyear`) VALUES('Marcia Dibenedetti','1911','1989');
INSERT INTO `author_book`(`author`, `entryid`) VALUES ('Marcia Dibenedetti','4984');
INSERT INTO `publisher_book`(`publisher`, `entryid`) VALUES ('Beachman Cooperations.','4984');
INSERT INTO `entry`(`entryid`,`type`) VALUES('4985','b');
INSERT INTO `book`(`title`,`entryid`,`isbn`,`type`) VALUES('Van and the protractive Sunflower','4985','0828593035159','e');
INSERT INTO `genre_book`(`genre`, `entryid`) VALUES ('Science','4985');
INSERT INTO `author_book`(`author`, `entryid`) VALUES ('Etsuko Hitchings','4985');
INSERT INTO `publisher_book`(`publisher`, `entryid`) VALUES ('Boschee Cooperations.','4985');
INSERT INTO `entry`(`entryid`,`type`) VALUES('4986','b');
INSERT INTO `book`(`title`,`entryid`,`isbn`,`type`) VALUES('Spain against the consolidative Improvement','4986','0289779885484','j');
INSERT INTO `genre_book`(`genre`, `entryid`) VALUES ('Thriller','4986');
INSERT INTO `author_book`(`author`, `entryid`) VALUES ('Wes Mckennzie','4986');
INSERT INTO `publisher_book`(`publisher`, `entryid`) VALUES ('Tegarden Publishers.','4986');
INSERT INTO `entry`(`entryid`,`type`) VALUES('4987','b');
INSERT INTO `book`(`title`,`entryid`,`isbn`,`type`) VALUES('Bucket by Lip','4987','0848840505637','j');
INSERT INTO `genre_book`(`genre`, `entryid`) VALUES ('Sci-Fi','4987');
INSERT INTO `author_book`(`author`, `entryid`) VALUES ('Earnestine Poisel','4987');
INSERT INTO `publisher_book`(`publisher`, `entryid`) VALUES ('Lanagan Inc.','4987');
INSERT INTO `entry`(`entryid`,`type`) VALUES('4988','b');
INSERT INTO `book`(`title`,`entryid`,`isbn`,`type`) VALUES('Tax in Tub','4988','0263571216784','e');
INSERT INTO `genre_book`(`genre`, `entryid`) VALUES ('Education','4988');
INSERT INTO `author_book`(`author`, `entryid`) VALUES ('Alton Lewand','4988');
INSERT INTO `publisher_book`(`publisher`, `entryid`) VALUES ('Kressierer Inc.','4988');
INSERT INTO `entry`(`entryid`,`type`) VALUES('4989','b');
INSERT INTO `book`(`title`,`entryid`,`isbn`,`type`) VALUES('Mine by the nosiest Goose','4989','9421454172097','j');
INSERT INTO `genre_book`(`genre`, `entryid`) VALUES ('Science','4989');
INSERT INTO `author_book`(`author`, `entryid`) VALUES ('Darleen Lynes','4989');
INSERT INTO `publisher_book`(`publisher`, `entryid`) VALUES ('Farber Publishers.','4989');
INSERT INTO `entry`(`entryid`,`type`) VALUES('4990','b');
INSERT INTO `book`(`title`,`entryid`,`isbn`,`type`) VALUES('Door for unencumbered Rocket','4990','0963266314741','j');
INSERT INTO `genre_book`(`genre`, `entryid`) VALUES ('Science','4990');
INSERT INTO `author_book`(`author`, `entryid`) VALUES ('Lorenzo Coltrain','4990');
INSERT INTO `publisher_book`(`publisher`, `entryid`) VALUES ('Casimir Cooperations.','4990');
INSERT INTO `entry`(`entryid`,`type`) VALUES('4991','b');
INSERT INTO `book`(`title`,`entryid`,`isbn`,`type`) VALUES('Guilty by bifurcate Creek','4991','9110045401153','j');
INSERT INTO `genre_book`(`genre`, `entryid`) VALUES ('Adventure','4991');
INSERT INTO `author_book`(`author`, `entryid`) VALUES ('Simon Hendershott','4991');
INSERT INTO `publisher_book`(`publisher`, `entryid`) VALUES ('Benally Cooperations.','4991');
INSERT INTO `entry`(`entryid`,`type`) VALUES('4992','b');
INSERT INTO `book`(`title`,`entryid`,`isbn`,`type`) VALUES('Physician to Barge','4992','0760779416328','j');
INSERT INTO `genre_book`(`genre`, `entryid`) VALUES ('Sci-Fi','4992');
INSERT INTO `author_book`(`author`, `entryid`) VALUES ('Tameka Defries','4992');
INSERT INTO `publisher_book`(`publisher`, `entryid`) VALUES ('Archibeque Publishers.','4992');
INSERT INTO `entry`(`entryid`,`type`) VALUES('4993','b');
INSERT INTO `book`(`title`,`entryid`,`isbn`,`type`) VALUES('Prepared vs. funniest Leek','4993','9769069938453','b');
INSERT INTO `genre_book`(`genre`, `entryid`) VALUES ('Thriller','4993');
INSERT INTO `author_book`(`author`, `entryid`) VALUES ('Patrice Holtzer','4993');
INSERT INTO `publisher_book`(`publisher`, `entryid`) VALUES ('Seeber Publishers.','4993');
INSERT INTO `entry`(`entryid`,`type`) VALUES('4994','b');
INSERT INTO `book`(`title`,`entryid`,`isbn`,`type`) VALUES('Dogsled of Product','4994','9783362091617','e');
INSERT INTO `genre_book`(`genre`, `entryid`) VALUES ('Sci-Fi','4994');
INSERT INTO `author_book`(`author`, `entryid`) VALUES ('Lindsay Cottrill','4994');
INSERT INTO `publisher_book`(`publisher`, `entryid`) VALUES ('Opteyndt Inc.','4994');
INSERT INTO `entry`(`entryid`,`type`) VALUES('4995','b');
INSERT INTO `book`(`title`,`entryid`,`isbn`,`type`) VALUES('Feast of the Richard','4995','0703387417139','b');
INSERT INTO `genre_book`(`genre`, `entryid`) VALUES ('Thriller','4995');
INSERT INTO `author_book`(`author`, `entryid`) VALUES ('Candelaria Carry','4995');
INSERT INTO `publisher_book`(`publisher`, `entryid`) VALUES ('Benally Cooperations.','4995');
INSERT INTO `entry`(`entryid`,`type`) VALUES('4996','b');
INSERT INTO `book`(`title`,`entryid`,`isbn`,`type`) VALUES('Saudi arabia by the Sword','4996','9872808406100','e');
INSERT INTO `genre_book`(`genre`, `entryid`) VALUES ('Education','4996');
INSERT INTO `author_book`(`author`, `entryid`) VALUES ('Kayleigh Haagensen','4996');
INSERT INTO `publisher_book`(`publisher`, `entryid`) VALUES ('Standback Cooperations.','4996');
INSERT INTO `entry`(`entryid`,`type`) VALUES('4997','b');
INSERT INTO `book`(`title`,`entryid`,`isbn`,`type`) VALUES('German in breakneck Shelf','4997','9371906105331','j');
INSERT INTO `genre_book`(`genre`, `entryid`) VALUES ('Sci-Fi','4997');
INSERT INTO `author_book`(`author`, `entryid`) VALUES ('Madelene Arzu','4997');
INSERT INTO `publisher_book`(`publisher`, `entryid`) VALUES ('Yasurek Cooperations.','4997');
INSERT INTO `entry`(`entryid`,`type`) VALUES('4998','b');
INSERT INTO `book`(`title`,`entryid`,`isbn`,`type`) VALUES('Pajama in the sassier Plasterboard','4998','0951964567021','j');
INSERT INTO `genre_book`(`genre`, `entryid`) VALUES ('Education','4998');
INSERT INTO `author_book`(`author`, `entryid`) VALUES ('Ozella Comeau','4998');
INSERT INTO `publisher_book`(`publisher`, `entryid`) VALUES ('Papaleo Publishers.','4998');
INSERT INTO `entry`(`entryid`,`type`) VALUES('4999','b');
INSERT INTO `book`(`title`,`entryid`,`isbn`,`type`) VALUES('Blanket in the Pimple','4999','0662230608155','j');
INSERT INTO `genre_book`(`genre`, `entryid`) VALUES ('Adventure','4999');
INSERT INTO `author`(`name`,`birthyear`,`deathyear`) VALUES('Adrian Elling','1909','1969');
INSERT INTO `author_book`(`author`, `entryid`) VALUES ('Adrian Elling','4999');
INSERT INTO `publisher_book`(`publisher`, `entryid`) VALUES ('Allocca Cooperations.','4999');
INSERT INTO `entry`(`entryid`,`type`) VALUES('5000','b');
INSERT INTO `book`(`title`,`entryid`,`isbn`,`type`) VALUES('Currency by Elephant','5000','0115352391428','b');
INSERT INTO `genre_book`(`genre`, `entryid`) VALUES ('Romance','5000');
INSERT INTO `author_book`(`author`, `entryid`) VALUES ('Nisha Amsley','5000');
INSERT INTO `publisher_book`(`publisher`, `entryid`) VALUES ('Cormican Inc.','5000');
INSERT INTO `entry`(`entryid`,`type`) VALUES('5001','b');
INSERT INTO `book`(`title`,`entryid`,`isbn`,`type`) VALUES('Kilogram against the Gong','5001','0758112959169','e');
INSERT INTO `genre_book`(`genre`, `entryid`) VALUES ('Science','5001');
INSERT INTO `author_book`(`author`, `entryid`) VALUES ('Annie Rotkowski','5001');
INSERT INTO `publisher_book`(`publisher`, `entryid`) VALUES ('Cudjoe Publishers.','5001');
INSERT INTO `entry`(`entryid`,`type`) VALUES('5002','b');
INSERT INTO `book`(`title`,`entryid`,`isbn`,`type`) VALUES('Advice with Side','5002','0652515924429','b');
INSERT INTO `genre_book`(`genre`, `entryid`) VALUES ('Science','5002');
INSERT INTO `author_book`(`author`, `entryid`) VALUES ('Caryl Jay','5002');
INSERT INTO `publisher_book`(`publisher`, `entryid`) VALUES ('Fiebich Cooperations.','5002');
INSERT INTO `entry`(`entryid`,`type`) VALUES('5003','b');
INSERT INTO `book`(`title`,`entryid`,`isbn`,`type`) VALUES('Eyelash of Bite','5003','0022504336600','b');
INSERT INTO `genre_book`(`genre`, `entryid`) VALUES ('Romance','5003');
INSERT INTO `author_book`(`author`, `entryid`) VALUES ('Joetta Ethel','5003');
INSERT INTO `publisher_book`(`publisher`, `entryid`) VALUES ('Marth Cooperations.','5003');
INSERT INTO `entry`(`entryid`,`type`) VALUES('5004','b');
INSERT INTO `book`(`title`,`entryid`,`isbn`,`type`) VALUES('Corn in the Karen','5004','9863042587124','b');
INSERT INTO `genre_book`(`genre`, `entryid`) VALUES ('Sci-Fi','5004');
INSERT INTO `author_book`(`author`, `entryid`) VALUES ('Nakia Picaro','5004');
INSERT INTO `publisher_book`(`publisher`, `entryid`) VALUES ('Lucky Publishers.','5004');
INSERT INTO `entry`(`entryid`,`type`) VALUES('5005','b');
INSERT INTO `book`(`title`,`entryid`,`isbn`,`type`) VALUES('Avenue with the sylphid Quit','5005','0052174471391','j');
INSERT INTO `genre_book`(`genre`, `entryid`) VALUES ('Thriller','5005');
INSERT INTO `author_book`(`author`, `entryid`) VALUES ('Dexter Siurek','5005');
INSERT INTO `publisher_book`(`publisher`, `entryid`) VALUES ('Hooey Inc.','5005');
INSERT INTO `entry`(`entryid`,`type`) VALUES('5006','b');
INSERT INTO `book`(`title`,`entryid`,`isbn`,`type`) VALUES('Methane against budless Pakistan','5006','9330135510893','j');
INSERT INTO `genre_book`(`genre`, `entryid`) VALUES ('Romance','5006');
INSERT INTO `author_book`(`author`, `entryid`) VALUES ('Mari Vandewater','5006');
INSERT INTO `publisher_book`(`publisher`, `entryid`) VALUES ('Nuzum Inc.','5006');
INSERT INTO `entry`(`entryid`,`type`) VALUES('5007','b');
INSERT INTO `book`(`title`,`entryid`,`isbn`,`type`) VALUES('Cooking against chyliferous Prosecution','5007','0358699644458','b');
INSERT INTO `genre_book`(`genre`, `entryid`) VALUES ('Sci-Fi','5007');
INSERT INTO `author`(`name`,`birthyear`,`deathyear`) VALUES('Waneta Mctague','1918','1972');
INSERT INTO `author_book`(`author`, `entryid`) VALUES ('Waneta Mctague','5007');
INSERT INTO `publisher_book`(`publisher`, `entryid`) VALUES ('Manzanero Inc.','5007');
INSERT INTO `entry`(`entryid`,`type`) VALUES('5008','b');
INSERT INTO `book`(`title`,`entryid`,`isbn`,`type`) VALUES('Argentina by the inescapable Scorpion','5008','9509971452747','j');
INSERT INTO `genre_book`(`genre`, `entryid`) VALUES ('Thriller','5008');
INSERT INTO `author_book`(`author`, `entryid`) VALUES ('Esther Maleski','5008');
INSERT INTO `publisher_book`(`publisher`, `entryid`) VALUES ('Takemoto Inc.','5008');
INSERT INTO `entry`(`entryid`,`type`) VALUES('5009','b');
INSERT INTO `book`(`title`,`entryid`,`isbn`,`type`) VALUES('Quit in the gambogian Adult','5009','0565744610250','b');
INSERT INTO `genre_book`(`genre`, `entryid`) VALUES ('Horror','5009');
INSERT INTO `author_book`(`author`, `entryid`) VALUES ('Ines Bodle','5009');
INSERT INTO `publisher_book`(`publisher`, `entryid`) VALUES ('Bayles Inc.','5009');
INSERT INTO `entry`(`entryid`,`type`) VALUES('5010','b');
INSERT INTO `book`(`title`,`entryid`,`isbn`,`type`) VALUES('Oak of the humourless Baby','5010','0735916097651','b');
INSERT INTO `genre_book`(`genre`, `entryid`) VALUES ('Adventure','5010');
INSERT INTO `author_book`(`author`, `entryid`) VALUES ('Edra Cragin','5010');
INSERT INTO `publisher_book`(`publisher`, `entryid`) VALUES ('Malarkey Cooperations.','5010');
INSERT INTO `entry`(`entryid`,`type`) VALUES('5011','b');
INSERT INTO `book`(`title`,`entryid`,`isbn`,`type`) VALUES('Appeal for Bread','5011','0707430091451','j');
INSERT INTO `genre_book`(`genre`, `entryid`) VALUES ('Science','5011');
INSERT INTO `author_book`(`author`, `entryid`) VALUES ('Alex Kingshott','5011');
INSERT INTO `publisher_book`(`publisher`, `entryid`) VALUES ('Tanton Publishers.','5011');
INSERT INTO `entry`(`entryid`,`type`) VALUES('5012','b');
INSERT INTO `book`(`title`,`entryid`,`isbn`,`type`) VALUES('Tub against Cocoa','5012','0914360899614','e');
INSERT INTO `genre_book`(`genre`, `entryid`) VALUES ('Science','5012');
INSERT INTO `author_book`(`author`, `entryid`) VALUES ('Tressie Belveal','5012');
INSERT INTO `publisher_book`(`publisher`, `entryid`) VALUES ('Mascio Cooperations.','5012');
INSERT INTO `entry`(`entryid`,`type`) VALUES('5013','b');
INSERT INTO `book`(`title`,`entryid`,`isbn`,`type`) VALUES('Volcano to the matrilineal Writer','5013','0793672733236','e');
INSERT INTO `genre_book`(`genre`, `entryid`) VALUES ('Thriller','5013');
INSERT INTO `author_book`(`author`, `entryid`) VALUES ('Mayme Wildes','5013');
INSERT INTO `publisher_book`(`publisher`, `entryid`) VALUES ('Estrem Inc.','5013');
INSERT INTO `entry`(`entryid`,`type`) VALUES('5014','b');
INSERT INTO `book`(`title`,`entryid`,`isbn`,`type`) VALUES('Revolve of the educable Eyelash','5014','9344976904186','b');
INSERT INTO `genre_book`(`genre`, `entryid`) VALUES ('Adventure','5014');
INSERT INTO `author_book`(`author`, `entryid`) VALUES ('Kenna Iacobucci','5014');
INSERT INTO `publisher_book`(`publisher`, `entryid`) VALUES ('Neuman Cooperations.','5014');
INSERT INTO `entry`(`entryid`,`type`) VALUES('5015','b');
INSERT INTO `book`(`title`,`entryid`,`isbn`,`type`) VALUES('Power and the Swiss','5015','0459753337228','b');
INSERT INTO `genre_book`(`genre`, `entryid`) VALUES ('Sci-Fi','5015');
INSERT INTO `author_book`(`author`, `entryid`) VALUES ('Jennifer Cichonski','5015');
INSERT INTO `publisher_book`(`publisher`, `entryid`) VALUES ('Bagnaschi Publishers.','5015');
INSERT INTO `entry`(`entryid`,`type`) VALUES('5016','b');
INSERT INTO `book`(`title`,`entryid`,`isbn`,`type`) VALUES('Bladder against Impulse','5016','9776162618377','e');
INSERT INTO `genre_book`(`genre`, `entryid`) VALUES ('Education','5016');
INSERT INTO `author_book`(`author`, `entryid`) VALUES ('Marhta Daily','5016');
INSERT INTO `publisher_book`(`publisher`, `entryid`) VALUES ('Lubell Inc.','5016');
INSERT INTO `entry`(`entryid`,`type`) VALUES('5017','b');
INSERT INTO `book`(`title`,`entryid`,`isbn`,`type`) VALUES('Yoke by hemal Processing','5017','0305437106835','b');
INSERT INTO `genre_book`(`genre`, `entryid`) VALUES ('Thriller','5017');
INSERT INTO `author_book`(`author`, `entryid`) VALUES ('Garnet Hopping','5017');
INSERT INTO `publisher_book`(`publisher`, `entryid`) VALUES ('Laraby Publishers.','5017');
INSERT INTO `entry`(`entryid`,`type`) VALUES('5018','b');
INSERT INTO `book`(`title`,`entryid`,`isbn`,`type`) VALUES('Justice by Spade','5018','0468983831608','e');
INSERT INTO `genre_book`(`genre`, `entryid`) VALUES ('Horror','5018');
INSERT INTO `author_book`(`author`, `entryid`) VALUES ('Corey Laconte','5018');
INSERT INTO `publisher_book`(`publisher`, `entryid`) VALUES ('Lundblad Inc.','5018');
INSERT INTO `entry`(`entryid`,`type`) VALUES('5019','b');
INSERT INTO `book`(`title`,`entryid`,`isbn`,`type`) VALUES('Teaching by the ashiest Channel','5019','0076675469950','e');
INSERT INTO `genre_book`(`genre`, `entryid`) VALUES ('Horror','5019');
INSERT INTO `author_book`(`author`, `entryid`) VALUES ('Marcelina Leibold','5019');
INSERT INTO `publisher_book`(`publisher`, `entryid`) VALUES ('Neuman Cooperations.','5019');
INSERT INTO `entry`(`entryid`,`type`) VALUES('5020','b');
INSERT INTO `book`(`title`,`entryid`,`isbn`,`type`) VALUES('Needle vs. Rule','5020','9485045447573','j');
INSERT INTO `genre_book`(`genre`, `entryid`) VALUES ('Sci-Fi','5020');
INSERT INTO `author_book`(`author`, `entryid`) VALUES ('Sherly Preuitt','5020');
INSERT INTO `publisher_book`(`publisher`, `entryid`) VALUES ('Blythe Publishers.','5020');
INSERT INTO `entry`(`entryid`,`type`) VALUES('5021','b');
INSERT INTO `book`(`title`,`entryid`,`isbn`,`type`) VALUES('Taxicab in the Database','5021','9015014856016','e');
INSERT INTO `genre_book`(`genre`, `entryid`) VALUES ('Education','5021');
INSERT INTO `author_book`(`author`, `entryid`) VALUES ('Arlyne Pizzella','5021');
INSERT INTO `publisher_book`(`publisher`, `entryid`) VALUES ('Hamnon Publishers.','5021');
INSERT INTO `entry`(`entryid`,`type`) VALUES('5022','b');
INSERT INTO `book`(`title`,`entryid`,`isbn`,`type`) VALUES('Porter for Burst','5022','0153182540854','b');
INSERT INTO `genre_book`(`genre`, `entryid`) VALUES ('Romance','5022');
INSERT INTO `author`(`name`,`birthyear`,`deathyear`) VALUES('Lenna Karpin','1926','1999');
INSERT INTO `author_book`(`author`, `entryid`) VALUES ('Lenna Karpin','5022');
INSERT INTO `publisher_book`(`publisher`, `entryid`) VALUES ('Mesecar Publishers.','5022');
INSERT INTO `entry`(`entryid`,`type`) VALUES('5023','b');
INSERT INTO `book`(`title`,`entryid`,`isbn`,`type`) VALUES('Dust in Fabianism Behavior','5023','0422210230793','e');
INSERT INTO `genre_book`(`genre`, `entryid`) VALUES ('Horror','5023');
INSERT INTO `author`(`name`,`birthyear`,`deathyear`) VALUES('Clement Barthol','1886','1964');
INSERT INTO `author_book`(`author`, `entryid`) VALUES ('Clement Barthol','5023');
INSERT INTO `publisher_book`(`publisher`, `entryid`) VALUES ('Guillotte Inc.','5023');
INSERT INTO `entry`(`entryid`,`type`) VALUES('5024','b');
INSERT INTO `book`(`title`,`entryid`,`isbn`,`type`) VALUES('Meteorology because of braced Helmet','5024','9932282627842','b');
INSERT INTO `genre_book`(`genre`, `entryid`) VALUES ('Sci-Fi','5024');
INSERT INTO `author_book`(`author`, `entryid`) VALUES ('Marg Cunnington','5024');
INSERT INTO `publisher_book`(`publisher`, `entryid`) VALUES ('Nemani Cooperations.','5024');
INSERT INTO `entry`(`entryid`,`type`) VALUES('5025','b');
INSERT INTO `book`(`title`,`entryid`,`isbn`,`type`) VALUES('Delivery with delineable Bead','5025','9078748552753','j');
INSERT INTO `genre_book`(`genre`, `entryid`) VALUES ('Adventure','5025');
INSERT INTO `author_book`(`author`, `entryid`) VALUES ('Amiee Clyatt','5025');
INSERT INTO `publisher_book`(`publisher`, `entryid`) VALUES ('Bence Inc.','5025');
INSERT INTO `entry`(`entryid`,`type`) VALUES('5026','b');
INSERT INTO `book`(`title`,`entryid`,`isbn`,`type`) VALUES('Men for the Rabbit','5026','0584518672758','b');
INSERT INTO `genre_book`(`genre`, `entryid`) VALUES ('Education','5026');
INSERT INTO `author`(`name`,`birthyear`,`deathyear`) VALUES('Carla Picketpin','1891','1933');
INSERT INTO `author_book`(`author`, `entryid`) VALUES ('Carla Picketpin','5026');
INSERT INTO `publisher_book`(`publisher`, `entryid`) VALUES ('Habeck Publishers.','5026');
INSERT INTO `entry`(`entryid`,`type`) VALUES('5027','b');
INSERT INTO `book`(`title`,`entryid`,`isbn`,`type`) VALUES('Fahrenheit against the quondam Detective','5027','9415998684223','j');
INSERT INTO `genre_book`(`genre`, `entryid`) VALUES ('Science','5027');
INSERT INTO `author_book`(`author`, `entryid`) VALUES ('Wynona Bozell','5027');
INSERT INTO `publisher_book`(`publisher`, `entryid`) VALUES ('Stallman Inc.','5027');
INSERT INTO `entry`(`entryid`,`type`) VALUES('5028','b');
INSERT INTO `book`(`title`,`entryid`,`isbn`,`type`) VALUES('Squirrel with Risk','5028','9614743679266','j');
INSERT INTO `genre_book`(`genre`, `entryid`) VALUES ('Education','5028');
INSERT INTO `author_book`(`author`, `entryid`) VALUES ('Marketta Fernandez','5028');
INSERT INTO `publisher_book`(`publisher`, `entryid`) VALUES ('Tutoky Cooperations.','5028');
INSERT INTO `entry`(`entryid`,`type`) VALUES('5029','b');
INSERT INTO `book`(`title`,`entryid`,`isbn`,`type`) VALUES('Puppy by the gilt Subway','5029','9563100464034','j');
INSERT INTO `genre_book`(`genre`, `entryid`) VALUES ('Sci-Fi','5029');
INSERT INTO `author_book`(`author`, `entryid`) VALUES ('Debora Jentzsch','5029');
INSERT INTO `publisher_book`(`publisher`, `entryid`) VALUES ('Ockman Inc.','5029');
INSERT INTO `entry`(`entryid`,`type`) VALUES('5030','b');
INSERT INTO `book`(`title`,`entryid`,`isbn`,`type`) VALUES('Gender for unwarmed Value','5030','9745800331059','j');
INSERT INTO `genre_book`(`genre`, `entryid`) VALUES ('Thriller','5030');
INSERT INTO `author_book`(`author`, `entryid`) VALUES ('Geraldine Herrera','5030');
INSERT INTO `publisher_book`(`publisher`, `entryid`) VALUES ('Archibeque Publishers.','5030');
INSERT INTO `entry`(`entryid`,`type`) VALUES('5031','b');
INSERT INTO `book`(`title`,`entryid`,`isbn`,`type`) VALUES('Passbook to classificatory Clipper','5031','0090527221269','b');
INSERT INTO `genre_book`(`genre`, `entryid`) VALUES ('Education','5031');
INSERT INTO `author_book`(`author`, `entryid`) VALUES ('Cameron Tino','5031');
INSERT INTO `publisher_book`(`publisher`, `entryid`) VALUES ('Portaro Inc.','5031');
INSERT INTO `entry`(`entryid`,`type`) VALUES('5032','b');
INSERT INTO `book`(`title`,`entryid`,`isbn`,`type`) VALUES('Plough in the Tachometer','5032','0076241105647','b');
INSERT INTO `genre_book`(`genre`, `entryid`) VALUES ('Horror','5032');
INSERT INTO `author_book`(`author`, `entryid`) VALUES ('Josefa Treto','5032');
INSERT INTO `publisher_book`(`publisher`, `entryid`) VALUES ('Bronk Cooperations.','5032');
INSERT INTO `entry`(`entryid`,`type`) VALUES('5033','b');
INSERT INTO `book`(`title`,`entryid`,`isbn`,`type`) VALUES('Camp because of Metal','5033','0476090484315','j');
INSERT INTO `genre_book`(`genre`, `entryid`) VALUES ('Sci-Fi','5033');
INSERT INTO `author_book`(`author`, `entryid`) VALUES ('Shantelle Schoo','5033');
INSERT INTO `publisher_book`(`publisher`, `entryid`) VALUES ('Bagnaschi Publishers.','5033');
INSERT INTO `entry`(`entryid`,`type`) VALUES('5034','b');
INSERT INTO `book`(`title`,`entryid`,`isbn`,`type`) VALUES('Pillow by Wholesaler','5034','9914572942719','e');
INSERT INTO `genre_book`(`genre`, `entryid`) VALUES ('Adventure','5034');
INSERT INTO `author_book`(`author`, `entryid`) VALUES ('Marilu Ayars','5034');
INSERT INTO `publisher_book`(`publisher`, `entryid`) VALUES ('Kopf Cooperations.','5034');
INSERT INTO `entry`(`entryid`,`type`) VALUES('5035','b');
INSERT INTO `book`(`title`,`entryid`,`isbn`,`type`) VALUES('Silica because of egalitarian Ethiopia','5035','9722046771174','e');
INSERT INTO `genre_book`(`genre`, `entryid`) VALUES ('Education','5035');
INSERT INTO `author_book`(`author`, `entryid`) VALUES ('Wes Mckennzie','5035');
INSERT INTO `publisher_book`(`publisher`, `entryid`) VALUES ('Callam Inc.','5035');
INSERT INTO `entry`(`entryid`,`type`) VALUES('5036','b');
INSERT INTO `book`(`title`,`entryid`,`isbn`,`type`) VALUES('Tax against waniest Needle','5036','0409583351702','b');
INSERT INTO `genre_book`(`genre`, `entryid`) VALUES ('Education','5036');
INSERT INTO `author_book`(`author`, `entryid`) VALUES ('Geraldine Herrera','5036');
INSERT INTO `publisher_book`(`publisher`, `entryid`) VALUES ('Strazisar Inc.','5036');
INSERT INTO `entry`(`entryid`,`type`) VALUES('5037','b');
INSERT INTO `book`(`title`,`entryid`,`isbn`,`type`) VALUES('Equinox with the unerring Softdrink','5037','0766015341422','e');
INSERT INTO `genre_book`(`genre`, `entryid`) VALUES ('Romance','5037');
INSERT INTO `author_book`(`author`, `entryid`) VALUES ('Mayme Kovach','5037');
INSERT INTO `publisher_book`(`publisher`, `entryid`) VALUES ('Dubrey Cooperations.','5037');
INSERT INTO `entry`(`entryid`,`type`) VALUES('5038','b');
INSERT INTO `book`(`title`,`entryid`,`isbn`,`type`) VALUES('Temple in three-piece Hamburger','5038','0916144222082','e');
INSERT INTO `genre_book`(`genre`, `entryid`) VALUES ('Thriller','5038');
INSERT INTO `author_book`(`author`, `entryid`) VALUES ('Torie Winesett','5038');
INSERT INTO `publisher_book`(`publisher`, `entryid`) VALUES ('Munaz Publishers.','5038');
INSERT INTO `entry`(`entryid`,`type`) VALUES('5039','b');
INSERT INTO `book`(`title`,`entryid`,`isbn`,`type`) VALUES('Tiger in the Sousaphone','5039','9820028445853','e');
INSERT INTO `genre_book`(`genre`, `entryid`) VALUES ('Sci-Fi','5039');
INSERT INTO `author_book`(`author`, `entryid`) VALUES ('Lawana Bauerlein','5039');
INSERT INTO `publisher_book`(`publisher`, `entryid`) VALUES ('Loveall Cooperations.','5039');
INSERT INTO `entry`(`entryid`,`type`) VALUES('5040','b');
INSERT INTO `book`(`title`,`entryid`,`isbn`,`type`) VALUES('Pen with key Mimosa','5040','0788495190892','b');
INSERT INTO `genre_book`(`genre`, `entryid`) VALUES ('Adventure','5040');
INSERT INTO `author_book`(`author`, `entryid`) VALUES ('Monte Dimpfl','5040');
INSERT INTO `publisher_book`(`publisher`, `entryid`) VALUES ('Peel Inc.','5040');
INSERT INTO `entry`(`entryid`,`type`) VALUES('5041','b');
INSERT INTO `book`(`title`,`entryid`,`isbn`,`type`) VALUES('Quarter of Land','5041','9700218527926','e');
INSERT INTO `genre_book`(`genre`, `entryid`) VALUES ('Sci-Fi','5041');
INSERT INTO `author`(`name`,`birthyear`,`deathyear`) VALUES('Francisco Humenik','1885','1965');
INSERT INTO `author_book`(`author`, `entryid`) VALUES ('Francisco Humenik','5041');
INSERT INTO `publisher_book`(`publisher`, `entryid`) VALUES ('Wood Inc.','5041');
INSERT INTO `entry`(`entryid`,`type`) VALUES('5042','b');
INSERT INTO `book`(`title`,`entryid`,`isbn`,`type`) VALUES('Range against Class','5042','0543627477388','b');
INSERT INTO `genre_book`(`genre`, `entryid`) VALUES ('Science','5042');
INSERT INTO `author_book`(`author`, `entryid`) VALUES ('Madaline Parrin','5042');
INSERT INTO `publisher_book`(`publisher`, `entryid`) VALUES ('Murtagh Inc.','5042');
INSERT INTO `entry`(`entryid`,`type`) VALUES('5043','b');
INSERT INTO `book`(`title`,`entryid`,`isbn`,`type`) VALUES('Age by Ship','5043','9291543983374','j');
INSERT INTO `genre_book`(`genre`, `entryid`) VALUES ('Adventure','5043');
INSERT INTO `author_book`(`author`, `entryid`) VALUES ('Amiee Clyatt','5043');
INSERT INTO `publisher_book`(`publisher`, `entryid`) VALUES ('Lubell Inc.','5043');
INSERT INTO `entry`(`entryid`,`type`) VALUES('5044','b');
INSERT INTO `book`(`title`,`entryid`,`isbn`,`type`) VALUES('Methane vs. ungauged Malaysia','5044','0365126174214','e');
INSERT INTO `genre_book`(`genre`, `entryid`) VALUES ('Science','5044');
INSERT INTO `author_book`(`author`, `entryid`) VALUES ('Virgie Darcy','5044');
INSERT INTO `publisher_book`(`publisher`, `entryid`) VALUES ('Koterba Publishers.','5044');
INSERT INTO `entry`(`entryid`,`type`) VALUES('5045','b');
INSERT INTO `book`(`title`,`entryid`,`isbn`,`type`) VALUES('Felony of the Period','5045','0511283461147','j');
INSERT INTO `genre_book`(`genre`, `entryid`) VALUES ('Adventure','5045');
INSERT INTO `author_book`(`author`, `entryid`) VALUES ('Darcel Echaure','5045');
INSERT INTO `publisher_book`(`publisher`, `entryid`) VALUES ('Haken Inc.','5045');
INSERT INTO `entry`(`entryid`,`type`) VALUES('5046','b');
INSERT INTO `book`(`title`,`entryid`,`isbn`,`type`) VALUES('Olive of the Hill','5046','9547132689345','j');
INSERT INTO `genre_book`(`genre`, `entryid`) VALUES ('Sci-Fi','5046');
INSERT INTO `author_book`(`author`, `entryid`) VALUES ('Sabra Minkowitz','5046');
INSERT INTO `publisher_book`(`publisher`, `entryid`) VALUES ('Ukich Cooperations.','5046');
INSERT INTO `entry`(`entryid`,`type`) VALUES('5047','b');
INSERT INTO `book`(`title`,`entryid`,`isbn`,`type`) VALUES('Basket in the coach-built Relation','5047','0619547885145','b');
INSERT INTO `genre_book`(`genre`, `entryid`) VALUES ('Science','5047');
INSERT INTO `author_book`(`author`, `entryid`) VALUES ('Susana Reiland','5047');
INSERT INTO `publisher_book`(`publisher`, `entryid`) VALUES ('Turnbow Cooperations.','5047');
INSERT INTO `entry`(`entryid`,`type`) VALUES('5048','b');
INSERT INTO `book`(`title`,`entryid`,`isbn`,`type`) VALUES('Sandra in the Palm','5048','9575473337308','e');
INSERT INTO `genre_book`(`genre`, `entryid`) VALUES ('Science','5048');
INSERT INTO `author_book`(`author`, `entryid`) VALUES ('Adelaida Berardo','5048');
INSERT INTO `publisher_book`(`publisher`, `entryid`) VALUES ('Luangamath Inc.','5048');
INSERT INTO `entry`(`entryid`,`type`) VALUES('5049','b');
INSERT INTO `book`(`title`,`entryid`,`isbn`,`type`) VALUES('Propane in the frumpy Success','5049','9526947202127','b');
INSERT INTO `genre_book`(`genre`, `entryid`) VALUES ('Romance','5049');
INSERT INTO `author_book`(`author`, `entryid`) VALUES ('Kendall Folks','5049');
INSERT INTO `publisher_book`(`publisher`, `entryid`) VALUES ('Hendershott Publishers.','5049');
INSERT INTO `entry`(`entryid`,`type`) VALUES('5050','b');
INSERT INTO `book`(`title`,`entryid`,`isbn`,`type`) VALUES('Sundial with trafficless Select','5050','0521259052586','j');
INSERT INTO `genre_book`(`genre`, `entryid`) VALUES ('Adventure','5050');
INSERT INTO `author_book`(`author`, `entryid`) VALUES ('Rosalie Bunkers','5050');
INSERT INTO `publisher_book`(`publisher`, `entryid`) VALUES ('Glackin Inc.','5050');
INSERT INTO `entry`(`entryid`,`type`) VALUES('5051','b');
INSERT INTO `book`(`title`,`entryid`,`isbn`,`type`) VALUES('Worm in mycologic Berry','5051','9278560079033','j');
INSERT INTO `genre_book`(`genre`, `entryid`) VALUES ('Horror','5051');
INSERT INTO `author_book`(`author`, `entryid`) VALUES ('Marcia Dibenedetti','5051');
INSERT INTO `publisher_book`(`publisher`, `entryid`) VALUES ('Briley Publishers.','5051');
INSERT INTO `entry`(`entryid`,`type`) VALUES('5052','b');
INSERT INTO `book`(`title`,`entryid`,`isbn`,`type`) VALUES('Bedroom and Icebreaker','5052','9261503786069','e');
INSERT INTO `genre_book`(`genre`, `entryid`) VALUES ('Thriller','5052');
INSERT INTO `author_book`(`author`, `entryid`) VALUES ('Chau Redden','5052');
INSERT INTO `publisher_book`(`publisher`, `entryid`) VALUES ('Sowden Publishers.','5052');
INSERT INTO `entry`(`entryid`,`type`) VALUES('5053','b');
INSERT INTO `book`(`title`,`entryid`,`isbn`,`type`) VALUES('Captain against the heterodactyl Blood','5053','9395331274265','j');
INSERT INTO `genre_book`(`genre`, `entryid`) VALUES ('Horror','5053');
INSERT INTO `author_book`(`author`, `entryid`) VALUES ('Justa Zumbo','5053');
INSERT INTO `publisher_book`(`publisher`, `entryid`) VALUES ('Vote Publishers.','5053');
INSERT INTO `entry`(`entryid`,`type`) VALUES('5054','b');
INSERT INTO `book`(`title`,`entryid`,`isbn`,`type`) VALUES('Poppy against Nation','5054','0826324796677','j');
INSERT INTO `genre_book`(`genre`, `entryid`) VALUES ('Science','5054');
INSERT INTO `author_book`(`author`, `entryid`) VALUES ('Season Harbour','5054');
INSERT INTO `publisher_book`(`publisher`, `entryid`) VALUES ('Mandril Inc.','5054');
INSERT INTO `entry`(`entryid`,`type`) VALUES('5055','b');
INSERT INTO `book`(`title`,`entryid`,`isbn`,`type`) VALUES('Duck and Circean Capital','5055','9894364092830','e');
INSERT INTO `genre_book`(`genre`, `entryid`) VALUES ('Romance','5055');
INSERT INTO `author_book`(`author`, `entryid`) VALUES ('Dallas Hogstrum','5055');
INSERT INTO `publisher_book`(`publisher`, `entryid`) VALUES ('Cerrito Inc.','5055');
INSERT INTO `entry`(`entryid`,`type`) VALUES('5056','b');
INSERT INTO `book`(`title`,`entryid`,`isbn`,`type`) VALUES('Fall and Certification','5056','0347641510029','e');
INSERT INTO `genre_book`(`genre`, `entryid`) VALUES ('Horror','5056');
INSERT INTO `author_book`(`author`, `entryid`) VALUES ('Perry Frieze','5056');
INSERT INTO `publisher_book`(`publisher`, `entryid`) VALUES ('Trnka Inc.','5056');
INSERT INTO `entry`(`entryid`,`type`) VALUES('5057','b');
INSERT INTO `book`(`title`,`entryid`,`isbn`,`type`) VALUES('Soldier of the Wall','5057','9181301739716','b');
INSERT INTO `genre_book`(`genre`, `entryid`) VALUES ('Adventure','5057');
INSERT INTO `author_book`(`author`, `entryid`) VALUES ('Remedios Harriett','5057');
INSERT INTO `publisher_book`(`publisher`, `entryid`) VALUES ('Hathcoat Publishers.','5057');
INSERT INTO `entry`(`entryid`,`type`) VALUES('5058','b');
INSERT INTO `book`(`title`,`entryid`,`isbn`,`type`) VALUES('Minibus against the prosecutable Mile','5058','0388023988025','b');
INSERT INTO `genre_book`(`genre`, `entryid`) VALUES ('Thriller','5058');
INSERT INTO `author_book`(`author`, `entryid`) VALUES ('Angelika Passantino','5058');
INSERT INTO `publisher_book`(`publisher`, `entryid`) VALUES ('Stjohn Publishers.','5058');
INSERT INTO `entry`(`entryid`,`type`) VALUES('5059','b');
INSERT INTO `book`(`title`,`entryid`,`isbn`,`type`) VALUES('Click against deceitful Thursday','5059','9741642745975','j');
INSERT INTO `genre_book`(`genre`, `entryid`) VALUES ('Adventure','5059');
INSERT INTO `author_book`(`author`, `entryid`) VALUES ('Leanora Renk','5059');
INSERT INTO `publisher_book`(`publisher`, `entryid`) VALUES ('Nelke Publishers.','5059');
INSERT INTO `entry`(`entryid`,`type`) VALUES('5060','b');
INSERT INTO `book`(`title`,`entryid`,`isbn`,`type`) VALUES('Sphynx and raggle-taggle Cobweb','5060','0801945525705','b');
INSERT INTO `genre_book`(`genre`, `entryid`) VALUES ('Science','5060');
INSERT INTO `author_book`(`author`, `entryid`) VALUES ('Margie Sellman','5060');
INSERT INTO `publisher_book`(`publisher`, `entryid`) VALUES ('Cervone Cooperations.','5060');
INSERT INTO `entry`(`entryid`,`type`) VALUES('5061','b');
INSERT INTO `book`(`title`,`entryid`,`isbn`,`type`) VALUES('Income with Algebra','5061','9329218500479','e');
INSERT INTO `genre_book`(`genre`, `entryid`) VALUES ('Thriller','5061');
INSERT INTO `author_book`(`author`, `entryid`) VALUES ('Dane Lucas','5061');
INSERT INTO `publisher_book`(`publisher`, `entryid`) VALUES ('Leppert Inc.','5061');
INSERT INTO `entry`(`entryid`,`type`) VALUES('5062','b');
INSERT INTO `book`(`title`,`entryid`,`isbn`,`type`) VALUES('Cylinder in Zoo','5062','0731066758279','e');
INSERT INTO `genre_book`(`genre`, `entryid`) VALUES ('Science','5062');
INSERT INTO `author_book`(`author`, `entryid`) VALUES ('Lesha Burriesci','5062');
INSERT INTO `publisher_book`(`publisher`, `entryid`) VALUES ('Lucky Publishers.','5062');
INSERT INTO `entry`(`entryid`,`type`) VALUES('5063','b');
INSERT INTO `book`(`title`,`entryid`,`isbn`,`type`) VALUES('Hardcover of scenographic Popcorn','5063','0632247648711','b');
INSERT INTO `genre_book`(`genre`, `entryid`) VALUES ('Thriller','5063');
INSERT INTO `author_book`(`author`, `entryid`) VALUES ('Irwin Dasovich','5063');
INSERT INTO `publisher_book`(`publisher`, `entryid`) VALUES ('Weagraff Cooperations.','5063');
INSERT INTO `entry`(`entryid`,`type`) VALUES('5064','b');
INSERT INTO `book`(`title`,`entryid`,`isbn`,`type`) VALUES('Potato of lang South america','5064','0472715920572','e');
INSERT INTO `genre_book`(`genre`, `entryid`) VALUES ('Science','5064');
INSERT INTO `author_book`(`author`, `entryid`) VALUES ('Wallace Corelli','5064');
INSERT INTO `publisher_book`(`publisher`, `entryid`) VALUES ('Domino Inc.','5064');
INSERT INTO `entry`(`entryid`,`type`) VALUES('5065','b');
INSERT INTO `book`(`title`,`entryid`,`isbn`,`type`) VALUES('Angle vs. melismatic Increase','5065','0677703052700','j');
INSERT INTO `genre_book`(`genre`, `entryid`) VALUES ('Sci-Fi','5065');
INSERT INTO `author_book`(`author`, `entryid`) VALUES ('Deandre Pankhurst','5065');
INSERT INTO `publisher_book`(`publisher`, `entryid`) VALUES ('Haith Inc.','5065');
INSERT INTO `entry`(`entryid`,`type`) VALUES('5066','b');
INSERT INTO `book`(`title`,`entryid`,`isbn`,`type`) VALUES('Dry against jellied Wine','5066','9537953925499','j');
INSERT INTO `genre_book`(`genre`, `entryid`) VALUES ('Education','5066');
INSERT INTO `author_book`(`author`, `entryid`) VALUES ('Agripina Dunnaville','5066');
INSERT INTO `publisher_book`(`publisher`, `entryid`) VALUES ('Brisbon Publishers.','5066');
INSERT INTO `entry`(`entryid`,`type`) VALUES('5067','b');
INSERT INTO `book`(`title`,`entryid`,`isbn`,`type`) VALUES('Sundial because of Advertisement','5067','9379991046660','j');
INSERT INTO `genre_book`(`genre`, `entryid`) VALUES ('Horror','5067');
INSERT INTO `author_book`(`author`, `entryid`) VALUES ('Ara Droy','5067');
INSERT INTO `publisher_book`(`publisher`, `entryid`) VALUES ('Manzanero Inc.','5067');
INSERT INTO `entry`(`entryid`,`type`) VALUES('5068','b');
INSERT INTO `book`(`title`,`entryid`,`isbn`,`type`) VALUES('Architecture with the Philippines','5068','9844968583750','j');
INSERT INTO `genre_book`(`genre`, `entryid`) VALUES ('Horror','5068');
INSERT INTO `author_book`(`author`, `entryid`) VALUES ('Mariann Rieves','5068');
INSERT INTO `publisher_book`(`publisher`, `entryid`) VALUES ('Youmans Cooperations.','5068');
INSERT INTO `entry`(`entryid`,`type`) VALUES('5069','b');
INSERT INTO `book`(`title`,`entryid`,`isbn`,`type`) VALUES('Afghanistan for the Alibi','5069','0758062368474','b');
INSERT INTO `genre_book`(`genre`, `entryid`) VALUES ('Education','5069');
INSERT INTO `author_book`(`author`, `entryid`) VALUES ('Torrie Mandry','5069');
INSERT INTO `publisher_book`(`publisher`, `entryid`) VALUES ('Gerondale Inc.','5069');
INSERT INTO `entry`(`entryid`,`type`) VALUES('5070','b');
INSERT INTO `book`(`title`,`entryid`,`isbn`,`type`) VALUES('Cupcake with the unremitting Purple','5070','9915518900800','e');
INSERT INTO `genre_book`(`genre`, `entryid`) VALUES ('Romance','5070');
INSERT INTO `author`(`name`,`birthyear`,`deathyear`) VALUES('Ashley Rainwater','1969','2065');
INSERT INTO `author_book`(`author`, `entryid`) VALUES ('Ashley Rainwater','5070');
INSERT INTO `publisher_book`(`publisher`, `entryid`) VALUES ('Cregeen Inc.','5070');
INSERT INTO `entry`(`entryid`,`type`) VALUES('5071','b');
INSERT INTO `book`(`title`,`entryid`,`isbn`,`type`) VALUES('Ruth and the Plate','5071','0067841758443','b');
INSERT INTO `genre_book`(`genre`, `entryid`) VALUES ('Science','5071');
INSERT INTO `author_book`(`author`, `entryid`) VALUES ('Bryon Pasha','5071');
INSERT INTO `publisher_book`(`publisher`, `entryid`) VALUES ('Fattig Inc.','5071');
INSERT INTO `entry`(`entryid`,`type`) VALUES('5072','b');
INSERT INTO `book`(`title`,`entryid`,`isbn`,`type`) VALUES('Missile to undefiled Feedback','5072','9385919148805','j');
INSERT INTO `genre_book`(`genre`, `entryid`) VALUES ('Adventure','5072');
INSERT INTO `author_book`(`author`, `entryid`) VALUES ('Emely Aldape','5072');
INSERT INTO `publisher_book`(`publisher`, `entryid`) VALUES ('Orlosky Inc.','5072');
INSERT INTO `entry`(`entryid`,`type`) VALUES('5073','b');
INSERT INTO `book`(`title`,`entryid`,`isbn`,`type`) VALUES('Path to the Twist','5073','0919777778369','j');
INSERT INTO `genre_book`(`genre`, `entryid`) VALUES ('Horror','5073');
INSERT INTO `author_book`(`author`, `entryid`) VALUES ('Angelika Passantino','5073');
INSERT INTO `publisher_book`(`publisher`, `entryid`) VALUES ('Stallman Inc.','5073');
INSERT INTO `entry`(`entryid`,`type`) VALUES('5074','b');
INSERT INTO `book`(`title`,`entryid`,`isbn`,`type`) VALUES('Throne of the papillomatous Thunder','5074','0986626721362','j');
INSERT INTO `genre_book`(`genre`, `entryid`) VALUES ('Horror','5074');
INSERT INTO `author_book`(`author`, `entryid`) VALUES ('Sharon Jolls','5074');
INSERT INTO `publisher_book`(`publisher`, `entryid`) VALUES ('Bogan Cooperations.','5074');
INSERT INTO `entry`(`entryid`,`type`) VALUES('5075','b');
INSERT INTO `book`(`title`,`entryid`,`isbn`,`type`) VALUES('Fragrance and bovine Employer','5075','9893791999320','e');
INSERT INTO `genre_book`(`genre`, `entryid`) VALUES ('Sci-Fi','5075');
INSERT INTO `author_book`(`author`, `entryid`) VALUES ('Nada Candela','5075');
INSERT INTO `publisher_book`(`publisher`, `entryid`) VALUES ('Doerflinger Inc.','5075');
INSERT INTO `entry`(`entryid`,`type`) VALUES('5076','b');
INSERT INTO `book`(`title`,`entryid`,`isbn`,`type`) VALUES('Direction with Football','5076','9189030609870','b');
INSERT INTO `genre_book`(`genre`, `entryid`) VALUES ('Adventure','5076');
INSERT INTO `author_book`(`author`, `entryid`) VALUES ('Lajuana Frint','5076');
INSERT INTO `publisher_book`(`publisher`, `entryid`) VALUES ('Happe Publishers.','5076');
INSERT INTO `entry`(`entryid`,`type`) VALUES('5077','b');
INSERT INTO `book`(`title`,`entryid`,`isbn`,`type`) VALUES('Clutch to unapprehensive Pest','5077','0074855751930','j');
INSERT INTO `genre_book`(`genre`, `entryid`) VALUES ('Education','5077');
INSERT INTO `author_book`(`author`, `entryid`) VALUES ('Michael Greuel','5077');
INSERT INTO `publisher_book`(`publisher`, `entryid`) VALUES ('Simcox Publishers.','5077');
INSERT INTO `entry`(`entryid`,`type`) VALUES('5078','b');
INSERT INTO `book`(`title`,`entryid`,`isbn`,`type`) VALUES('Stem of the Flemish Celsius','5078','0512677706329','j');
INSERT INTO `genre_book`(`genre`, `entryid`) VALUES ('Horror','5078');
INSERT INTO `author_book`(`author`, `entryid`) VALUES ('Sage Knavel','5078');
INSERT INTO `publisher_book`(`publisher`, `entryid`) VALUES ('Woskobojnik Inc.','5078');
INSERT INTO `entry`(`entryid`,`type`) VALUES('5079','b');
INSERT INTO `book`(`title`,`entryid`,`isbn`,`type`) VALUES('Committee and the Furniture','5079','0539904205727','b');
INSERT INTO `genre_book`(`genre`, `entryid`) VALUES ('Adventure','5079');
INSERT INTO `author_book`(`author`, `entryid`) VALUES ('Kyla Raphael','5079');
INSERT INTO `publisher_book`(`publisher`, `entryid`) VALUES ('Golladay Publishers.','5079');
INSERT INTO `entry`(`entryid`,`type`) VALUES('5080','b');
INSERT INTO `book`(`title`,`entryid`,`isbn`,`type`) VALUES('Flavor in Windshield','5080','0462182861596','j');
INSERT INTO `genre_book`(`genre`, `entryid`) VALUES ('Romance','5080');
INSERT INTO `author_book`(`author`, `entryid`) VALUES ('Rolando Schied','5080');
INSERT INTO `publisher_book`(`publisher`, `entryid`) VALUES ('Viejo Publishers.','5080');
INSERT INTO `entry`(`entryid`,`type`) VALUES('5081','b');
INSERT INTO `book`(`title`,`entryid`,`isbn`,`type`) VALUES('Pull with T-shirt','5081','0598653771273','b');
INSERT INTO `genre_book`(`genre`, `entryid`) VALUES ('Science','5081');
INSERT INTO `author_book`(`author`, `entryid`) VALUES ('Ivana Moya','5081');
INSERT INTO `publisher_book`(`publisher`, `entryid`) VALUES ('Giantonio Publishers.','5081');
INSERT INTO `entry`(`entryid`,`type`) VALUES('5082','b');
INSERT INTO `book`(`title`,`entryid`,`isbn`,`type`) VALUES('Card to the tenurial Sleet','5082','0622165633781','b');
INSERT INTO `genre_book`(`genre`, `entryid`) VALUES ('Adventure','5082');
INSERT INTO `author_book`(`author`, `entryid`) VALUES ('Margarita Bloem','5082');
INSERT INTO `publisher_book`(`publisher`, `entryid`) VALUES ('Pyros Inc.','5082');
INSERT INTO `entry`(`entryid`,`type`) VALUES('5083','b');
INSERT INTO `book`(`title`,`entryid`,`isbn`,`type`) VALUES('Semicolon with Flute','5083','0657185830050','j');
INSERT INTO `genre_book`(`genre`, `entryid`) VALUES ('Adventure','5083');
INSERT INTO `author_book`(`author`, `entryid`) VALUES ('Yuette Fallo','5083');
INSERT INTO `publisher_book`(`publisher`, `entryid`) VALUES ('Footer Inc.','5083');
INSERT INTO `entry`(`entryid`,`type`) VALUES('5084','b');
INSERT INTO `book`(`title`,`entryid`,`isbn`,`type`) VALUES('Cheek for Parent','5084','0609662814551','b');
INSERT INTO `genre_book`(`genre`, `entryid`) VALUES ('Sci-Fi','5084');
INSERT INTO `author_book`(`author`, `entryid`) VALUES ('Guadalupe Tinker','5084');
INSERT INTO `publisher_book`(`publisher`, `entryid`) VALUES ('Lanagan Inc.','5084');
INSERT INTO `entry`(`entryid`,`type`) VALUES('5085','b');
INSERT INTO `book`(`title`,`entryid`,`isbn`,`type`) VALUES('Angora with the Basket','5085','0559511597156','b');
INSERT INTO `genre_book`(`genre`, `entryid`) VALUES ('Romance','5085');
INSERT INTO `author_book`(`author`, `entryid`) VALUES ('Wm Schwartze','5085');
INSERT INTO `publisher_book`(`publisher`, `entryid`) VALUES ('Buergel Inc.','5085');
INSERT INTO `entry`(`entryid`,`type`) VALUES('5086','b');
INSERT INTO `book`(`title`,`entryid`,`isbn`,`type`) VALUES('Nerve with miliary Damage','5086','9130347241473','e');
INSERT INTO `genre_book`(`genre`, `entryid`) VALUES ('Science','5086');
INSERT INTO `author_book`(`author`, `entryid`) VALUES ('Gay Gorden','5086');
INSERT INTO `publisher_book`(`publisher`, `entryid`) VALUES ('Toste Publishers.','5086');
INSERT INTO `entry`(`entryid`,`type`) VALUES('5087','b');
INSERT INTO `book`(`title`,`entryid`,`isbn`,`type`) VALUES('Church by the Tabletop','5087','0455267747919','b');
INSERT INTO `genre_book`(`genre`, `entryid`) VALUES ('Horror','5087');
INSERT INTO `author_book`(`author`, `entryid`) VALUES ('Wiley Truiolo','5087');
INSERT INTO `publisher_book`(`publisher`, `entryid`) VALUES ('Beik Inc.','5087');
INSERT INTO `entry`(`entryid`,`type`) VALUES('5088','b');
INSERT INTO `book`(`title`,`entryid`,`isbn`,`type`) VALUES('Rhythm to mutualism February','5088','0715758959469','e');
INSERT INTO `genre_book`(`genre`, `entryid`) VALUES ('Science','5088');
INSERT INTO `author_book`(`author`, `entryid`) VALUES ('Sharolyn Semaan','5088');
INSERT INTO `publisher_book`(`publisher`, `entryid`) VALUES ('Hathcoat Publishers.','5088');
INSERT INTO `entry`(`entryid`,`type`) VALUES('5089','b');
INSERT INTO `book`(`title`,`entryid`,`isbn`,`type`) VALUES('Mexico of the truffled Order','5089','0632659194841','e');
INSERT INTO `genre_book`(`genre`, `entryid`) VALUES ('Adventure','5089');
INSERT INTO `author_book`(`author`, `entryid`) VALUES ('Charla Durden','5089');
INSERT INTO `publisher_book`(`publisher`, `entryid`) VALUES ('Want Inc.','5089');
INSERT INTO `entry`(`entryid`,`type`) VALUES('5090','b');
INSERT INTO `book`(`title`,`entryid`,`isbn`,`type`) VALUES('Dream by the consummative Silver','5090','9370131714966','e');
INSERT INTO `genre_book`(`genre`, `entryid`) VALUES ('Romance','5090');
INSERT INTO `author_book`(`author`, `entryid`) VALUES ('Thora Walbert','5090');
INSERT INTO `publisher_book`(`publisher`, `entryid`) VALUES ('Haith Inc.','5090');
INSERT INTO `entry`(`entryid`,`type`) VALUES('5091','b');
INSERT INTO `book`(`title`,`entryid`,`isbn`,`type`) VALUES('Century for the Lyocell','5091','9082209203105','e');
INSERT INTO `genre_book`(`genre`, `entryid`) VALUES ('Horror','5091');
INSERT INTO `author_book`(`author`, `entryid`) VALUES ('Jessi Ny','5091');
INSERT INTO `publisher_book`(`publisher`, `entryid`) VALUES ('Hrdlicka Inc.','5091');
INSERT INTO `entry`(`entryid`,`type`) VALUES('5092','b');
INSERT INTO `book`(`title`,`entryid`,`isbn`,`type`) VALUES('Pickle to workaday Objective','5092','0766975975381','j');
INSERT INTO `genre_book`(`genre`, `entryid`) VALUES ('Thriller','5092');
INSERT INTO `author_book`(`author`, `entryid`) VALUES ('Allen Gottke','5092');
INSERT INTO `publisher_book`(`publisher`, `entryid`) VALUES ('Portaro Inc.','5092');
INSERT INTO `entry`(`entryid`,`type`) VALUES('5093','b');
INSERT INTO `book`(`title`,`entryid`,`isbn`,`type`) VALUES('Kidney because of savory Lipstick','5093','9411608060572','b');
INSERT INTO `genre_book`(`genre`, `entryid`) VALUES ('Sci-Fi','5093');
INSERT INTO `author_book`(`author`, `entryid`) VALUES ('Pei Arbon','5093');
INSERT INTO `publisher_book`(`publisher`, `entryid`) VALUES ('Medford Inc.','5093');
INSERT INTO `entry`(`entryid`,`type`) VALUES('5094','b');
INSERT INTO `book`(`title`,`entryid`,`isbn`,`type`) VALUES('Taste of the countless Cub','5094','9019506658315','b');
INSERT INTO `genre_book`(`genre`, `entryid`) VALUES ('Science','5094');
INSERT INTO `author_book`(`author`, `entryid`) VALUES ('Awilda Plauche','5094');
INSERT INTO `publisher_book`(`publisher`, `entryid`) VALUES ('Simcox Publishers.','5094');
INSERT INTO `entry`(`entryid`,`type`) VALUES('5095','b');
INSERT INTO `book`(`title`,`entryid`,`isbn`,`type`) VALUES('Milk for the Sailboat','5095','0720148483976','j');
INSERT INTO `genre_book`(`genre`, `entryid`) VALUES ('Sci-Fi','5095');
INSERT INTO `author_book`(`author`, `entryid`) VALUES ('Adria Winkles','5095');
INSERT INTO `publisher_book`(`publisher`, `entryid`) VALUES ('Lansdowne Inc.','5095');
INSERT INTO `entry`(`entryid`,`type`) VALUES('5096','b');
INSERT INTO `book`(`title`,`entryid`,`isbn`,`type`) VALUES('Pressure against Vest','5096','0985558884335','b');
INSERT INTO `genre_book`(`genre`, `entryid`) VALUES ('Education','5096');
INSERT INTO `author_book`(`author`, `entryid`) VALUES ('Stefany Brodsky','5096');
INSERT INTO `publisher_book`(`publisher`, `entryid`) VALUES ('Grinner Inc.','5096');
INSERT INTO `entry`(`entryid`,`type`) VALUES('5097','b');
INSERT INTO `book`(`title`,`entryid`,`isbn`,`type`) VALUES('Wire to the tardiest Vegetarian','5097','9801950363422','j');
INSERT INTO `genre_book`(`genre`, `entryid`) VALUES ('Adventure','5097');
INSERT INTO `author_book`(`author`, `entryid`) VALUES ('Loyce Maten','5097');
INSERT INTO `publisher_book`(`publisher`, `entryid`) VALUES ('Birr Publishers.','5097');
INSERT INTO `entry`(`entryid`,`type`) VALUES('5098','b');
INSERT INTO `book`(`title`,`entryid`,`isbn`,`type`) VALUES('Fish because of Etonian Weed','5098','0356004006524','b');
INSERT INTO `genre_book`(`genre`, `entryid`) VALUES ('Sci-Fi','5098');
INSERT INTO `author_book`(`author`, `entryid`) VALUES ('Erich Bonaventure','5098');
INSERT INTO `publisher_book`(`publisher`, `entryid`) VALUES ('Klumph Inc.','5098');
INSERT INTO `entry`(`entryid`,`type`) VALUES('5099','b');
INSERT INTO `book`(`title`,`entryid`,`isbn`,`type`) VALUES('Jeff in the lageniform Chess','5099','9572655747676','j');
INSERT INTO `genre_book`(`genre`, `entryid`) VALUES ('Adventure','5099');
INSERT INTO `author_book`(`author`, `entryid`) VALUES ('Cyrstal Caldera','5099');
INSERT INTO `publisher_book`(`publisher`, `entryid`) VALUES ('Yasurek Cooperations.','5099');
INSERT INTO `entry`(`entryid`,`type`) VALUES('5100','b');
INSERT INTO `book`(`title`,`entryid`,`isbn`,`type`) VALUES('Lentil of blue-black Disadvantage','5100','0200663179114','e');
INSERT INTO `genre_book`(`genre`, `entryid`) VALUES ('Education','5100');
INSERT INTO `author_book`(`author`, `entryid`) VALUES ('Gwyn Mcelwaine','5100');
INSERT INTO `publisher_book`(`publisher`, `entryid`) VALUES ('Kedley Cooperations.','5100');
INSERT INTO `entry`(`entryid`,`type`) VALUES('5101','b');
INSERT INTO `book`(`title`,`entryid`,`isbn`,`type`) VALUES('Basket and wooden Kitty','5101','0974977167086','b');
INSERT INTO `genre_book`(`genre`, `entryid`) VALUES ('Sci-Fi','5101');
INSERT INTO `author_book`(`author`, `entryid`) VALUES ('Shelba Baldini','5101');
INSERT INTO `publisher_book`(`publisher`, `entryid`) VALUES ('Reents Publishers.','5101');
INSERT INTO `entry`(`entryid`,`type`) VALUES('5102','b');
INSERT INTO `book`(`title`,`entryid`,`isbn`,`type`) VALUES('Estimate against Grandson','5102','9045615143285','b');
INSERT INTO `genre_book`(`genre`, `entryid`) VALUES ('Adventure','5102');
INSERT INTO `author_book`(`author`, `entryid`) VALUES ('Clinton Husson','5102');
INSERT INTO `publisher_book`(`publisher`, `entryid`) VALUES ('Rochford Cooperations.','5102');
INSERT INTO `entry`(`entryid`,`type`) VALUES('5103','b');
INSERT INTO `book`(`title`,`entryid`,`isbn`,`type`) VALUES('Second by the recreational Examination','5103','0440649830909','j');
INSERT INTO `genre_book`(`genre`, `entryid`) VALUES ('Sci-Fi','5103');
INSERT INTO `author_book`(`author`, `entryid`) VALUES ('Earlie Fortner','5103');
INSERT INTO `publisher_book`(`publisher`, `entryid`) VALUES ('Lanagan Inc.','5103');
INSERT INTO `entry`(`entryid`,`type`) VALUES('5104','b');
INSERT INTO `book`(`title`,`entryid`,`isbn`,`type`) VALUES('Step-uncle with the broken-in Canoe','5104','0013002062601','e');
INSERT INTO `genre_book`(`genre`, `entryid`) VALUES ('Science','5104');
INSERT INTO `author_book`(`author`, `entryid`) VALUES ('Allyn Proa','5104');
INSERT INTO `publisher_book`(`publisher`, `entryid`) VALUES ('Guillotte Inc.','5104');
INSERT INTO `entry`(`entryid`,`type`) VALUES('5105','b');
INSERT INTO `book`(`title`,`entryid`,`isbn`,`type`) VALUES('Journey against snatchiest Oven','5105','9782260521263','b');
INSERT INTO `genre_book`(`genre`, `entryid`) VALUES ('Sci-Fi','5105');
INSERT INTO `author_book`(`author`, `entryid`) VALUES ('Dannie Speyer','5105');
INSERT INTO `publisher_book`(`publisher`, `entryid`) VALUES ('Deaville Inc.','5105');
INSERT INTO `entry`(`entryid`,`type`) VALUES('5106','b');
INSERT INTO `book`(`title`,`entryid`,`isbn`,`type`) VALUES('Print for imprudent Radiator','5106','9475916133671','j');
INSERT INTO `genre_book`(`genre`, `entryid`) VALUES ('Romance','5106');
INSERT INTO `author_book`(`author`, `entryid`) VALUES ('Antonia Erno','5106');
INSERT INTO `publisher_book`(`publisher`, `entryid`) VALUES ('Ezelle Publishers.','5106');
INSERT INTO `entry`(`entryid`,`type`) VALUES('5107','b');
INSERT INTO `book`(`title`,`entryid`,`isbn`,`type`) VALUES('Creature with the pissed Comparison','5107','0000019172122','j');
INSERT INTO `genre_book`(`genre`, `entryid`) VALUES ('Horror','5107');
INSERT INTO `author_book`(`author`, `entryid`) VALUES ('Buck Richel','5107');
INSERT INTO `publisher_book`(`publisher`, `entryid`) VALUES ('Mominee Inc.','5107');
INSERT INTO `entry`(`entryid`,`type`) VALUES('5108','b');
INSERT INTO `book`(`title`,`entryid`,`isbn`,`type`) VALUES('Key to Ukrainian','5108','9276836290017','e');
INSERT INTO `genre_book`(`genre`, `entryid`) VALUES ('Education','5108');
INSERT INTO `author_book`(`author`, `entryid`) VALUES ('Carlota Dahlhauser','5108');
INSERT INTO `publisher_book`(`publisher`, `entryid`) VALUES ('Sollis Inc.','5108');
INSERT INTO `entry`(`entryid`,`type`) VALUES('5109','b');
INSERT INTO `book`(`title`,`entryid`,`isbn`,`type`) VALUES('Hub in inflectionless Space','5109','0735393079735','j');
INSERT INTO `genre_book`(`genre`, `entryid`) VALUES ('Horror','5109');
INSERT INTO `author_book`(`author`, `entryid`) VALUES ('Estrella Gruca','5109');
INSERT INTO `publisher_book`(`publisher`, `entryid`) VALUES ('Tutoky Cooperations.','5109');
INSERT INTO `entry`(`entryid`,`type`) VALUES('5110','b');
INSERT INTO `book`(`title`,`entryid`,`isbn`,`type`) VALUES('Comfort against the yolky Bookcase','5110','0096852005823','b');
INSERT INTO `genre_book`(`genre`, `entryid`) VALUES ('Adventure','5110');
INSERT INTO `author_book`(`author`, `entryid`) VALUES ('Agustina Sobczyk','5110');
INSERT INTO `publisher_book`(`publisher`, `entryid`) VALUES ('Stallman Inc.','5110');
INSERT INTO `entry`(`entryid`,`type`) VALUES('5111','b');
INSERT INTO `book`(`title`,`entryid`,`isbn`,`type`) VALUES('Fibre and the Frame','5111','9576251545985','j');
INSERT INTO `genre_book`(`genre`, `entryid`) VALUES ('Thriller','5111');
INSERT INTO `author_book`(`author`, `entryid`) VALUES ('Kerry Willams','5111');
INSERT INTO `publisher_book`(`publisher`, `entryid`) VALUES ('Reshard Cooperations.','5111');
INSERT INTO `entry`(`entryid`,`type`) VALUES('5112','b');
INSERT INTO `book`(`title`,`entryid`,`isbn`,`type`) VALUES('Base in spouting Jury','5112','9051809321483','b');
INSERT INTO `genre_book`(`genre`, `entryid`) VALUES ('Sci-Fi','5112');
INSERT INTO `author_book`(`author`, `entryid`) VALUES ('Bruna Hopkinson','5112');
INSERT INTO `publisher_book`(`publisher`, `entryid`) VALUES ('Yazzi Publishers.','5112');
INSERT INTO `entry`(`entryid`,`type`) VALUES('5113','b');
INSERT INTO `book`(`title`,`entryid`,`isbn`,`type`) VALUES('Hemp with Icicle','5113','0880886907756','j');
INSERT INTO `genre_book`(`genre`, `entryid`) VALUES ('Thriller','5113');
INSERT INTO `author_book`(`author`, `entryid`) VALUES ('Garnet Hopping','5113');
INSERT INTO `publisher_book`(`publisher`, `entryid`) VALUES ('Dingson Publishers.','5113');
INSERT INTO `entry`(`entryid`,`type`) VALUES('5114','b');
INSERT INTO `book`(`title`,`entryid`,`isbn`,`type`) VALUES('Nation to xenophobic Cone','5114','9105707121002','e');
INSERT INTO `genre_book`(`genre`, `entryid`) VALUES ('Horror','5114');
INSERT INTO `author_book`(`author`, `entryid`) VALUES ('Natalie Wnuk','5114');
INSERT INTO `publisher_book`(`publisher`, `entryid`) VALUES ('Fendt Publishers.','5114');
INSERT INTO `entry`(`entryid`,`type`) VALUES('5115','b');
INSERT INTO `book`(`title`,`entryid`,`isbn`,`type`) VALUES('Charles and Experience','5115','9559409830326','j');
INSERT INTO `genre_book`(`genre`, `entryid`) VALUES ('Romance','5115');
INSERT INTO `author`(`name`,`birthyear`,`deathyear`) VALUES('Von Antoniuk','1944','1995');
INSERT INTO `author_book`(`author`, `entryid`) VALUES ('Von Antoniuk','5115');
INSERT INTO `publisher_book`(`publisher`, `entryid`) VALUES ('Storbeck Inc.','5115');
INSERT INTO `entry`(`entryid`,`type`) VALUES('5116','b');
INSERT INTO `book`(`title`,`entryid`,`isbn`,`type`) VALUES('Bear of the Cost','5116','0221703786871','e');
INSERT INTO `genre_book`(`genre`, `entryid`) VALUES ('Horror','5116');
INSERT INTO `author_book`(`author`, `entryid`) VALUES ('Kendrick Brass','5116');
INSERT INTO `publisher_book`(`publisher`, `entryid`) VALUES ('Six Publishers.','5116');
INSERT INTO `entry`(`entryid`,`type`) VALUES('5117','b');
INSERT INTO `book`(`title`,`entryid`,`isbn`,`type`) VALUES('Prepared and the minute Carnation','5117','0778600948582','e');
INSERT INTO `genre_book`(`genre`, `entryid`) VALUES ('Science','5117');
INSERT INTO `author_book`(`author`, `entryid`) VALUES ('Catrina Heckathorn','5117');
INSERT INTO `publisher_book`(`publisher`, `entryid`) VALUES ('Trumbo Publishers.','5117');
INSERT INTO `entry`(`entryid`,`type`) VALUES('5118','b');
INSERT INTO `book`(`title`,`entryid`,`isbn`,`type`) VALUES('Sword to the addressable Toenail','5118','9628945461972','b');
INSERT INTO `genre_book`(`genre`, `entryid`) VALUES ('Horror','5118');
INSERT INTO `author`(`name`,`birthyear`,`deathyear`) VALUES('Issac Burdin','1896','1934');
INSERT INTO `author_book`(`author`, `entryid`) VALUES ('Issac Burdin','5118');
INSERT INTO `publisher_book`(`publisher`, `entryid`) VALUES ('Gasior Cooperations.','5118');
INSERT INTO `entry`(`entryid`,`type`) VALUES('5119','b');
INSERT INTO `book`(`title`,`entryid`,`isbn`,`type`) VALUES('Relish of illegible Relation','5119','9582010088469','e');
INSERT INTO `genre_book`(`genre`, `entryid`) VALUES ('Romance','5119');
INSERT INTO `author_book`(`author`, `entryid`) VALUES ('Liana Every','5119');
INSERT INTO `publisher_book`(`publisher`, `entryid`) VALUES ('Manzanero Inc.','5119');
INSERT INTO `entry`(`entryid`,`type`) VALUES('5120','b');
INSERT INTO `book`(`title`,`entryid`,`isbn`,`type`) VALUES('Begonia in the sporting Font','5120','9120260648552','e');
INSERT INTO `genre_book`(`genre`, `entryid`) VALUES ('Sci-Fi','5120');
INSERT INTO `author_book`(`author`, `entryid`) VALUES ('Susana Reiland','5120');
INSERT INTO `publisher_book`(`publisher`, `entryid`) VALUES ('Fenceroy Publishers.','5120');
INSERT INTO `entry`(`entryid`,`type`) VALUES('5121','b');
INSERT INTO `book`(`title`,`entryid`,`isbn`,`type`) VALUES('Rainbow with Perch','5121','0611932291471','j');
INSERT INTO `genre_book`(`genre`, `entryid`) VALUES ('Romance','5121');
INSERT INTO `author_book`(`author`, `entryid`) VALUES ('Irwin Dasovich','5121');
INSERT INTO `publisher_book`(`publisher`, `entryid`) VALUES ('Withfield Inc.','5121');
INSERT INTO `entry`(`entryid`,`type`) VALUES('5122','b');
INSERT INTO `book`(`title`,`entryid`,`isbn`,`type`) VALUES('Cornet to hypalgesic Light','5122','0866603792058','e');
INSERT INTO `genre_book`(`genre`, `entryid`) VALUES ('Thriller','5122');
INSERT INTO `author`(`name`,`birthyear`,`deathyear`) VALUES('Summer Chacko','1888','1971');
INSERT INTO `author_book`(`author`, `entryid`) VALUES ('Summer Chacko','5122');
INSERT INTO `publisher_book`(`publisher`, `entryid`) VALUES ('Malovich Inc.','5122');
INSERT INTO `entry`(`entryid`,`type`) VALUES('5123','b');
INSERT INTO `book`(`title`,`entryid`,`isbn`,`type`) VALUES('Tip of testiculate Silica','5123','9254829533457','e');
INSERT INTO `genre_book`(`genre`, `entryid`) VALUES ('Romance','5123');
INSERT INTO `author_book`(`author`, `entryid`) VALUES ('Charlott Boos','5123');
INSERT INTO `publisher_book`(`publisher`, `entryid`) VALUES ('Mandril Inc.','5123');
INSERT INTO `entry`(`entryid`,`type`) VALUES('5124','b');
INSERT INTO `book`(`title`,`entryid`,`isbn`,`type`) VALUES('Whale against insulting Witness','5124','0143850505298','j');
INSERT INTO `genre_book`(`genre`, `entryid`) VALUES ('Sci-Fi','5124');
INSERT INTO `author_book`(`author`, `entryid`) VALUES ('Rossie Anneler','5124');
INSERT INTO `publisher_book`(`publisher`, `entryid`) VALUES ('Kressierer Inc.','5124');
INSERT INTO `entry`(`entryid`,`type`) VALUES('5125','b');
INSERT INTO `book`(`title`,`entryid`,`isbn`,`type`) VALUES('Card with Lake','5125','9122895149204','j');
INSERT INTO `genre_book`(`genre`, `entryid`) VALUES ('Romance','5125');
INSERT INTO `author_book`(`author`, `entryid`) VALUES ('Eva Moya','5125');
INSERT INTO `publisher_book`(`publisher`, `entryid`) VALUES ('Trumbo Publishers.','5125');
INSERT INTO `entry`(`entryid`,`type`) VALUES('5126','b');
INSERT INTO `book`(`title`,`entryid`,`isbn`,`type`) VALUES('Direction against self-assertive Beet','5126','9217239027184','j');
INSERT INTO `genre_book`(`genre`, `entryid`) VALUES ('Thriller','5126');
INSERT INTO `author_book`(`author`, `entryid`) VALUES ('Lesha Burriesci','5126');
INSERT INTO `publisher_book`(`publisher`, `entryid`) VALUES ('Pudenz Inc.','5126');
INSERT INTO `entry`(`entryid`,`type`) VALUES('5127','b');
INSERT INTO `book`(`title`,`entryid`,`isbn`,`type`) VALUES('Dredger by the unstooping Eye','5127','9087842474608','e');
INSERT INTO `genre_book`(`genre`, `entryid`) VALUES ('Sci-Fi','5127');
INSERT INTO `author`(`name`,`birthyear`,`deathyear`) VALUES('Loraine Livi','1972','2038');
INSERT INTO `author_book`(`author`, `entryid`) VALUES ('Loraine Livi','5127');
INSERT INTO `publisher_book`(`publisher`, `entryid`) VALUES ('Litwin Publishers.','5127');
INSERT INTO `entry`(`entryid`,`type`) VALUES('5128','b');
INSERT INTO `book`(`title`,`entryid`,`isbn`,`type`) VALUES('Horn against Court','5128','0956681962223','e');
INSERT INTO `genre_book`(`genre`, `entryid`) VALUES ('Sci-Fi','5128');
INSERT INTO `author_book`(`author`, `entryid`) VALUES ('Otto Fletes','5128');
INSERT INTO `publisher_book`(`publisher`, `entryid`) VALUES ('Hodgeman Inc.','5128');
INSERT INTO `entry`(`entryid`,`type`) VALUES('5129','b');
INSERT INTO `book`(`title`,`entryid`,`isbn`,`type`) VALUES('Liquid and the Text','5129','0134303397352','j');
INSERT INTO `genre_book`(`genre`, `entryid`) VALUES ('Horror','5129');
INSERT INTO `author_book`(`author`, `entryid`) VALUES ('Werner Fudala','5129');
INSERT INTO `publisher_book`(`publisher`, `entryid`) VALUES ('Hendershott Publishers.','5129');
INSERT INTO `entry`(`entryid`,`type`) VALUES('5130','b');
INSERT INTO `book`(`title`,`entryid`,`isbn`,`type`) VALUES('Error vs. Thursday','5130','0618036976799','j');
INSERT INTO `genre_book`(`genre`, `entryid`) VALUES ('Horror','5130');
INSERT INTO `author_book`(`author`, `entryid`) VALUES ('Adella Elsa','5130');
INSERT INTO `publisher_book`(`publisher`, `entryid`) VALUES ('Roux Publishers.','5130');
INSERT INTO `entry`(`entryid`,`type`) VALUES('5131','b');
INSERT INTO `book`(`title`,`entryid`,`isbn`,`type`) VALUES('Slash with megalopolitan Stopwatch','5131','9212038155242','j');
INSERT INTO `genre_book`(`genre`, `entryid`) VALUES ('Thriller','5131');
INSERT INTO `author_book`(`author`, `entryid`) VALUES ('Mozelle Scopa','5131');
INSERT INTO `publisher_book`(`publisher`, `entryid`) VALUES ('Moritz Cooperations.','5131');
INSERT INTO `entry`(`entryid`,`type`) VALUES('5132','b');
INSERT INTO `book`(`title`,`entryid`,`isbn`,`type`) VALUES('Argentina by Radio','5132','0007964373102','b');
INSERT INTO `genre_book`(`genre`, `entryid`) VALUES ('Science','5132');
INSERT INTO `author_book`(`author`, `entryid`) VALUES ('Gianna Laffredo','5132');
INSERT INTO `publisher_book`(`publisher`, `entryid`) VALUES ('Woodward Publishers.','5132');
INSERT INTO `entry`(`entryid`,`type`) VALUES('5133','b');
INSERT INTO `book`(`title`,`entryid`,`isbn`,`type`) VALUES('Taxi of the uneconomical Handle','5133','9380239613967','e');
INSERT INTO `genre_book`(`genre`, `entryid`) VALUES ('Horror','5133');
INSERT INTO `author_book`(`author`, `entryid`) VALUES ('Tawana Yearta','5133');
INSERT INTO `publisher_book`(`publisher`, `entryid`) VALUES ('Dingson Publishers.','5133');
INSERT INTO `entry`(`entryid`,`type`) VALUES('5134','b');
INSERT INTO `book`(`title`,`entryid`,`isbn`,`type`) VALUES('Ravioli against the self-drive Taxicab','5134','9274750161874','e');
INSERT INTO `genre_book`(`genre`, `entryid`) VALUES ('Horror','5134');
INSERT INTO `author_book`(`author`, `entryid`) VALUES ('Marylyn Chaisty','5134');
INSERT INTO `publisher_book`(`publisher`, `entryid`) VALUES ('Montalvan Inc.','5134');
INSERT INTO `entry`(`entryid`,`type`) VALUES('5135','b');
INSERT INTO `book`(`title`,`entryid`,`isbn`,`type`) VALUES('Jumper vs. coronary Perch','5135','0959825098710','j');
INSERT INTO `genre_book`(`genre`, `entryid`) VALUES ('Romance','5135');
INSERT INTO `author_book`(`author`, `entryid`) VALUES ('Debora Velzy','5135');
INSERT INTO `publisher_book`(`publisher`, `entryid`) VALUES ('Saska Publishers.','5135');
INSERT INTO `entry`(`entryid`,`type`) VALUES('5136','b');
INSERT INTO `book`(`title`,`entryid`,`isbn`,`type`) VALUES('Bibliography for the Era','5136','0409812866844','e');
INSERT INTO `genre_book`(`genre`, `entryid`) VALUES ('Sci-Fi','5136');
INSERT INTO `author_book`(`author`, `entryid`) VALUES ('Christoper Reos','5136');
INSERT INTO `publisher_book`(`publisher`, `entryid`) VALUES ('Arroyd Inc.','5136');
INSERT INTO `entry`(`entryid`,`type`) VALUES('5137','b');
INSERT INTO `book`(`title`,`entryid`,`isbn`,`type`) VALUES('Wrist for the Pan','5137','9865380941492','b');
INSERT INTO `genre_book`(`genre`, `entryid`) VALUES ('Adventure','5137');
INSERT INTO `author_book`(`author`, `entryid`) VALUES ('Moses Tarrant','5137');
INSERT INTO `publisher_book`(`publisher`, `entryid`) VALUES ('Coreas Inc.','5137');
INSERT INTO `entry`(`entryid`,`type`) VALUES('5138','b');
INSERT INTO `book`(`title`,`entryid`,`isbn`,`type`) VALUES('Case in the Uganda','5138','9702092368463','b');
INSERT INTO `genre_book`(`genre`, `entryid`) VALUES ('Science','5138');
INSERT INTO `author_book`(`author`, `entryid`) VALUES ('James Becher','5138');
INSERT INTO `publisher_book`(`publisher`, `entryid`) VALUES ('Marcelino Inc.','5138');
INSERT INTO `entry`(`entryid`,`type`) VALUES('5139','b');
INSERT INTO `book`(`title`,`entryid`,`isbn`,`type`) VALUES('Lute and Copyright','5139','9118865055894','e');
INSERT INTO `genre_book`(`genre`, `entryid`) VALUES ('Adventure','5139');
INSERT INTO `author_book`(`author`, `entryid`) VALUES ('Taylor Sopko','5139');
INSERT INTO `publisher_book`(`publisher`, `entryid`) VALUES ('Lucious Publishers.','5139');
INSERT INTO `entry`(`entryid`,`type`) VALUES('5140','b');
INSERT INTO `book`(`title`,`entryid`,`isbn`,`type`) VALUES('Syrup of the Hand','5140','9926760633994','j');
INSERT INTO `genre_book`(`genre`, `entryid`) VALUES ('Adventure','5140');
INSERT INTO `author_book`(`author`, `entryid`) VALUES ('Roscoe Donathan','5140');
INSERT INTO `publisher_book`(`publisher`, `entryid`) VALUES ('Munaz Publishers.','5140');
INSERT INTO `entry`(`entryid`,`type`) VALUES('5141','b');
INSERT INTO `book`(`title`,`entryid`,`isbn`,`type`) VALUES('Maple with the bitten Belgian','5141','0313136991581','e');
INSERT INTO `genre_book`(`genre`, `entryid`) VALUES ('Science','5141');
INSERT INTO `author_book`(`author`, `entryid`) VALUES ('Ena Toto','5141');
INSERT INTO `publisher_book`(`publisher`, `entryid`) VALUES ('Tegarden Publishers.','5141');
INSERT INTO `entry`(`entryid`,`type`) VALUES('5142','b');
INSERT INTO `book`(`title`,`entryid`,`isbn`,`type`) VALUES('Okra by Exhaust','5142','9240462903960','e');
INSERT INTO `genre_book`(`genre`, `entryid`) VALUES ('Horror','5142');
INSERT INTO `author`(`name`,`birthyear`,`deathyear`) VALUES('Emory Neiger','1897','1993');
INSERT INTO `author_book`(`author`, `entryid`) VALUES ('Emory Neiger','5142');
INSERT INTO `publisher_book`(`publisher`, `entryid`) VALUES ('Todaro Cooperations.','5142');
INSERT INTO `entry`(`entryid`,`type`) VALUES('5143','b');
INSERT INTO `book`(`title`,`entryid`,`isbn`,`type`) VALUES('Closet of upgrade Throat','5143','9103944112633','b');
INSERT INTO `genre_book`(`genre`, `entryid`) VALUES ('Education','5143');
INSERT INTO `author_book`(`author`, `entryid`) VALUES ('Mathew Idrovo','5143');
INSERT INTO `publisher_book`(`publisher`, `entryid`) VALUES ('Warnock Cooperations.','5143');
INSERT INTO `entry`(`entryid`,`type`) VALUES('5144','b');
INSERT INTO `book`(`title`,`entryid`,`isbn`,`type`) VALUES('Chest against the Dry','5144','9651611628499','e');
INSERT INTO `genre_book`(`genre`, `entryid`) VALUES ('Romance','5144');
INSERT INTO `author_book`(`author`, `entryid`) VALUES ('Meaghan Crace','5144');
INSERT INTO `publisher_book`(`publisher`, `entryid`) VALUES ('Nemani Cooperations.','5144');
INSERT INTO `entry`(`entryid`,`type`) VALUES('5145','b');
INSERT INTO `book`(`title`,`entryid`,`isbn`,`type`) VALUES('Loan of the Popcorn','5145','0288430617564','j');
INSERT INTO `genre_book`(`genre`, `entryid`) VALUES ('Science','5145');
INSERT INTO `author_book`(`author`, `entryid`) VALUES ('Deandre Pankhurst','5145');
INSERT INTO `publisher_book`(`publisher`, `entryid`) VALUES ('Luangamath Inc.','5145');
INSERT INTO `entry`(`entryid`,`type`) VALUES('5146','b');
INSERT INTO `book`(`title`,`entryid`,`isbn`,`type`) VALUES('Fisherman of the Teller','5146','9544313521967','e');
INSERT INTO `genre_book`(`genre`, `entryid`) VALUES ('Romance','5146');
INSERT INTO `author_book`(`author`, `entryid`) VALUES ('An Traxson','5146');
INSERT INTO `publisher_book`(`publisher`, `entryid`) VALUES ('Trobaugh Publishers.','5146');
INSERT INTO `entry`(`entryid`,`type`) VALUES('5147','b');
INSERT INTO `book`(`title`,`entryid`,`isbn`,`type`) VALUES('Egypt of the carsick Cut','5147','0016749117707','e');
INSERT INTO `genre_book`(`genre`, `entryid`) VALUES ('Sci-Fi','5147');
INSERT INTO `author_book`(`author`, `entryid`) VALUES ('Ladawn Catoire','5147');
INSERT INTO `publisher_book`(`publisher`, `entryid`) VALUES ('Takemoto Inc.','5147');
INSERT INTO `entry`(`entryid`,`type`) VALUES('5148','b');
INSERT INTO `book`(`title`,`entryid`,`isbn`,`type`) VALUES('Salmon in orient Furniture','5148','9167251647439','j');
INSERT INTO `genre_book`(`genre`, `entryid`) VALUES ('Thriller','5148');
INSERT INTO `author_book`(`author`, `entryid`) VALUES ('Hector Cawon','5148');
INSERT INTO `publisher_book`(`publisher`, `entryid`) VALUES ('Dewolff Cooperations.','5148');
INSERT INTO `entry`(`entryid`,`type`) VALUES('5149','b');
INSERT INTO `book`(`title`,`entryid`,`isbn`,`type`) VALUES('Move vs. antiviral Sunflower','5149','0583456317843','b');
INSERT INTO `genre_book`(`genre`, `entryid`) VALUES ('Horror','5149');
INSERT INTO `author_book`(`author`, `entryid`) VALUES ('Ayako Purdue','5149');
INSERT INTO `publisher_book`(`publisher`, `entryid`) VALUES ('Nuzum Inc.','5149');
INSERT INTO `entry`(`entryid`,`type`) VALUES('5150','b');
INSERT INTO `book`(`title`,`entryid`,`isbn`,`type`) VALUES('Ship by Vein','5150','0975894844560','b');
INSERT INTO `genre_book`(`genre`, `entryid`) VALUES ('Horror','5150');
INSERT INTO `author_book`(`author`, `entryid`) VALUES ('Meda Kuman','5150');
INSERT INTO `publisher_book`(`publisher`, `entryid`) VALUES ('Argrave Publishers.','5150');
INSERT INTO `entry`(`entryid`,`type`) VALUES('5151','b');
INSERT INTO `book`(`title`,`entryid`,`isbn`,`type`) VALUES('Starter to the sundry Tub','5151','0957163132473','b');
INSERT INTO `genre_book`(`genre`, `entryid`) VALUES ('Romance','5151');
INSERT INTO `author`(`name`,`birthyear`,`deathyear`) VALUES('Dannielle Montford','1898','1985');
INSERT INTO `author_book`(`author`, `entryid`) VALUES ('Dannielle Montford','5151');
INSERT INTO `publisher_book`(`publisher`, `entryid`) VALUES ('Allocca Cooperations.','5151');
INSERT INTO `entry`(`entryid`,`type`) VALUES('5152','b');
INSERT INTO `book`(`title`,`entryid`,`isbn`,`type`) VALUES('Hate vs. predestinarian Friction','5152','0313698748744','b');
INSERT INTO `genre_book`(`genre`, `entryid`) VALUES ('Sci-Fi','5152');
INSERT INTO `author_book`(`author`, `entryid`) VALUES ('Audrey Remington','5152');
INSERT INTO `publisher_book`(`publisher`, `entryid`) VALUES ('Seta Inc.','5152');
INSERT INTO `entry`(`entryid`,`type`) VALUES('5153','b');
INSERT INTO `book`(`title`,`entryid`,`isbn`,`type`) VALUES('Luttuce against the Grill','5153','9273903372213','b');
INSERT INTO `genre_book`(`genre`, `entryid`) VALUES ('Sci-Fi','5153');
INSERT INTO `author_book`(`author`, `entryid`) VALUES ('Eva Moya','5153');
INSERT INTO `publisher_book`(`publisher`, `entryid`) VALUES ('Duhon Publishers.','5153');
INSERT INTO `entry`(`entryid`,`type`) VALUES('5154','b');
INSERT INTO `book`(`title`,`entryid`,`isbn`,`type`) VALUES('Crayfish vs. Makeup','5154','0422510389542','e');
INSERT INTO `genre_book`(`genre`, `entryid`) VALUES ('Education','5154');
INSERT INTO `author_book`(`author`, `entryid`) VALUES ('Caterina Santacruz','5154');
INSERT INTO `publisher_book`(`publisher`, `entryid`) VALUES ('Dubrey Cooperations.','5154');
INSERT INTO `entry`(`entryid`,`type`) VALUES('5155','b');
INSERT INTO `book`(`title`,`entryid`,`isbn`,`type`) VALUES('Anatomy against uncouth Bar','5155','9155801580164','b');
INSERT INTO `genre_book`(`genre`, `entryid`) VALUES ('Education','5155');
INSERT INTO `author_book`(`author`, `entryid`) VALUES ('Temika Dauria','5155');
INSERT INTO `publisher_book`(`publisher`, `entryid`) VALUES ('Schap Publishers.','5155');
INSERT INTO `entry`(`entryid`,`type`) VALUES('5156','b');
INSERT INTO `book`(`title`,`entryid`,`isbn`,`type`) VALUES('Wrinkle in the Finger','5156','9311024135699','e');
INSERT INTO `genre_book`(`genre`, `entryid`) VALUES ('Sci-Fi','5156');
INSERT INTO `author_book`(`author`, `entryid`) VALUES ('Lavon Payna','5156');
INSERT INTO `publisher_book`(`publisher`, `entryid`) VALUES ('Briley Publishers.','5156');
INSERT INTO `entry`(`entryid`,`type`) VALUES('5157','b');
INSERT INTO `book`(`title`,`entryid`,`isbn`,`type`) VALUES('Christmas vs. ambulant Veterinarian','5157','0383762580664','j');
INSERT INTO `genre_book`(`genre`, `entryid`) VALUES ('Thriller','5157');
INSERT INTO `author_book`(`author`, `entryid`) VALUES ('Petra Pageau','5157');
INSERT INTO `publisher_book`(`publisher`, `entryid`) VALUES ('Davalos Inc.','5157');
INSERT INTO `entry`(`entryid`,`type`) VALUES('5158','b');
INSERT INTO `book`(`title`,`entryid`,`isbn`,`type`) VALUES('Grease for the Whip','5158','0802728765163','e');
INSERT INTO `genre_book`(`genre`, `entryid`) VALUES ('Science','5158');
INSERT INTO `author_book`(`author`, `entryid`) VALUES ('Sanjuana Reller','5158');
INSERT INTO `publisher_book`(`publisher`, `entryid`) VALUES ('Schwamberger Inc.','5158');
INSERT INTO `entry`(`entryid`,`type`) VALUES('5159','b');
INSERT INTO `book`(`title`,`entryid`,`isbn`,`type`) VALUES('Baritone vs. Romania','5159','9487000652518','b');
INSERT INTO `genre_book`(`genre`, `entryid`) VALUES ('Education','5159');
INSERT INTO `author_book`(`author`, `entryid`) VALUES ('Norris Cogen','5159');
INSERT INTO `publisher_book`(`publisher`, `entryid`) VALUES ('Yasurek Cooperations.','5159');
INSERT INTO `entry`(`entryid`,`type`) VALUES('5160','b');
INSERT INTO `book`(`title`,`entryid`,`isbn`,`type`) VALUES('Education of Waiter','5160','9092488232932','j');
INSERT INTO `genre_book`(`genre`, `entryid`) VALUES ('Science','5160');
INSERT INTO `author_book`(`author`, `entryid`) VALUES ('Jocelyn Daguio','5160');
INSERT INTO `publisher_book`(`publisher`, `entryid`) VALUES ('Sunder Publishers.','5160');
INSERT INTO `entry`(`entryid`,`type`) VALUES('5161','b');
INSERT INTO `book`(`title`,`entryid`,`isbn`,`type`) VALUES('Purchase against combatant Path','5161','9479634217700','j');
INSERT INTO `genre_book`(`genre`, `entryid`) VALUES ('Sci-Fi','5161');
INSERT INTO `author_book`(`author`, `entryid`) VALUES ('Tomiko Kuehnel','5161');
INSERT INTO `publisher_book`(`publisher`, `entryid`) VALUES ('Maury Publishers.','5161');
INSERT INTO `entry`(`entryid`,`type`) VALUES('5162','b');
INSERT INTO `book`(`title`,`entryid`,`isbn`,`type`) VALUES('Plaster in chummy Fibre','5162','0886553080743','b');
INSERT INTO `genre_book`(`genre`, `entryid`) VALUES ('Adventure','5162');
INSERT INTO `author_book`(`author`, `entryid`) VALUES ('Tawny Dunavant','5162');
INSERT INTO `publisher_book`(`publisher`, `entryid`) VALUES ('Storbeck Inc.','5162');
INSERT INTO `entry`(`entryid`,`type`) VALUES('5163','b');
INSERT INTO `book`(`title`,`entryid`,`isbn`,`type`) VALUES('Bay of the Berry','5163','9076789455070','e');
INSERT INTO `genre_book`(`genre`, `entryid`) VALUES ('Thriller','5163');
INSERT INTO `author_book`(`author`, `entryid`) VALUES ('Lesley Fransisco','5163');
INSERT INTO `publisher_book`(`publisher`, `entryid`) VALUES ('Happe Publishers.','5163');
INSERT INTO `entry`(`entryid`,`type`) VALUES('5164','b');
INSERT INTO `book`(`title`,`entryid`,`isbn`,`type`) VALUES('Mosquito and ireful Sweatshop','5164','0421349696192','e');
INSERT INTO `genre_book`(`genre`, `entryid`) VALUES ('Horror','5164');
INSERT INTO `author_book`(`author`, `entryid`) VALUES ('Johana Maag','5164');
INSERT INTO `publisher_book`(`publisher`, `entryid`) VALUES ('Meacham Cooperations.','5164');
INSERT INTO `entry`(`entryid`,`type`) VALUES('5165','b');
INSERT INTO `book`(`title`,`entryid`,`isbn`,`type`) VALUES('Pillow by Bail','5165','0223519481143','b');
INSERT INTO `genre_book`(`genre`, `entryid`) VALUES ('Education','5165');
INSERT INTO `author_book`(`author`, `entryid`) VALUES ('Shawnee Schnitker','5165');
INSERT INTO `publisher_book`(`publisher`, `entryid`) VALUES ('Cobden Publishers.','5165');
INSERT INTO `entry`(`entryid`,`type`) VALUES('5166','b');
INSERT INTO `book`(`title`,`entryid`,`isbn`,`type`) VALUES('Afterthought and hypnogenetic Character','5166','0632244278627','b');
INSERT INTO `genre_book`(`genre`, `entryid`) VALUES ('Science','5166');
INSERT INTO `author`(`name`,`birthyear`,`deathyear`) VALUES('Jaymie Allen','1957','1977');
INSERT INTO `author_book`(`author`, `entryid`) VALUES ('Jaymie Allen','5166');
INSERT INTO `publisher_book`(`publisher`, `entryid`) VALUES ('Yonkers Cooperations.','5166');
INSERT INTO `entry`(`entryid`,`type`) VALUES('5167','b');
INSERT INTO `book`(`title`,`entryid`,`isbn`,`type`) VALUES('Attention against the uncontentious Stretch','5167','9357339644488','b');
INSERT INTO `genre_book`(`genre`, `entryid`) VALUES ('Science','5167');
INSERT INTO `author_book`(`author`, `entryid`) VALUES ('Kathe Hernon','5167');
INSERT INTO `publisher_book`(`publisher`, `entryid`) VALUES ('Gasser Publishers.','5167');
INSERT INTO `entry`(`entryid`,`type`) VALUES('5168','b');
INSERT INTO `book`(`title`,`entryid`,`isbn`,`type`) VALUES('Machine because of Sagittarius','5168','9861382458097','e');
INSERT INTO `genre_book`(`genre`, `entryid`) VALUES ('Sci-Fi','5168');
INSERT INTO `author_book`(`author`, `entryid`) VALUES ('Shani Geoffrey','5168');
INSERT INTO `publisher_book`(`publisher`, `entryid`) VALUES ('Filyan Inc.','5168');
INSERT INTO `entry`(`entryid`,`type`) VALUES('5169','b');
INSERT INTO `book`(`title`,`entryid`,`isbn`,`type`) VALUES('Insect for Vinyl','5169','9482663077925','j');
INSERT INTO `genre_book`(`genre`, `entryid`) VALUES ('Horror','5169');
INSERT INTO `author`(`name`,`birthyear`,`deathyear`) VALUES('Palma Linker','1966','1989');
INSERT INTO `author_book`(`author`, `entryid`) VALUES ('Palma Linker','5169');
INSERT INTO `publisher_book`(`publisher`, `entryid`) VALUES ('Hamnon Publishers.','5169');
INSERT INTO `entry`(`entryid`,`type`) VALUES('5170','b');
INSERT INTO `book`(`title`,`entryid`,`isbn`,`type`) VALUES('Dime against negligible Chest','5170','9347486926539','b');
INSERT INTO `genre_book`(`genre`, `entryid`) VALUES ('Adventure','5170');
INSERT INTO `author_book`(`author`, `entryid`) VALUES ('Theda Lanford','5170');
INSERT INTO `publisher_book`(`publisher`, `entryid`) VALUES ('Lucious Publishers.','5170');
INSERT INTO `entry`(`entryid`,`type`) VALUES('5171','b');
INSERT INTO `book`(`title`,`entryid`,`isbn`,`type`) VALUES('Cocktail to the Cactus','5171','9043798612378','j');
INSERT INTO `genre_book`(`genre`, `entryid`) VALUES ('Science','5171');
INSERT INTO `author_book`(`author`, `entryid`) VALUES ('Clinton Husson','5171');
INSERT INTO `publisher_book`(`publisher`, `entryid`) VALUES ('Ellett Publishers.','5171');
INSERT INTO `entry`(`entryid`,`type`) VALUES('5172','b');
INSERT INTO `book`(`title`,`entryid`,`isbn`,`type`) VALUES('Event and the psychographic Substance','5172','9591782992624','b');
INSERT INTO `genre_book`(`genre`, `entryid`) VALUES ('Science','5172');
INSERT INTO `author_book`(`author`, `entryid`) VALUES ('Stephanie Brez','5172');
INSERT INTO `publisher_book`(`publisher`, `entryid`) VALUES ('Rohanna Publishers.','5172');
INSERT INTO `entry`(`entryid`,`type`) VALUES('5173','b');
INSERT INTO `book`(`title`,`entryid`,`isbn`,`type`) VALUES('Grenade for the mercantilism Helen','5173','9009072452683','j');
INSERT INTO `genre_book`(`genre`, `entryid`) VALUES ('Sci-Fi','5173');
INSERT INTO `author_book`(`author`, `entryid`) VALUES ('Clyde Riggens','5173');
INSERT INTO `publisher_book`(`publisher`, `entryid`) VALUES ('Feigh Cooperations.','5173');
INSERT INTO `entry`(`entryid`,`type`) VALUES('5174','b');
INSERT INTO `book`(`title`,`entryid`,`isbn`,`type`) VALUES('Harmony of Fuel','5174','0779210478187','e');
INSERT INTO `genre_book`(`genre`, `entryid`) VALUES ('Thriller','5174');
INSERT INTO `author_book`(`author`, `entryid`) VALUES ('Inocencia Shutes','5174');
INSERT INTO `publisher_book`(`publisher`, `entryid`) VALUES ('Arone Inc.','5174');
INSERT INTO `entry`(`entryid`,`type`) VALUES('5175','b');
INSERT INTO `book`(`title`,`entryid`,`isbn`,`type`) VALUES('Fisherman with the Thrill','5175','0913512048545','j');
INSERT INTO `genre_book`(`genre`, `entryid`) VALUES ('Romance','5175');
INSERT INTO `author`(`name`,`birthyear`,`deathyear`) VALUES('Kathie Mansel','1943','2023');
INSERT INTO `author_book`(`author`, `entryid`) VALUES ('Kathie Mansel','5175');
INSERT INTO `publisher_book`(`publisher`, `entryid`) VALUES ('Bronk Cooperations.','5175');
INSERT INTO `entry`(`entryid`,`type`) VALUES('5176','b');
INSERT INTO `book`(`title`,`entryid`,`isbn`,`type`) VALUES('Offence against the haloid Apartment','5176','0042315764261','e');
INSERT INTO `genre_book`(`genre`, `entryid`) VALUES ('Thriller','5176');
INSERT INTO `author_book`(`author`, `entryid`) VALUES ('Patricia Gochnour','5176');
INSERT INTO `publisher_book`(`publisher`, `entryid`) VALUES ('Stjohn Publishers.','5176');
INSERT INTO `entry`(`entryid`,`type`) VALUES('5177','b');
INSERT INTO `book`(`title`,`entryid`,`isbn`,`type`) VALUES('Ink for Course','5177','0036534874706','b');
INSERT INTO `genre_book`(`genre`, `entryid`) VALUES ('Adventure','5177');
INSERT INTO `author_book`(`author`, `entryid`) VALUES ('Danette Feirer','5177');
INSERT INTO `publisher_book`(`publisher`, `entryid`) VALUES ('Bronk Cooperations.','5177');
INSERT INTO `entry`(`entryid`,`type`) VALUES('5178','b');
INSERT INTO `book`(`title`,`entryid`,`isbn`,`type`) VALUES('Hair of Apple','5178','9258051663664','e');
INSERT INTO `genre_book`(`genre`, `entryid`) VALUES ('Horror','5178');
INSERT INTO `author_book`(`author`, `entryid`) VALUES ('Sonia Finklea','5178');
INSERT INTO `publisher_book`(`publisher`, `entryid`) VALUES ('Siver Publishers.','5178');
INSERT INTO `entry`(`entryid`,`type`) VALUES('5179','b');
INSERT INTO `book`(`title`,`entryid`,`isbn`,`type`) VALUES('Beginner by terete Feature','5179','0973620234752','b');
INSERT INTO `genre_book`(`genre`, `entryid`) VALUES ('Horror','5179');
INSERT INTO `author`(`name`,`birthyear`,`deathyear`) VALUES('Arturo High','1924','1961');
INSERT INTO `author_book`(`author`, `entryid`) VALUES ('Arturo High','5179');
INSERT INTO `publisher_book`(`publisher`, `entryid`) VALUES ('Brownsworth Inc.','5179');
INSERT INTO `entry`(`entryid`,`type`) VALUES('5180','b');
INSERT INTO `book`(`title`,`entryid`,`isbn`,`type`) VALUES('Bangle by holograph Lip','5180','0948388616051','j');
INSERT INTO `genre_book`(`genre`, `entryid`) VALUES ('Thriller','5180');
INSERT INTO `author_book`(`author`, `entryid`) VALUES ('Gerry Sovich','5180');
INSERT INTO `publisher_book`(`publisher`, `entryid`) VALUES ('Franty Cooperations.','5180');
INSERT INTO `entry`(`entryid`,`type`) VALUES('5181','b');
INSERT INTO `book`(`title`,`entryid`,`isbn`,`type`) VALUES('Money against Fight','5181','0319040886505','e');
INSERT INTO `genre_book`(`genre`, `entryid`) VALUES ('Romance','5181');
INSERT INTO `author_book`(`author`, `entryid`) VALUES ('Fredericka Feingold','5181');
INSERT INTO `publisher_book`(`publisher`, `entryid`) VALUES ('Warnock Cooperations.','5181');
INSERT INTO `entry`(`entryid`,`type`) VALUES('5182','b');
INSERT INTO `book`(`title`,`entryid`,`isbn`,`type`) VALUES('Smile and nauseating Relation','5182','0396756326841','b');
INSERT INTO `genre_book`(`genre`, `entryid`) VALUES ('Sci-Fi','5182');
INSERT INTO `author_book`(`author`, `entryid`) VALUES ('Petronila Horesco','5182');
INSERT INTO `publisher_book`(`publisher`, `entryid`) VALUES ('Reents Publishers.','5182');
INSERT INTO `entry`(`entryid`,`type`) VALUES('5183','b');
INSERT INTO `book`(`title`,`entryid`,`isbn`,`type`) VALUES('Vein for the aerial Switch','5183','0365641593921','e');
INSERT INTO `genre_book`(`genre`, `entryid`) VALUES ('Science','5183');
INSERT INTO `author`(`name`,`birthyear`,`deathyear`) VALUES('Su Vereb','1881','1963');
INSERT INTO `author_book`(`author`, `entryid`) VALUES ('Su Vereb','5183');
INSERT INTO `publisher_book`(`publisher`, `entryid`) VALUES ('Argrave Publishers.','5183');
INSERT INTO `entry`(`entryid`,`type`) VALUES('5184','b');
INSERT INTO `book`(`title`,`entryid`,`isbn`,`type`) VALUES('Hockey with Geese','5184','0224233151602','e');
INSERT INTO `genre_book`(`genre`, `entryid`) VALUES ('Thriller','5184');
INSERT INTO `author_book`(`author`, `entryid`) VALUES ('Francisco Humenik','5184');
INSERT INTO `publisher_book`(`publisher`, `entryid`) VALUES ('Hamnon Publishers.','5184');
INSERT INTO `entry`(`entryid`,`type`) VALUES('5185','b');
INSERT INTO `book`(`title`,`entryid`,`isbn`,`type`) VALUES('Hardcover because of seborrheic Maid','5185','9982898050527','b');
INSERT INTO `genre_book`(`genre`, `entryid`) VALUES ('Adventure','5185');
INSERT INTO `author_book`(`author`, `entryid`) VALUES ('Reta Guillaume','5185');
INSERT INTO `publisher_book`(`publisher`, `entryid`) VALUES ('Lansdowne Inc.','5185');
INSERT INTO `entry`(`entryid`,`type`) VALUES('5186','b');
INSERT INTO `book`(`title`,`entryid`,`isbn`,`type`) VALUES('Cork and right-minded Oak','5186','0891174308691','b');
INSERT INTO `genre_book`(`genre`, `entryid`) VALUES ('Horror','5186');
INSERT INTO `author_book`(`author`, `entryid`) VALUES ('Trena Micheau','5186');
INSERT INTO `publisher_book`(`publisher`, `entryid`) VALUES ('Trobaugh Publishers.','5186');
INSERT INTO `entry`(`entryid`,`type`) VALUES('5187','b');
INSERT INTO `book`(`title`,`entryid`,`isbn`,`type`) VALUES('Governor of the Tire','5187','0280060111774','e');
INSERT INTO `genre_book`(`genre`, `entryid`) VALUES ('Education','5187');
INSERT INTO `author_book`(`author`, `entryid`) VALUES ('Waldo Derer','5187');
INSERT INTO `publisher_book`(`publisher`, `entryid`) VALUES ('Cerrito Inc.','5187');
INSERT INTO `entry`(`entryid`,`type`) VALUES('5188','b');
INSERT INTO `book`(`title`,`entryid`,`isbn`,`type`) VALUES('Ink by the Thursday','5188','9455022578231','j');
INSERT INTO `genre_book`(`genre`, `entryid`) VALUES ('Sci-Fi','5188');
INSERT INTO `author_book`(`author`, `entryid`) VALUES ('Kacie Sankaran','5188');
INSERT INTO `publisher_book`(`publisher`, `entryid`) VALUES ('Medford Inc.','5188');
INSERT INTO `entry`(`entryid`,`type`) VALUES('5189','b');
INSERT INTO `book`(`title`,`entryid`,`isbn`,`type`) VALUES('Swing vs. Bicycle','5189','9238981065812','b');
INSERT INTO `genre_book`(`genre`, `entryid`) VALUES ('Adventure','5189');
INSERT INTO `author_book`(`author`, `entryid`) VALUES ('Myriam Moring','5189');
INSERT INTO `publisher_book`(`publisher`, `entryid`) VALUES ('Kuhse Inc.','5189');
INSERT INTO `entry`(`entryid`,`type`) VALUES('5190','b');
INSERT INTO `book`(`title`,`entryid`,`isbn`,`type`) VALUES('Locket vs. unladylike Fight','5190','0184292103332','e');
INSERT INTO `genre_book`(`genre`, `entryid`) VALUES ('Horror','5190');
INSERT INTO `author_book`(`author`, `entryid`) VALUES ('Lisha Radke','5190');
INSERT INTO `publisher_book`(`publisher`, `entryid`) VALUES ('Waldbauer Publishers.','5190');
INSERT INTO `entry`(`entryid`,`type`) VALUES('5191','b');
INSERT INTO `book`(`title`,`entryid`,`isbn`,`type`) VALUES('Opinion in the Fifth','5191','9641140009962','b');
INSERT INTO `genre_book`(`genre`, `entryid`) VALUES ('Sci-Fi','5191');
INSERT INTO `author_book`(`author`, `entryid`) VALUES ('Tenesha Blaum','5191');
INSERT INTO `publisher_book`(`publisher`, `entryid`) VALUES ('Mcbee Cooperations.','5191');
INSERT INTO `entry`(`entryid`,`type`) VALUES('5192','b');
INSERT INTO `book`(`title`,`entryid`,`isbn`,`type`) VALUES('Mosque with the parsimonious Run','5192','9875206319766','b');
INSERT INTO `genre_book`(`genre`, `entryid`) VALUES ('Adventure','5192');
INSERT INTO `author`(`name`,`birthyear`,`deathyear`) VALUES('Tamatha Dalporto','1909','1992');
INSERT INTO `author_book`(`author`, `entryid`) VALUES ('Tamatha Dalporto','5192');
INSERT INTO `publisher_book`(`publisher`, `entryid`) VALUES ('Bernadette Cooperations.','5192');
INSERT INTO `entry`(`entryid`,`type`) VALUES('5193','b');
INSERT INTO `book`(`title`,`entryid`,`isbn`,`type`) VALUES('Soda vs. irate Bamboo','5193','0506703078278','e');
INSERT INTO `genre_book`(`genre`, `entryid`) VALUES ('Romance','5193');
INSERT INTO `author_book`(`author`, `entryid`) VALUES ('Randell Wentworth','5193');
INSERT INTO `publisher_book`(`publisher`, `entryid`) VALUES ('Slinker Cooperations.','5193');
INSERT INTO `entry`(`entryid`,`type`) VALUES('5194','b');
INSERT INTO `book`(`title`,`entryid`,`isbn`,`type`) VALUES('Station in the second-best Pakistan','5194','0410138960766','e');
INSERT INTO `genre_book`(`genre`, `entryid`) VALUES ('Thriller','5194');
INSERT INTO `author_book`(`author`, `entryid`) VALUES ('Marylou Reisinger','5194');
INSERT INTO `publisher_book`(`publisher`, `entryid`) VALUES ('Inlow Inc.','5194');
INSERT INTO `entry`(`entryid`,`type`) VALUES('5195','b');
INSERT INTO `book`(`title`,`entryid`,`isbn`,`type`) VALUES('Recorder and unconformable Faucet','5195','0013833849274','e');
INSERT INTO `genre_book`(`genre`, `entryid`) VALUES ('Horror','5195');
INSERT INTO `author_book`(`author`, `entryid`) VALUES ('Shalon Kilroy','5195');
INSERT INTO `publisher_book`(`publisher`, `entryid`) VALUES ('Filyan Inc.','5195');
INSERT INTO `entry`(`entryid`,`type`) VALUES('5196','b');
INSERT INTO `book`(`title`,`entryid`,`isbn`,`type`) VALUES('Temperature and the retrorse Castanet','5196','9918753900212','j');
INSERT INTO `genre_book`(`genre`, `entryid`) VALUES ('Sci-Fi','5196');
INSERT INTO `author_book`(`author`, `entryid`) VALUES ('Huong Bisignano','5196');
INSERT INTO `publisher_book`(`publisher`, `entryid`) VALUES ('Aiava Publishers.','5196');
INSERT INTO `entry`(`entryid`,`type`) VALUES('5197','b');
INSERT INTO `book`(`title`,`entryid`,`isbn`,`type`) VALUES('Steven by the Bit','5197','9663256640158','j');
INSERT INTO `genre_book`(`genre`, `entryid`) VALUES ('Thriller','5197');
INSERT INTO `author_book`(`author`, `entryid`) VALUES ('Delcie Mclemore','5197');
INSERT INTO `publisher_book`(`publisher`, `entryid`) VALUES ('Fonte Inc.','5197');
INSERT INTO `entry`(`entryid`,`type`) VALUES('5198','b');
INSERT INTO `book`(`title`,`entryid`,`isbn`,`type`) VALUES('History by unemphatic Kevin','5198','9601222236369','e');
INSERT INTO `genre_book`(`genre`, `entryid`) VALUES ('Adventure','5198');
INSERT INTO `author_book`(`author`, `entryid`) VALUES ('Kenna Iacobucci','5198');
INSERT INTO `publisher_book`(`publisher`, `entryid`) VALUES ('Habeck Publishers.','5198');
INSERT INTO `entry`(`entryid`,`type`) VALUES('5199','b');
INSERT INTO `book`(`title`,`entryid`,`isbn`,`type`) VALUES('Weeder to Nest','5199','9236444700197','j');
INSERT INTO `genre_book`(`genre`, `entryid`) VALUES ('Sci-Fi','5199');
INSERT INTO `author_book`(`author`, `entryid`) VALUES ('Marilu Ayars','5199');
INSERT INTO `publisher_book`(`publisher`, `entryid`) VALUES ('Buergel Inc.','5199');
INSERT INTO `entry`(`entryid`,`type`) VALUES('5200','b');
INSERT INTO `book`(`title`,`entryid`,`isbn`,`type`) VALUES('Bomber of the Event','5200','0457418465538','b');
INSERT INTO `genre_book`(`genre`, `entryid`) VALUES ('Adventure','5200');
INSERT INTO `author_book`(`author`, `entryid`) VALUES ('Kraig Rosul','5200');
INSERT INTO `publisher_book`(`publisher`, `entryid`) VALUES ('Culliton Cooperations.','5200');
INSERT INTO `entry`(`entryid`,`type`) VALUES('5201','b');
INSERT INTO `book`(`title`,`entryid`,`isbn`,`type`) VALUES('Vessel of Angle','5201','0631480229649','e');
INSERT INTO `genre_book`(`genre`, `entryid`) VALUES ('Sci-Fi','5201');
INSERT INTO `author_book`(`author`, `entryid`) VALUES ('Georgann Varel','5201');
INSERT INTO `publisher_book`(`publisher`, `entryid`) VALUES ('Sunder Publishers.','5201');
INSERT INTO `entry`(`entryid`,`type`) VALUES('5202','b');
INSERT INTO `book`(`title`,`entryid`,`isbn`,`type`) VALUES('Stone by the Desert','5202','0480451217037','b');
INSERT INTO `genre_book`(`genre`, `entryid`) VALUES ('Romance','5202');
INSERT INTO `author_book`(`author`, `entryid`) VALUES ('Alease Fragman','5202');
INSERT INTO `publisher_book`(`publisher`, `entryid`) VALUES ('Yasso Cooperations.','5202');
INSERT INTO `entry`(`entryid`,`type`) VALUES('5203','b');
INSERT INTO `book`(`title`,`entryid`,`isbn`,`type`) VALUES('Hoe of melodious Statistic','5203','0565396652221','j');
INSERT INTO `genre_book`(`genre`, `entryid`) VALUES ('Education','5203');
INSERT INTO `author_book`(`author`, `entryid`) VALUES ('Catrina Heckathorn','5203');
INSERT INTO `publisher_book`(`publisher`, `entryid`) VALUES ('Lucky Publishers.','5203');
INSERT INTO `entry`(`entryid`,`type`) VALUES('5204','b');
INSERT INTO `book`(`title`,`entryid`,`isbn`,`type`) VALUES('Signature vs. thundering Cause','5204','0811720580914','b');
INSERT INTO `genre_book`(`genre`, `entryid`) VALUES ('Romance','5204');
INSERT INTO `author_book`(`author`, `entryid`) VALUES ('Wilber Days','5204');
INSERT INTO `publisher_book`(`publisher`, `entryid`) VALUES ('Gerondale Inc.','5204');
INSERT INTO `entry`(`entryid`,`type`) VALUES('5205','b');
INSERT INTO `book`(`title`,`entryid`,`isbn`,`type`) VALUES('Volcano because of cosmopolitan Mind','5205','0881122228731','e');
INSERT INTO `genre_book`(`genre`, `entryid`) VALUES ('Sci-Fi','5205');
INSERT INTO `author_book`(`author`, `entryid`) VALUES ('Nathaniel Cliatt','5205');
INSERT INTO `publisher_book`(`publisher`, `entryid`) VALUES ('Cotner Cooperations.','5205');
INSERT INTO `entry`(`entryid`,`type`) VALUES('5206','b');
INSERT INTO `book`(`title`,`entryid`,`isbn`,`type`) VALUES('Pencil of the Conifer','5206','0364532904425','e');
INSERT INTO `genre_book`(`genre`, `entryid`) VALUES ('Sci-Fi','5206');
INSERT INTO `author_book`(`author`, `entryid`) VALUES ('Vena Jellings','5206');
INSERT INTO `publisher_book`(`publisher`, `entryid`) VALUES ('Happe Publishers.','5206');
INSERT INTO `entry`(`entryid`,`type`) VALUES('5207','b');
INSERT INTO `book`(`title`,`entryid`,`isbn`,`type`) VALUES('Pipe with Spruce','5207','9860712241638','b');
INSERT INTO `genre_book`(`genre`, `entryid`) VALUES ('Sci-Fi','5207');
INSERT INTO `author_book`(`author`, `entryid`) VALUES ('Candelaria Carry','5207');
INSERT INTO `publisher_book`(`publisher`, `entryid`) VALUES ('Schwamberger Inc.','5207');
INSERT INTO `entry`(`entryid`,`type`) VALUES('5208','b');
INSERT INTO `book`(`title`,`entryid`,`isbn`,`type`) VALUES('Black against the Scorpio','5208','0951448048309','b');
INSERT INTO `genre_book`(`genre`, `entryid`) VALUES ('Adventure','5208');
INSERT INTO `author_book`(`author`, `entryid`) VALUES ('Ike Wehrheim','5208');
INSERT INTO `publisher_book`(`publisher`, `entryid`) VALUES ('Dingson Publishers.','5208');
INSERT INTO `entry`(`entryid`,`type`) VALUES('5209','b');
INSERT INTO `book`(`title`,`entryid`,`isbn`,`type`) VALUES('Grandmother with the quondam Leaf','5209','0673027565072','e');
INSERT INTO `genre_book`(`genre`, `entryid`) VALUES ('Science','5209');
INSERT INTO `author_book`(`author`, `entryid`) VALUES ('Bernita Mccleave','5209');
INSERT INTO `publisher_book`(`publisher`, `entryid`) VALUES ('Scotty Inc.','5209');
INSERT INTO `entry`(`entryid`,`type`) VALUES('5210','b');
INSERT INTO `book`(`title`,`entryid`,`isbn`,`type`) VALUES('Pyjama against the Orchid','5210','9902210945320','e');
INSERT INTO `genre_book`(`genre`, `entryid`) VALUES ('Thriller','5210');
INSERT INTO `author_book`(`author`, `entryid`) VALUES ('Brunilda Caridine','5210');
INSERT INTO `publisher_book`(`publisher`, `entryid`) VALUES ('Statton Inc.','5210');
INSERT INTO `entry`(`entryid`,`type`) VALUES('5211','b');
INSERT INTO `book`(`title`,`entryid`,`isbn`,`type`) VALUES('Timer with Cement','5211','9395599292992','e');
INSERT INTO `genre_book`(`genre`, `entryid`) VALUES ('Horror','5211');
INSERT INTO `author_book`(`author`, `entryid`) VALUES ('Thalia Reamy','5211');
INSERT INTO `publisher_book`(`publisher`, `entryid`) VALUES ('Vattikuti Publishers.','5211');
INSERT INTO `entry`(`entryid`,`type`) VALUES('5212','b');
INSERT INTO `book`(`title`,`entryid`,`isbn`,`type`) VALUES('Driver with the biconcave Mine','5212','0193545085271','e');
INSERT INTO `genre_book`(`genre`, `entryid`) VALUES ('Adventure','5212');
INSERT INTO `author_book`(`author`, `entryid`) VALUES ('Ewa Moscariello','5212');
INSERT INTO `publisher_book`(`publisher`, `entryid`) VALUES ('Nighswander Publishers.','5212');
INSERT INTO `entry`(`entryid`,`type`) VALUES('5213','b');
INSERT INTO `book`(`title`,`entryid`,`isbn`,`type`) VALUES('Taxi in yttric Block','5213','0279414635830','e');
INSERT INTO `genre_book`(`genre`, `entryid`) VALUES ('Romance','5213');
INSERT INTO `author_book`(`author`, `entryid`) VALUES ('Caterina Santacruz','5213');
INSERT INTO `publisher_book`(`publisher`, `entryid`) VALUES ('Schap Publishers.','5213');
INSERT INTO `entry`(`entryid`,`type`) VALUES('5214','b');
INSERT INTO `book`(`title`,`entryid`,`isbn`,`type`) VALUES('Brush against the Stinger','5214','9877195839185','b');
INSERT INTO `genre_book`(`genre`, `entryid`) VALUES ('Romance','5214');
INSERT INTO `author_book`(`author`, `entryid`) VALUES ('Danette Feirer','5214');
INSERT INTO `publisher_book`(`publisher`, `entryid`) VALUES ('Benally Cooperations.','5214');
INSERT INTO `entry`(`entryid`,`type`) VALUES('5215','b');
INSERT INTO `book`(`title`,`entryid`,`isbn`,`type`) VALUES('Archaeology to Passive','5215','0184493117848','j');
INSERT INTO `genre_book`(`genre`, `entryid`) VALUES ('Sci-Fi','5215');
INSERT INTO `author`(`name`,`birthyear`,`deathyear`) VALUES('Sarah Setterberg','1924','1996');
INSERT INTO `author_book`(`author`, `entryid`) VALUES ('Sarah Setterberg','5215');
INSERT INTO `publisher_book`(`publisher`, `entryid`) VALUES ('Kressierer Inc.','5215');
INSERT INTO `entry`(`entryid`,`type`) VALUES('5216','b');
INSERT INTO `book`(`title`,`entryid`,`isbn`,`type`) VALUES('Farmer in nitid Trail','5216','0025901744224','e');
INSERT INTO `genre_book`(`genre`, `entryid`) VALUES ('Sci-Fi','5216');
INSERT INTO `author_book`(`author`, `entryid`) VALUES ('Lara Shrimplin','5216');
INSERT INTO `publisher_book`(`publisher`, `entryid`) VALUES ('Marentez Inc.','5216');
INSERT INTO `entry`(`entryid`,`type`) VALUES('5217','b');
INSERT INTO `book`(`title`,`entryid`,`isbn`,`type`) VALUES('Daisy of the vaporizable Guitar','5217','0100959147572','e');
INSERT INTO `genre_book`(`genre`, `entryid`) VALUES ('Horror','5217');
INSERT INTO `author_book`(`author`, `entryid`) VALUES ('Barbra Esquer','5217');
INSERT INTO `publisher_book`(`publisher`, `entryid`) VALUES ('Coltman Inc.','5217');
INSERT INTO `entry`(`entryid`,`type`) VALUES('5218','b');
INSERT INTO `book`(`title`,`entryid`,`isbn`,`type`) VALUES('Gear of tedious Pendulum','5218','9596996984430','e');
INSERT INTO `genre_book`(`genre`, `entryid`) VALUES ('Horror','5218');
INSERT INTO `author_book`(`author`, `entryid`) VALUES ('Ike Wehrheim','5218');
INSERT INTO `publisher_book`(`publisher`, `entryid`) VALUES ('Gallegos Publishers.','5218');
INSERT INTO `entry`(`entryid`,`type`) VALUES('5219','b');
INSERT INTO `book`(`title`,`entryid`,`isbn`,`type`) VALUES('Wrench and the Flat','5219','0478293736143','j');
INSERT INTO `genre_book`(`genre`, `entryid`) VALUES ('Thriller','5219');
INSERT INTO `author_book`(`author`, `entryid`) VALUES ('Mayola Copping','5219');
INSERT INTO `publisher_book`(`publisher`, `entryid`) VALUES ('Duhon Publishers.','5219');
INSERT INTO `entry`(`entryid`,`type`) VALUES('5220','b');
INSERT INTO `book`(`title`,`entryid`,`isbn`,`type`) VALUES('Grass with Animal','5220','0177416797990','b');
INSERT INTO `genre_book`(`genre`, `entryid`) VALUES ('Thriller','5220');
INSERT INTO `author_book`(`author`, `entryid`) VALUES ('Dirk Pherigo','5220');
INSERT INTO `publisher_book`(`publisher`, `entryid`) VALUES ('Kasa Publishers.','5220');
INSERT INTO `entry`(`entryid`,`type`) VALUES('5221','b');
INSERT INTO `book`(`title`,`entryid`,`isbn`,`type`) VALUES('Stick by the Mouse','5221','0714257589382','e');
INSERT INTO `genre_book`(`genre`, `entryid`) VALUES ('Science','5221');
INSERT INTO `author`(`name`,`birthyear`,`deathyear`) VALUES('Israel Silao','1890','1978');
INSERT INTO `author_book`(`author`, `entryid`) VALUES ('Israel Silao','5221');
INSERT INTO `publisher_book`(`publisher`, `entryid`) VALUES ('Diliberti Inc.','5221');
INSERT INTO `entry`(`entryid`,`type`) VALUES('5222','b');
INSERT INTO `book`(`title`,`entryid`,`isbn`,`type`) VALUES('House vs. chubbiest Oak','5222','9902439529615','b');
INSERT INTO `genre_book`(`genre`, `entryid`) VALUES ('Thriller','5222');
INSERT INTO `author_book`(`author`, `entryid`) VALUES ('Marilu Gesner','5222');
INSERT INTO `publisher_book`(`publisher`, `entryid`) VALUES ('Sala Cooperations.','5222');
INSERT INTO `entry`(`entryid`,`type`) VALUES('5223','b');
INSERT INTO `book`(`title`,`entryid`,`isbn`,`type`) VALUES('Look against the discriminating Geese','5223','9988317164259','j');
INSERT INTO `genre_book`(`genre`, `entryid`) VALUES ('Sci-Fi','5223');
INSERT INTO `author_book`(`author`, `entryid`) VALUES ('Kelley Luth','5223');
INSERT INTO `publisher_book`(`publisher`, `entryid`) VALUES ('Mcbee Cooperations.','5223');
INSERT INTO `entry`(`entryid`,`type`) VALUES('5224','b');
INSERT INTO `book`(`title`,`entryid`,`isbn`,`type`) VALUES('Lobster with peptic Donna','5224','0129133659035','e');
INSERT INTO `genre_book`(`genre`, `entryid`) VALUES ('Education','5224');
INSERT INTO `author_book`(`author`, `entryid`) VALUES ('Felicita Gust','5224');
INSERT INTO `publisher_book`(`publisher`, `entryid`) VALUES ('Eisel Inc.','5224');
INSERT INTO `entry`(`entryid`,`type`) VALUES('5225','b');
INSERT INTO `book`(`title`,`entryid`,`isbn`,`type`) VALUES('Bucket for perceived Element','5225','0188224627737','b');
INSERT INTO `genre_book`(`genre`, `entryid`) VALUES ('Adventure','5225');
INSERT INTO `author_book`(`author`, `entryid`) VALUES ('Deane Heap','5225');
INSERT INTO `publisher_book`(`publisher`, `entryid`) VALUES ('Yasurek Cooperations.','5225');
INSERT INTO `entry`(`entryid`,`type`) VALUES('5226','b');
INSERT INTO `book`(`title`,`entryid`,`isbn`,`type`) VALUES('Millennium because of Bacon','5226','0498981919943','j');
INSERT INTO `genre_book`(`genre`, `entryid`) VALUES ('Sci-Fi','5226');
INSERT INTO `author_book`(`author`, `entryid`) VALUES ('Doug Benson','5226');
INSERT INTO `publisher_book`(`publisher`, `entryid`) VALUES ('Pudenz Inc.','5226');
INSERT INTO `entry`(`entryid`,`type`) VALUES('5227','b');
INSERT INTO `book`(`title`,`entryid`,`isbn`,`type`) VALUES('School by monotonous Freckle','5227','9495798362094','e');
INSERT INTO `genre_book`(`genre`, `entryid`) VALUES ('Thriller','5227');
INSERT INTO `author_book`(`author`, `entryid`) VALUES ('Wm Ha','5227');
INSERT INTO `publisher_book`(`publisher`, `entryid`) VALUES ('Glackin Inc.','5227');
INSERT INTO `entry`(`entryid`,`type`) VALUES('5228','b');
INSERT INTO `book`(`title`,`entryid`,`isbn`,`type`) VALUES('Magic of Ornament','5228','9899370157894','e');
INSERT INTO `genre_book`(`genre`, `entryid`) VALUES ('Science','5228');
INSERT INTO `author_book`(`author`, `entryid`) VALUES ('Deb Maciolek','5228');
INSERT INTO `publisher_book`(`publisher`, `entryid`) VALUES ('Aiava Publishers.','5228');
INSERT INTO `entry`(`entryid`,`type`) VALUES('5229','b');
INSERT INTO `book`(`title`,`entryid`,`isbn`,`type`) VALUES('Lunge with the Dessert','5229','9067591072676','j');
INSERT INTO `genre_book`(`genre`, `entryid`) VALUES ('Horror','5229');
INSERT INTO `author_book`(`author`, `entryid`) VALUES ('Dara Barrale','5229');
INSERT INTO `publisher_book`(`publisher`, `entryid`) VALUES ('Raetz Publishers.','5229');
INSERT INTO `entry`(`entryid`,`type`) VALUES('5230','b');
INSERT INTO `book`(`title`,`entryid`,`isbn`,`type`) VALUES('Pastry by the announced Fire','5230','0244032397588','e');
INSERT INTO `genre_book`(`genre`, `entryid`) VALUES ('Education','5230');
INSERT INTO `author_book`(`author`, `entryid`) VALUES ('Ivana Enick','5230');
INSERT INTO `publisher_book`(`publisher`, `entryid`) VALUES ('Poirer Cooperations.','5230');
INSERT INTO `entry`(`entryid`,`type`) VALUES('5231','b');
INSERT INTO `book`(`title`,`entryid`,`isbn`,`type`) VALUES('Timer of Maria','5231','9906059047052','e');
INSERT INTO `genre_book`(`genre`, `entryid`) VALUES ('Horror','5231');
INSERT INTO `author_book`(`author`, `entryid`) VALUES ('Merideth Scheider','5231');
INSERT INTO `publisher_book`(`publisher`, `entryid`) VALUES ('Kindlimann Inc.','5231');
INSERT INTO `entry`(`entryid`,`type`) VALUES('5232','b');
INSERT INTO `book`(`title`,`entryid`,`isbn`,`type`) VALUES('Fragrance to Quart','5232','0458345939430','e');
INSERT INTO `genre_book`(`genre`, `entryid`) VALUES ('Sci-Fi','5232');
INSERT INTO `author_book`(`author`, `entryid`) VALUES ('Emilie Casbarro','5232');
INSERT INTO `publisher_book`(`publisher`, `entryid`) VALUES ('Archibeque Publishers.','5232');
INSERT INTO `entry`(`entryid`,`type`) VALUES('5233','b');
INSERT INTO `book`(`title`,`entryid`,`isbn`,`type`) VALUES('Crocodile for the conspecific Lotion','5233','9419833844777','j');
INSERT INTO `genre_book`(`genre`, `entryid`) VALUES ('Science','5233');
INSERT INTO `author_book`(`author`, `entryid`) VALUES ('Ling Jou','5233');
INSERT INTO `publisher_book`(`publisher`, `entryid`) VALUES ('Atkison Inc.','5233');
INSERT INTO `entry`(`entryid`,`type`) VALUES('5234','b');
INSERT INTO `book`(`title`,`entryid`,`isbn`,`type`) VALUES('Crate to the Butane','5234','9667268681246','j');
INSERT INTO `genre_book`(`genre`, `entryid`) VALUES ('Horror','5234');
INSERT INTO `author_book`(`author`, `entryid`) VALUES ('Darcel Echaure','5234');
INSERT INTO `publisher_book`(`publisher`, `entryid`) VALUES ('Mandril Inc.','5234');
INSERT INTO `entry`(`entryid`,`type`) VALUES('5235','b');
INSERT INTO `book`(`title`,`entryid`,`isbn`,`type`) VALUES('Italy and the Whip','5235','9756629265630','b');
INSERT INTO `genre_book`(`genre`, `entryid`) VALUES ('Education','5235');
INSERT INTO `author`(`name`,`birthyear`,`deathyear`) VALUES('Leroy Lieser','1917','1985');
INSERT INTO `author_book`(`author`, `entryid`) VALUES ('Leroy Lieser','5235');
INSERT INTO `publisher_book`(`publisher`, `entryid`) VALUES ('Miccio Cooperations.','5235');
INSERT INTO `entry`(`entryid`,`type`) VALUES('5236','b');
INSERT INTO `book`(`title`,`entryid`,`isbn`,`type`) VALUES('Bonsai in resolutive Overcoat','5236','0888004950205','b');
INSERT INTO `genre_book`(`genre`, `entryid`) VALUES ('Adventure','5236');
INSERT INTO `author`(`name`,`birthyear`,`deathyear`) VALUES('Nena Nazaroff','1945','2027');
INSERT INTO `author_book`(`author`, `entryid`) VALUES ('Nena Nazaroff','5236');
INSERT INTO `publisher_book`(`publisher`, `entryid`) VALUES ('Simcox Publishers.','5236');
INSERT INTO `entry`(`entryid`,`type`) VALUES('5237','b');
INSERT INTO `book`(`title`,`entryid`,`isbn`,`type`) VALUES('Skirt of Fang','5237','0743491677891','b');
INSERT INTO `genre_book`(`genre`, `entryid`) VALUES ('Horror','5237');
INSERT INTO `author_book`(`author`, `entryid`) VALUES ('Bridget Heffelbower','5237');
INSERT INTO `publisher_book`(`publisher`, `entryid`) VALUES ('Pawell Cooperations.','5237');
INSERT INTO `entry`(`entryid`,`type`) VALUES('5238','b');
INSERT INTO `book`(`title`,`entryid`,`isbn`,`type`) VALUES('Israel against the Carrot','5238','9242182803937','e');
INSERT INTO `genre_book`(`genre`, `entryid`) VALUES ('Sci-Fi','5238');
INSERT INTO `author_book`(`author`, `entryid`) VALUES ('Slyvia Bonifacio','5238');
INSERT INTO `publisher_book`(`publisher`, `entryid`) VALUES ('Antrikin Inc.','5238');
INSERT INTO `entry`(`entryid`,`type`) VALUES('5239','b');
INSERT INTO `book`(`title`,`entryid`,`isbn`,`type`) VALUES('Grandmother in plethoric Ex-husband','5239','0494021531455','j');
INSERT INTO `genre_book`(`genre`, `entryid`) VALUES ('Romance','5239');
INSERT INTO `author_book`(`author`, `entryid`) VALUES ('Lisbeth Schmidbauer','5239');
INSERT INTO `publisher_book`(`publisher`, `entryid`) VALUES ('Seta Inc.','5239');
INSERT INTO `entry`(`entryid`,`type`) VALUES('5240','b');
INSERT INTO `book`(`title`,`entryid`,`isbn`,`type`) VALUES('Base by avaricious Guilty','5240','9868096495772','j');
INSERT INTO `genre_book`(`genre`, `entryid`) VALUES ('Science','5240');
INSERT INTO `author_book`(`author`, `entryid`) VALUES ('Neville Baltzley','5240');
INSERT INTO `publisher_book`(`publisher`, `entryid`) VALUES ('Laraby Publishers.','5240');
INSERT INTO `entry`(`entryid`,`type`) VALUES('5241','b');
INSERT INTO `book`(`title`,`entryid`,`isbn`,`type`) VALUES('Explanation and the quadrennial Prose','5241','0677594480597','j');
INSERT INTO `genre_book`(`genre`, `entryid`) VALUES ('Education','5241');
INSERT INTO `author_book`(`author`, `entryid`) VALUES ('Thad Bolen','5241');
INSERT INTO `publisher_book`(`publisher`, `entryid`) VALUES ('Durousseau Inc.','5241');
INSERT INTO `entry`(`entryid`,`type`) VALUES('5242','b');
INSERT INTO `book`(`title`,`entryid`,`isbn`,`type`) VALUES('Belgian with Mother','5242','9193186117483','j');
INSERT INTO `genre_book`(`genre`, `entryid`) VALUES ('Horror','5242');
INSERT INTO `author_book`(`author`, `entryid`) VALUES ('Caryl Jay','5242');
INSERT INTO `publisher_book`(`publisher`, `entryid`) VALUES ('Herreras Cooperations.','5242');
INSERT INTO `entry`(`entryid`,`type`) VALUES('5243','b');
INSERT INTO `book`(`title`,`entryid`,`isbn`,`type`) VALUES('Pakistan by Acknowledgment','5243','9737498193896','b');
INSERT INTO `genre_book`(`genre`, `entryid`) VALUES ('Science','5243');
INSERT INTO `author_book`(`author`, `entryid`) VALUES ('Tegan Mccranie','5243');
INSERT INTO `publisher_book`(`publisher`, `entryid`) VALUES ('Cudjoe Publishers.','5243');
INSERT INTO `entry`(`entryid`,`type`) VALUES('5244','b');
INSERT INTO `book`(`title`,`entryid`,`isbn`,`type`) VALUES('Value for bonhomous Candle','5244','0167148699012','e');
INSERT INTO `genre_book`(`genre`, `entryid`) VALUES ('Education','5244');
INSERT INTO `author_book`(`author`, `entryid`) VALUES ('Zulma Cluxton','5244');
INSERT INTO `publisher_book`(`publisher`, `entryid`) VALUES ('Carrea Inc.','5244');
INSERT INTO `entry`(`entryid`,`type`) VALUES('5245','b');
INSERT INTO `book`(`title`,`entryid`,`isbn`,`type`) VALUES('Nitrogen to interstellar Kenneth','5245','0394717939255','j');
INSERT INTO `genre_book`(`genre`, `entryid`) VALUES ('Adventure','5245');
INSERT INTO `author_book`(`author`, `entryid`) VALUES ('Alita Sandt','5245');
INSERT INTO `publisher_book`(`publisher`, `entryid`) VALUES ('Sieger Inc.','5245');
INSERT INTO `entry`(`entryid`,`type`) VALUES('5246','b');
INSERT INTO `book`(`title`,`entryid`,`isbn`,`type`) VALUES('Light by judicial Poet','5246','9830727582847','j');
INSERT INTO `genre_book`(`genre`, `entryid`) VALUES ('Adventure','5246');
INSERT INTO `author_book`(`author`, `entryid`) VALUES ('Angelic Troop','5246');
INSERT INTO `publisher_book`(`publisher`, `entryid`) VALUES ('Reshard Cooperations.','5246');
INSERT INTO `entry`(`entryid`,`type`) VALUES('5247','b');
INSERT INTO `book`(`title`,`entryid`,`isbn`,`type`) VALUES('Biology for Bangle','5247','0200231938478','j');
INSERT INTO `genre_book`(`genre`, `entryid`) VALUES ('Science','5247');
INSERT INTO `author_book`(`author`, `entryid`) VALUES ('Kayleigh Almstead','5247');
INSERT INTO `publisher_book`(`publisher`, `entryid`) VALUES ('Dubuisson Inc.','5247');
INSERT INTO `entry`(`entryid`,`type`) VALUES('5248','b');
INSERT INTO `book`(`title`,`entryid`,`isbn`,`type`) VALUES('Floor by the corporeal Mark','5248','0732180610967','j');
INSERT INTO `genre_book`(`genre`, `entryid`) VALUES ('Romance','5248');
INSERT INTO `author_book`(`author`, `entryid`) VALUES ('Mirian Ruic','5248');
INSERT INTO `publisher_book`(`publisher`, `entryid`) VALUES ('Vanarsdall Cooperations.','5248');
INSERT INTO `entry`(`entryid`,`type`) VALUES('5249','b');
INSERT INTO `book`(`title`,`entryid`,`isbn`,`type`) VALUES('Airport for Cub','5249','9366673398254','e');
INSERT INTO `genre_book`(`genre`, `entryid`) VALUES ('Adventure','5249');
INSERT INTO `author_book`(`author`, `entryid`) VALUES ('Kiara Hamon','5249');
INSERT INTO `publisher_book`(`publisher`, `entryid`) VALUES ('Sala Cooperations.','5249');
INSERT INTO `entry`(`entryid`,`type`) VALUES('5250','b');
INSERT INTO `book`(`title`,`entryid`,`isbn`,`type`) VALUES('Pocket for the cutting Beetle','5250','9335049376414','j');
INSERT INTO `genre_book`(`genre`, `entryid`) VALUES ('Adventure','5250');
INSERT INTO `author_book`(`author`, `entryid`) VALUES ('Kimiko Zastawny','5250');
INSERT INTO `publisher_book`(`publisher`, `entryid`) VALUES ('Lansdowne Inc.','5250');
INSERT INTO `entry`(`entryid`,`type`) VALUES('5251','b');
INSERT INTO `book`(`title`,`entryid`,`isbn`,`type`) VALUES('Appliance and constricted Mandolin','5251','0029436930473','b');
INSERT INTO `genre_book`(`genre`, `entryid`) VALUES ('Science','5251');
INSERT INTO `author_book`(`author`, `entryid`) VALUES ('Alexander Pryde','5251');
INSERT INTO `publisher_book`(`publisher`, `entryid`) VALUES ('Varas Publishers.','5251');
INSERT INTO `entry`(`entryid`,`type`) VALUES('5252','b');
INSERT INTO `book`(`title`,`entryid`,`isbn`,`type`) VALUES('Riverbed by the Scanner','5252','0794670743002','b');
INSERT INTO `genre_book`(`genre`, `entryid`) VALUES ('Sci-Fi','5252');
INSERT INTO `author_book`(`author`, `entryid`) VALUES ('Lourie Mizrahi','5252');
INSERT INTO `publisher_book`(`publisher`, `entryid`) VALUES ('Takemoto Inc.','5252');
INSERT INTO `entry`(`entryid`,`type`) VALUES('5253','b');
INSERT INTO `book`(`title`,`entryid`,`isbn`,`type`) VALUES('Gander in mock-heroic Search','5253','0372643322252','e');
INSERT INTO `genre_book`(`genre`, `entryid`) VALUES ('Thriller','5253');
INSERT INTO `author_book`(`author`, `entryid`) VALUES ('Tamatha Dalporto','5253');
INSERT INTO `publisher_book`(`publisher`, `entryid`) VALUES ('Brassard Inc.','5253');
INSERT INTO `entry`(`entryid`,`type`) VALUES('5254','b');
INSERT INTO `book`(`title`,`entryid`,`isbn`,`type`) VALUES('Eyeliner of Creature','5254','9155637990827','b');
INSERT INTO `genre_book`(`genre`, `entryid`) VALUES ('Adventure','5254');
INSERT INTO `author`(`name`,`birthyear`,`deathyear`) VALUES('Sonia Carico','1980','2063');
INSERT INTO `author_book`(`author`, `entryid`) VALUES ('Sonia Carico','5254');
INSERT INTO `publisher_book`(`publisher`, `entryid`) VALUES ('Bedre Publishers.','5254');
INSERT INTO `entry`(`entryid`,`type`) VALUES('5255','b');
INSERT INTO `book`(`title`,`entryid`,`isbn`,`type`) VALUES('Italian of the Booklet','5255','9412149481617','j');
INSERT INTO `genre_book`(`genre`, `entryid`) VALUES ('Thriller','5255');
INSERT INTO `author`(`name`,`birthyear`,`deathyear`) VALUES('Adalberto Paeth','1937','1957');
INSERT INTO `author_book`(`author`, `entryid`) VALUES ('Adalberto Paeth','5255');
INSERT INTO `publisher_book`(`publisher`, `entryid`) VALUES ('Sistek Cooperations.','5255');
INSERT INTO `entry`(`entryid`,`type`) VALUES('5256','b');
INSERT INTO `book`(`title`,`entryid`,`isbn`,`type`) VALUES('Budget and Perfume','5256','9555037259423','e');
INSERT INTO `genre_book`(`genre`, `entryid`) VALUES ('Thriller','5256');
INSERT INTO `author_book`(`author`, `entryid`) VALUES ('Rutha Burnaman','5256');
INSERT INTO `publisher_book`(`publisher`, `entryid`) VALUES ('Rohr Cooperations.','5256');
INSERT INTO `entry`(`entryid`,`type`) VALUES('5257','b');
INSERT INTO `book`(`title`,`entryid`,`isbn`,`type`) VALUES('Stool for Chief','5257','0036969774411','b');
INSERT INTO `genre_book`(`genre`, `entryid`) VALUES ('Education','5257');
INSERT INTO `author_book`(`author`, `entryid`) VALUES ('Jeffie Blach','5257');
INSERT INTO `publisher_book`(`publisher`, `entryid`) VALUES ('Larman Publishers.','5257');
INSERT INTO `entry`(`entryid`,`type`) VALUES('5258','b');
INSERT INTO `book`(`title`,`entryid`,`isbn`,`type`) VALUES('Honey by the alate Bathtub','5258','0059225994664','b');
INSERT INTO `genre_book`(`genre`, `entryid`) VALUES ('Romance','5258');
INSERT INTO `author_book`(`author`, `entryid`) VALUES ('Isaura Sin','5258');
INSERT INTO `publisher_book`(`publisher`, `entryid`) VALUES ('Tigue Cooperations.','5258');
INSERT INTO `entry`(`entryid`,`type`) VALUES('5259','b');
INSERT INTO `book`(`title`,`entryid`,`isbn`,`type`) VALUES('Passive because of fictile Dill','5259','9077169786361','b');
INSERT INTO `genre_book`(`genre`, `entryid`) VALUES ('Adventure','5259');
INSERT INTO `author_book`(`author`, `entryid`) VALUES ('Georgina Goolesby','5259');
INSERT INTO `publisher_book`(`publisher`, `entryid`) VALUES ('Chamorro Publishers.','5259');
INSERT INTO `entry`(`entryid`,`type`) VALUES('5260','b');
INSERT INTO `book`(`title`,`entryid`,`isbn`,`type`) VALUES('Giraffe by Tramp','5260','0930970532870','j');
INSERT INTO `genre_book`(`genre`, `entryid`) VALUES ('Education','5260');
INSERT INTO `author`(`name`,`birthyear`,`deathyear`) VALUES('Doria Visage','1899','1932');
INSERT INTO `author_book`(`author`, `entryid`) VALUES ('Doria Visage','5260');
INSERT INTO `publisher_book`(`publisher`, `entryid`) VALUES ('Stallman Inc.','5260');
INSERT INTO `entry`(`entryid`,`type`) VALUES('5261','b');
INSERT INTO `book`(`title`,`entryid`,`isbn`,`type`) VALUES('Screwdriver by Acknowledgment','5261','0750465547101','j');
INSERT INTO `genre_book`(`genre`, `entryid`) VALUES ('Thriller','5261');
INSERT INTO `author`(`name`,`birthyear`,`deathyear`) VALUES('Andria Else','1949','2040');
INSERT INTO `author_book`(`author`, `entryid`) VALUES ('Andria Else','5261');
INSERT INTO `publisher_book`(`publisher`, `entryid`) VALUES ('Poirer Cooperations.','5261');
INSERT INTO `entry`(`entryid`,`type`) VALUES('5262','b');
INSERT INTO `book`(`title`,`entryid`,`isbn`,`type`) VALUES('Chard against the James','5262','9838907200018','b');
INSERT INTO `genre_book`(`genre`, `entryid`) VALUES ('Horror','5262');
INSERT INTO `author`(`name`,`birthyear`,`deathyear`) VALUES('Linsey Bash','1975','2005');
INSERT INTO `author_book`(`author`, `entryid`) VALUES ('Linsey Bash','5262');
INSERT INTO `publisher_book`(`publisher`, `entryid`) VALUES ('Briley Publishers.','5262');
INSERT INTO `entry`(`entryid`,`type`) VALUES('5263','b');
INSERT INTO `book`(`title`,`entryid`,`isbn`,`type`) VALUES('Damage for the neurogenic Tie','5263','0827034144810','j');
INSERT INTO `genre_book`(`genre`, `entryid`) VALUES ('Sci-Fi','5263');
INSERT INTO `author_book`(`author`, `entryid`) VALUES ('Delia Sulivan','5263');
INSERT INTO `publisher_book`(`publisher`, `entryid`) VALUES ('Rasco Inc.','5263');
INSERT INTO `entry`(`entryid`,`type`) VALUES('5264','b');
INSERT INTO `book`(`title`,`entryid`,`isbn`,`type`) VALUES('Snowboarding of Operation','5264','9782798332974','e');
INSERT INTO `genre_book`(`genre`, `entryid`) VALUES ('Science','5264');
INSERT INTO `author_book`(`author`, `entryid`) VALUES ('Elizebeth Bridgers','5264');
INSERT INTO `publisher_book`(`publisher`, `entryid`) VALUES ('Moyet Inc.','5264');
INSERT INTO `entry`(`entryid`,`type`) VALUES('5265','b');
INSERT INTO `book`(`title`,`entryid`,`isbn`,`type`) VALUES('Turkey of elicited Bakery','5265','9709536859657','b');
INSERT INTO `genre_book`(`genre`, `entryid`) VALUES ('Sci-Fi','5265');
INSERT INTO `author_book`(`author`, `entryid`) VALUES ('Timothy Rasmus','5265');
INSERT INTO `publisher_book`(`publisher`, `entryid`) VALUES ('Rudolph Cooperations.','5265');
INSERT INTO `entry`(`entryid`,`type`) VALUES('5266','b');
INSERT INTO `book`(`title`,`entryid`,`isbn`,`type`) VALUES('Gosling in unreproducible Golf','5266','0370010218915','b');
INSERT INTO `genre_book`(`genre`, `entryid`) VALUES ('Thriller','5266');
INSERT INTO `author_book`(`author`, `entryid`) VALUES ('Ayanna Hamano','5266');
INSERT INTO `publisher_book`(`publisher`, `entryid`) VALUES ('Wendorff Inc.','5266');
INSERT INTO `entry`(`entryid`,`type`) VALUES('5267','b');
INSERT INTO `book`(`title`,`entryid`,`isbn`,`type`) VALUES('Behavior in the Herring','5267','0404119662380','j');
INSERT INTO `genre_book`(`genre`, `entryid`) VALUES ('Science','5267');
INSERT INTO `author_book`(`author`, `entryid`) VALUES ('Willian Levene','5267');
INSERT INTO `publisher_book`(`publisher`, `entryid`) VALUES ('Fannin Cooperations.','5267');
INSERT INTO `entry`(`entryid`,`type`) VALUES('5268','b');
INSERT INTO `book`(`title`,`entryid`,`isbn`,`type`) VALUES('Greece because of tubate Chronometer','5268','0466870259812','e');
INSERT INTO `genre_book`(`genre`, `entryid`) VALUES ('Romance','5268');
INSERT INTO `author_book`(`author`, `entryid`) VALUES ('Kirstin Binstock','5268');
INSERT INTO `publisher_book`(`publisher`, `entryid`) VALUES ('Pudenz Inc.','5268');
INSERT INTO `entry`(`entryid`,`type`) VALUES('5269','b');
INSERT INTO `book`(`title`,`entryid`,`isbn`,`type`) VALUES('Silica with Utensil','5269','0566944441684','e');
INSERT INTO `genre_book`(`genre`, `entryid`) VALUES ('Romance','5269');
INSERT INTO `author_book`(`author`, `entryid`) VALUES ('Drema Maharg','5269');
INSERT INTO `publisher_book`(`publisher`, `entryid`) VALUES ('Baltazor Publishers.','5269');
INSERT INTO `entry`(`entryid`,`type`) VALUES('5270','b');
INSERT INTO `book`(`title`,`entryid`,`isbn`,`type`) VALUES('Quartz and the rockier Chill','5270','9851197421346','j');
INSERT INTO `genre_book`(`genre`, `entryid`) VALUES ('Education','5270');
INSERT INTO `author_book`(`author`, `entryid`) VALUES ('Cecil Michelson','5270');
INSERT INTO `publisher_book`(`publisher`, `entryid`) VALUES ('Nemani Cooperations.','5270');
INSERT INTO `entry`(`entryid`,`type`) VALUES('5271','b');
INSERT INTO `book`(`title`,`entryid`,`isbn`,`type`) VALUES('Ray because of Butane','5271','0941776090640','e');
INSERT INTO `genre_book`(`genre`, `entryid`) VALUES ('Thriller','5271');
INSERT INTO `author_book`(`author`, `entryid`) VALUES ('Roseline Bucciarelli','5271');
INSERT INTO `publisher_book`(`publisher`, `entryid`) VALUES ('Armada Cooperations.','5271');
INSERT INTO `entry`(`entryid`,`type`) VALUES('5272','b');
INSERT INTO `book`(`title`,`entryid`,`isbn`,`type`) VALUES('Feeling against the English','5272','0101052463010','j');
INSERT INTO `genre_book`(`genre`, `entryid`) VALUES ('Romance','5272');
INSERT INTO `author_book`(`author`, `entryid`) VALUES ('Lorita Crask','5272');
INSERT INTO `publisher_book`(`publisher`, `entryid`) VALUES ('Blan Inc.','5272');
INSERT INTO `entry`(`entryid`,`type`) VALUES('5273','b');
INSERT INTO `book`(`title`,`entryid`,`isbn`,`type`) VALUES('Bibliography to Kenya','5273','0037451145166','j');
INSERT INTO `genre_book`(`genre`, `entryid`) VALUES ('Romance','5273');
INSERT INTO `author_book`(`author`, `entryid`) VALUES ('Kera Eberspacher','5273');
INSERT INTO `publisher_book`(`publisher`, `entryid`) VALUES ('Getchius Inc.','5273');
INSERT INTO `entry`(`entryid`,`type`) VALUES('5274','b');
INSERT INTO `book`(`title`,`entryid`,`isbn`,`type`) VALUES('Need by Relish','5274','0553369820075','e');
INSERT INTO `genre_book`(`genre`, `entryid`) VALUES ('Thriller','5274');
INSERT INTO `author_book`(`author`, `entryid`) VALUES ('Vida Covil','5274');
INSERT INTO `publisher_book`(`publisher`, `entryid`) VALUES ('Matise Cooperations.','5274');
INSERT INTO `entry`(`entryid`,`type`) VALUES('5275','b');
INSERT INTO `book`(`title`,`entryid`,`isbn`,`type`) VALUES('Cactus for the incorporative Semicolon','5275','9793379451914','b');
INSERT INTO `genre_book`(`genre`, `entryid`) VALUES ('Adventure','5275');
INSERT INTO `author_book`(`author`, `entryid`) VALUES ('Dia Spraque','5275');
INSERT INTO `publisher_book`(`publisher`, `entryid`) VALUES ('Sollors Publishers.','5275');
INSERT INTO `entry`(`entryid`,`type`) VALUES('5276','b');
INSERT INTO `book`(`title`,`entryid`,`isbn`,`type`) VALUES('Bike of the Faucet','5276','0272884653045','e');
INSERT INTO `genre_book`(`genre`, `entryid`) VALUES ('Education','5276');
INSERT INTO `author_book`(`author`, `entryid`) VALUES ('Alla Pregeant','5276');
INSERT INTO `publisher_book`(`publisher`, `entryid`) VALUES ('Nighswander Publishers.','5276');
INSERT INTO `entry`(`entryid`,`type`) VALUES('5277','b');
INSERT INTO `book`(`title`,`entryid`,`isbn`,`type`) VALUES('Engineer by Salt','5277','9126760129732','j');
INSERT INTO `genre_book`(`genre`, `entryid`) VALUES ('Horror','5277');
INSERT INTO `author_book`(`author`, `entryid`) VALUES ('Kara Europe','5277');
INSERT INTO `publisher_book`(`publisher`, `entryid`) VALUES ('Nierman Inc.','5277');
INSERT INTO `entry`(`entryid`,`type`) VALUES('5278','b');
INSERT INTO `book`(`title`,`entryid`,`isbn`,`type`) VALUES('Beret with Weeder','5278','9199117905493','j');
INSERT INTO `genre_book`(`genre`, `entryid`) VALUES ('Sci-Fi','5278');
INSERT INTO `author_book`(`author`, `entryid`) VALUES ('Jeffie Blach','5278');
INSERT INTO `publisher_book`(`publisher`, `entryid`) VALUES ('Duchesney Publishers.','5278');
INSERT INTO `entry`(`entryid`,`type`) VALUES('5279','b');
INSERT INTO `book`(`title`,`entryid`,`isbn`,`type`) VALUES('Lentil of partisan Mayonnaise','5279','9134851207118','e');
INSERT INTO `genre_book`(`genre`, `entryid`) VALUES ('Romance','5279');
INSERT INTO `author_book`(`author`, `entryid`) VALUES ('Gracie Monzon','5279');
INSERT INTO `publisher_book`(`publisher`, `entryid`) VALUES ('Ramiro Inc.','5279');
INSERT INTO `entry`(`entryid`,`type`) VALUES('5280','b');
INSERT INTO `book`(`title`,`entryid`,`isbn`,`type`) VALUES('Cougar and the Beef','5280','0599466125850','j');
INSERT INTO `genre_book`(`genre`, `entryid`) VALUES ('Thriller','5280');
INSERT INTO `author_book`(`author`, `entryid`) VALUES ('Maryjane Barrera','5280');
INSERT INTO `publisher_book`(`publisher`, `entryid`) VALUES ('Shuffstall Cooperations.','5280');
INSERT INTO `entry`(`entryid`,`type`) VALUES('5281','b');
INSERT INTO `book`(`title`,`entryid`,`isbn`,`type`) VALUES('Ferry to Crown','5281','9308504721339','b');
INSERT INTO `genre_book`(`genre`, `entryid`) VALUES ('Education','5281');
INSERT INTO `author`(`name`,`birthyear`,`deathyear`) VALUES('Chasity Hoffstatter','1956','1980');
INSERT INTO `author_book`(`author`, `entryid`) VALUES ('Chasity Hoffstatter','5281');
INSERT INTO `publisher_book`(`publisher`, `entryid`) VALUES ('Excell Inc.','5281');
INSERT INTO `entry`(`entryid`,`type`) VALUES('5282','b');
INSERT INTO `book`(`title`,`entryid`,`isbn`,`type`) VALUES('Brother and Dorian Pin','5282','9566603086039','b');
INSERT INTO `genre_book`(`genre`, `entryid`) VALUES ('Horror','5282');
INSERT INTO `author_book`(`author`, `entryid`) VALUES ('Annie Rotkowski','5282');
INSERT INTO `publisher_book`(`publisher`, `entryid`) VALUES ('Luchenbill Inc.','5282');
INSERT INTO `entry`(`entryid`,`type`) VALUES('5283','b');
INSERT INTO `book`(`title`,`entryid`,`isbn`,`type`) VALUES('Sharon vs. Sugar','5283','0514677678303','e');
INSERT INTO `genre_book`(`genre`, `entryid`) VALUES ('Thriller','5283');
INSERT INTO `author_book`(`author`, `entryid`) VALUES ('Rhea Almajhoub','5283');
INSERT INTO `publisher_book`(`publisher`, `entryid`) VALUES ('Pollinger Inc.','5283');
INSERT INTO `entry`(`entryid`,`type`) VALUES('5284','b');
INSERT INTO `book`(`title`,`entryid`,`isbn`,`type`) VALUES('Downtown and fluffy Salad','5284','0076247368806','b');
INSERT INTO `genre_book`(`genre`, `entryid`) VALUES ('Education','5284');
INSERT INTO `author_book`(`author`, `entryid`) VALUES ('Nada Candela','5284');
INSERT INTO `publisher_book`(`publisher`, `entryid`) VALUES ('Pery Cooperations.','5284');
INSERT INTO `entry`(`entryid`,`type`) VALUES('5285','b');
INSERT INTO `book`(`title`,`entryid`,`isbn`,`type`) VALUES('Michael to the Sparrow','5285','9135085743519','b');
INSERT INTO `genre_book`(`genre`, `entryid`) VALUES ('Adventure','5285');
INSERT INTO `author_book`(`author`, `entryid`) VALUES ('Hildred Prem','5285');
INSERT INTO `publisher_book`(`publisher`, `entryid`) VALUES ('Hooey Inc.','5285');
INSERT INTO `entry`(`entryid`,`type`) VALUES('5286','b');
INSERT INTO `book`(`title`,`entryid`,`isbn`,`type`) VALUES('Playroom against the intoxicated Letter','5286','9066409646129','b');
INSERT INTO `genre_book`(`genre`, `entryid`) VALUES ('Thriller','5286');
INSERT INTO `author`(`name`,`birthyear`,`deathyear`) VALUES('Rudolf Dumbleton','1977','2031');
INSERT INTO `author_book`(`author`, `entryid`) VALUES ('Rudolf Dumbleton','5286');
INSERT INTO `publisher_book`(`publisher`, `entryid`) VALUES ('Mccardell Cooperations.','5286');
INSERT INTO `entry`(`entryid`,`type`) VALUES('5287','b');
INSERT INTO `book`(`title`,`entryid`,`isbn`,`type`) VALUES('Bill for Shop','5287','0866436282931','b');
INSERT INTO `genre_book`(`genre`, `entryid`) VALUES ('Thriller','5287');
INSERT INTO `author_book`(`author`, `entryid`) VALUES ('Enid Jarett','5287');
INSERT INTO `publisher_book`(`publisher`, `entryid`) VALUES ('Lanagan Inc.','5287');
INSERT INTO `entry`(`entryid`,`type`) VALUES('5288','b');
INSERT INTO `book`(`title`,`entryid`,`isbn`,`type`) VALUES('Riddle to the Mile','5288','9668133098804','j');
INSERT INTO `genre_book`(`genre`, `entryid`) VALUES ('Thriller','5288');
INSERT INTO `author_book`(`author`, `entryid`) VALUES ('Dennis Musto','5288');
INSERT INTO `publisher_book`(`publisher`, `entryid`) VALUES ('Trnka Inc.','5288');
INSERT INTO `entry`(`entryid`,`type`) VALUES('5289','b');
INSERT INTO `book`(`title`,`entryid`,`isbn`,`type`) VALUES('Cylinder by the Banana','5289','9285546268841','j');
INSERT INTO `genre_book`(`genre`, `entryid`) VALUES ('Thriller','5289');
INSERT INTO `author_book`(`author`, `entryid`) VALUES ('Iris Yamat','5289');
INSERT INTO `publisher_book`(`publisher`, `entryid`) VALUES ('Lundblad Inc.','5289');
INSERT INTO `entry`(`entryid`,`type`) VALUES('5290','b');
INSERT INTO `book`(`title`,`entryid`,`isbn`,`type`) VALUES('Bulldozer with Armadillo','5290','0440974275795','j');
INSERT INTO `genre_book`(`genre`, `entryid`) VALUES ('Romance','5290');
INSERT INTO `author_book`(`author`, `entryid`) VALUES ('Valrie Buckhannon','5290');
INSERT INTO `publisher_book`(`publisher`, `entryid`) VALUES ('Roux Publishers.','5290');
INSERT INTO `entry`(`entryid`,`type`) VALUES('5291','b');
INSERT INTO `book`(`title`,`entryid`,`isbn`,`type`) VALUES('Committee with the Key','5291','9646332071315','j');
INSERT INTO `genre_book`(`genre`, `entryid`) VALUES ('Science','5291');
INSERT INTO `author_book`(`author`, `entryid`) VALUES ('Paulene Knap','5291');
INSERT INTO `publisher_book`(`publisher`, `entryid`) VALUES ('Marth Cooperations.','5291');
INSERT INTO `entry`(`entryid`,`type`) VALUES('5292','b');
INSERT INTO `book`(`title`,`entryid`,`isbn`,`type`) VALUES('Study with the iliac Wash','5292','9773536622955','b');
INSERT INTO `genre_book`(`genre`, `entryid`) VALUES ('Adventure','5292');
INSERT INTO `author_book`(`author`, `entryid`) VALUES ('Sharlene Golde','5292');
INSERT INTO `publisher_book`(`publisher`, `entryid`) VALUES ('Arroyd Inc.','5292');
INSERT INTO `entry`(`entryid`,`type`) VALUES('5293','b');
INSERT INTO `book`(`title`,`entryid`,`isbn`,`type`) VALUES('Tendency to the Saturday','5293','0222777752713','j');
INSERT INTO `genre_book`(`genre`, `entryid`) VALUES ('Thriller','5293');
INSERT INTO `author`(`name`,`birthyear`,`deathyear`) VALUES('Chrissy Innes','1922','2003');
INSERT INTO `author_book`(`author`, `entryid`) VALUES ('Chrissy Innes','5293');
INSERT INTO `publisher_book`(`publisher`, `entryid`) VALUES ('Nuzum Inc.','5293');
INSERT INTO `entry`(`entryid`,`type`) VALUES('5294','b');
INSERT INTO `book`(`title`,`entryid`,`isbn`,`type`) VALUES('Tugboat by the Yam','5294','9181004523613','e');
INSERT INTO `genre_book`(`genre`, `entryid`) VALUES ('Education','5294');
INSERT INTO `author_book`(`author`, `entryid`) VALUES ('Adam Ruggieri','5294');
INSERT INTO `publisher_book`(`publisher`, `entryid`) VALUES ('Durousseau Inc.','5294');
INSERT INTO `entry`(`entryid`,`type`) VALUES('5295','b');
INSERT INTO `book`(`title`,`entryid`,`isbn`,`type`) VALUES('Garden to Measure','5295','9136227668212','j');
INSERT INTO `genre_book`(`genre`, `entryid`) VALUES ('Horror','5295');
INSERT INTO `author_book`(`author`, `entryid`) VALUES ('Wilhelmina Dirusso','5295');
INSERT INTO `publisher_book`(`publisher`, `entryid`) VALUES ('Albini Cooperations.','5295');
INSERT INTO `entry`(`entryid`,`type`) VALUES('5296','b');
INSERT INTO `book`(`title`,`entryid`,`isbn`,`type`) VALUES('Tuna by smooth-faced Barber','5296','0585808458989','j');
INSERT INTO `genre_book`(`genre`, `entryid`) VALUES ('Thriller','5296');
INSERT INTO `author_book`(`author`, `entryid`) VALUES ('Evangelina Mcelreavy','5296');
INSERT INTO `publisher_book`(`publisher`, `entryid`) VALUES ('Whalen Inc.','5296');
INSERT INTO `entry`(`entryid`,`type`) VALUES('5297','b');
INSERT INTO `book`(`title`,`entryid`,`isbn`,`type`) VALUES('Vision by Flag','5297','0815768344780','j');
INSERT INTO `genre_book`(`genre`, `entryid`) VALUES ('Adventure','5297');
INSERT INTO `author_book`(`author`, `entryid`) VALUES ('Gail Naugle','5297');
INSERT INTO `publisher_book`(`publisher`, `entryid`) VALUES ('Grulkey Inc.','5297');
INSERT INTO `entry`(`entryid`,`type`) VALUES('5298','b');
INSERT INTO `book`(`title`,`entryid`,`isbn`,`type`) VALUES('Pvc to the unforced Nut','5298','9103016339569','j');
INSERT INTO `genre_book`(`genre`, `entryid`) VALUES ('Education','5298');
INSERT INTO `author_book`(`author`, `entryid`) VALUES ('Kayleigh Haagensen','5298');
INSERT INTO `publisher_book`(`publisher`, `entryid`) VALUES ('Kedley Cooperations.','5298');
INSERT INTO `entry`(`entryid`,`type`) VALUES('5299','b');
INSERT INTO `book`(`title`,`entryid`,`isbn`,`type`) VALUES('Digger with the advisable Whale','5299','9359915081270','e');
INSERT INTO `genre_book`(`genre`, `entryid`) VALUES ('Science','5299');
INSERT INTO `author_book`(`author`, `entryid`) VALUES ('Minerva Branam','5299');
INSERT INTO `publisher_book`(`publisher`, `entryid`) VALUES ('Sala Cooperations.','5299');
INSERT INTO `entry`(`entryid`,`type`) VALUES('5300','b');
INSERT INTO `book`(`title`,`entryid`,`isbn`,`type`) VALUES('Shrimp for Push','5300','0839161263179','b');
INSERT INTO `genre_book`(`genre`, `entryid`) VALUES ('Horror','5300');
INSERT INTO `author_book`(`author`, `entryid`) VALUES ('Ramona Hammel','5300');
INSERT INTO `publisher_book`(`publisher`, `entryid`) VALUES ('Pawell Cooperations.','5300');
INSERT INTO `entry`(`entryid`,`type`) VALUES('5301','b');
INSERT INTO `book`(`title`,`entryid`,`isbn`,`type`) VALUES('Cooking for Resolution','5301','9567288519968','e');
INSERT INTO `genre_book`(`genre`, `entryid`) VALUES ('Adventure','5301');
INSERT INTO `author_book`(`author`, `entryid`) VALUES ('Ewa Moscariello','5301');
INSERT INTO `publisher_book`(`publisher`, `entryid`) VALUES ('Draffin Publishers.','5301');
INSERT INTO `entry`(`entryid`,`type`) VALUES('5302','b');
INSERT INTO `book`(`title`,`entryid`,`isbn`,`type`) VALUES('Year against the native Orchestra','5302','9666889508608','e');
INSERT INTO `genre_book`(`genre`, `entryid`) VALUES ('Romance','5302');
INSERT INTO `author_book`(`author`, `entryid`) VALUES ('Paris Samway','5302');
INSERT INTO `publisher_book`(`publisher`, `entryid`) VALUES ('Blan Inc.','5302');
INSERT INTO `entry`(`entryid`,`type`) VALUES('5303','b');
INSERT INTO `book`(`title`,`entryid`,`isbn`,`type`) VALUES('Temperature vs. Avenue','5303','0518358164052','j');
INSERT INTO `genre_book`(`genre`, `entryid`) VALUES ('Science','5303');
INSERT INTO `author`(`name`,`birthyear`,`deathyear`) VALUES('Pat Curley','1963','2005');
INSERT INTO `author_book`(`author`, `entryid`) VALUES ('Pat Curley','5303');
INSERT INTO `publisher_book`(`publisher`, `entryid`) VALUES ('Matise Cooperations.','5303');
INSERT INTO `entry`(`entryid`,`type`) VALUES('5304','b');
INSERT INTO `book`(`title`,`entryid`,`isbn`,`type`) VALUES('Guide vs. Ground','5304','0034228845279','b');
INSERT INTO `genre_book`(`genre`, `entryid`) VALUES ('Thriller','5304');
INSERT INTO `author_book`(`author`, `entryid`) VALUES ('Ezra Stromyer','5304');
INSERT INTO `publisher_book`(`publisher`, `entryid`) VALUES ('Cobden Publishers.','5304');
INSERT INTO `entry`(`entryid`,`type`) VALUES('5305','b');
INSERT INTO `book`(`title`,`entryid`,`isbn`,`type`) VALUES('Decision in working-class Ton','5305','0157269160554','b');
INSERT INTO `genre_book`(`genre`, `entryid`) VALUES ('Adventure','5305');
INSERT INTO `author_book`(`author`, `entryid`) VALUES ('Kirstin Binstock','5305');
INSERT INTO `publisher_book`(`publisher`, `entryid`) VALUES ('Arroyd Inc.','5305');
INSERT INTO `entry`(`entryid`,`type`) VALUES('5306','b');
INSERT INTO `book`(`title`,`entryid`,`isbn`,`type`) VALUES('Billboard by phyllopod Walk','5306','0898193192273','j');
INSERT INTO `genre_book`(`genre`, `entryid`) VALUES ('Science','5306');
INSERT INTO `author_book`(`author`, `entryid`) VALUES ('Wava War','5306');
INSERT INTO `publisher_book`(`publisher`, `entryid`) VALUES ('Tegarden Publishers.','5306');
INSERT INTO `entry`(`entryid`,`type`) VALUES('5307','b');
INSERT INTO `book`(`title`,`entryid`,`isbn`,`type`) VALUES('Clock and Expert','5307','9963317294136','j');
INSERT INTO `genre_book`(`genre`, `entryid`) VALUES ('Romance','5307');
INSERT INTO `author_book`(`author`, `entryid`) VALUES ('Exie Magwood','5307');
INSERT INTO `publisher_book`(`publisher`, `entryid`) VALUES ('Reshard Cooperations.','5307');
INSERT INTO `entry`(`entryid`,`type`) VALUES('5308','b');
INSERT INTO `book`(`title`,`entryid`,`isbn`,`type`) VALUES('Head because of septentrional Squid','5308','9963243737570','e');
INSERT INTO `genre_book`(`genre`, `entryid`) VALUES ('Romance','5308');
INSERT INTO `author_book`(`author`, `entryid`) VALUES ('Roy Belski','5308');
INSERT INTO `publisher_book`(`publisher`, `entryid`) VALUES ('Vote Publishers.','5308');
INSERT INTO `entry`(`entryid`,`type`) VALUES('5309','b');
INSERT INTO `book`(`title`,`entryid`,`isbn`,`type`) VALUES('Racing and the Tempo','5309','9062453305304','j');
INSERT INTO `genre_book`(`genre`, `entryid`) VALUES ('Sci-Fi','5309');
INSERT INTO `author_book`(`author`, `entryid`) VALUES ('Rolande Copass','5309');
INSERT INTO `publisher_book`(`publisher`, `entryid`) VALUES ('Hoaglund Cooperations.','5309');
INSERT INTO `entry`(`entryid`,`type`) VALUES('5310','b');
INSERT INTO `book`(`title`,`entryid`,`isbn`,`type`) VALUES('Cotton of the Octave','5310','0716313487317','e');
INSERT INTO `genre_book`(`genre`, `entryid`) VALUES ('Science','5310');
INSERT INTO `author_book`(`author`, `entryid`) VALUES ('Jarrett Mess','5310');
INSERT INTO `publisher_book`(`publisher`, `entryid`) VALUES ('Lund Inc.','5310');
INSERT INTO `entry`(`entryid`,`type`) VALUES('5311','b');
INSERT INTO `book`(`title`,`entryid`,`isbn`,`type`) VALUES('Anger for Armenian','5311','9324356257788','e');
INSERT INTO `genre_book`(`genre`, `entryid`) VALUES ('Horror','5311');
INSERT INTO `author_book`(`author`, `entryid`) VALUES ('Danuta Mandahl','5311');
INSERT INTO `publisher_book`(`publisher`, `entryid`) VALUES ('Czapiewski Inc.','5311');
INSERT INTO `entry`(`entryid`,`type`) VALUES('5312','b');
INSERT INTO `book`(`title`,`entryid`,`isbn`,`type`) VALUES('Cancer of parasympathetic Camera','5312','0904494242242','e');
INSERT INTO `genre_book`(`genre`, `entryid`) VALUES ('Thriller','5312');
INSERT INTO `author_book`(`author`, `entryid`) VALUES ('Pauline Eagles','5312');
INSERT INTO `publisher_book`(`publisher`, `entryid`) VALUES ('Duchesney Publishers.','5312');
INSERT INTO `entry`(`entryid`,`type`) VALUES('5313','b');
INSERT INTO `book`(`title`,`entryid`,`isbn`,`type`) VALUES('Camera and melanistic Blinker','5313','0056973734224','e');
INSERT INTO `genre_book`(`genre`, `entryid`) VALUES ('Science','5313');
INSERT INTO `author_book`(`author`, `entryid`) VALUES ('Shirl Orff','5313');
INSERT INTO `publisher_book`(`publisher`, `entryid`) VALUES ('Mcgranor Cooperations.','5313');
INSERT INTO `entry`(`entryid`,`type`) VALUES('5314','b');
INSERT INTO `book`(`title`,`entryid`,`isbn`,`type`) VALUES('Spaghetti against Innocent','5314','0285670443973','e');
INSERT INTO `genre_book`(`genre`, `entryid`) VALUES ('Romance','5314');
INSERT INTO `author_book`(`author`, `entryid`) VALUES ('Lecia Chernay','5314');
INSERT INTO `publisher_book`(`publisher`, `entryid`) VALUES ('Aplington Inc.','5314');
INSERT INTO `entry`(`entryid`,`type`) VALUES('5315','b');
INSERT INTO `book`(`title`,`entryid`,`isbn`,`type`) VALUES('Fisherman of the set-up Archer','5315','0467471307906','e');
INSERT INTO `genre_book`(`genre`, `entryid`) VALUES ('Sci-Fi','5315');
INSERT INTO `author_book`(`author`, `entryid`) VALUES ('Sean Kassebaum','5315');
INSERT INTO `publisher_book`(`publisher`, `entryid`) VALUES ('Bumby Inc.','5315');
INSERT INTO `entry`(`entryid`,`type`) VALUES('5316','b');
INSERT INTO `book`(`title`,`entryid`,`isbn`,`type`) VALUES('Mexican and erotic Regret','5316','0967258767900','b');
INSERT INTO `genre_book`(`genre`, `entryid`) VALUES ('Thriller','5316');
INSERT INTO `author_book`(`author`, `entryid`) VALUES ('Susanne Walkowski','5316');
INSERT INTO `publisher_book`(`publisher`, `entryid`) VALUES ('Bouvier Cooperations.','5316');
INSERT INTO `entry`(`entryid`,`type`) VALUES('5317','b');
INSERT INTO `book`(`title`,`entryid`,`isbn`,`type`) VALUES('Shadow of the Saudi arabia','5317','0215558232098','b');
INSERT INTO `genre_book`(`genre`, `entryid`) VALUES ('Science','5317');
INSERT INTO `author_book`(`author`, `entryid`) VALUES ('Season Harbour','5317');
INSERT INTO `publisher_book`(`publisher`, `entryid`) VALUES ('Pudenz Inc.','5317');
INSERT INTO `entry`(`entryid`,`type`) VALUES('5318','b');
INSERT INTO `book`(`title`,`entryid`,`isbn`,`type`) VALUES('Spleen vs. tall Factory','5318','9896366755260','e');
INSERT INTO `genre_book`(`genre`, `entryid`) VALUES ('Horror','5318');
INSERT INTO `author_book`(`author`, `entryid`) VALUES ('Willie Sheltrown','5318');
INSERT INTO `publisher_book`(`publisher`, `entryid`) VALUES ('Kleis Inc.','5318');
INSERT INTO `entry`(`entryid`,`type`) VALUES('5319','b');
INSERT INTO `book`(`title`,`entryid`,`isbn`,`type`) VALUES('Harmony to the Break','5319','9922500844128','b');
INSERT INTO `genre_book`(`genre`, `entryid`) VALUES ('Sci-Fi','5319');
INSERT INTO `author_book`(`author`, `entryid`) VALUES ('Jeniffer Fenstermaker','5319');
INSERT INTO `publisher_book`(`publisher`, `entryid`) VALUES ('Dismukes Cooperations.','5319');
INSERT INTO `entry`(`entryid`,`type`) VALUES('5320','b');
INSERT INTO `book`(`title`,`entryid`,`isbn`,`type`) VALUES('Liver by Bucket','5320','9951164493872','b');
INSERT INTO `genre_book`(`genre`, `entryid`) VALUES ('Romance','5320');
INSERT INTO `author`(`name`,`birthyear`,`deathyear`) VALUES('Armida Sherley','1936','1975');
INSERT INTO `author_book`(`author`, `entryid`) VALUES ('Armida Sherley','5320');
INSERT INTO `publisher_book`(`publisher`, `entryid`) VALUES ('Nierman Inc.','5320');
INSERT INTO `entry`(`entryid`,`type`) VALUES('5321','b');
INSERT INTO `book`(`title`,`entryid`,`isbn`,`type`) VALUES('Hen for the coarctate Top','5321','9971969594508','e');
INSERT INTO `genre_book`(`genre`, `entryid`) VALUES ('Science','5321');
INSERT INTO `author_book`(`author`, `entryid`) VALUES ('Marhta Daily','5321');
INSERT INTO `publisher_book`(`publisher`, `entryid`) VALUES ('Hollner Publishers.','5321');
INSERT INTO `entry`(`entryid`,`type`) VALUES('5322','b');
INSERT INTO `book`(`title`,`entryid`,`isbn`,`type`) VALUES('Velvet vs. Punch','5322','9501418014866','b');
INSERT INTO `genre_book`(`genre`, `entryid`) VALUES ('Sci-Fi','5322');
INSERT INTO `author`(`name`,`birthyear`,`deathyear`) VALUES('Bethanie Crenwelge','1935','1992');
INSERT INTO `author_book`(`author`, `entryid`) VALUES ('Bethanie Crenwelge','5322');
INSERT INTO `publisher_book`(`publisher`, `entryid`) VALUES ('Reeber Inc.','5322');
INSERT INTO `entry`(`entryid`,`type`) VALUES('5323','b');
INSERT INTO `book`(`title`,`entryid`,`isbn`,`type`) VALUES('Airport by France','5323','9805714786795','b');
INSERT INTO `genre_book`(`genre`, `entryid`) VALUES ('Thriller','5323');
INSERT INTO `author_book`(`author`, `entryid`) VALUES ('Gerry Sovich','5323');
INSERT INTO `publisher_book`(`publisher`, `entryid`) VALUES ('Brotherson Inc.','5323');
INSERT INTO `entry`(`entryid`,`type`) VALUES('5324','b');
INSERT INTO `book`(`title`,`entryid`,`isbn`,`type`) VALUES('Measure of impingent Locket','5324','9546773512507','b');
INSERT INTO `genre_book`(`genre`, `entryid`) VALUES ('Adventure','5324');
INSERT INTO `author_book`(`author`, `entryid`) VALUES ('Raymonde Quade','5324');
INSERT INTO `publisher_book`(`publisher`, `entryid`) VALUES ('Albini Cooperations.','5324');
INSERT INTO `entry`(`entryid`,`type`) VALUES('5325','b');
INSERT INTO `book`(`title`,`entryid`,`isbn`,`type`) VALUES('Thread of Freckle','5325','9504092895469','b');
INSERT INTO `genre_book`(`genre`, `entryid`) VALUES ('Thriller','5325');
INSERT INTO `author`(`name`,`birthyear`,`deathyear`) VALUES('Estell Mays','1980','2023');
INSERT INTO `author_book`(`author`, `entryid`) VALUES ('Estell Mays','5325');
INSERT INTO `publisher_book`(`publisher`, `entryid`) VALUES ('Rasco Inc.','5325');
INSERT INTO `entry`(`entryid`,`type`) VALUES('5326','b');
INSERT INTO `book`(`title`,`entryid`,`isbn`,`type`) VALUES('Starter and stalwart Edger','5326','9818950128592','e');
INSERT INTO `genre_book`(`genre`, `entryid`) VALUES ('Adventure','5326');
INSERT INTO `author_book`(`author`, `entryid`) VALUES ('Susana Reiland','5326');
INSERT INTO `publisher_book`(`publisher`, `entryid`) VALUES ('Scriuner Publishers.','5326');
INSERT INTO `entry`(`entryid`,`type`) VALUES('5327','b');
INSERT INTO `book`(`title`,`entryid`,`isbn`,`type`) VALUES('Camel with Person','5327','9362488425980','e');
INSERT INTO `genre_book`(`genre`, `entryid`) VALUES ('Romance','5327');
INSERT INTO `author`(`name`,`birthyear`,`deathyear`) VALUES('Malvina Ailshire','1968','1989');
INSERT INTO `author_book`(`author`, `entryid`) VALUES ('Malvina Ailshire','5327');
INSERT INTO `publisher_book`(`publisher`, `entryid`) VALUES ('Trobaugh Publishers.','5327');
INSERT INTO `entry`(`entryid`,`type`) VALUES('5328','b');
INSERT INTO `book`(`title`,`entryid`,`isbn`,`type`) VALUES('Scorpion for the Horn','5328','9529207904214','e');
INSERT INTO `genre_book`(`genre`, `entryid`) VALUES ('Thriller','5328');
INSERT INTO `author_book`(`author`, `entryid`) VALUES ('Kelly Mcelhiney','5328');
INSERT INTO `publisher_book`(`publisher`, `entryid`) VALUES ('Want Inc.','5328');
INSERT INTO `entry`(`entryid`,`type`) VALUES('5329','b');
INSERT INTO `book`(`title`,`entryid`,`isbn`,`type`) VALUES('Kenneth to whorish Cub','5329','0466113408240','e');
INSERT INTO `genre_book`(`genre`, `entryid`) VALUES ('Adventure','5329');
INSERT INTO `author_book`(`author`, `entryid`) VALUES ('Paulene Knap','5329');
INSERT INTO `publisher_book`(`publisher`, `entryid`) VALUES ('Bolick Inc.','5329');
INSERT INTO `entry`(`entryid`,`type`) VALUES('5330','b');
INSERT INTO `book`(`title`,`entryid`,`isbn`,`type`) VALUES('Journey with the Seat','5330','9811374493611','e');
INSERT INTO `genre_book`(`genre`, `entryid`) VALUES ('Thriller','5330');
INSERT INTO `author_book`(`author`, `entryid`) VALUES ('Deja Theall','5330');
INSERT INTO `publisher_book`(`publisher`, `entryid`) VALUES ('Schwamberger Inc.','5330');
INSERT INTO `entry`(`entryid`,`type`) VALUES('5331','b');
INSERT INTO `book`(`title`,`entryid`,`isbn`,`type`) VALUES('Daniel for glad Parrot','5331','0974441777804','j');
INSERT INTO `genre_book`(`genre`, `entryid`) VALUES ('Adventure','5331');
INSERT INTO `author_book`(`author`, `entryid`) VALUES ('Jocelyn Daguio','5331');
INSERT INTO `publisher_book`(`publisher`, `entryid`) VALUES ('Turnbow Cooperations.','5331');
INSERT INTO `entry`(`entryid`,`type`) VALUES('5332','b');
INSERT INTO `book`(`title`,`entryid`,`isbn`,`type`) VALUES('Tanzania for Yacht','5332','0323214270464','e');
INSERT INTO `genre_book`(`genre`, `entryid`) VALUES ('Sci-Fi','5332');
INSERT INTO `author_book`(`author`, `entryid`) VALUES ('Myles Childes','5332');
INSERT INTO `publisher_book`(`publisher`, `entryid`) VALUES ('Diruzzo Publishers.','5332');
INSERT INTO `entry`(`entryid`,`type`) VALUES('5333','b');
INSERT INTO `book`(`title`,`entryid`,`isbn`,`type`) VALUES('Lyre of the pentadactyl Carol','5333','9585142303640','b');
INSERT INTO `genre_book`(`genre`, `entryid`) VALUES ('Science','5333');
INSERT INTO `author_book`(`author`, `entryid`) VALUES ('Chasity Hoffstatter','5333');
INSERT INTO `publisher_book`(`publisher`, `entryid`) VALUES ('Moyet Inc.','5333');
INSERT INTO `entry`(`entryid`,`type`) VALUES('5334','b');
INSERT INTO `book`(`title`,`entryid`,`isbn`,`type`) VALUES('Noise vs. Dibble','5334','0151642579742','e');
INSERT INTO `genre_book`(`genre`, `entryid`) VALUES ('Adventure','5334');
INSERT INTO `author_book`(`author`, `entryid`) VALUES ('Rudolf Dumbleton','5334');
INSERT INTO `publisher_book`(`publisher`, `entryid`) VALUES ('Ginty Cooperations.','5334');
INSERT INTO `entry`(`entryid`,`type`) VALUES('5335','b');
INSERT INTO `book`(`title`,`entryid`,`isbn`,`type`) VALUES('Racing by the Physician','5335','0447503584355','e');
INSERT INTO `genre_book`(`genre`, `entryid`) VALUES ('Adventure','5335');
INSERT INTO `author_book`(`author`, `entryid`) VALUES ('Loren Zarn','5335');
INSERT INTO `publisher_book`(`publisher`, `entryid`) VALUES ('Doerflinger Inc.','5335');
INSERT INTO `entry`(`entryid`,`type`) VALUES('5336','b');
INSERT INTO `book`(`title`,`entryid`,`isbn`,`type`) VALUES('Cover against unrebuked Uganda','5336','9318395719612','j');
INSERT INTO `genre_book`(`genre`, `entryid`) VALUES ('Sci-Fi','5336');
INSERT INTO `author`(`name`,`birthyear`,`deathyear`) VALUES('Maryam Mennig','1883','1907');
INSERT INTO `author_book`(`author`, `entryid`) VALUES ('Maryam Mennig','5336');
INSERT INTO `publisher_book`(`publisher`, `entryid`) VALUES ('Rayman Publishers.','5336');
INSERT INTO `entry`(`entryid`,`type`) VALUES('5337','b');
INSERT INTO `book`(`title`,`entryid`,`isbn`,`type`) VALUES('Taste of the Violet','5337','0592311805273','j');
INSERT INTO `genre_book`(`genre`, `entryid`) VALUES ('Horror','5337');
INSERT INTO `author_book`(`author`, `entryid`) VALUES ('Barry Enzor','5337');
INSERT INTO `publisher_book`(`publisher`, `entryid`) VALUES ('Grinner Inc.','5337');
INSERT INTO `entry`(`entryid`,`type`) VALUES('5338','b');
INSERT INTO `book`(`title`,`entryid`,`isbn`,`type`) VALUES('Smash with Foundation','5338','0037647898121','j');
INSERT INTO `genre_book`(`genre`, `entryid`) VALUES ('Horror','5338');
INSERT INTO `author_book`(`author`, `entryid`) VALUES ('Lakia Melchin','5338');
INSERT INTO `publisher_book`(`publisher`, `entryid`) VALUES ('Kopf Cooperations.','5338');
INSERT INTO `entry`(`entryid`,`type`) VALUES('5339','b');
INSERT INTO `book`(`title`,`entryid`,`isbn`,`type`) VALUES('Segment with the abroach Michael','5339','9243632341150','j');
INSERT INTO `genre_book`(`genre`, `entryid`) VALUES ('Sci-Fi','5339');
INSERT INTO `author_book`(`author`, `entryid`) VALUES ('Mercedes Penha','5339');
INSERT INTO `publisher_book`(`publisher`, `entryid`) VALUES ('Cundy Inc.','5339');
INSERT INTO `entry`(`entryid`,`type`) VALUES('5340','b');
INSERT INTO `book`(`title`,`entryid`,`isbn`,`type`) VALUES('Fountain because of Maple','5340','9572971665787','e');
INSERT INTO `genre_book`(`genre`, `entryid`) VALUES ('Romance','5340');
INSERT INTO `author_book`(`author`, `entryid`) VALUES ('Adalberto Paeth','5340');
INSERT INTO `publisher_book`(`publisher`, `entryid`) VALUES ('Franken Publishers.','5340');
INSERT INTO `entry`(`entryid`,`type`) VALUES('5341','b');
INSERT INTO `book`(`title`,`entryid`,`isbn`,`type`) VALUES('Sturgeon with the secularized Anethesiologist','5341','9385933558723','e');
INSERT INTO `genre_book`(`genre`, `entryid`) VALUES ('Adventure','5341');
INSERT INTO `author_book`(`author`, `entryid`) VALUES ('Gracie Monzon','5341');
INSERT INTO `publisher_book`(`publisher`, `entryid`) VALUES ('Neuman Cooperations.','5341');
INSERT INTO `entry`(`entryid`,`type`) VALUES('5342','b');
INSERT INTO `book`(`title`,`entryid`,`isbn`,`type`) VALUES('Channel with the pinched Pentagon','5342','9289974042852','j');
INSERT INTO `genre_book`(`genre`, `entryid`) VALUES ('Romance','5342');
INSERT INTO `author_book`(`author`, `entryid`) VALUES ('Erik Ekberg','5342');
INSERT INTO `publisher_book`(`publisher`, `entryid`) VALUES ('Kleis Inc.','5342');
INSERT INTO `entry`(`entryid`,`type`) VALUES('5343','b');
INSERT INTO `book`(`title`,`entryid`,`isbn`,`type`) VALUES('Market vs. Salmon','5343','9659123803940','e');
INSERT INTO `genre_book`(`genre`, `entryid`) VALUES ('Science','5343');
INSERT INTO `author_book`(`author`, `entryid`) VALUES ('Ines Bodle','5343');
INSERT INTO `publisher_book`(`publisher`, `entryid`) VALUES ('Edington Cooperations.','5343');
INSERT INTO `entry`(`entryid`,`type`) VALUES('5344','b');
INSERT INTO `book`(`title`,`entryid`,`isbn`,`type`) VALUES('Eye vs. Mustard','5344','9410695472545','b');
INSERT INTO `genre_book`(`genre`, `entryid`) VALUES ('Education','5344');
INSERT INTO `author_book`(`author`, `entryid`) VALUES ('An Abt','5344');
INSERT INTO `publisher_book`(`publisher`, `entryid`) VALUES ('Cordas Inc.','5344');
INSERT INTO `entry`(`entryid`,`type`) VALUES('5345','b');
INSERT INTO `book`(`title`,`entryid`,`isbn`,`type`) VALUES('Bank by the trabecular April','5345','9700120655058','b');
INSERT INTO `genre_book`(`genre`, `entryid`) VALUES ('Science','5345');
INSERT INTO `author_book`(`author`, `entryid`) VALUES ('Marivel Matarrita','5345');
INSERT INTO `publisher_book`(`publisher`, `entryid`) VALUES ('Litwin Publishers.','5345');
INSERT INTO `entry`(`entryid`,`type`) VALUES('5346','b');
INSERT INTO `book`(`title`,`entryid`,`isbn`,`type`) VALUES('Llama and raciest Judo','5346','9466753458688','j');
INSERT INTO `genre_book`(`genre`, `entryid`) VALUES ('Romance','5346');
INSERT INTO `author_book`(`author`, `entryid`) VALUES ('Fran Violette','5346');
INSERT INTO `publisher_book`(`publisher`, `entryid`) VALUES ('Lanphere Cooperations.','5346');
INSERT INTO `entry`(`entryid`,`type`) VALUES('5347','b');
INSERT INTO `book`(`title`,`entryid`,`isbn`,`type`) VALUES('Flesh of the Study','5347','0251021666039','e');
INSERT INTO `genre_book`(`genre`, `entryid`) VALUES ('Horror','5347');
INSERT INTO `author_book`(`author`, `entryid`) VALUES ('Jamey Mayo','5347');
INSERT INTO `publisher_book`(`publisher`, `entryid`) VALUES ('Lucky Publishers.','5347');
INSERT INTO `entry`(`entryid`,`type`) VALUES('5348','b');
INSERT INTO `book`(`title`,`entryid`,`isbn`,`type`) VALUES('Blizzard and Pint','5348','9825294725182','b');
INSERT INTO `genre_book`(`genre`, `entryid`) VALUES ('Horror','5348');
INSERT INTO `author_book`(`author`, `entryid`) VALUES ('Kendall Merrit','5348');
INSERT INTO `publisher_book`(`publisher`, `entryid`) VALUES ('Dietlin Cooperations.','5348');
INSERT INTO `entry`(`entryid`,`type`) VALUES('5349','b');
INSERT INTO `book`(`title`,`entryid`,`isbn`,`type`) VALUES('Court of the geoidal Daughter','5349','9450678894584','e');
INSERT INTO `genre_book`(`genre`, `entryid`) VALUES ('Thriller','5349');
INSERT INTO `author_book`(`author`, `entryid`) VALUES ('Lizette Jeannotte','5349');
INSERT INTO `publisher_book`(`publisher`, `entryid`) VALUES ('Aplington Inc.','5349');
INSERT INTO `entry`(`entryid`,`type`) VALUES('5350','b');
INSERT INTO `book`(`title`,`entryid`,`isbn`,`type`) VALUES('July against the Trick','5350','9062887163188','b');
INSERT INTO `genre_book`(`genre`, `entryid`) VALUES ('Adventure','5350');
INSERT INTO `author_book`(`author`, `entryid`) VALUES ('Hiedi Celius','5350');
INSERT INTO `publisher_book`(`publisher`, `entryid`) VALUES ('Buergel Inc.','5350');
INSERT INTO `entry`(`entryid`,`type`) VALUES('5351','b');
INSERT INTO `book`(`title`,`entryid`,`isbn`,`type`) VALUES('Stocking to monomial Grease','5351','9244317940970','b');
INSERT INTO `genre_book`(`genre`, `entryid`) VALUES ('Education','5351');
INSERT INTO `author`(`name`,`birthyear`,`deathyear`) VALUES('Deeanna Pfund','1931','1991');
INSERT INTO `author_book`(`author`, `entryid`) VALUES ('Deeanna Pfund','5351');
INSERT INTO `publisher_book`(`publisher`, `entryid`) VALUES ('Czerniak Inc.','5351');
INSERT INTO `entry`(`entryid`,`type`) VALUES('5352','b');
INSERT INTO `book`(`title`,`entryid`,`isbn`,`type`) VALUES('Unit of South korea','5352','0592188726069','e');
INSERT INTO `genre_book`(`genre`, `entryid`) VALUES ('Education','5352');
INSERT INTO `author_book`(`author`, `entryid`) VALUES ('Lisha Radke','5352');
INSERT INTO `publisher_book`(`publisher`, `entryid`) VALUES ('Stjohn Publishers.','5352');
INSERT INTO `entry`(`entryid`,`type`) VALUES('5353','b');
INSERT INTO `book`(`title`,`entryid`,`isbn`,`type`) VALUES('Chimpanzee vs. Anatomy','5353','9488100172295','e');
INSERT INTO `genre_book`(`genre`, `entryid`) VALUES ('Thriller','5353');
INSERT INTO `author_book`(`author`, `entryid`) VALUES ('Samantha Salmeron','5353');
INSERT INTO `publisher_book`(`publisher`, `entryid`) VALUES ('Papaleo Publishers.','5353');
INSERT INTO `entry`(`entryid`,`type`) VALUES('5354','b');
INSERT INTO `book`(`title`,`entryid`,`isbn`,`type`) VALUES('Delivery by the Beggar','5354','0700529345206','e');
INSERT INTO `genre_book`(`genre`, `entryid`) VALUES ('Thriller','5354');
INSERT INTO `author_book`(`author`, `entryid`) VALUES ('Rene Gaytan','5354');
INSERT INTO `publisher_book`(`publisher`, `entryid`) VALUES ('Hamnon Publishers.','5354');
INSERT INTO `entry`(`entryid`,`type`) VALUES('5355','b');
INSERT INTO `book`(`title`,`entryid`,`isbn`,`type`) VALUES('Design with crawlier Dinner','5355','0145071167401','b');
INSERT INTO `genre_book`(`genre`, `entryid`) VALUES ('Sci-Fi','5355');
INSERT INTO `author_book`(`author`, `entryid`) VALUES ('Deeanna Pfund','5355');
INSERT INTO `publisher_book`(`publisher`, `entryid`) VALUES ('Celli Cooperations.','5355');
INSERT INTO `entry`(`entryid`,`type`) VALUES('5356','b');
INSERT INTO `book`(`title`,`entryid`,`isbn`,`type`) VALUES('Direction against Dolphin','5356','0981395457898','b');
INSERT INTO `genre_book`(`genre`, `entryid`) VALUES ('Science','5356');
INSERT INTO `author_book`(`author`, `entryid`) VALUES ('India Sordahl','5356');
INSERT INTO `publisher_book`(`publisher`, `entryid`) VALUES ('Grabo Cooperations.','5356');
INSERT INTO `entry`(`entryid`,`type`) VALUES('5357','b');
INSERT INTO `book`(`title`,`entryid`,`isbn`,`type`) VALUES('Dryer with multipurpose Eyelash','5357','0818828295277','j');
INSERT INTO `genre_book`(`genre`, `entryid`) VALUES ('Sci-Fi','5357');
INSERT INTO `author_book`(`author`, `entryid`) VALUES ('Ling Jou','5357');
INSERT INTO `publisher_book`(`publisher`, `entryid`) VALUES ('Cordas Inc.','5357');
INSERT INTO `entry`(`entryid`,`type`) VALUES('5358','b');
INSERT INTO `book`(`title`,`entryid`,`isbn`,`type`) VALUES('Olive by andante Development','5358','9845020963273','b');
INSERT INTO `genre_book`(`genre`, `entryid`) VALUES ('Romance','5358');
INSERT INTO `author_book`(`author`, `entryid`) VALUES ('Kelley Luth','5358');
INSERT INTO `publisher_book`(`publisher`, `entryid`) VALUES ('Happe Publishers.','5358');
INSERT INTO `entry`(`entryid`,`type`) VALUES('5359','b');
INSERT INTO `book`(`title`,`entryid`,`isbn`,`type`) VALUES('Peony vs. ungenteel Kitty','5359','0689566569085','b');
INSERT INTO `genre_book`(`genre`, `entryid`) VALUES ('Thriller','5359');
INSERT INTO `author_book`(`author`, `entryid`) VALUES ('Trenton Bombaci','5359');
INSERT INTO `publisher_book`(`publisher`, `entryid`) VALUES ('Ramiro Inc.','5359');
INSERT INTO `entry`(`entryid`,`type`) VALUES('5360','b');
INSERT INTO `book`(`title`,`entryid`,`isbn`,`type`) VALUES('Millimeter for spiritless Professor','5360','9633675885048','b');
INSERT INTO `genre_book`(`genre`, `entryid`) VALUES ('Science','5360');
INSERT INTO `author_book`(`author`, `entryid`) VALUES ('Chelsey Dollins','5360');
INSERT INTO `publisher_book`(`publisher`, `entryid`) VALUES ('Wesloh Inc.','5360');
INSERT INTO `entry`(`entryid`,`type`) VALUES('5361','b');
INSERT INTO `book`(`title`,`entryid`,`isbn`,`type`) VALUES('Current by the Sea','5361','0845814590186','b');
INSERT INTO `genre_book`(`genre`, `entryid`) VALUES ('Horror','5361');
INSERT INTO `author_book`(`author`, `entryid`) VALUES ('Dewitt Urbach','5361');
INSERT INTO `publisher_book`(`publisher`, `entryid`) VALUES ('Aleman Inc.','5361');
INSERT INTO `entry`(`entryid`,`type`) VALUES('5362','b');
INSERT INTO `book`(`title`,`entryid`,`isbn`,`type`) VALUES('Betty with gimmicky Craftsman','5362','0829570942578','b');
INSERT INTO `genre_book`(`genre`, `entryid`) VALUES ('Sci-Fi','5362');
INSERT INTO `author_book`(`author`, `entryid`) VALUES ('Tiesha Hosea','5362');
INSERT INTO `publisher_book`(`publisher`, `entryid`) VALUES ('Savic Inc.','5362');
INSERT INTO `entry`(`entryid`,`type`) VALUES('5363','b');
INSERT INTO `book`(`title`,`entryid`,`isbn`,`type`) VALUES('Medicine by the unorthodoxy Call','5363','9752885091555','b');
INSERT INTO `genre_book`(`genre`, `entryid`) VALUES ('Education','5363');
INSERT INTO `author`(`name`,`birthyear`,`deathyear`) VALUES('Mattie Geisler','1897','1934');
INSERT INTO `author_book`(`author`, `entryid`) VALUES ('Mattie Geisler','5363');
INSERT INTO `publisher_book`(`publisher`, `entryid`) VALUES ('Danowski Publishers.','5363');
INSERT INTO `entry`(`entryid`,`type`) VALUES('5364','b');
INSERT INTO `book`(`title`,`entryid`,`isbn`,`type`) VALUES('Pajama in Elbow','5364','0202299178087','j');
INSERT INTO `genre_book`(`genre`, `entryid`) VALUES ('Science','5364');
INSERT INTO `author_book`(`author`, `entryid`) VALUES ('Gayle Davies','5364');
INSERT INTO `publisher_book`(`publisher`, `entryid`) VALUES ('Sala Cooperations.','5364');
INSERT INTO `entry`(`entryid`,`type`) VALUES('5365','b');
INSERT INTO `book`(`title`,`entryid`,`isbn`,`type`) VALUES('Branch to kutcha Almanac','5365','0872878491293','b');
INSERT INTO `genre_book`(`genre`, `entryid`) VALUES ('Romance','5365');
INSERT INTO `author_book`(`author`, `entryid`) VALUES ('Maynard Wessell','5365');
INSERT INTO `publisher_book`(`publisher`, `entryid`) VALUES ('Brassard Inc.','5365');
INSERT INTO `entry`(`entryid`,`type`) VALUES('5366','b');
INSERT INTO `book`(`title`,`entryid`,`isbn`,`type`) VALUES('Fish because of Fairies','5366','9366607797928','e');
INSERT INTO `genre_book`(`genre`, `entryid`) VALUES ('Adventure','5366');
INSERT INTO `author_book`(`author`, `entryid`) VALUES ('Yuri Mercado','5366');
INSERT INTO `publisher_book`(`publisher`, `entryid`) VALUES ('Youmans Cooperations.','5366');
INSERT INTO `entry`(`entryid`,`type`) VALUES('5367','b');
INSERT INTO `book`(`title`,`entryid`,`isbn`,`type`) VALUES('Leg of the Page','5367','0056905626847','b');
INSERT INTO `genre_book`(`genre`, `entryid`) VALUES ('Sci-Fi','5367');
INSERT INTO `author_book`(`author`, `entryid`) VALUES ('Alyssa Shintaku','5367');
INSERT INTO `publisher_book`(`publisher`, `entryid`) VALUES ('Luchenbill Inc.','5367');
INSERT INTO `entry`(`entryid`,`type`) VALUES('5368','b');
INSERT INTO `book`(`title`,`entryid`,`isbn`,`type`) VALUES('Circle against baked Cart','5368','0182529341372','j');
INSERT INTO `genre_book`(`genre`, `entryid`) VALUES ('Thriller','5368');
INSERT INTO `author_book`(`author`, `entryid`) VALUES ('Lindsay Cottrill','5368');
INSERT INTO `publisher_book`(`publisher`, `entryid`) VALUES ('Fitzsimons Inc.','5368');
INSERT INTO `entry`(`entryid`,`type`) VALUES('5369','b');
INSERT INTO `book`(`title`,`entryid`,`isbn`,`type`) VALUES('Fifth of the epiphytic Step-aunt','5369','0104079883179','j');
INSERT INTO `genre_book`(`genre`, `entryid`) VALUES ('Horror','5369');
INSERT INTO `author_book`(`author`, `entryid`) VALUES ('Tien Henerson','5369');
INSERT INTO `publisher_book`(`publisher`, `entryid`) VALUES ('Mastera Cooperations.','5369');
INSERT INTO `entry`(`entryid`,`type`) VALUES('5370','b');
INSERT INTO `book`(`title`,`entryid`,`isbn`,`type`) VALUES('Thomas by cadgy Gazelle','5370','9538950559585','j');
INSERT INTO `genre_book`(`genre`, `entryid`) VALUES ('Education','5370');
INSERT INTO `author_book`(`author`, `entryid`) VALUES ('Lorenzo Bermudez','5370');
INSERT INTO `publisher_book`(`publisher`, `entryid`) VALUES ('Brassard Inc.','5370');
INSERT INTO `entry`(`entryid`,`type`) VALUES('5371','b');
INSERT INTO `book`(`title`,`entryid`,`isbn`,`type`) VALUES('Friend and the Theater','5371','0923203317737','e');
INSERT INTO `genre_book`(`genre`, `entryid`) VALUES ('Adventure','5371');
INSERT INTO `author_book`(`author`, `entryid`) VALUES ('Bennie Sigona','5371');
INSERT INTO `publisher_book`(`publisher`, `entryid`) VALUES ('Lobosco Cooperations.','5371');
INSERT INTO `entry`(`entryid`,`type`) VALUES('5372','b');
INSERT INTO `book`(`title`,`entryid`,`isbn`,`type`) VALUES('Quince by Trial','5372','0746219355666','j');
INSERT INTO `genre_book`(`genre`, `entryid`) VALUES ('Science','5372');
INSERT INTO `author_book`(`author`, `entryid`) VALUES ('Corrina Bellomy','5372');
INSERT INTO `publisher_book`(`publisher`, `entryid`) VALUES ('Cotner Cooperations.','5372');
INSERT INTO `entry`(`entryid`,`type`) VALUES('5373','b');
INSERT INTO `book`(`title`,`entryid`,`isbn`,`type`) VALUES('Examination against licked Bonsai','5373','9305797224627','e');
INSERT INTO `genre_book`(`genre`, `entryid`) VALUES ('Adventure','5373');
INSERT INTO `author_book`(`author`, `entryid`) VALUES ('Waneta Mctague','5373');
INSERT INTO `publisher_book`(`publisher`, `entryid`) VALUES ('Bayles Inc.','5373');
INSERT INTO `entry`(`entryid`,`type`) VALUES('5374','b');
INSERT INTO `book`(`title`,`entryid`,`isbn`,`type`) VALUES('Owl against unriveting Hall','5374','9524526757926','e');
INSERT INTO `genre_book`(`genre`, `entryid`) VALUES ('Adventure','5374');
INSERT INTO `author_book`(`author`, `entryid`) VALUES ('Mable Junge','5374');
INSERT INTO `publisher_book`(`publisher`, `entryid`) VALUES ('Mccarvill Inc.','5374');
INSERT INTO `entry`(`entryid`,`type`) VALUES('5375','b');
INSERT INTO `book`(`title`,`entryid`,`isbn`,`type`) VALUES('Food with the depurative Starter','5375','0096319801066','e');
INSERT INTO `genre_book`(`genre`, `entryid`) VALUES ('Horror','5375');
INSERT INTO `author_book`(`author`, `entryid`) VALUES ('Lilia Zin','5375');
INSERT INTO `publisher_book`(`publisher`, `entryid`) VALUES ('Ridders Inc.','5375');
INSERT INTO `entry`(`entryid`,`type`) VALUES('5376','b');
INSERT INTO `book`(`title`,`entryid`,`isbn`,`type`) VALUES('Curler and taintless Curtain','5376','0182219305702','b');
INSERT INTO `genre_book`(`genre`, `entryid`) VALUES ('Romance','5376');
INSERT INTO `author_book`(`author`, `entryid`) VALUES ('Chelsie Soose','5376');
INSERT INTO `publisher_book`(`publisher`, `entryid`) VALUES ('Grulkey Inc.','5376');
INSERT INTO `entry`(`entryid`,`type`) VALUES('5377','b');
INSERT INTO `book`(`title`,`entryid`,`isbn`,`type`) VALUES('Forgery because of garbled Cycle','5377','0743227743543','e');
INSERT INTO `genre_book`(`genre`, `entryid`) VALUES ('Romance','5377');
INSERT INTO `author_book`(`author`, `entryid`) VALUES ('Cassi Berdes','5377');
INSERT INTO `publisher_book`(`publisher`, `entryid`) VALUES ('Lubell Inc.','5377');
INSERT INTO `entry`(`entryid`,`type`) VALUES('5378','b');
INSERT INTO `book`(`title`,`entryid`,`isbn`,`type`) VALUES('Turnover for the calibered Tower','5378','0152095129758','b');
INSERT INTO `genre_book`(`genre`, `entryid`) VALUES ('Education','5378');
INSERT INTO `author_book`(`author`, `entryid`) VALUES ('Tamela Skutt','5378');
INSERT INTO `publisher_book`(`publisher`, `entryid`) VALUES ('Pery Cooperations.','5378');
INSERT INTO `entry`(`entryid`,`type`) VALUES('5379','b');
INSERT INTO `book`(`title`,`entryid`,`isbn`,`type`) VALUES('Cushion to the Park','5379','0165988260272','e');
INSERT INTO `genre_book`(`genre`, `entryid`) VALUES ('Adventure','5379');
INSERT INTO `author_book`(`author`, `entryid`) VALUES ('Johana Maag','5379');
INSERT INTO `publisher_book`(`publisher`, `entryid`) VALUES ('Gardino Publishers.','5379');
INSERT INTO `entry`(`entryid`,`type`) VALUES('5380','b');
INSERT INTO `book`(`title`,`entryid`,`isbn`,`type`) VALUES('Step-aunt in the malacological Ton','5380','0400835866590','b');
INSERT INTO `genre_book`(`genre`, `entryid`) VALUES ('Sci-Fi','5380');
INSERT INTO `author_book`(`author`, `entryid`) VALUES ('Stephanie Brez','5380');
INSERT INTO `publisher_book`(`publisher`, `entryid`) VALUES ('Arroyd Inc.','5380');
INSERT INTO `entry`(`entryid`,`type`) VALUES('5381','b');
INSERT INTO `book`(`title`,`entryid`,`isbn`,`type`) VALUES('Pisces against the Ton','5381','0923108143044','j');
INSERT INTO `genre_book`(`genre`, `entryid`) VALUES ('Education','5381');
INSERT INTO `author_book`(`author`, `entryid`) VALUES ('Doretta Rushdan','5381');
INSERT INTO `publisher_book`(`publisher`, `entryid`) VALUES ('Culliton Cooperations.','5381');
INSERT INTO `entry`(`entryid`,`type`) VALUES('5382','b');
INSERT INTO `book`(`title`,`entryid`,`isbn`,`type`) VALUES('Gazelle in the catechismal Owner','5382','0296707508481','b');
INSERT INTO `genre_book`(`genre`, `entryid`) VALUES ('Science','5382');
INSERT INTO `author_book`(`author`, `entryid`) VALUES ('Petra Pageau','5382');
INSERT INTO `publisher_book`(`publisher`, `entryid`) VALUES ('Rasco Inc.','5382');
INSERT INTO `entry`(`entryid`,`type`) VALUES('5383','b');
INSERT INTO `book`(`title`,`entryid`,`isbn`,`type`) VALUES('Cylinder by Sailor','5383','0027981101602','b');
INSERT INTO `genre_book`(`genre`, `entryid`) VALUES ('Thriller','5383');
INSERT INTO `author_book`(`author`, `entryid`) VALUES ('Armand Traina','5383');
INSERT INTO `publisher_book`(`publisher`, `entryid`) VALUES ('Vote Publishers.','5383');
INSERT INTO `entry`(`entryid`,`type`) VALUES('5384','b');
INSERT INTO `book`(`title`,`entryid`,`isbn`,`type`) VALUES('Detail by Account','5384','9598813452176','j');
INSERT INTO `genre_book`(`genre`, `entryid`) VALUES ('Science','5384');
INSERT INTO `author`(`name`,`birthyear`,`deathyear`) VALUES('Everett Stockton','1940','1961');
INSERT INTO `author_book`(`author`, `entryid`) VALUES ('Everett Stockton','5384');
INSERT INTO `publisher_book`(`publisher`, `entryid`) VALUES ('Orlosky Inc.','5384');
INSERT INTO `entry`(`entryid`,`type`) VALUES('5385','b');
INSERT INTO `book`(`title`,`entryid`,`isbn`,`type`) VALUES('Samurai in oversize Skiing','5385','9580123259812','j');
INSERT INTO `genre_book`(`genre`, `entryid`) VALUES ('Science','5385');
INSERT INTO `author_book`(`author`, `entryid`) VALUES ('Migdalia Sberna','5385');
INSERT INTO `publisher_book`(`publisher`, `entryid`) VALUES ('Cregeen Inc.','5385');
INSERT INTO `entry`(`entryid`,`type`) VALUES('5386','b');
INSERT INTO `book`(`title`,`entryid`,`isbn`,`type`) VALUES('British with the Sturgeon','5386','0034799305161','j');
INSERT INTO `genre_book`(`genre`, `entryid`) VALUES ('Horror','5386');
INSERT INTO `author_book`(`author`, `entryid`) VALUES ('Paz Skildum','5386');
INSERT INTO `publisher_book`(`publisher`, `entryid`) VALUES ('Samas Publishers.','5386');
INSERT INTO `entry`(`entryid`,`type`) VALUES('5387','b');
INSERT INTO `book`(`title`,`entryid`,`isbn`,`type`) VALUES('Clock against the viewy Guitar','5387','9637545625801','b');
INSERT INTO `genre_book`(`genre`, `entryid`) VALUES ('Thriller','5387');
INSERT INTO `author_book`(`author`, `entryid`) VALUES ('Meaghan Kun','5387');
INSERT INTO `publisher_book`(`publisher`, `entryid`) VALUES ('Karvonen Inc.','5387');
INSERT INTO `entry`(`entryid`,`type`) VALUES('5388','b');
INSERT INTO `book`(`title`,`entryid`,`isbn`,`type`) VALUES('Disgust in the arguable Stove','5388','9078919142692','j');
INSERT INTO `genre_book`(`genre`, `entryid`) VALUES ('Thriller','5388');
INSERT INTO `author_book`(`author`, `entryid`) VALUES ('Kattie Nollman','5388');
INSERT INTO `publisher_book`(`publisher`, `entryid`) VALUES ('Happe Publishers.','5388');
INSERT INTO `entry`(`entryid`,`type`) VALUES('5389','b');
INSERT INTO `book`(`title`,`entryid`,`isbn`,`type`) VALUES('Thermometer against creepier Sidewalk','5389','0381030298377','j');
INSERT INTO `genre_book`(`genre`, `entryid`) VALUES ('Science','5389');
INSERT INTO `author_book`(`author`, `entryid`) VALUES ('Mariano Pitchford','5389');
INSERT INTO `publisher_book`(`publisher`, `entryid`) VALUES ('Smathers Inc.','5389');
INSERT INTO `entry`(`entryid`,`type`) VALUES('5390','b');
INSERT INTO `book`(`title`,`entryid`,`isbn`,`type`) VALUES('Warm of Celeste','5390','9508443645366','j');
INSERT INTO `genre_book`(`genre`, `entryid`) VALUES ('Science','5390');
INSERT INTO `author_book`(`author`, `entryid`) VALUES ('Lorena Tweddell','5390');
INSERT INTO `publisher_book`(`publisher`, `entryid`) VALUES ('Arone Inc.','5390');
INSERT INTO `entry`(`entryid`,`type`) VALUES('5391','b');
INSERT INTO `book`(`title`,`entryid`,`isbn`,`type`) VALUES('Doll with imbricate Gray','5391','9567041860492','j');
INSERT INTO `genre_book`(`genre`, `entryid`) VALUES ('Horror','5391');
INSERT INTO `author_book`(`author`, `entryid`) VALUES ('Susana Reiland','5391');
INSERT INTO `publisher_book`(`publisher`, `entryid`) VALUES ('Domino Inc.','5391');
INSERT INTO `entry`(`entryid`,`type`) VALUES('5392','b');
INSERT INTO `book`(`title`,`entryid`,`isbn`,`type`) VALUES('Position to aspiring Firewall','5392','9863424323464','e');
INSERT INTO `genre_book`(`genre`, `entryid`) VALUES ('Education','5392');
INSERT INTO `author_book`(`author`, `entryid`) VALUES ('Earnestine Poisel','5392');
INSERT INTO `publisher_book`(`publisher`, `entryid`) VALUES ('Bouvier Cooperations.','5392');
INSERT INTO `entry`(`entryid`,`type`) VALUES('5393','b');
INSERT INTO `book`(`title`,`entryid`,`isbn`,`type`) VALUES('August against the Composer','5393','9580017192968','j');
INSERT INTO `genre_book`(`genre`, `entryid`) VALUES ('Science','5393');
INSERT INTO `author_book`(`author`, `entryid`) VALUES ('Tilda Barickman','5393');
INSERT INTO `publisher_book`(`publisher`, `entryid`) VALUES ('Mcbee Cooperations.','5393');
INSERT INTO `entry`(`entryid`,`type`) VALUES('5394','b');
INSERT INTO `book`(`title`,`entryid`,`isbn`,`type`) VALUES('Sing vs. hyperacute Motorcycle','5394','0424845389292','b');
INSERT INTO `genre_book`(`genre`, `entryid`) VALUES ('Adventure','5394');
INSERT INTO `author_book`(`author`, `entryid`) VALUES ('Josefa Deal','5394');
INSERT INTO `publisher_book`(`publisher`, `entryid`) VALUES ('Wendorff Inc.','5394');
INSERT INTO `entry`(`entryid`,`type`) VALUES('5395','b');
INSERT INTO `book`(`title`,`entryid`,`isbn`,`type`) VALUES('Mechanic to the cracking Scorpion','5395','9690926259661','j');
INSERT INTO `genre_book`(`genre`, `entryid`) VALUES ('Sci-Fi','5395');
INSERT INTO `author`(`name`,`birthyear`,`deathyear`) VALUES('Gaynelle Nylander','1971','2055');
INSERT INTO `author_book`(`author`, `entryid`) VALUES ('Gaynelle Nylander','5395');
INSERT INTO `publisher_book`(`publisher`, `entryid`) VALUES ('Kedley Cooperations.','5395');
INSERT INTO `entry`(`entryid`,`type`) VALUES('5396','b');
INSERT INTO `book`(`title`,`entryid`,`isbn`,`type`) VALUES('Factory with greatest Kimberly','5396','9212994840012','b');
INSERT INTO `genre_book`(`genre`, `entryid`) VALUES ('Thriller','5396');
INSERT INTO `author_book`(`author`, `entryid`) VALUES ('Nathan Mendizabal','5396');
INSERT INTO `publisher_book`(`publisher`, `entryid`) VALUES ('Maury Publishers.','5396');
INSERT INTO `entry`(`entryid`,`type`) VALUES('5397','b');
INSERT INTO `book`(`title`,`entryid`,`isbn`,`type`) VALUES('Ton vs. Giant','5397','0380014411975','e');
INSERT INTO `genre_book`(`genre`, `entryid`) VALUES ('Romance','5397');
INSERT INTO `author_book`(`author`, `entryid`) VALUES ('Laurel Levert','5397');
INSERT INTO `publisher_book`(`publisher`, `entryid`) VALUES ('Wanamaker Cooperations.','5397');
INSERT INTO `entry`(`entryid`,`type`) VALUES('5398','b');
INSERT INTO `book`(`title`,`entryid`,`isbn`,`type`) VALUES('Sail for Save','5398','0003477992697','b');
INSERT INTO `genre_book`(`genre`, `entryid`) VALUES ('Thriller','5398');
INSERT INTO `author_book`(`author`, `entryid`) VALUES ('Mariann Rieves','5398');
INSERT INTO `publisher_book`(`publisher`, `entryid`) VALUES ('Didyk Inc.','5398');
INSERT INTO `entry`(`entryid`,`type`) VALUES('5399','b');
INSERT INTO `book`(`title`,`entryid`,`isbn`,`type`) VALUES('China with Chick','5399','9345874676242','j');
INSERT INTO `genre_book`(`genre`, `entryid`) VALUES ('Sci-Fi','5399');
INSERT INTO `author_book`(`author`, `entryid`) VALUES ('Myriam Moring','5399');
INSERT INTO `publisher_book`(`publisher`, `entryid`) VALUES ('Lampson Inc.','5399');
INSERT INTO `entry`(`entryid`,`type`) VALUES('5400','b');
INSERT INTO `book`(`title`,`entryid`,`isbn`,`type`) VALUES('Basketball for the unbated Plane','5400','9708845807044','e');
INSERT INTO `genre_book`(`genre`, `entryid`) VALUES ('Thriller','5400');
INSERT INTO `author_book`(`author`, `entryid`) VALUES ('Marianna Koslowski','5400');
INSERT INTO `publisher_book`(`publisher`, `entryid`) VALUES ('Saska Publishers.','5400');
INSERT INTO `entry`(`entryid`,`type`) VALUES('5401','b');
INSERT INTO `book`(`title`,`entryid`,`isbn`,`type`) VALUES('Wallaby vs. bloodying Burma','5401','9823734236091','b');
INSERT INTO `genre_book`(`genre`, `entryid`) VALUES ('Adventure','5401');
INSERT INTO `author_book`(`author`, `entryid`) VALUES ('Mee Cerdan','5401');
INSERT INTO `publisher_book`(`publisher`, `entryid`) VALUES ('Akkerman Publishers.','5401');
INSERT INTO `entry`(`entryid`,`type`) VALUES('5402','b');
INSERT INTO `book`(`title`,`entryid`,`isbn`,`type`) VALUES('Port because of downier Indonesia','5402','9481752958868','b');
INSERT INTO `genre_book`(`genre`, `entryid`) VALUES ('Education','5402');
INSERT INTO `author_book`(`author`, `entryid`) VALUES ('Loma Saurer','5402');
INSERT INTO `publisher_book`(`publisher`, `entryid`) VALUES ('Hathcoat Publishers.','5402');
INSERT INTO `entry`(`entryid`,`type`) VALUES('5403','b');
INSERT INTO `book`(`title`,`entryid`,`isbn`,`type`) VALUES('Oval and Turtle','5403','9119100535889','j');
INSERT INTO `genre_book`(`genre`, `entryid`) VALUES ('Adventure','5403');
INSERT INTO `author`(`name`,`birthyear`,`deathyear`) VALUES('Mozelle Phanthauong','1890','1983');
INSERT INTO `author_book`(`author`, `entryid`) VALUES ('Mozelle Phanthauong','5403');
INSERT INTO `publisher_book`(`publisher`, `entryid`) VALUES ('Bayles Inc.','5403');
INSERT INTO `entry`(`entryid`,`type`) VALUES('5404','b');
INSERT INTO `book`(`title`,`entryid`,`isbn`,`type`) VALUES('America with Quality','5404','0142358727714','j');
INSERT INTO `genre_book`(`genre`, `entryid`) VALUES ('Sci-Fi','5404');
INSERT INTO `author_book`(`author`, `entryid`) VALUES ('Lorette Huddleson','5404');
INSERT INTO `publisher_book`(`publisher`, `entryid`) VALUES ('Luchenbill Inc.','5404');
INSERT INTO `entry`(`entryid`,`type`) VALUES('5405','b');
INSERT INTO `book`(`title`,`entryid`,`isbn`,`type`) VALUES('Stepdaughter against Tiger','5405','0518643151761','e');
INSERT INTO `genre_book`(`genre`, `entryid`) VALUES ('Romance','5405');
INSERT INTO `author_book`(`author`, `entryid`) VALUES ('Thomas Spraker','5405');
INSERT INTO `publisher_book`(`publisher`, `entryid`) VALUES ('Vote Publishers.','5405');
INSERT INTO `entry`(`entryid`,`type`) VALUES('5406','b');
INSERT INTO `book`(`title`,`entryid`,`isbn`,`type`) VALUES('Text vs. male Helium','5406','9411086831971','e');
INSERT INTO `genre_book`(`genre`, `entryid`) VALUES ('Science','5406');
INSERT INTO `author_book`(`author`, `entryid`) VALUES ('Elida Levoy','5406');
INSERT INTO `publisher_book`(`publisher`, `entryid`) VALUES ('Kindlimann Inc.','5406');
INSERT INTO `entry`(`entryid`,`type`) VALUES('5407','b');
INSERT INTO `book`(`title`,`entryid`,`isbn`,`type`) VALUES('Bolt and the unloving Ruth','5407','0958171517877','j');
INSERT INTO `genre_book`(`genre`, `entryid`) VALUES ('Science','5407');
INSERT INTO `author_book`(`author`, `entryid`) VALUES ('Lorita Crask','5407');
INSERT INTO `publisher_book`(`publisher`, `entryid`) VALUES ('Travieso Inc.','5407');
INSERT INTO `entry`(`entryid`,`type`) VALUES('5408','b');
INSERT INTO `book`(`title`,`entryid`,`isbn`,`type`) VALUES('Hope in the Punch','5408','9339770201910','e');
INSERT INTO `genre_book`(`genre`, `entryid`) VALUES ('Horror','5408');
INSERT INTO `author_book`(`author`, `entryid`) VALUES ('Caterina Santacruz','5408');
INSERT INTO `publisher_book`(`publisher`, `entryid`) VALUES ('Birr Publishers.','5408');
INSERT INTO `entry`(`entryid`,`type`) VALUES('5409','b');
INSERT INTO `book`(`title`,`entryid`,`isbn`,`type`) VALUES('Plane of flakier Segment','5409','9012987265728','b');
INSERT INTO `genre_book`(`genre`, `entryid`) VALUES ('Science','5409');
INSERT INTO `author_book`(`author`, `entryid`) VALUES ('Shawnta Badolato','5409');
INSERT INTO `publisher_book`(`publisher`, `entryid`) VALUES ('Turnbow Cooperations.','5409');
INSERT INTO `entry`(`entryid`,`type`) VALUES('5410','b');
INSERT INTO `book`(`title`,`entryid`,`isbn`,`type`) VALUES('Fish with Skill','5410','9184120955239','b');
INSERT INTO `genre_book`(`genre`, `entryid`) VALUES ('Horror','5410');
INSERT INTO `author_book`(`author`, `entryid`) VALUES ('Berenice Mayans','5410');
INSERT INTO `publisher_book`(`publisher`, `entryid`) VALUES ('Casaceli Inc.','5410');
INSERT INTO `entry`(`entryid`,`type`) VALUES('5411','b');
INSERT INTO `book`(`title`,`entryid`,`isbn`,`type`) VALUES('Wall because of tensional Airport','5411','9669270321541','e');
INSERT INTO `genre_book`(`genre`, `entryid`) VALUES ('Education','5411');
INSERT INTO `author_book`(`author`, `entryid`) VALUES ('Kallie Stumme','5411');
INSERT INTO `publisher_book`(`publisher`, `entryid`) VALUES ('Bogan Cooperations.','5411');
INSERT INTO `entry`(`entryid`,`type`) VALUES('5412','b');
INSERT INTO `book`(`title`,`entryid`,`isbn`,`type`) VALUES('Dipstick in Tendency','5412','9952715996426','b');
INSERT INTO `genre_book`(`genre`, `entryid`) VALUES ('Horror','5412');
INSERT INTO `author_book`(`author`, `entryid`) VALUES ('Ali Madlung','5412');
INSERT INTO `publisher_book`(`publisher`, `entryid`) VALUES ('Horman Inc.','5412');
INSERT INTO `entry`(`entryid`,`type`) VALUES('5413','b');
INSERT INTO `book`(`title`,`entryid`,`isbn`,`type`) VALUES('Hexagon against the Encyclopedia','5413','0954873863339','b');
INSERT INTO `genre_book`(`genre`, `entryid`) VALUES ('Education','5413');
INSERT INTO `author_book`(`author`, `entryid`) VALUES ('Tonya Darroch','5413');
INSERT INTO `publisher_book`(`publisher`, `entryid`) VALUES ('Reeber Inc.','5413');
INSERT INTO `entry`(`entryid`,`type`) VALUES('5414','b');
INSERT INTO `book`(`title`,`entryid`,`isbn`,`type`) VALUES('Quicksand against Engine','5414','0507055551926','e');
INSERT INTO `genre_book`(`genre`, `entryid`) VALUES ('Adventure','5414');
INSERT INTO `author_book`(`author`, `entryid`) VALUES ('Latricia Brunot','5414');
INSERT INTO `publisher_book`(`publisher`, `entryid`) VALUES ('Filyan Inc.','5414');
INSERT INTO `entry`(`entryid`,`type`) VALUES('5415','b');
INSERT INTO `book`(`title`,`entryid`,`isbn`,`type`) VALUES('Shirt in the malformed Arithmetic','5415','0630158686898','j');
INSERT INTO `genre_book`(`genre`, `entryid`) VALUES ('Sci-Fi','5415');
INSERT INTO `author`(`name`,`birthyear`,`deathyear`) VALUES('Colton Pitchford','1976','2006');
INSERT INTO `author_book`(`author`, `entryid`) VALUES ('Colton Pitchford','5415');
INSERT INTO `publisher_book`(`publisher`, `entryid`) VALUES ('Kotlar Publishers.','5415');
INSERT INTO `entry`(`entryid`,`type`) VALUES('5416','b');
INSERT INTO `book`(`title`,`entryid`,`isbn`,`type`) VALUES('Insect by the Cuban Alligator','5416','0196708184291','b');
INSERT INTO `genre_book`(`genre`, `entryid`) VALUES ('Romance','5416');
INSERT INTO `author_book`(`author`, `entryid`) VALUES ('Imogene Brumm','5416');
INSERT INTO `publisher_book`(`publisher`, `entryid`) VALUES ('Angry Inc.','5416');
INSERT INTO `entry`(`entryid`,`type`) VALUES('5417','b');
INSERT INTO `book`(`title`,`entryid`,`isbn`,`type`) VALUES('Patio with Bacon','5417','9862414575909','b');
INSERT INTO `genre_book`(`genre`, `entryid`) VALUES ('Romance','5417');
INSERT INTO `author_book`(`author`, `entryid`) VALUES ('Garnet Hopping','5417');
INSERT INTO `publisher_book`(`publisher`, `entryid`) VALUES ('Archibeque Publishers.','5417');
INSERT INTO `entry`(`entryid`,`type`) VALUES('5418','b');
INSERT INTO `book`(`title`,`entryid`,`isbn`,`type`) VALUES('Silver to lobose Route','5418','9006303140131','j');
INSERT INTO `genre_book`(`genre`, `entryid`) VALUES ('Education','5418');
INSERT INTO `author`(`name`,`birthyear`,`deathyear`) VALUES('Rosalinda Schellhase','1938','1970');
INSERT INTO `author_book`(`author`, `entryid`) VALUES ('Rosalinda Schellhase','5418');
INSERT INTO `publisher_book`(`publisher`, `entryid`) VALUES ('Chavez Publishers.','5418');
INSERT INTO `entry`(`entryid`,`type`) VALUES('5419','b');
INSERT INTO `book`(`title`,`entryid`,`isbn`,`type`) VALUES('Season and the Turtle','5419','0275657059246','e');
INSERT INTO `genre_book`(`genre`, `entryid`) VALUES ('Horror','5419');
INSERT INTO `author_book`(`author`, `entryid`) VALUES ('Timothy Rasmus','5419');
INSERT INTO `publisher_book`(`publisher`, `entryid`) VALUES ('Victoria Cooperations.','5419');
INSERT INTO `entry`(`entryid`,`type`) VALUES('5420','b');
INSERT INTO `book`(`title`,`entryid`,`isbn`,`type`) VALUES('Grasshopper with the Jogging','5420','9701153428093','b');
INSERT INTO `genre_book`(`genre`, `entryid`) VALUES ('Thriller','5420');
INSERT INTO `author_book`(`author`, `entryid`) VALUES ('Lizbeth Langworthy','5420');
INSERT INTO `publisher_book`(`publisher`, `entryid`) VALUES ('Pooser Publishers.','5420');
INSERT INTO `entry`(`entryid`,`type`) VALUES('5421','b');
INSERT INTO `book`(`title`,`entryid`,`isbn`,`type`) VALUES('Motorboat of the Washer','5421','9902889087621','e');
INSERT INTO `genre_book`(`genre`, `entryid`) VALUES ('Horror','5421');
INSERT INTO `author_book`(`author`, `entryid`) VALUES ('Angelic Beechum','5421');
INSERT INTO `publisher_book`(`publisher`, `entryid`) VALUES ('Garrington Cooperations.','5421');
INSERT INTO `entry`(`entryid`,`type`) VALUES('5422','b');
INSERT INTO `book`(`title`,`entryid`,`isbn`,`type`) VALUES('Drake for Underwear','5422','0633608629721','j');
INSERT INTO `genre_book`(`genre`, `entryid`) VALUES ('Adventure','5422');
INSERT INTO `author_book`(`author`, `entryid`) VALUES ('Marilyn Treder','5422');
INSERT INTO `publisher_book`(`publisher`, `entryid`) VALUES ('Kuhse Inc.','5422');
INSERT INTO `entry`(`entryid`,`type`) VALUES('5423','b');
INSERT INTO `book`(`title`,`entryid`,`isbn`,`type`) VALUES('Deadline because of bridal Cement','5423','0901021787494','b');
INSERT INTO `genre_book`(`genre`, `entryid`) VALUES ('Horror','5423');
INSERT INTO `author_book`(`author`, `entryid`) VALUES ('Marietta Hibbitts','5423');
INSERT INTO `publisher_book`(`publisher`, `entryid`) VALUES ('Urive Publishers.','5423');
INSERT INTO `entry`(`entryid`,`type`) VALUES('5424','b');
INSERT INTO `book`(`title`,`entryid`,`isbn`,`type`) VALUES('Flare of the Italy','5424','0103619143732','e');
INSERT INTO `genre_book`(`genre`, `entryid`) VALUES ('Thriller','5424');
INSERT INTO `author_book`(`author`, `entryid`) VALUES ('Angelique Sebesta','5424');
INSERT INTO `publisher_book`(`publisher`, `entryid`) VALUES ('Marcelino Inc.','5424');
INSERT INTO `entry`(`entryid`,`type`) VALUES('5425','b');
INSERT INTO `book`(`title`,`entryid`,`isbn`,`type`) VALUES('Cirrus to draughtier Lilac','5425','9993375833535','b');
INSERT INTO `genre_book`(`genre`, `entryid`) VALUES ('Education','5425');
INSERT INTO `author_book`(`author`, `entryid`) VALUES ('Marylyn Chaisty','5425');
INSERT INTO `publisher_book`(`publisher`, `entryid`) VALUES ('Diliberti Inc.','5425');
INSERT INTO `entry`(`entryid`,`type`) VALUES('5426','b');
INSERT INTO `book`(`title`,`entryid`,`isbn`,`type`) VALUES('Scale against misfeatured Jasmine','5426','9476704101532','j');
INSERT INTO `genre_book`(`genre`, `entryid`) VALUES ('Science','5426');
INSERT INTO `author_book`(`author`, `entryid`) VALUES ('Olevia Manues','5426');
INSERT INTO `publisher_book`(`publisher`, `entryid`) VALUES ('Moraitis Inc.','5426');
INSERT INTO `entry`(`entryid`,`type`) VALUES('5427','b');
INSERT INTO `book`(`title`,`entryid`,`isbn`,`type`) VALUES('Tin in interoceptive Report','5427','9122436954286','e');
INSERT INTO `genre_book`(`genre`, `entryid`) VALUES ('Education','5427');
INSERT INTO `author_book`(`author`, `entryid`) VALUES ('Chloe Poke','5427');
INSERT INTO `publisher_book`(`publisher`, `entryid`) VALUES ('Kopf Cooperations.','5427');
INSERT INTO `entry`(`entryid`,`type`) VALUES('5428','b');
INSERT INTO `book`(`title`,`entryid`,`isbn`,`type`) VALUES('Chin and the granophyric License','5428','9612251576969','j');
INSERT INTO `genre_book`(`genre`, `entryid`) VALUES ('Sci-Fi','5428');
INSERT INTO `author_book`(`author`, `entryid`) VALUES ('Audrea Teece','5428');
INSERT INTO `publisher_book`(`publisher`, `entryid`) VALUES ('Buergel Inc.','5428');
INSERT INTO `entry`(`entryid`,`type`) VALUES('5429','b');
INSERT INTO `book`(`title`,`entryid`,`isbn`,`type`) VALUES('Limit by George','5429','9642560521897','j');
INSERT INTO `genre_book`(`genre`, `entryid`) VALUES ('Sci-Fi','5429');
INSERT INTO `author_book`(`author`, `entryid`) VALUES ('Shalon Kilroy','5429');
INSERT INTO `publisher_book`(`publisher`, `entryid`) VALUES ('Cregeen Inc.','5429');
INSERT INTO `entry`(`entryid`,`type`) VALUES('5430','b');
INSERT INTO `book`(`title`,`entryid`,`isbn`,`type`) VALUES('Vietnam in Night','5430','0241169250228','b');
INSERT INTO `genre_book`(`genre`, `entryid`) VALUES ('Education','5430');
INSERT INTO `author_book`(`author`, `entryid`) VALUES ('Izola Tramonte','5430');
INSERT INTO `publisher_book`(`publisher`, `entryid`) VALUES ('Coltman Inc.','5430');
INSERT INTO `entry`(`entryid`,`type`) VALUES('5431','b');
INSERT INTO `book`(`title`,`entryid`,`isbn`,`type`) VALUES('Olive of road-hoggish Back','5431','0376015613897','b');
INSERT INTO `genre_book`(`genre`, `entryid`) VALUES ('Education','5431');
INSERT INTO `author_book`(`author`, `entryid`) VALUES ('Ena Toto','5431');
INSERT INTO `publisher_book`(`publisher`, `entryid`) VALUES ('Mccarvill Inc.','5431');
INSERT INTO `entry`(`entryid`,`type`) VALUES('5432','b');
INSERT INTO `book`(`title`,`entryid`,`isbn`,`type`) VALUES('Ambulance with the Input','5432','9447280324008','e');
INSERT INTO `genre_book`(`genre`, `entryid`) VALUES ('Sci-Fi','5432');
INSERT INTO `author_book`(`author`, `entryid`) VALUES ('Rosy Cardoso','5432');
INSERT INTO `publisher_book`(`publisher`, `entryid`) VALUES ('Scotty Inc.','5432');
INSERT INTO `entry`(`entryid`,`type`) VALUES('5433','b');
INSERT INTO `book`(`title`,`entryid`,`isbn`,`type`) VALUES('Check by self-conceited Word','5433','0709203910380','b');
INSERT INTO `genre_book`(`genre`, `entryid`) VALUES ('Adventure','5433');
INSERT INTO `author_book`(`author`, `entryid`) VALUES ('Lynsey Kornbau','5433');
INSERT INTO `publisher_book`(`publisher`, `entryid`) VALUES ('Domino Inc.','5433');
INSERT INTO `entry`(`entryid`,`type`) VALUES('5434','b');
INSERT INTO `book`(`title`,`entryid`,`isbn`,`type`) VALUES('Link to the antibiotic Father','5434','0784261589152','e');
INSERT INTO `genre_book`(`genre`, `entryid`) VALUES ('Sci-Fi','5434');
INSERT INTO `author_book`(`author`, `entryid`) VALUES ('Alia Eilers','5434');
INSERT INTO `publisher_book`(`publisher`, `entryid`) VALUES ('Tigue Cooperations.','5434');
INSERT INTO `entry`(`entryid`,`type`) VALUES('5435','b');
INSERT INTO `book`(`title`,`entryid`,`isbn`,`type`) VALUES('Mayonnaise in theriomorphic Discussion','5435','0063673086878','e');
INSERT INTO `genre_book`(`genre`, `entryid`) VALUES ('Thriller','5435');
INSERT INTO `author_book`(`author`, `entryid`) VALUES ('Bennie Sigona','5435');
INSERT INTO `publisher_book`(`publisher`, `entryid`) VALUES ('Munaz Publishers.','5435');
INSERT INTO `entry`(`entryid`,`type`) VALUES('5436','b');
INSERT INTO `book`(`title`,`entryid`,`isbn`,`type`) VALUES('Wood by Panda','5436','9950023824606','j');
INSERT INTO `genre_book`(`genre`, `entryid`) VALUES ('Romance','5436');
INSERT INTO `author_book`(`author`, `entryid`) VALUES ('Irvin Orban','5436');
INSERT INTO `publisher_book`(`publisher`, `entryid`) VALUES ('Standback Cooperations.','5436');
INSERT INTO `entry`(`entryid`,`type`) VALUES('5437','b');
INSERT INTO `book`(`title`,`entryid`,`isbn`,`type`) VALUES('Soil and the accusatival Thomas','5437','0217157124048','j');
INSERT INTO `genre_book`(`genre`, `entryid`) VALUES ('Sci-Fi','5437');
INSERT INTO `author_book`(`author`, `entryid`) VALUES ('Drema Maharg','5437');
INSERT INTO `publisher_book`(`publisher`, `entryid`) VALUES ('Kindlimann Inc.','5437');
INSERT INTO `entry`(`entryid`,`type`) VALUES('5438','b');
INSERT INTO `book`(`title`,`entryid`,`isbn`,`type`) VALUES('Pike of undiagnosed Hydrofoil','5438','0874433744384','b');
INSERT INTO `genre_book`(`genre`, `entryid`) VALUES ('Sci-Fi','5438');
INSERT INTO `author_book`(`author`, `entryid`) VALUES ('Jerald Demastus','5438');
INSERT INTO `publisher_book`(`publisher`, `entryid`) VALUES ('Arone Inc.','5438');
INSERT INTO `entry`(`entryid`,`type`) VALUES('5439','b');
INSERT INTO `book`(`title`,`entryid`,`isbn`,`type`) VALUES('Control against the nocent Beech','5439','0411517385641','b');
INSERT INTO `genre_book`(`genre`, `entryid`) VALUES ('Science','5439');
INSERT INTO `author_book`(`author`, `entryid`) VALUES ('Latoyia Skalicky','5439');
INSERT INTO `publisher_book`(`publisher`, `entryid`) VALUES ('Diruzzo Publishers.','5439');
INSERT INTO `entry`(`entryid`,`type`) VALUES('5440','b');
INSERT INTO `book`(`title`,`entryid`,`isbn`,`type`) VALUES('Punch vs. imposing Bench','5440','9472038502037','e');
INSERT INTO `genre_book`(`genre`, `entryid`) VALUES ('Sci-Fi','5440');
INSERT INTO `author_book`(`author`, `entryid`) VALUES ('Enid Jarett','5440');
INSERT INTO `publisher_book`(`publisher`, `entryid`) VALUES ('Pollinger Inc.','5440');
INSERT INTO `entry`(`entryid`,`type`) VALUES('5441','b');
INSERT INTO `book`(`title`,`entryid`,`isbn`,`type`) VALUES('Imprisonment by Witness','5441','0828445491224','j');
INSERT INTO `genre_book`(`genre`, `entryid`) VALUES ('Thriller','5441');
INSERT INTO `author_book`(`author`, `entryid`) VALUES ('Colene Takaoka','5441');
INSERT INTO `publisher_book`(`publisher`, `entryid`) VALUES ('Viejo Publishers.','5441');
INSERT INTO `entry`(`entryid`,`type`) VALUES('5442','b');
INSERT INTO `book`(`title`,`entryid`,`isbn`,`type`) VALUES('System with Case','5442','0285703657366','b');
INSERT INTO `genre_book`(`genre`, `entryid`) VALUES ('Thriller','5442');
INSERT INTO `author_book`(`author`, `entryid`) VALUES ('Samual Edmison','5442');
INSERT INTO `publisher_book`(`publisher`, `entryid`) VALUES ('Benally Cooperations.','5442');
INSERT INTO `entry`(`entryid`,`type`) VALUES('5443','b');
INSERT INTO `book`(`title`,`entryid`,`isbn`,`type`) VALUES('Collar in the Cross','5443','0173662960048','b');
INSERT INTO `genre_book`(`genre`, `entryid`) VALUES ('Adventure','5443');
INSERT INTO `author_book`(`author`, `entryid`) VALUES ('Vernice Uljevic','5443');
INSERT INTO `publisher_book`(`publisher`, `entryid`) VALUES ('Farber Publishers.','5443');
INSERT INTO `entry`(`entryid`,`type`) VALUES('5444','b');
INSERT INTO `book`(`title`,`entryid`,`isbn`,`type`) VALUES('Rod against ago Downtown','5444','0903188891809','b');
INSERT INTO `genre_book`(`genre`, `entryid`) VALUES ('Sci-Fi','5444');
INSERT INTO `author_book`(`author`, `entryid`) VALUES ('Marry Irigoyen','5444');
INSERT INTO `publisher_book`(`publisher`, `entryid`) VALUES ('Foti Cooperations.','5444');
INSERT INTO `entry`(`entryid`,`type`) VALUES('5445','b');
INSERT INTO `book`(`title`,`entryid`,`isbn`,`type`) VALUES('Tsunami for the Barber','5445','0543946183369','e');
INSERT INTO `genre_book`(`genre`, `entryid`) VALUES ('Education','5445');
INSERT INTO `author_book`(`author`, `entryid`) VALUES ('Alyssa Shintaku','5445');
INSERT INTO `publisher_book`(`publisher`, `entryid`) VALUES ('Kasa Publishers.','5445');
INSERT INTO `entry`(`entryid`,`type`) VALUES('5446','b');
INSERT INTO `book`(`title`,`entryid`,`isbn`,`type`) VALUES('Thing of escapable Patient','5446','9036910527818','b');
INSERT INTO `genre_book`(`genre`, `entryid`) VALUES ('Horror','5446');
INSERT INTO `author_book`(`author`, `entryid`) VALUES ('Janessa Plett','5446');
INSERT INTO `publisher_book`(`publisher`, `entryid`) VALUES ('Karvonen Inc.','5446');
INSERT INTO `entry`(`entryid`,`type`) VALUES('5447','b');
INSERT INTO `book`(`title`,`entryid`,`isbn`,`type`) VALUES('Anatomy with Daisy','5447','0889185994976','e');
INSERT INTO `genre_book`(`genre`, `entryid`) VALUES ('Horror','5447');
INSERT INTO `author_book`(`author`, `entryid`) VALUES ('Golda Szopinski','5447');
INSERT INTO `publisher_book`(`publisher`, `entryid`) VALUES ('Argrave Publishers.','5447');
INSERT INTO `entry`(`entryid`,`type`) VALUES('5448','b');
INSERT INTO `book`(`title`,`entryid`,`isbn`,`type`) VALUES('Heaven and sulphurous Polish','5448','9056508023062','b');
INSERT INTO `genre_book`(`genre`, `entryid`) VALUES ('Sci-Fi','5448');
INSERT INTO `author_book`(`author`, `entryid`) VALUES ('Hildred Prem','5448');
INSERT INTO `publisher_book`(`publisher`, `entryid`) VALUES ('Diliberti Inc.','5448');
INSERT INTO `entry`(`entryid`,`type`) VALUES('5449','b');
INSERT INTO `book`(`title`,`entryid`,`isbn`,`type`) VALUES('Greece with the lentando Transaction','5449','0293210437638','j');
INSERT INTO `genre_book`(`genre`, `entryid`) VALUES ('Horror','5449');
INSERT INTO `author_book`(`author`, `entryid`) VALUES ('Flora Loaiza','5449');
INSERT INTO `publisher_book`(`publisher`, `entryid`) VALUES ('Goswick Inc.','5449');
INSERT INTO `entry`(`entryid`,`type`) VALUES('5450','b');
INSERT INTO `book`(`title`,`entryid`,`isbn`,`type`) VALUES('Street for Bomber','5450','0988695984508','e');
INSERT INTO `genre_book`(`genre`, `entryid`) VALUES ('Adventure','5450');
INSERT INTO `author_book`(`author`, `entryid`) VALUES ('Casie Eppenger','5450');
INSERT INTO `publisher_book`(`publisher`, `entryid`) VALUES ('Kaplan Inc.','5450');
INSERT INTO `entry`(`entryid`,`type`) VALUES('5451','b');
INSERT INTO `book`(`title`,`entryid`,`isbn`,`type`) VALUES('Brow by the Acrylic','5451','0866676188716','e');
INSERT INTO `genre_book`(`genre`, `entryid`) VALUES ('Adventure','5451');
INSERT INTO `author`(`name`,`birthyear`,`deathyear`) VALUES('Laure Ravitz','1928','1949');
INSERT INTO `author_book`(`author`, `entryid`) VALUES ('Laure Ravitz','5451');
INSERT INTO `publisher_book`(`publisher`, `entryid`) VALUES ('Fattig Inc.','5451');
INSERT INTO `entry`(`entryid`,`type`) VALUES('5452','b');
INSERT INTO `book`(`title`,`entryid`,`isbn`,`type`) VALUES('Australian by the observed Result','5452','0999373659705','e');
INSERT INTO `genre_book`(`genre`, `entryid`) VALUES ('Science','5452');
INSERT INTO `author_book`(`author`, `entryid`) VALUES ('Zoila Perrez','5452');
INSERT INTO `publisher_book`(`publisher`, `entryid`) VALUES ('Aplington Inc.','5452');
INSERT INTO `entry`(`entryid`,`type`) VALUES('5453','b');
INSERT INTO `book`(`title`,`entryid`,`isbn`,`type`) VALUES('Waterfall of Ring','5453','9008634358301','e');
INSERT INTO `genre_book`(`genre`, `entryid`) VALUES ('Thriller','5453');
INSERT INTO `author`(`name`,`birthyear`,`deathyear`) VALUES('Epifania Dewolfe','1884','1923');
INSERT INTO `author_book`(`author`, `entryid`) VALUES ('Epifania Dewolfe','5453');
INSERT INTO `publisher_book`(`publisher`, `entryid`) VALUES ('Trickel Inc.','5453');
INSERT INTO `entry`(`entryid`,`type`) VALUES('5454','b');
INSERT INTO `book`(`title`,`entryid`,`isbn`,`type`) VALUES('Greece for lophobranchiate Arch','5454','9537079016324','e');
INSERT INTO `genre_book`(`genre`, `entryid`) VALUES ('Horror','5454');
INSERT INTO `author_book`(`author`, `entryid`) VALUES ('Amiee Clyatt','5454');
INSERT INTO `publisher_book`(`publisher`, `entryid`) VALUES ('Culpepper Cooperations.','5454');
INSERT INTO `entry`(`entryid`,`type`) VALUES('5455','b');
INSERT INTO `book`(`title`,`entryid`,`isbn`,`type`) VALUES('Honey to left Crown','5455','0544752268488','j');
INSERT INTO `genre_book`(`genre`, `entryid`) VALUES ('Thriller','5455');
INSERT INTO `author`(`name`,`birthyear`,`deathyear`) VALUES('Casimira Bertram','1949','2011');
INSERT INTO `author_book`(`author`, `entryid`) VALUES ('Casimira Bertram','5455');
INSERT INTO `publisher_book`(`publisher`, `entryid`) VALUES ('Viejo Publishers.','5455');
INSERT INTO `entry`(`entryid`,`type`) VALUES('5456','b');
INSERT INTO `book`(`title`,`entryid`,`isbn`,`type`) VALUES('Plough to the Disgust','5456','0903178292365','b');
INSERT INTO `genre_book`(`genre`, `entryid`) VALUES ('Horror','5456');
INSERT INTO `author_book`(`author`, `entryid`) VALUES ('Larry Olmeda','5456');
INSERT INTO `publisher_book`(`publisher`, `entryid`) VALUES ('Want Inc.','5456');
INSERT INTO `entry`(`entryid`,`type`) VALUES('5457','b');
INSERT INTO `book`(`title`,`entryid`,`isbn`,`type`) VALUES('Battle with Interactive','5457','0891156048540','b');
INSERT INTO `genre_book`(`genre`, `entryid`) VALUES ('Thriller','5457');
INSERT INTO `author_book`(`author`, `entryid`) VALUES ('Londa Hunzelman','5457');
INSERT INTO `publisher_book`(`publisher`, `entryid`) VALUES ('Ruggero Cooperations.','5457');
INSERT INTO `entry`(`entryid`,`type`) VALUES('5458','b');
INSERT INTO `book`(`title`,`entryid`,`isbn`,`type`) VALUES('Shake of cleared Nitrogen','5458','0692951126344','b');
INSERT INTO `genre_book`(`genre`, `entryid`) VALUES ('Adventure','5458');
INSERT INTO `author_book`(`author`, `entryid`) VALUES ('Doreen Bonsall','5458');
INSERT INTO `publisher_book`(`publisher`, `entryid`) VALUES ('Nack Publishers.','5458');
INSERT INTO `entry`(`entryid`,`type`) VALUES('5459','b');
INSERT INTO `book`(`title`,`entryid`,`isbn`,`type`) VALUES('Motorboat by the indemonstrable Sphere','5459','0186631203921','b');
INSERT INTO `genre_book`(`genre`, `entryid`) VALUES ('Horror','5459');
INSERT INTO `author_book`(`author`, `entryid`) VALUES ('Gail Naugle','5459');
INSERT INTO `publisher_book`(`publisher`, `entryid`) VALUES ('Mastera Cooperations.','5459');
INSERT INTO `entry`(`entryid`,`type`) VALUES('5460','b');
INSERT INTO `book`(`title`,`entryid`,`isbn`,`type`) VALUES('Income for Actor','5460','9607140206311','e');
INSERT INTO `genre_book`(`genre`, `entryid`) VALUES ('Sci-Fi','5460');
INSERT INTO `author`(`name`,`birthyear`,`deathyear`) VALUES('Ngan Nino','1900','1969');
INSERT INTO `author_book`(`author`, `entryid`) VALUES ('Ngan Nino','5460');
INSERT INTO `publisher_book`(`publisher`, `entryid`) VALUES ('Neuman Cooperations.','5460');
INSERT INTO `entry`(`entryid`,`type`) VALUES('5461','b');
INSERT INTO `book`(`title`,`entryid`,`isbn`,`type`) VALUES('Cold against the Authorisation','5461','9144628635117','b');
INSERT INTO `genre_book`(`genre`, `entryid`) VALUES ('Education','5461');
INSERT INTO `author_book`(`author`, `entryid`) VALUES ('Shawnee Downey','5461');
INSERT INTO `publisher_book`(`publisher`, `entryid`) VALUES ('Cudjoe Publishers.','5461');
INSERT INTO `entry`(`entryid`,`type`) VALUES('5462','b');
INSERT INTO `book`(`title`,`entryid`,`isbn`,`type`) VALUES('Lynx by Sword','5462','0348030842737','b');
INSERT INTO `genre_book`(`genre`, `entryid`) VALUES ('Education','5462');
INSERT INTO `author_book`(`author`, `entryid`) VALUES ('Stefany Brodsky','5462');
INSERT INTO `publisher_book`(`publisher`, `entryid`) VALUES ('Yasso Cooperations.','5462');
INSERT INTO `entry`(`entryid`,`type`) VALUES('5463','b');
INSERT INTO `book`(`title`,`entryid`,`isbn`,`type`) VALUES('Grouse by Linen','5463','0877247394012','j');
INSERT INTO `genre_book`(`genre`, `entryid`) VALUES ('Sci-Fi','5463');
INSERT INTO `author_book`(`author`, `entryid`) VALUES ('Shanon Frishman','5463');
INSERT INTO `publisher_book`(`publisher`, `entryid`) VALUES ('Ockman Inc.','5463');
INSERT INTO `entry`(`entryid`,`type`) VALUES('5464','b');
INSERT INTO `book`(`title`,`entryid`,`isbn`,`type`) VALUES('Street of stalworth Show','5464','0768142571370','b');
INSERT INTO `genre_book`(`genre`, `entryid`) VALUES ('Romance','5464');
INSERT INTO `author_book`(`author`, `entryid`) VALUES ('Miki Garufi','5464');
INSERT INTO `publisher_book`(`publisher`, `entryid`) VALUES ('Sures Publishers.','5464');
INSERT INTO `entry`(`entryid`,`type`) VALUES('5465','b');
INSERT INTO `book`(`title`,`entryid`,`isbn`,`type`) VALUES('Paul and the Undershirt','5465','0723154997870','j');
INSERT INTO `genre_book`(`genre`, `entryid`) VALUES ('Sci-Fi','5465');
INSERT INTO `author_book`(`author`, `entryid`) VALUES ('Sarah Setterberg','5465');
INSERT INTO `publisher_book`(`publisher`, `entryid`) VALUES ('Culpepper Cooperations.','5465');
INSERT INTO `entry`(`entryid`,`type`) VALUES('5466','b');
INSERT INTO `book`(`title`,`entryid`,`isbn`,`type`) VALUES('Fired for steroidal Creature','5466','9302255210429','e');
INSERT INTO `genre_book`(`genre`, `entryid`) VALUES ('Science','5466');
INSERT INTO `author_book`(`author`, `entryid`) VALUES ('Lanora Seiser','5466');
INSERT INTO `publisher_book`(`publisher`, `entryid`) VALUES ('Leydecker Inc.','5466');
INSERT INTO `entry`(`entryid`,`type`) VALUES('5467','b');
INSERT INTO `book`(`title`,`entryid`,`isbn`,`type`) VALUES('Bathtub against the juratory Path','5467','0202226641361','j');
INSERT INTO `genre_book`(`genre`, `entryid`) VALUES ('Horror','5467');
INSERT INTO `author_book`(`author`, `entryid`) VALUES ('Sage Knavel','5467');
INSERT INTO `publisher_book`(`publisher`, `entryid`) VALUES ('Hengel Inc.','5467');
INSERT INTO `entry`(`entryid`,`type`) VALUES('5468','b');
INSERT INTO `book`(`title`,`entryid`,`isbn`,`type`) VALUES('Cancer by Start','5468','0129354597927','j');
INSERT INTO `genre_book`(`genre`, `entryid`) VALUES ('Romance','5468');
INSERT INTO `author_book`(`author`, `entryid`) VALUES ('Loraine Vbiles','5468');
INSERT INTO `publisher_book`(`publisher`, `entryid`) VALUES ('Heritage Publishers.','5468');
INSERT INTO `entry`(`entryid`,`type`) VALUES('5469','b');
INSERT INTO `book`(`title`,`entryid`,`isbn`,`type`) VALUES('Bite with pesticidal Seeder','5469','0736577488304','j');
INSERT INTO `genre_book`(`genre`, `entryid`) VALUES ('Science','5469');
INSERT INTO `author`(`name`,`birthyear`,`deathyear`) VALUES('Delsie Haseloff','1980','2060');
INSERT INTO `author_book`(`author`, `entryid`) VALUES ('Delsie Haseloff','5469');
INSERT INTO `publisher_book`(`publisher`, `entryid`) VALUES ('Good Inc.','5469');
INSERT INTO `entry`(`entryid`,`type`) VALUES('5470','b');
INSERT INTO `book`(`title`,`entryid`,`isbn`,`type`) VALUES('Lamp and expressionless Finger','5470','9669930504019','e');
INSERT INTO `genre_book`(`genre`, `entryid`) VALUES ('Adventure','5470');
INSERT INTO `author_book`(`author`, `entryid`) VALUES ('Bethany Deritis','5470');
INSERT INTO `publisher_book`(`publisher`, `entryid`) VALUES ('Ellett Publishers.','5470');
INSERT INTO `entry`(`entryid`,`type`) VALUES('5471','b');
INSERT INTO `book`(`title`,`entryid`,`isbn`,`type`) VALUES('Medicine by the unintellectual Tv','5471','0048984141875','e');
INSERT INTO `genre_book`(`genre`, `entryid`) VALUES ('Romance','5471');
INSERT INTO `author_book`(`author`, `entryid`) VALUES ('Pauline Eagles','5471');
INSERT INTO `publisher_book`(`publisher`, `entryid`) VALUES ('Kressierer Inc.','5471');
INSERT INTO `entry`(`entryid`,`type`) VALUES('5472','b');
INSERT INTO `book`(`title`,`entryid`,`isbn`,`type`) VALUES('Birch and the transcribed Library','5472','0342964406097','b');
INSERT INTO `genre_book`(`genre`, `entryid`) VALUES ('Horror','5472');
INSERT INTO `author_book`(`author`, `entryid`) VALUES ('Leroy Ryer','5472');
INSERT INTO `publisher_book`(`publisher`, `entryid`) VALUES ('Liberty Publishers.','5472');
INSERT INTO `entry`(`entryid`,`type`) VALUES('5473','b');
INSERT INTO `book`(`title`,`entryid`,`isbn`,`type`) VALUES('Society by the broadish Virgo','5473','9868969688141','e');
INSERT INTO `genre_book`(`genre`, `entryid`) VALUES ('Sci-Fi','5473');
INSERT INTO `author_book`(`author`, `entryid`) VALUES ('Joane Ebersole','5473');
INSERT INTO `publisher_book`(`publisher`, `entryid`) VALUES ('Roux Publishers.','5473');
INSERT INTO `entry`(`entryid`,`type`) VALUES('5474','b');
INSERT INTO `book`(`title`,`entryid`,`isbn`,`type`) VALUES('Rat with the Tugboat','5474','9976244283289','b');
INSERT INTO `genre_book`(`genre`, `entryid`) VALUES ('Sci-Fi','5474');
INSERT INTO `author_book`(`author`, `entryid`) VALUES ('Cornell Sinnett','5474');
INSERT INTO `publisher_book`(`publisher`, `entryid`) VALUES ('Murdaugh Cooperations.','5474');
INSERT INTO `entry`(`entryid`,`type`) VALUES('5475','b');
INSERT INTO `book`(`title`,`entryid`,`isbn`,`type`) VALUES('Scallion to the palsy-walsy Letter','5475','0197004134969','e');
INSERT INTO `genre_book`(`genre`, `entryid`) VALUES ('Thriller','5475');
INSERT INTO `author`(`name`,`birthyear`,`deathyear`) VALUES('Candyce Hahl','1938','2022');
INSERT INTO `author_book`(`author`, `entryid`) VALUES ('Candyce Hahl','5475');
INSERT INTO `publisher_book`(`publisher`, `entryid`) VALUES ('Footer Inc.','5475');
INSERT INTO `entry`(`entryid`,`type`) VALUES('5476','b');
INSERT INTO `book`(`title`,`entryid`,`isbn`,`type`) VALUES('Mail to the interoceptive Pillow','5476','0130741301355','e');
INSERT INTO `genre_book`(`genre`, `entryid`) VALUES ('Education','5476');
INSERT INTO `author_book`(`author`, `entryid`) VALUES ('Norene Strzalkowski','5476');
INSERT INTO `publisher_book`(`publisher`, `entryid`) VALUES ('Terrell Cooperations.','5476');
INSERT INTO `entry`(`entryid`,`type`) VALUES('5477','b');
INSERT INTO `book`(`title`,`entryid`,`isbn`,`type`) VALUES('Dibble with the ethic Jet','5477','9327252141701','e');
INSERT INTO `genre_book`(`genre`, `entryid`) VALUES ('Sci-Fi','5477');
INSERT INTO `author_book`(`author`, `entryid`) VALUES ('Sheldon Katechis','5477');
INSERT INTO `publisher_book`(`publisher`, `entryid`) VALUES ('Cundy Inc.','5477');
INSERT INTO `entry`(`entryid`,`type`) VALUES('5478','b');
INSERT INTO `book`(`title`,`entryid`,`isbn`,`type`) VALUES('Visitor for Workshop','5478','9776880689482','j');
INSERT INTO `genre_book`(`genre`, `entryid`) VALUES ('Adventure','5478');
INSERT INTO `author_book`(`author`, `entryid`) VALUES ('Clifford Zamparini','5478');
INSERT INTO `publisher_book`(`publisher`, `entryid`) VALUES ('Fattig Inc.','5478');
INSERT INTO `entry`(`entryid`,`type`) VALUES('5479','b');
INSERT INTO `book`(`title`,`entryid`,`isbn`,`type`) VALUES('Thrill in the symptomless Doll','5479','0148449356527','b');
INSERT INTO `genre_book`(`genre`, `entryid`) VALUES ('Romance','5479');
INSERT INTO `author_book`(`author`, `entryid`) VALUES ('Moses Tarrant','5479');
INSERT INTO `publisher_book`(`publisher`, `entryid`) VALUES ('Pettinella Inc.','5479');
INSERT INTO `entry`(`entryid`,`type`) VALUES('5480','b');
INSERT INTO `book`(`title`,`entryid`,`isbn`,`type`) VALUES('Sideboard for catalectic Bread','5480','9065464405084','e');
INSERT INTO `genre_book`(`genre`, `entryid`) VALUES ('Science','5480');
INSERT INTO `author`(`name`,`birthyear`,`deathyear`) VALUES('Sabrina Khare','1887','1915');
INSERT INTO `author_book`(`author`, `entryid`) VALUES ('Sabrina Khare','5480');
INSERT INTO `publisher_book`(`publisher`, `entryid`) VALUES ('Kronenberg Publishers.','5480');
INSERT INTO `entry`(`entryid`,`type`) VALUES('5481','b');
INSERT INTO `book`(`title`,`entryid`,`isbn`,`type`) VALUES('Waste in Signature','5481','9434352615290','b');
INSERT INTO `genre_book`(`genre`, `entryid`) VALUES ('Sci-Fi','5481');
INSERT INTO `author_book`(`author`, `entryid`) VALUES ('Corrine Soler','5481');
INSERT INTO `publisher_book`(`publisher`, `entryid`) VALUES ('Archibeque Publishers.','5481');
INSERT INTO `entry`(`entryid`,`type`) VALUES('5482','b');
INSERT INTO `book`(`title`,`entryid`,`isbn`,`type`) VALUES('Ex-wife and the peloric Wine','5482','0109170264592','e');
INSERT INTO `genre_book`(`genre`, `entryid`) VALUES ('Sci-Fi','5482');
INSERT INTO `author`(`name`,`birthyear`,`deathyear`) VALUES('Dacia Evanchyk','1960','1985');
INSERT INTO `author_book`(`author`, `entryid`) VALUES ('Dacia Evanchyk','5482');
INSERT INTO `publisher_book`(`publisher`, `entryid`) VALUES ('Baltazor Publishers.','5482');
INSERT INTO `entry`(`entryid`,`type`) VALUES('5483','b');
INSERT INTO `book`(`title`,`entryid`,`isbn`,`type`) VALUES('Cycle with the crosshatched Rayon','5483','0948942279865','j');
INSERT INTO `genre_book`(`genre`, `entryid`) VALUES ('Romance','5483');
INSERT INTO `author_book`(`author`, `entryid`) VALUES ('Halley Gainor','5483');
INSERT INTO `publisher_book`(`publisher`, `entryid`) VALUES ('Arroyd Inc.','5483');
INSERT INTO `entry`(`entryid`,`type`) VALUES('5484','b');
INSERT INTO `book`(`title`,`entryid`,`isbn`,`type`) VALUES('Berry and nonagenarian Mint','5484','0413823997643','j');
INSERT INTO `genre_book`(`genre`, `entryid`) VALUES ('Horror','5484');
INSERT INTO `author`(`name`,`birthyear`,`deathyear`) VALUES('Tonisha Chittenden','1926','1949');
INSERT INTO `author_book`(`author`, `entryid`) VALUES ('Tonisha Chittenden','5484');
INSERT INTO `publisher_book`(`publisher`, `entryid`) VALUES ('Kaplan Inc.','5484');
INSERT INTO `entry`(`entryid`,`type`) VALUES('5485','b');
INSERT INTO `book`(`title`,`entryid`,`isbn`,`type`) VALUES('Death against librational Windshield','5485','9533293146847','e');
INSERT INTO `genre_book`(`genre`, `entryid`) VALUES ('Education','5485');
INSERT INTO `author_book`(`author`, `entryid`) VALUES ('Shelba Helmly','5485');
INSERT INTO `publisher_book`(`publisher`, `entryid`) VALUES ('Blythe Publishers.','5485');
INSERT INTO `entry`(`entryid`,`type`) VALUES('5486','b');
INSERT INTO `book`(`title`,`entryid`,`isbn`,`type`) VALUES('Pediatrician with Coach','5486','0510303314642','j');
INSERT INTO `genre_book`(`genre`, `entryid`) VALUES ('Thriller','5486');
INSERT INTO `author`(`name`,`birthyear`,`deathyear`) VALUES('Jerilyn Macaluso','1893','1976');
INSERT INTO `author_book`(`author`, `entryid`) VALUES ('Jerilyn Macaluso','5486');
INSERT INTO `publisher_book`(`publisher`, `entryid`) VALUES ('Bayles Inc.','5486');
INSERT INTO `entry`(`entryid`,`type`) VALUES('5487','b');
INSERT INTO `book`(`title`,`entryid`,`isbn`,`type`) VALUES('Mistake with expansionism Woolen','5487','0341417089808','j');
INSERT INTO `genre_book`(`genre`, `entryid`) VALUES ('Horror','5487');
INSERT INTO `author_book`(`author`, `entryid`) VALUES ('Blossom Pink','5487');
INSERT INTO `publisher_book`(`publisher`, `entryid`) VALUES ('Celli Cooperations.','5487');
INSERT INTO `entry`(`entryid`,`type`) VALUES('5488','b');
INSERT INTO `book`(`title`,`entryid`,`isbn`,`type`) VALUES('Pair against knurlier Candle','5488','0857828974600','j');
INSERT INTO `genre_book`(`genre`, `entryid`) VALUES ('Horror','5488');
INSERT INTO `author_book`(`author`, `entryid`) VALUES ('Porter Finkel','5488');
INSERT INTO `publisher_book`(`publisher`, `entryid`) VALUES ('Trinkl Inc.','5488');
INSERT INTO `entry`(`entryid`,`type`) VALUES('5489','b');
INSERT INTO `book`(`title`,`entryid`,`isbn`,`type`) VALUES('Lettuce by the hobnailed Network','5489','9393796432017','e');
INSERT INTO `genre_book`(`genre`, `entryid`) VALUES ('Thriller','5489');
INSERT INTO `author_book`(`author`, `entryid`) VALUES ('Latrina Gariety','5489');
INSERT INTO `publisher_book`(`publisher`, `entryid`) VALUES ('Bagnaschi Publishers.','5489');
INSERT INTO `entry`(`entryid`,`type`) VALUES('5490','b');
INSERT INTO `book`(`title`,`entryid`,`isbn`,`type`) VALUES('Dollar because of artful Relative','5490','0694382956232','e');
INSERT INTO `genre_book`(`genre`, `entryid`) VALUES ('Science','5490');
INSERT INTO `author_book`(`author`, `entryid`) VALUES ('Hollis Blackwater','5490');
INSERT INTO `publisher_book`(`publisher`, `entryid`) VALUES ('Scriuner Publishers.','5490');
INSERT INTO `entry`(`entryid`,`type`) VALUES('5491','b');
INSERT INTO `book`(`title`,`entryid`,`isbn`,`type`) VALUES('Dragonfly against unsusceptible Bestseller','5491','0558353268689','e');
INSERT INTO `genre_book`(`genre`, `entryid`) VALUES ('Horror','5491');
INSERT INTO `author_book`(`author`, `entryid`) VALUES ('Lindsay Cottrill','5491');
INSERT INTO `publisher_book`(`publisher`, `entryid`) VALUES ('Brisbon Publishers.','5491');
INSERT INTO `entry`(`entryid`,`type`) VALUES('5492','b');
INSERT INTO `book`(`title`,`entryid`,`isbn`,`type`) VALUES('Air with the Parcel','5492','0338949250314','e');
INSERT INTO `genre_book`(`genre`, `entryid`) VALUES ('Romance','5492');
INSERT INTO `author_book`(`author`, `entryid`) VALUES ('Micheal Beltz','5492');
INSERT INTO `publisher_book`(`publisher`, `entryid`) VALUES ('Yasso Cooperations.','5492');
INSERT INTO `entry`(`entryid`,`type`) VALUES('5493','b');
INSERT INTO `book`(`title`,`entryid`,`isbn`,`type`) VALUES('Brow for the tending Porter','5493','9089167781843','e');
INSERT INTO `genre_book`(`genre`, `entryid`) VALUES ('Romance','5493');
INSERT INTO `author_book`(`author`, `entryid`) VALUES ('Andra Bonneville','5493');
INSERT INTO `publisher_book`(`publisher`, `entryid`) VALUES ('Kindlimann Inc.','5493');
INSERT INTO `entry`(`entryid`,`type`) VALUES('5494','b');
INSERT INTO `book`(`title`,`entryid`,`isbn`,`type`) VALUES('Lettuce by monism Motorboat','5494','9714356945920','b');
INSERT INTO `genre_book`(`genre`, `entryid`) VALUES ('Thriller','5494');
INSERT INTO `author_book`(`author`, `entryid`) VALUES ('Ena Toto','5494');
INSERT INTO `publisher_book`(`publisher`, `entryid`) VALUES ('Difalco Cooperations.','5494');
INSERT INTO `entry`(`entryid`,`type`) VALUES('5495','b');
INSERT INTO `book`(`title`,`entryid`,`isbn`,`type`) VALUES('Spark to Digestion','5495','0407605080731','e');
INSERT INTO `genre_book`(`genre`, `entryid`) VALUES ('Thriller','5495');
INSERT INTO `author_book`(`author`, `entryid`) VALUES ('Issac Hubley','5495');
INSERT INTO `publisher_book`(`publisher`, `entryid`) VALUES ('Czerniak Inc.','5495');
INSERT INTO `entry`(`entryid`,`type`) VALUES('5496','b');
INSERT INTO `book`(`title`,`entryid`,`isbn`,`type`) VALUES('Baritone for the Crate','5496','0132049314076','b');
INSERT INTO `genre_book`(`genre`, `entryid`) VALUES ('Thriller','5496');
INSERT INTO `author_book`(`author`, `entryid`) VALUES ('Sherly Preuitt','5496');
INSERT INTO `publisher_book`(`publisher`, `entryid`) VALUES ('Kindlimann Inc.','5496');
INSERT INTO `entry`(`entryid`,`type`) VALUES('5497','b');
INSERT INTO `book`(`title`,`entryid`,`isbn`,`type`) VALUES('Slave of Italian','5497','9022885295081','e');
INSERT INTO `genre_book`(`genre`, `entryid`) VALUES ('Science','5497');
INSERT INTO `author_book`(`author`, `entryid`) VALUES ('Lauretta Mcmunn','5497');
INSERT INTO `publisher_book`(`publisher`, `entryid`) VALUES ('Heritage Publishers.','5497');
INSERT INTO `entry`(`entryid`,`type`) VALUES('5498','b');
INSERT INTO `book`(`title`,`entryid`,`isbn`,`type`) VALUES('Kohlrabi in Lip','5498','9028826147519','j');
INSERT INTO `genre_book`(`genre`, `entryid`) VALUES ('Horror','5498');
INSERT INTO `author_book`(`author`, `entryid`) VALUES ('Eduardo Wagenheim','5498');
INSERT INTO `publisher_book`(`publisher`, `entryid`) VALUES ('Matise Cooperations.','5498');
INSERT INTO `entry`(`entryid`,`type`) VALUES('5499','b');
INSERT INTO `book`(`title`,`entryid`,`isbn`,`type`) VALUES('Africa against Vishnu Crocus','5499','0079088538782','e');
INSERT INTO `genre_book`(`genre`, `entryid`) VALUES ('Science','5499');
INSERT INTO `author_book`(`author`, `entryid`) VALUES ('Nicol Demaria','5499');
INSERT INTO `publisher_book`(`publisher`, `entryid`) VALUES ('Matise Cooperations.','5499');
INSERT INTO `entry`(`entryid`,`type`) VALUES('5500','b');
INSERT INTO `book`(`title`,`entryid`,`isbn`,`type`) VALUES('Larch for the Disease','5500','9831270191790','b');
INSERT INTO `genre_book`(`genre`, `entryid`) VALUES ('Thriller','5500');
INSERT INTO `author_book`(`author`, `entryid`) VALUES ('Ryan Hangartner','5500');
INSERT INTO `publisher_book`(`publisher`, `entryid`) VALUES ('Giantonio Publishers.','5500');
INSERT INTO `entry`(`entryid`,`type`) VALUES('5501','b');
INSERT INTO `book`(`title`,`entryid`,`isbn`,`type`) VALUES('Search and Blowgun','5501','9686534518084','j');
INSERT INTO `genre_book`(`genre`, `entryid`) VALUES ('Thriller','5501');
INSERT INTO `author_book`(`author`, `entryid`) VALUES ('Juliette Thorburn','5501');
INSERT INTO `publisher_book`(`publisher`, `entryid`) VALUES ('Wanamaker Cooperations.','5501');
INSERT INTO `entry`(`entryid`,`type`) VALUES('5502','b');
INSERT INTO `book`(`title`,`entryid`,`isbn`,`type`) VALUES('Timpani and the contrary Smile','5502','0783574768815','b');
INSERT INTO `genre_book`(`genre`, `entryid`) VALUES ('Science','5502');
INSERT INTO `author_book`(`author`, `entryid`) VALUES ('Ed Kewal','5502');
INSERT INTO `publisher_book`(`publisher`, `entryid`) VALUES ('Gorney Publishers.','5502');
INSERT INTO `entry`(`entryid`,`type`) VALUES('5503','b');
INSERT INTO `book`(`title`,`entryid`,`isbn`,`type`) VALUES('Circle with the stearic Headline','5503','9957175555319','e');
INSERT INTO `genre_book`(`genre`, `entryid`) VALUES ('Adventure','5503');
INSERT INTO `author_book`(`author`, `entryid`) VALUES ('Colton Pitchford','5503');
INSERT INTO `publisher_book`(`publisher`, `entryid`) VALUES ('Buhite Cooperations.','5503');
INSERT INTO `entry`(`entryid`,`type`) VALUES('5504','b');
INSERT INTO `book`(`title`,`entryid`,`isbn`,`type`) VALUES('Capricorn and Basket','5504','0813318867545','b');
INSERT INTO `genre_book`(`genre`, `entryid`) VALUES ('Education','5504');
INSERT INTO `author_book`(`author`, `entryid`) VALUES ('Teena Watkinson','5504');
INSERT INTO `publisher_book`(`publisher`, `entryid`) VALUES ('Viejo Publishers.','5504');
INSERT INTO `entry`(`entryid`,`type`) VALUES('5505','b');
INSERT INTO `book`(`title`,`entryid`,`isbn`,`type`) VALUES('Division in the Fired','5505','0793961293969','e');
INSERT INTO `genre_book`(`genre`, `entryid`) VALUES ('Science','5505');
INSERT INTO `author`(`name`,`birthyear`,`deathyear`) VALUES('Veronika Shroff','1976','2060');
INSERT INTO `author_book`(`author`, `entryid`) VALUES ('Veronika Shroff','5505');
INSERT INTO `publisher_book`(`publisher`, `entryid`) VALUES ('Lanphere Cooperations.','5505');
INSERT INTO `entry`(`entryid`,`type`) VALUES('5506','b');
INSERT INTO `book`(`title`,`entryid`,`isbn`,`type`) VALUES('Salary by catenate Toenail','5506','0611447293821','e');
INSERT INTO `genre_book`(`genre`, `entryid`) VALUES ('Thriller','5506');
INSERT INTO `author_book`(`author`, `entryid`) VALUES ('Tami Wiland','5506');
INSERT INTO `publisher_book`(`publisher`, `entryid`) VALUES ('Sikora Cooperations.','5506');
INSERT INTO `entry`(`entryid`,`type`) VALUES('5507','b');
INSERT INTO `book`(`title`,`entryid`,`isbn`,`type`) VALUES('Philosophy against dioramic Tornado','5507','0119023020115','j');
INSERT INTO `genre_book`(`genre`, `entryid`) VALUES ('Science','5507');
INSERT INTO `author_book`(`author`, `entryid`) VALUES ('Wallace Corelli','5507');
INSERT INTO `publisher_book`(`publisher`, `entryid`) VALUES ('Luangamath Inc.','5507');
INSERT INTO `entry`(`entryid`,`type`) VALUES('5508','b');
INSERT INTO `book`(`title`,`entryid`,`isbn`,`type`) VALUES('Grandmother of Cheque','5508','0116402831618','j');
INSERT INTO `genre_book`(`genre`, `entryid`) VALUES ('Science','5508');
INSERT INTO `author_book`(`author`, `entryid`) VALUES ('Dennis Harryman','5508');
INSERT INTO `publisher_book`(`publisher`, `entryid`) VALUES ('Yanik Publishers.','5508');
INSERT INTO `entry`(`entryid`,`type`) VALUES('5509','b');
INSERT INTO `book`(`title`,`entryid`,`isbn`,`type`) VALUES('Michael and the Wednesday','5509','9811159732947','e');
INSERT INTO `genre_book`(`genre`, `entryid`) VALUES ('Science','5509');
INSERT INTO `author_book`(`author`, `entryid`) VALUES ('Alverta Martinsons','5509');
INSERT INTO `publisher_book`(`publisher`, `entryid`) VALUES ('Rothery Cooperations.','5509');
INSERT INTO `entry`(`entryid`,`type`) VALUES('5510','b');
INSERT INTO `book`(`title`,`entryid`,`isbn`,`type`) VALUES('Rocket in Help','5510','9733213377476','b');
INSERT INTO `genre_book`(`genre`, `entryid`) VALUES ('Science','5510');
INSERT INTO `author_book`(`author`, `entryid`) VALUES ('Kasha Toscani','5510');
INSERT INTO `publisher_book`(`publisher`, `entryid`) VALUES ('Carrea Inc.','5510');
INSERT INTO `entry`(`entryid`,`type`) VALUES('5511','b');
INSERT INTO `book`(`title`,`entryid`,`isbn`,`type`) VALUES('Separated with unmown Harbor','5511','9823247380501','e');
INSERT INTO `genre_book`(`genre`, `entryid`) VALUES ('Romance','5511');
INSERT INTO `author`(`name`,`birthyear`,`deathyear`) VALUES('Dione Aupperle','1881','1952');
INSERT INTO `author_book`(`author`, `entryid`) VALUES ('Dione Aupperle','5511');
INSERT INTO `publisher_book`(`publisher`, `entryid`) VALUES ('Cygan Inc.','5511');
INSERT INTO `entry`(`entryid`,`type`) VALUES('5512','b');
INSERT INTO `book`(`title`,`entryid`,`isbn`,`type`) VALUES('Ketchup with the Fruit','5512','0349527779979','b');
INSERT INTO `genre_book`(`genre`, `entryid`) VALUES ('Sci-Fi','5512');
INSERT INTO `author_book`(`author`, `entryid`) VALUES ('Pat Barkhimer','5512');
INSERT INTO `publisher_book`(`publisher`, `entryid`) VALUES ('Graffney Inc.','5512');
INSERT INTO `entry`(`entryid`,`type`) VALUES('5513','b');
INSERT INTO `book`(`title`,`entryid`,`isbn`,`type`) VALUES('Pint by grislier Squid','5513','0946961928972','e');
INSERT INTO `genre_book`(`genre`, `entryid`) VALUES ('Horror','5513');
INSERT INTO `author_book`(`author`, `entryid`) VALUES ('Mariana Congleton','5513');
INSERT INTO `publisher_book`(`publisher`, `entryid`) VALUES ('Vote Publishers.','5513');
INSERT INTO `entry`(`entryid`,`type`) VALUES('5514','b');
INSERT INTO `book`(`title`,`entryid`,`isbn`,`type`) VALUES('Cotton against the amaranthine June','5514','0438507257535','e');
INSERT INTO `genre_book`(`genre`, `entryid`) VALUES ('Horror','5514');
INSERT INTO `author_book`(`author`, `entryid`) VALUES ('Ross Freehling','5514');
INSERT INTO `publisher_book`(`publisher`, `entryid`) VALUES ('Moyet Inc.','5514');
INSERT INTO `entry`(`entryid`,`type`) VALUES('5515','b');
INSERT INTO `book`(`title`,`entryid`,`isbn`,`type`) VALUES('Alligator in the Dinner','5515','9560501862636','j');
INSERT INTO `genre_book`(`genre`, `entryid`) VALUES ('Thriller','5515');
INSERT INTO `author_book`(`author`, `entryid`) VALUES ('Vicenta Noltensmeier','5515');
INSERT INTO `publisher_book`(`publisher`, `entryid`) VALUES ('Cotner Cooperations.','5515');
INSERT INTO `entry`(`entryid`,`type`) VALUES('5516','b');
INSERT INTO `book`(`title`,`entryid`,`isbn`,`type`) VALUES('Bottom and the Melody','5516','0467422628129','b');
INSERT INTO `genre_book`(`genre`, `entryid`) VALUES ('Thriller','5516');
INSERT INTO `author_book`(`author`, `entryid`) VALUES ('Colby Telega','5516');
INSERT INTO `publisher_book`(`publisher`, `entryid`) VALUES ('Lanphere Cooperations.','5516');
INSERT INTO `entry`(`entryid`,`type`) VALUES('5517','b');
INSERT INTO `book`(`title`,`entryid`,`isbn`,`type`) VALUES('Gander for the Fridge','5517','0681075362231','j');
INSERT INTO `genre_book`(`genre`, `entryid`) VALUES ('Horror','5517');
INSERT INTO `author_book`(`author`, `entryid`) VALUES ('Julieann Barnaby','5517');
INSERT INTO `publisher_book`(`publisher`, `entryid`) VALUES ('Moyet Inc.','5517');
INSERT INTO `entry`(`entryid`,`type`) VALUES('5518','b');
INSERT INTO `book`(`title`,`entryid`,`isbn`,`type`) VALUES('Castanet against Beech','5518','9635883565551','j');
INSERT INTO `genre_book`(`genre`, `entryid`) VALUES ('Adventure','5518');
INSERT INTO `author_book`(`author`, `entryid`) VALUES ('Lajuana Frint','5518');
INSERT INTO `publisher_book`(`publisher`, `entryid`) VALUES ('Papaleo Publishers.','5518');
INSERT INTO `entry`(`entryid`,`type`) VALUES('5519','b');
INSERT INTO `book`(`title`,`entryid`,`isbn`,`type`) VALUES('Aries vs. credal Continent','5519','9819704040493','e');
INSERT INTO `genre_book`(`genre`, `entryid`) VALUES ('Horror','5519');
INSERT INTO `author_book`(`author`, `entryid`) VALUES ('Samantha Salmeron','5519');
INSERT INTO `publisher_book`(`publisher`, `entryid`) VALUES ('Wood Inc.','5519');
INSERT INTO `entry`(`entryid`,`type`) VALUES('5520','b');
INSERT INTO `book`(`title`,`entryid`,`isbn`,`type`) VALUES('Page in the Fragrance','5520','0947795784938','e');
INSERT INTO `genre_book`(`genre`, `entryid`) VALUES ('Sci-Fi','5520');
INSERT INTO `author_book`(`author`, `entryid`) VALUES ('Emory Neiger','5520');
INSERT INTO `publisher_book`(`publisher`, `entryid`) VALUES ('Leydecker Inc.','5520');
INSERT INTO `entry`(`entryid`,`type`) VALUES('5521','b');
INSERT INTO `book`(`title`,`entryid`,`isbn`,`type`) VALUES('Server and hissing Decade','5521','0325497575974','e');
INSERT INTO `genre_book`(`genre`, `entryid`) VALUES ('Sci-Fi','5521');
INSERT INTO `author_book`(`author`, `entryid`) VALUES ('Carla Botros','5521');
INSERT INTO `publisher_book`(`publisher`, `entryid`) VALUES ('Excell Inc.','5521');
INSERT INTO `entry`(`entryid`,`type`) VALUES('5522','b');
INSERT INTO `book`(`title`,`entryid`,`isbn`,`type`) VALUES('Bathroom because of Pollution','5522','0417760239933','e');
INSERT INTO `genre_book`(`genre`, `entryid`) VALUES ('Education','5522');
INSERT INTO `author_book`(`author`, `entryid`) VALUES ('Dennis Massy','5522');
INSERT INTO `publisher_book`(`publisher`, `entryid`) VALUES ('Giantonio Publishers.','5522');
INSERT INTO `entry`(`entryid`,`type`) VALUES('5523','b');
INSERT INTO `book`(`title`,`entryid`,`isbn`,`type`) VALUES('Cake to cherty Camel','5523','9608453836211','e');
INSERT INTO `genre_book`(`genre`, `entryid`) VALUES ('Thriller','5523');
INSERT INTO `author_book`(`author`, `entryid`) VALUES ('Summer Chacko','5523');
INSERT INTO `publisher_book`(`publisher`, `entryid`) VALUES ('Rothery Cooperations.','5523');
INSERT INTO `entry`(`entryid`,`type`) VALUES('5524','b');
INSERT INTO `book`(`title`,`entryid`,`isbn`,`type`) VALUES('Decade for the overrank Fifth','5524','0927651364766','e');
INSERT INTO `genre_book`(`genre`, `entryid`) VALUES ('Horror','5524');
INSERT INTO `author_book`(`author`, `entryid`) VALUES ('Charlie Arab','5524');
INSERT INTO `publisher_book`(`publisher`, `entryid`) VALUES ('Koral Publishers.','5524');
INSERT INTO `entry`(`entryid`,`type`) VALUES('5525','b');
INSERT INTO `book`(`title`,`entryid`,`isbn`,`type`) VALUES('Radio with Command','5525','9004303340485','j');
INSERT INTO `genre_book`(`genre`, `entryid`) VALUES ('Thriller','5525');
INSERT INTO `author_book`(`author`, `entryid`) VALUES ('Marquita Mozie','5525');
INSERT INTO `publisher_book`(`publisher`, `entryid`) VALUES ('Baltazor Publishers.','5525');
INSERT INTO `entry`(`entryid`,`type`) VALUES('5526','b');
INSERT INTO `book`(`title`,`entryid`,`isbn`,`type`) VALUES('Passive against the tallowy Bobcat','5526','9649327037598','b');
INSERT INTO `genre_book`(`genre`, `entryid`) VALUES ('Sci-Fi','5526');
INSERT INTO `author_book`(`author`, `entryid`) VALUES ('Jenice Lofties','5526');
INSERT INTO `publisher_book`(`publisher`, `entryid`) VALUES ('Kuhlo Cooperations.','5526');
INSERT INTO `entry`(`entryid`,`type`) VALUES('5527','b');
INSERT INTO `book`(`title`,`entryid`,`isbn`,`type`) VALUES('Chemistry in the Puma','5527','0958722331162','j');
INSERT INTO `genre_book`(`genre`, `entryid`) VALUES ('Thriller','5527');
INSERT INTO `author_book`(`author`, `entryid`) VALUES ('Ngan Nino','5527');
INSERT INTO `publisher_book`(`publisher`, `entryid`) VALUES ('Matise Cooperations.','5527');
INSERT INTO `entry`(`entryid`,`type`) VALUES('5528','b');
INSERT INTO `book`(`title`,`entryid`,`isbn`,`type`) VALUES('Week in the full-length Lisa','5528','9636632318926','j');
INSERT INTO `genre_book`(`genre`, `entryid`) VALUES ('Adventure','5528');
INSERT INTO `author_book`(`author`, `entryid`) VALUES ('Renee Kiker','5528');
INSERT INTO `publisher_book`(`publisher`, `entryid`) VALUES ('Rodrick Cooperations.','5528');
INSERT INTO `entry`(`entryid`,`type`) VALUES('5529','b');
INSERT INTO `book`(`title`,`entryid`,`isbn`,`type`) VALUES('Helicopter against Titanium','5529','9539507563420','e');
INSERT INTO `genre_book`(`genre`, `entryid`) VALUES ('Horror','5529');
INSERT INTO `author_book`(`author`, `entryid`) VALUES ('Jeffry Stecklair','5529');
INSERT INTO `publisher_book`(`publisher`, `entryid`) VALUES ('Six Publishers.','5529');
INSERT INTO `entry`(`entryid`,`type`) VALUES('5530','b');
INSERT INTO `book`(`title`,`entryid`,`isbn`,`type`) VALUES('Quilt of zinciferous Insulation','5530','0775645226914','e');
INSERT INTO `genre_book`(`genre`, `entryid`) VALUES ('Science','5530');
INSERT INTO `author_book`(`author`, `entryid`) VALUES ('Ilene Hennig','5530');
INSERT INTO `publisher_book`(`publisher`, `entryid`) VALUES ('Hodgeman Inc.','5530');
INSERT INTO `entry`(`entryid`,`type`) VALUES('5531','b');
INSERT INTO `book`(`title`,`entryid`,`isbn`,`type`) VALUES('Channel with the Accountant','5531','0562121447944','b');
INSERT INTO `genre_book`(`genre`, `entryid`) VALUES ('Horror','5531');
INSERT INTO `author_book`(`author`, `entryid`) VALUES ('Theresia Crossan','5531');
INSERT INTO `publisher_book`(`publisher`, `entryid`) VALUES ('Meacham Cooperations.','5531');
INSERT INTO `entry`(`entryid`,`type`) VALUES('5532','b');
INSERT INTO `book`(`title`,`entryid`,`isbn`,`type`) VALUES('Crayfish to correlatable Sheet','5532','9088131321325','b');
INSERT INTO `genre_book`(`genre`, `entryid`) VALUES ('Thriller','5532');
INSERT INTO `author_book`(`author`, `entryid`) VALUES ('Olin Ishee','5532');
INSERT INTO `publisher_book`(`publisher`, `entryid`) VALUES ('Mominee Inc.','5532');
INSERT INTO `entry`(`entryid`,`type`) VALUES('5533','b');
INSERT INTO `book`(`title`,`entryid`,`isbn`,`type`) VALUES('Club vs. Underwear','5533','9593218972590','b');
INSERT INTO `genre_book`(`genre`, `entryid`) VALUES ('Romance','5533');
INSERT INTO `author_book`(`author`, `entryid`) VALUES ('Dacia Evanchyk','5533');
INSERT INTO `publisher_book`(`publisher`, `entryid`) VALUES ('Vanarsdall Cooperations.','5533');
INSERT INTO `entry`(`entryid`,`type`) VALUES('5534','b');
INSERT INTO `book`(`title`,`entryid`,`isbn`,`type`) VALUES('Fragrance and the Silica','5534','0504874396020','e');
INSERT INTO `genre_book`(`genre`, `entryid`) VALUES ('Horror','5534');
INSERT INTO `author_book`(`author`, `entryid`) VALUES ('Rosette Severtson','5534');
INSERT INTO `publisher_book`(`publisher`, `entryid`) VALUES ('Gasser Publishers.','5534');
INSERT INTO `entry`(`entryid`,`type`) VALUES('5535','b');
INSERT INTO `book`(`title`,`entryid`,`isbn`,`type`) VALUES('Mom for the cutty Tortoise','5535','0406715854414','b');
INSERT INTO `genre_book`(`genre`, `entryid`) VALUES ('Adventure','5535');
INSERT INTO `author_book`(`author`, `entryid`) VALUES ('Charity Kauo','5535');
INSERT INTO `publisher_book`(`publisher`, `entryid`) VALUES ('Trnka Inc.','5535');
INSERT INTO `entry`(`entryid`,`type`) VALUES('5536','b');
INSERT INTO `book`(`title`,`entryid`,`isbn`,`type`) VALUES('Tabletop with shellier Era','5536','0479479043526','e');
INSERT INTO `genre_book`(`genre`, `entryid`) VALUES ('Horror','5536');
INSERT INTO `author`(`name`,`birthyear`,`deathyear`) VALUES('Leta Wilderman','1908','1955');
INSERT INTO `author_book`(`author`, `entryid`) VALUES ('Leta Wilderman','5536');
INSERT INTO `publisher_book`(`publisher`, `entryid`) VALUES ('Seta Inc.','5536');
INSERT INTO `entry`(`entryid`,`type`) VALUES('5537','b');
INSERT INTO `book`(`title`,`entryid`,`isbn`,`type`) VALUES('Blade in exstipulate Mine','5537','0910610822170','e');
INSERT INTO `genre_book`(`genre`, `entryid`) VALUES ('Adventure','5537');
INSERT INTO `author_book`(`author`, `entryid`) VALUES ('Catrina Heckathorn','5537');
INSERT INTO `publisher_book`(`publisher`, `entryid`) VALUES ('Bogan Cooperations.','5537');
INSERT INTO `entry`(`entryid`,`type`) VALUES('5538','b');
INSERT INTO `book`(`title`,`entryid`,`isbn`,`type`) VALUES('Myanmar and the Trumpet','5538','9681732826789','b');
INSERT INTO `genre_book`(`genre`, `entryid`) VALUES ('Adventure','5538');
INSERT INTO `author_book`(`author`, `entryid`) VALUES ('Sebrina Clarkson','5538');
INSERT INTO `publisher_book`(`publisher`, `entryid`) VALUES ('Travieso Inc.','5538');
INSERT INTO `entry`(`entryid`,`type`) VALUES('5539','b');
INSERT INTO `book`(`title`,`entryid`,`isbn`,`type`) VALUES('Leather with Cereal','5539','9211984216649','j');
INSERT INTO `genre_book`(`genre`, `entryid`) VALUES ('Science','5539');
INSERT INTO `author_book`(`author`, `entryid`) VALUES ('Sean Kassebaum','5539');
INSERT INTO `publisher_book`(`publisher`, `entryid`) VALUES ('Blissett Publishers.','5539');
INSERT INTO `entry`(`entryid`,`type`) VALUES('5540','b');
INSERT INTO `book`(`title`,`entryid`,`isbn`,`type`) VALUES('Mirror by the merrier Paint','5540','9967098310417','j');
INSERT INTO `genre_book`(`genre`, `entryid`) VALUES ('Horror','5540');
INSERT INTO `author_book`(`author`, `entryid`) VALUES ('Scottie Belka','5540');
INSERT INTO `publisher_book`(`publisher`, `entryid`) VALUES ('Vote Publishers.','5540');
INSERT INTO `entry`(`entryid`,`type`) VALUES('5541','b');
INSERT INTO `book`(`title`,`entryid`,`isbn`,`type`) VALUES('Mark in the Hair','5541','9224229349980','j');
INSERT INTO `genre_book`(`genre`, `entryid`) VALUES ('Science','5541');
INSERT INTO `author_book`(`author`, `entryid`) VALUES ('Luella Thierman','5541');
INSERT INTO `publisher_book`(`publisher`, `entryid`) VALUES ('Cygan Inc.','5541');
INSERT INTO `entry`(`entryid`,`type`) VALUES('5542','b');
INSERT INTO `book`(`title`,`entryid`,`isbn`,`type`) VALUES('Tortellini with Seal','5542','9275220182450','b');
INSERT INTO `genre_book`(`genre`, `entryid`) VALUES ('Sci-Fi','5542');
INSERT INTO `author`(`name`,`birthyear`,`deathyear`) VALUES('Lani Condi','1974','2073');
INSERT INTO `author_book`(`author`, `entryid`) VALUES ('Lani Condi','5542');
INSERT INTO `publisher_book`(`publisher`, `entryid`) VALUES ('Mccarvill Inc.','5542');
INSERT INTO `entry`(`entryid`,`type`) VALUES('5543','b');
INSERT INTO `book`(`title`,`entryid`,`isbn`,`type`) VALUES('Puppy by monotone Dibble','5543','0647117699171','b');
INSERT INTO `genre_book`(`genre`, `entryid`) VALUES ('Sci-Fi','5543');
INSERT INTO `author_book`(`author`, `entryid`) VALUES ('Henry Mccann','5543');
INSERT INTO `publisher_book`(`publisher`, `entryid`) VALUES ('Davalos Inc.','5543');
INSERT INTO `entry`(`entryid`,`type`) VALUES('5544','b');
INSERT INTO `book`(`title`,`entryid`,`isbn`,`type`) VALUES('East against unbeneficed Croissant','5544','0914336822483','j');
INSERT INTO `genre_book`(`genre`, `entryid`) VALUES ('Sci-Fi','5544');
INSERT INTO `author_book`(`author`, `entryid`) VALUES ('Van Saxman','5544');
INSERT INTO `publisher_book`(`publisher`, `entryid`) VALUES ('Murdaugh Cooperations.','5544');
INSERT INTO `entry`(`entryid`,`type`) VALUES('5545','b');
INSERT INTO `book`(`title`,`entryid`,`isbn`,`type`) VALUES('Wealth vs. Sandra','5545','9641448381299','j');
INSERT INTO `genre_book`(`genre`, `entryid`) VALUES ('Romance','5545');
INSERT INTO `author_book`(`author`, `entryid`) VALUES ('Bobbie Devinney','5545');
INSERT INTO `publisher_book`(`publisher`, `entryid`) VALUES ('Baltazor Publishers.','5545');
INSERT INTO `entry`(`entryid`,`type`) VALUES('5546','b');
INSERT INTO `book`(`title`,`entryid`,`isbn`,`type`) VALUES('Cord and lumpier Hole','5546','9903230394708','e');
INSERT INTO `genre_book`(`genre`, `entryid`) VALUES ('Thriller','5546');
INSERT INTO `author_book`(`author`, `entryid`) VALUES ('Randi Starr','5546');
INSERT INTO `publisher_book`(`publisher`, `entryid`) VALUES ('Fendt Publishers.','5546');
INSERT INTO `entry`(`entryid`,`type`) VALUES('5547','b');
INSERT INTO `book`(`title`,`entryid`,`isbn`,`type`) VALUES('Parent for the auditory Colon','5547','0625591357989','j');
INSERT INTO `genre_book`(`genre`, `entryid`) VALUES ('Thriller','5547');
INSERT INTO `author_book`(`author`, `entryid`) VALUES ('Kerry Willams','5547');
INSERT INTO `publisher_book`(`publisher`, `entryid`) VALUES ('Bernadette Cooperations.','5547');
INSERT INTO `entry`(`entryid`,`type`) VALUES('5548','b');
INSERT INTO `book`(`title`,`entryid`,`isbn`,`type`) VALUES('Celsius vs. Jeans','5548','9511410951527','j');
INSERT INTO `genre_book`(`genre`, `entryid`) VALUES ('Sci-Fi','5548');
INSERT INTO `author_book`(`author`, `entryid`) VALUES ('Maryetta Smelser','5548');
INSERT INTO `publisher_book`(`publisher`, `entryid`) VALUES ('Schwamberger Inc.','5548');
INSERT INTO `entry`(`entryid`,`type`) VALUES('5549','b');
INSERT INTO `book`(`title`,`entryid`,`isbn`,`type`) VALUES('School against Harbor','5549','9085750897513','b');
INSERT INTO `genre_book`(`genre`, `entryid`) VALUES ('Thriller','5549');
INSERT INTO `author_book`(`author`, `entryid`) VALUES ('Yuri Mercado','5549');
INSERT INTO `publisher_book`(`publisher`, `entryid`) VALUES ('Capistran Cooperations.','5549');
INSERT INTO `entry`(`entryid`,`type`) VALUES('5550','b');
INSERT INTO `book`(`title`,`entryid`,`isbn`,`type`) VALUES('Position against the Mail','5550','9740626971173','e');
INSERT INTO `genre_book`(`genre`, `entryid`) VALUES ('Education','5550');
INSERT INTO `author_book`(`author`, `entryid`) VALUES ('Erich Bonaventure','5550');
INSERT INTO `publisher_book`(`publisher`, `entryid`) VALUES ('Mu Inc.','5550');
INSERT INTO `entry`(`entryid`,`type`) VALUES('5551','b');
INSERT INTO `book`(`title`,`entryid`,`isbn`,`type`) VALUES('Bath in the Tanker','5551','9528773075296','j');
INSERT INTO `genre_book`(`genre`, `entryid`) VALUES ('Horror','5551');
INSERT INTO `author_book`(`author`, `entryid`) VALUES ('Vella Clerkley','5551');
INSERT INTO `publisher_book`(`publisher`, `entryid`) VALUES ('Buhite Cooperations.','5551');
INSERT INTO `entry`(`entryid`,`type`) VALUES('5552','b');
INSERT INTO `book`(`title`,`entryid`,`isbn`,`type`) VALUES('Receipt and Door','5552','0377085692298','j');
INSERT INTO `genre_book`(`genre`, `entryid`) VALUES ('Science','5552');
INSERT INTO `author_book`(`author`, `entryid`) VALUES ('Perry Frieze','5552');
INSERT INTO `publisher_book`(`publisher`, `entryid`) VALUES ('Fonte Inc.','5552');
INSERT INTO `entry`(`entryid`,`type`) VALUES('5553','b');
INSERT INTO `book`(`title`,`entryid`,`isbn`,`type`) VALUES('Buffet against Ornament','5553','9693428626253','e');
INSERT INTO `genre_book`(`genre`, `entryid`) VALUES ('Adventure','5553');
INSERT INTO `author_book`(`author`, `entryid`) VALUES ('Edwin Tatu','5553');
INSERT INTO `publisher_book`(`publisher`, `entryid`) VALUES ('Hooey Inc.','5553');
INSERT INTO `entry`(`entryid`,`type`) VALUES('5554','b');
INSERT INTO `book`(`title`,`entryid`,`isbn`,`type`) VALUES('Asterisk by the Van','5554','9886705083385','b');
INSERT INTO `genre_book`(`genre`, `entryid`) VALUES ('Horror','5554');
INSERT INTO `author_book`(`author`, `entryid`) VALUES ('Cary Burkhalter','5554');
INSERT INTO `publisher_book`(`publisher`, `entryid`) VALUES ('Pooser Publishers.','5554');
INSERT INTO `entry`(`entryid`,`type`) VALUES('5555','b');
INSERT INTO `book`(`title`,`entryid`,`isbn`,`type`) VALUES('Pie to Ferryboat','5555','0361692595524','b');
INSERT INTO `genre_book`(`genre`, `entryid`) VALUES ('Science','5555');
INSERT INTO `author_book`(`author`, `entryid`) VALUES ('Patricia Gochnour','5555');
INSERT INTO `publisher_book`(`publisher`, `entryid`) VALUES ('Culliton Cooperations.','5555');
INSERT INTO `entry`(`entryid`,`type`) VALUES('5556','b');
INSERT INTO `book`(`title`,`entryid`,`isbn`,`type`) VALUES('Chimpanzee and Kitchen','5556','9583875082007','e');
INSERT INTO `genre_book`(`genre`, `entryid`) VALUES ('Horror','5556');
INSERT INTO `author_book`(`author`, `entryid`) VALUES ('Ross Freehling','5556');
INSERT INTO `publisher_book`(`publisher`, `entryid`) VALUES ('Kamuda Inc.','5556');
INSERT INTO `entry`(`entryid`,`type`) VALUES('5557','b');
INSERT INTO `book`(`title`,`entryid`,`isbn`,`type`) VALUES('Police by twp Jennifer','5557','9016906641252','b');
INSERT INTO `genre_book`(`genre`, `entryid`) VALUES ('Adventure','5557');
INSERT INTO `author_book`(`author`, `entryid`) VALUES ('Tilda Barickman','5557');
INSERT INTO `publisher_book`(`publisher`, `entryid`) VALUES ('Diruzzo Publishers.','5557');
INSERT INTO `entry`(`entryid`,`type`) VALUES('5558','b');
INSERT INTO `book`(`title`,`entryid`,`isbn`,`type`) VALUES('Invoice because of oestrous Branch','5558','9854444681855','e');
INSERT INTO `genre_book`(`genre`, `entryid`) VALUES ('Education','5558');
INSERT INTO `author`(`name`,`birthyear`,`deathyear`) VALUES('Brandi Equils','1922','1987');
INSERT INTO `author_book`(`author`, `entryid`) VALUES ('Brandi Equils','5558');
INSERT INTO `publisher_book`(`publisher`, `entryid`) VALUES ('Bedson Inc.','5558');
INSERT INTO `entry`(`entryid`,`type`) VALUES('5559','b');
INSERT INTO `book`(`title`,`entryid`,`isbn`,`type`) VALUES('Reindeer in the unnerved Vibraphone','5559','9644585438694','b');
INSERT INTO `genre_book`(`genre`, `entryid`) VALUES ('Education','5559');
INSERT INTO `author_book`(`author`, `entryid`) VALUES ('Danette Feirer','5559');
INSERT INTO `publisher_book`(`publisher`, `entryid`) VALUES ('Storbeck Inc.','5559');
INSERT INTO `entry`(`entryid`,`type`) VALUES('5560','b');
INSERT INTO `book`(`title`,`entryid`,`isbn`,`type`) VALUES('Lunchroom by the squinting Grandmother','5560','0079349171018','j');
INSERT INTO `genre_book`(`genre`, `entryid`) VALUES ('Adventure','5560');
INSERT INTO `author_book`(`author`, `entryid`) VALUES ('Reina Creighton','5560');
INSERT INTO `publisher_book`(`publisher`, `entryid`) VALUES ('Murtagh Inc.','5560');
INSERT INTO `entry`(`entryid`,`type`) VALUES('5561','b');
INSERT INTO `book`(`title`,`entryid`,`isbn`,`type`) VALUES('Statistic by the appreciated Grandmother','5561','0336186549636','e');
INSERT INTO `genre_book`(`genre`, `entryid`) VALUES ('Thriller','5561');
INSERT INTO `author_book`(`author`, `entryid`) VALUES ('Sanjuana Reller','5561');
INSERT INTO `publisher_book`(`publisher`, `entryid`) VALUES ('Samas Publishers.','5561');
INSERT INTO `entry`(`entryid`,`type`) VALUES('5562','b');
INSERT INTO `book`(`title`,`entryid`,`isbn`,`type`) VALUES('Dragon because of memorial Replace','5562','0384890515576','j');
INSERT INTO `genre_book`(`genre`, `entryid`) VALUES ('Adventure','5562');
INSERT INTO `author_book`(`author`, `entryid`) VALUES ('Karoline Hersh','5562');
INSERT INTO `publisher_book`(`publisher`, `entryid`) VALUES ('Grinner Inc.','5562');
INSERT INTO `entry`(`entryid`,`type`) VALUES('5563','b');
INSERT INTO `book`(`title`,`entryid`,`isbn`,`type`) VALUES('Bicycle by unflattering Heat','5563','0773431373694','j');
INSERT INTO `genre_book`(`genre`, `entryid`) VALUES ('Thriller','5563');
INSERT INTO `author_book`(`author`, `entryid`) VALUES ('Sharolyn Cartner','5563');
INSERT INTO `publisher_book`(`publisher`, `entryid`) VALUES ('Eisel Inc.','5563');
INSERT INTO `entry`(`entryid`,`type`) VALUES('5564','b');
INSERT INTO `book`(`title`,`entryid`,`isbn`,`type`) VALUES('Fang of the British','5564','0323832066161','b');
INSERT INTO `genre_book`(`genre`, `entryid`) VALUES ('Education','5564');
INSERT INTO `author_book`(`author`, `entryid`) VALUES ('Aleen Cundy','5564');
INSERT INTO `publisher_book`(`publisher`, `entryid`) VALUES ('Casimir Cooperations.','5564');
INSERT INTO `entry`(`entryid`,`type`) VALUES('5565','b');
INSERT INTO `book`(`title`,`entryid`,`isbn`,`type`) VALUES('Disgust of the peatier Grey','5565','0926951004502','e');
INSERT INTO `genre_book`(`genre`, `entryid`) VALUES ('Thriller','5565');
INSERT INTO `author_book`(`author`, `entryid`) VALUES ('Joaquin Redfox','5565');
INSERT INTO `publisher_book`(`publisher`, `entryid`) VALUES ('Mascio Cooperations.','5565');
INSERT INTO `entry`(`entryid`,`type`) VALUES('5566','b');
INSERT INTO `book`(`title`,`entryid`,`isbn`,`type`) VALUES('Jumbo by the picayune Eggnog','5566','0846775492827','j');
INSERT INTO `genre_book`(`genre`, `entryid`) VALUES ('Horror','5566');
INSERT INTO `author_book`(`author`, `entryid`) VALUES ('Albert Dorman','5566');
INSERT INTO `publisher_book`(`publisher`, `entryid`) VALUES ('Pyros Inc.','5566');
INSERT INTO `entry`(`entryid`,`type`) VALUES('5567','b');
INSERT INTO `book`(`title`,`entryid`,`isbn`,`type`) VALUES('Chronometer with the maintainable Coach','5567','9105692218171','j');
INSERT INTO `genre_book`(`genre`, `entryid`) VALUES ('Education','5567');
INSERT INTO `author_book`(`author`, `entryid`) VALUES ('Somer Couser','5567');
INSERT INTO `publisher_book`(`publisher`, `entryid`) VALUES ('Allocca Cooperations.','5567');
INSERT INTO `entry`(`entryid`,`type`) VALUES('5568','b');
INSERT INTO `book`(`title`,`entryid`,`isbn`,`type`) VALUES('Trip and omophagic Geology','5568','9944143395878','b');
INSERT INTO `genre_book`(`genre`, `entryid`) VALUES ('Sci-Fi','5568');
INSERT INTO `author_book`(`author`, `entryid`) VALUES ('Martina Soteros','5568');
INSERT INTO `publisher_book`(`publisher`, `entryid`) VALUES ('Good Inc.','5568');
INSERT INTO `entry`(`entryid`,`type`) VALUES('5569','b');
INSERT INTO `book`(`title`,`entryid`,`isbn`,`type`) VALUES('Tom-tom for imperfective Bridge','5569','9666081304243','e');
INSERT INTO `genre_book`(`genre`, `entryid`) VALUES ('Romance','5569');
INSERT INTO `author_book`(`author`, `entryid`) VALUES ('Porter Finkel','5569');
INSERT INTO `publisher_book`(`publisher`, `entryid`) VALUES ('Storbeck Inc.','5569');
INSERT INTO `entry`(`entryid`,`type`) VALUES('5570','b');
INSERT INTO `book`(`title`,`entryid`,`isbn`,`type`) VALUES('Authority in supercelestial Week','5570','9209430321999','e');
INSERT INTO `genre_book`(`genre`, `entryid`) VALUES ('Horror','5570');
INSERT INTO `author_book`(`author`, `entryid`) VALUES ('Evangelina Mcelreavy','5570');
INSERT INTO `publisher_book`(`publisher`, `entryid`) VALUES ('Kleis Inc.','5570');
INSERT INTO `entry`(`entryid`,`type`) VALUES('5571','b');
INSERT INTO `book`(`title`,`entryid`,`isbn`,`type`) VALUES('Scorpion in the Army','5571','9077973283624','j');
INSERT INTO `genre_book`(`genre`, `entryid`) VALUES ('Science','5571');
INSERT INTO `author_book`(`author`, `entryid`) VALUES ('Mayme Kovach','5571');
INSERT INTO `publisher_book`(`publisher`, `entryid`) VALUES ('Bumby Inc.','5571');
INSERT INTO `entry`(`entryid`,`type`) VALUES('5572','b');
INSERT INTO `book`(`title`,`entryid`,`isbn`,`type`) VALUES('Criminal because of Glider','5572','9709835521174','j');
INSERT INTO `genre_book`(`genre`, `entryid`) VALUES ('Adventure','5572');
INSERT INTO `author_book`(`author`, `entryid`) VALUES ('Mabel Justo','5572');
INSERT INTO `publisher_book`(`publisher`, `entryid`) VALUES ('Fiebich Cooperations.','5572');
INSERT INTO `entry`(`entryid`,`type`) VALUES('5573','b');
INSERT INTO `book`(`title`,`entryid`,`isbn`,`type`) VALUES('France in Forehead','5573','0619485597386','j');
INSERT INTO `genre_book`(`genre`, `entryid`) VALUES ('Thriller','5573');
INSERT INTO `author_book`(`author`, `entryid`) VALUES ('Bruna Hopkinson','5573');
INSERT INTO `publisher_book`(`publisher`, `entryid`) VALUES ('Mu Inc.','5573');
INSERT INTO `entry`(`entryid`,`type`) VALUES('5574','b');
INSERT INTO `book`(`title`,`entryid`,`isbn`,`type`) VALUES('Approval of electric Crab','5574','0185541205753','e');
INSERT INTO `genre_book`(`genre`, `entryid`) VALUES ('Horror','5574');
INSERT INTO `author_book`(`author`, `entryid`) VALUES ('Brenton Ambuehl','5574');
INSERT INTO `publisher_book`(`publisher`, `entryid`) VALUES ('Bedson Inc.','5574');
INSERT INTO `entry`(`entryid`,`type`) VALUES('5575','b');
INSERT INTO `book`(`title`,`entryid`,`isbn`,`type`) VALUES('Holiday for the Prepared','5575','9139773517397','b');
INSERT INTO `genre_book`(`genre`, `entryid`) VALUES ('Horror','5575');
INSERT INTO `author_book`(`author`, `entryid`) VALUES ('Maximo Sarault','5575');
INSERT INTO `publisher_book`(`publisher`, `entryid`) VALUES ('Sollis Inc.','5575');
INSERT INTO `entry`(`entryid`,`type`) VALUES('5576','b');
INSERT INTO `book`(`title`,`entryid`,`isbn`,`type`) VALUES('Attempt in Tadpole','5576','9333621764235','j');
INSERT INTO `genre_book`(`genre`, `entryid`) VALUES ('Adventure','5576');
INSERT INTO `author_book`(`author`, `entryid`) VALUES ('Alton Lewand','5576');
INSERT INTO `publisher_book`(`publisher`, `entryid`) VALUES ('Antrikin Inc.','5576');
INSERT INTO `entry`(`entryid`,`type`) VALUES('5577','b');
INSERT INTO `book`(`title`,`entryid`,`isbn`,`type`) VALUES('Tornado against the Feature','5577','0284292958046','e');
INSERT INTO `genre_book`(`genre`, `entryid`) VALUES ('Sci-Fi','5577');
INSERT INTO `author_book`(`author`, `entryid`) VALUES ('Irwin Dasovich','5577');
INSERT INTO `publisher_book`(`publisher`, `entryid`) VALUES ('Kamuda Inc.','5577');
INSERT INTO `entry`(`entryid`,`type`) VALUES('5578','b');
INSERT INTO `book`(`title`,`entryid`,`isbn`,`type`) VALUES('Acoustic against the Tom-tom','5578','9558683202734','j');
INSERT INTO `genre_book`(`genre`, `entryid`) VALUES ('Horror','5578');
INSERT INTO `author_book`(`author`, `entryid`) VALUES ('Shawnda Foye','5578');
INSERT INTO `publisher_book`(`publisher`, `entryid`) VALUES ('Parmely Publishers.','5578');
INSERT INTO `entry`(`entryid`,`type`) VALUES('5579','b');
INSERT INTO `book`(`title`,`entryid`,`isbn`,`type`) VALUES('Romania to the backboneless Regret','5579','9086788054185','j');
INSERT INTO `genre_book`(`genre`, `entryid`) VALUES ('Science','5579');
INSERT INTO `author_book`(`author`, `entryid`) VALUES ('Terry Cannington','5579');
INSERT INTO `publisher_book`(`publisher`, `entryid`) VALUES ('Deblanc Publishers.','5579');
INSERT INTO `entry`(`entryid`,`type`) VALUES('5580','b');
INSERT INTO `book`(`title`,`entryid`,`isbn`,`type`) VALUES('Camel because of vesicant Pot','5580','0437971665699','e');
INSERT INTO `genre_book`(`genre`, `entryid`) VALUES ('Horror','5580');
INSERT INTO `author_book`(`author`, `entryid`) VALUES ('Shandi Menzies','5580');
INSERT INTO `publisher_book`(`publisher`, `entryid`) VALUES ('Kamuda Inc.','5580');
INSERT INTO `entry`(`entryid`,`type`) VALUES('5581','b');
INSERT INTO `book`(`title`,`entryid`,`isbn`,`type`) VALUES('Book of the monticulous Double','5581','9927382118518','j');
INSERT INTO `genre_book`(`genre`, `entryid`) VALUES ('Romance','5581');
INSERT INTO `author_book`(`author`, `entryid`) VALUES ('Keiko Delao','5581');
INSERT INTO `publisher_book`(`publisher`, `entryid`) VALUES ('Samas Publishers.','5581');
INSERT INTO `entry`(`entryid`,`type`) VALUES('5582','b');
INSERT INTO `book`(`title`,`entryid`,`isbn`,`type`) VALUES('Clock to Smoke','5582','9366233144666','b');
INSERT INTO `genre_book`(`genre`, `entryid`) VALUES ('Education','5582');
INSERT INTO `author_book`(`author`, `entryid`) VALUES ('Maira Ogen','5582');
INSERT INTO `publisher_book`(`publisher`, `entryid`) VALUES ('Kanda Publishers.','5582');
INSERT INTO `entry`(`entryid`,`type`) VALUES('5583','b');
INSERT INTO `book`(`title`,`entryid`,`isbn`,`type`) VALUES('Desk vs. Shrimp','5583','0467911162879','e');
INSERT INTO `genre_book`(`genre`, `entryid`) VALUES ('Education','5583');
INSERT INTO `author_book`(`author`, `entryid`) VALUES ('Danyell Waskow','5583');
INSERT INTO `publisher_book`(`publisher`, `entryid`) VALUES ('Yasurek Cooperations.','5583');
INSERT INTO `entry`(`entryid`,`type`) VALUES('5584','b');
INSERT INTO `book`(`title`,`entryid`,`isbn`,`type`) VALUES('Aunt by the biliary Lily','5584','0826879797425','e');
INSERT INTO `genre_book`(`genre`, `entryid`) VALUES ('Sci-Fi','5584');
INSERT INTO `author_book`(`author`, `entryid`) VALUES ('Eliana Chow','5584');
INSERT INTO `publisher_book`(`publisher`, `entryid`) VALUES ('Pooser Publishers.','5584');
INSERT INTO `entry`(`entryid`,`type`) VALUES('5585','b');
INSERT INTO `book`(`title`,`entryid`,`isbn`,`type`) VALUES('Inch for the ablative Toast','5585','0504160101439','b');
INSERT INTO `genre_book`(`genre`, `entryid`) VALUES ('Thriller','5585');
INSERT INTO `author_book`(`author`, `entryid`) VALUES ('Vivien Magnusson','5585');
INSERT INTO `publisher_book`(`publisher`, `entryid`) VALUES ('Bigos Inc.','5585');
INSERT INTO `entry`(`entryid`,`type`) VALUES('5586','b');
INSERT INTO `book`(`title`,`entryid`,`isbn`,`type`) VALUES('Offence in the lovable Humor','5586','9728304350463','j');
INSERT INTO `genre_book`(`genre`, `entryid`) VALUES ('Horror','5586');
INSERT INTO `author_book`(`author`, `entryid`) VALUES ('Kathie Duce','5586');
INSERT INTO `publisher_book`(`publisher`, `entryid`) VALUES ('Tigue Cooperations.','5586');
INSERT INTO `entry`(`entryid`,`type`) VALUES('5587','b');
INSERT INTO `book`(`title`,`entryid`,`isbn`,`type`) VALUES('March vs. tortured Washer','5587','9668037509731','b');
INSERT INTO `genre_book`(`genre`, `entryid`) VALUES ('Horror','5587');
INSERT INTO `author_book`(`author`, `entryid`) VALUES ('Rolland Netters','5587');
INSERT INTO `publisher_book`(`publisher`, `entryid`) VALUES ('Storbeck Inc.','5587');
INSERT INTO `entry`(`entryid`,`type`) VALUES('5588','b');
INSERT INTO `book`(`title`,`entryid`,`isbn`,`type`) VALUES('Purchase and Cracker','5588','0210792038144','e');
INSERT INTO `genre_book`(`genre`, `entryid`) VALUES ('Romance','5588');
INSERT INTO `author_book`(`author`, `entryid`) VALUES ('Moriah Covington','5588');
INSERT INTO `publisher_book`(`publisher`, `entryid`) VALUES ('Rudolph Cooperations.','5588');
INSERT INTO `entry`(`entryid`,`type`) VALUES('5589','b');
INSERT INTO `book`(`title`,`entryid`,`isbn`,`type`) VALUES('Canoe against the Beef','5589','0966669904339','e');
INSERT INTO `genre_book`(`genre`, `entryid`) VALUES ('Romance','5589');
INSERT INTO `author_book`(`author`, `entryid`) VALUES ('Jocelyn Daguio','5589');
INSERT INTO `publisher_book`(`publisher`, `entryid`) VALUES ('Storbeck Inc.','5589');
INSERT INTO `entry`(`entryid`,`type`) VALUES('5590','b');
INSERT INTO `book`(`title`,`entryid`,`isbn`,`type`) VALUES('Mistake and the anticipant Clef','5590','9198574627595','j');
INSERT INTO `genre_book`(`genre`, `entryid`) VALUES ('Sci-Fi','5590');
INSERT INTO `author_book`(`author`, `entryid`) VALUES ('Tena Guitierez','5590');
INSERT INTO `publisher_book`(`publisher`, `entryid`) VALUES ('Casaceli Inc.','5590');
INSERT INTO `entry`(`entryid`,`type`) VALUES('5591','b');
INSERT INTO `book`(`title`,`entryid`,`isbn`,`type`) VALUES('Wool with distributed Sound','5591','9060831603152','b');
INSERT INTO `genre_book`(`genre`, `entryid`) VALUES ('Sci-Fi','5591');
INSERT INTO `author_book`(`author`, `entryid`) VALUES ('Misty Sax','5591');
INSERT INTO `publisher_book`(`publisher`, `entryid`) VALUES ('Valree Inc.','5591');
INSERT INTO `entry`(`entryid`,`type`) VALUES('5592','b');
INSERT INTO `book`(`title`,`entryid`,`isbn`,`type`) VALUES('Geography because of Client','5592','9318146424941','e');
INSERT INTO `genre_book`(`genre`, `entryid`) VALUES ('Romance','5592');
INSERT INTO `author_book`(`author`, `entryid`) VALUES ('Loura Savelli','5592');
INSERT INTO `publisher_book`(`publisher`, `entryid`) VALUES ('Rickels Cooperations.','5592');
INSERT INTO `entry`(`entryid`,`type`) VALUES('5593','b');
INSERT INTO `book`(`title`,`entryid`,`isbn`,`type`) VALUES('Harmony for the excused Moon','5593','0962720051172','j');
INSERT INTO `genre_book`(`genre`, `entryid`) VALUES ('Science','5593');
INSERT INTO `author_book`(`author`, `entryid`) VALUES ('Zada Masilko','5593');
INSERT INTO `publisher_book`(`publisher`, `entryid`) VALUES ('Stallman Inc.','5593');
INSERT INTO `entry`(`entryid`,`type`) VALUES('5594','b');
INSERT INTO `book`(`title`,`entryid`,`isbn`,`type`) VALUES('Question to allied United kingdom','5594','0124523228478','j');
INSERT INTO `genre_book`(`genre`, `entryid`) VALUES ('Adventure','5594');
INSERT INTO `author`(`name`,`birthyear`,`deathyear`) VALUES('Coletta Hirayama','1884','1943');
INSERT INTO `author_book`(`author`, `entryid`) VALUES ('Coletta Hirayama','5594');
INSERT INTO `publisher_book`(`publisher`, `entryid`) VALUES ('Gidwani Publishers.','5594');
INSERT INTO `entry`(`entryid`,`type`) VALUES('5595','b');
INSERT INTO `book`(`title`,`entryid`,`isbn`,`type`) VALUES('Correspondent in the glaciological Stranger','5595','9704002302106','b');
INSERT INTO `genre_book`(`genre`, `entryid`) VALUES ('Adventure','5595');
INSERT INTO `author_book`(`author`, `entryid`) VALUES ('Eusebio Johannesen','5595');
INSERT INTO `publisher_book`(`publisher`, `entryid`) VALUES ('Atkison Inc.','5595');
INSERT INTO `entry`(`entryid`,`type`) VALUES('5596','b');
INSERT INTO `book`(`title`,`entryid`,`isbn`,`type`) VALUES('Competitor for spathose Blow','5596','0376918048259','b');
INSERT INTO `genre_book`(`genre`, `entryid`) VALUES ('Education','5596');
INSERT INTO `author_book`(`author`, `entryid`) VALUES ('Tina Dangel','5596');
INSERT INTO `publisher_book`(`publisher`, `entryid`) VALUES ('Dobrinin Inc.','5596');
INSERT INTO `entry`(`entryid`,`type`) VALUES('5597','b');
INSERT INTO `book`(`title`,`entryid`,`isbn`,`type`) VALUES('Partner against the Bottom','5597','0053711716271','e');
INSERT INTO `genre_book`(`genre`, `entryid`) VALUES ('Sci-Fi','5597');
INSERT INTO `author_book`(`author`, `entryid`) VALUES ('Rossie Anneler','5597');
INSERT INTO `publisher_book`(`publisher`, `entryid`) VALUES ('Albini Cooperations.','5597');
INSERT INTO `entry`(`entryid`,`type`) VALUES('5598','b');
INSERT INTO `book`(`title`,`entryid`,`isbn`,`type`) VALUES('Good-bye of the Iris','5598','0045841734392','e');
INSERT INTO `genre_book`(`genre`, `entryid`) VALUES ('Sci-Fi','5598');
INSERT INTO `author_book`(`author`, `entryid`) VALUES ('Laurel Levert','5598');
INSERT INTO `publisher_book`(`publisher`, `entryid`) VALUES ('Luchenbill Inc.','5598');
INSERT INTO `entry`(`entryid`,`type`) VALUES('5599','b');
INSERT INTO `book`(`title`,`entryid`,`isbn`,`type`) VALUES('Suit with Patch','5599','0865212440892','e');
INSERT INTO `genre_book`(`genre`, `entryid`) VALUES ('Adventure','5599');
INSERT INTO `author_book`(`author`, `entryid`) VALUES ('Latarsha Tatu','5599');
INSERT INTO `publisher_book`(`publisher`, `entryid`) VALUES ('Wanamaker Cooperations.','5599');
INSERT INTO `entry`(`entryid`,`type`) VALUES('5600','b');
INSERT INTO `book`(`title`,`entryid`,`isbn`,`type`) VALUES('Pike vs. dink Border','5600','0163560386252','b');
INSERT INTO `genre_book`(`genre`, `entryid`) VALUES ('Science','5600');
INSERT INTO `author_book`(`author`, `entryid`) VALUES ('Soila Cruise','5600');
INSERT INTO `publisher_book`(`publisher`, `entryid`) VALUES ('Todaro Cooperations.','5600');
INSERT INTO `entry`(`entryid`,`type`) VALUES('5601','b');
INSERT INTO `book`(`title`,`entryid`,`isbn`,`type`) VALUES('Cowbell to stunned Peru','5601','9010631067511','e');
INSERT INTO `genre_book`(`genre`, `entryid`) VALUES ('Thriller','5601');
INSERT INTO `author_book`(`author`, `entryid`) VALUES ('Corrine Soler','5601');
INSERT INTO `publisher_book`(`publisher`, `entryid`) VALUES ('Stallman Inc.','5601');
INSERT INTO `entry`(`entryid`,`type`) VALUES('5602','b');
INSERT INTO `book`(`title`,`entryid`,`isbn`,`type`) VALUES('Mass by woodwind City','5602','9353682048664','b');
INSERT INTO `genre_book`(`genre`, `entryid`) VALUES ('Science','5602');
INSERT INTO `author_book`(`author`, `entryid`) VALUES ('Luci Medders','5602');
INSERT INTO `publisher_book`(`publisher`, `entryid`) VALUES ('Didyk Inc.','5602');
INSERT INTO `entry`(`entryid`,`type`) VALUES('5603','b');
INSERT INTO `book`(`title`,`entryid`,`isbn`,`type`) VALUES('Canadian and Seal','5603','0126829824147','e');
INSERT INTO `genre_book`(`genre`, `entryid`) VALUES ('Romance','5603');
INSERT INTO `author_book`(`author`, `entryid`) VALUES ('Augustina Grosser','5603');
INSERT INTO `publisher_book`(`publisher`, `entryid`) VALUES ('Stallman Inc.','5603');
INSERT INTO `entry`(`entryid`,`type`) VALUES('5604','b');
INSERT INTO `book`(`title`,`entryid`,`isbn`,`type`) VALUES('View vs. sudsy Drug','5604','0328090714492','e');
INSERT INTO `genre_book`(`genre`, `entryid`) VALUES ('Romance','5604');
INSERT INTO `author_book`(`author`, `entryid`) VALUES ('Mariella Mancino','5604');
INSERT INTO `publisher_book`(`publisher`, `entryid`) VALUES ('Luchenbill Inc.','5604');
INSERT INTO `entry`(`entryid`,`type`) VALUES('5605','b');
INSERT INTO `book`(`title`,`entryid`,`isbn`,`type`) VALUES('Degree to taintless Hardboard','5605','9608423821761','b');
INSERT INTO `genre_book`(`genre`, `entryid`) VALUES ('Sci-Fi','5605');
INSERT INTO `author_book`(`author`, `entryid`) VALUES ('Dia Spraque','5605');
INSERT INTO `publisher_book`(`publisher`, `entryid`) VALUES ('Sures Publishers.','5605');
INSERT INTO `entry`(`entryid`,`type`) VALUES('5606','b');
INSERT INTO `book`(`title`,`entryid`,`isbn`,`type`) VALUES('Lathe and the Test','5606','0749782290276','b');
INSERT INTO `genre_book`(`genre`, `entryid`) VALUES ('Adventure','5606');
INSERT INTO `author_book`(`author`, `entryid`) VALUES ('Bonita Bunkers','5606');
INSERT INTO `publisher_book`(`publisher`, `entryid`) VALUES ('Domino Inc.','5606');
INSERT INTO `entry`(`entryid`,`type`) VALUES('5607','b');
INSERT INTO `book`(`title`,`entryid`,`isbn`,`type`) VALUES('Bongo by Lemonade','5607','0141045811854','e');
INSERT INTO `genre_book`(`genre`, `entryid`) VALUES ('Science','5607');
INSERT INTO `author_book`(`author`, `entryid`) VALUES ('Deb Maciolek','5607');
INSERT INTO `publisher_book`(`publisher`, `entryid`) VALUES ('Antrikin Inc.','5607');
INSERT INTO `entry`(`entryid`,`type`) VALUES('5608','b');
INSERT INTO `book`(`title`,`entryid`,`isbn`,`type`) VALUES('Fold by Avenue','5608','9856677094761','b');
INSERT INTO `genre_book`(`genre`, `entryid`) VALUES ('Science','5608');
INSERT INTO `author_book`(`author`, `entryid`) VALUES ('Georgann Varel','5608');
INSERT INTO `publisher_book`(`publisher`, `entryid`) VALUES ('Betit Inc.','5608');
INSERT INTO `entry`(`entryid`,`type`) VALUES('5609','b');
INSERT INTO `book`(`title`,`entryid`,`isbn`,`type`) VALUES('Lisa in errant Willow','5609','9603653278730','j');
INSERT INTO `genre_book`(`genre`, `entryid`) VALUES ('Horror','5609');
INSERT INTO `author_book`(`author`, `entryid`) VALUES ('Neda Harbough','5609');
INSERT INTO `publisher_book`(`publisher`, `entryid`) VALUES ('Kuhlo Cooperations.','5609');
INSERT INTO `entry`(`entryid`,`type`) VALUES('5610','b');
INSERT INTO `book`(`title`,`entryid`,`isbn`,`type`) VALUES('Eggplant in barytone Ant','5610','9965686687235','j');
INSERT INTO `genre_book`(`genre`, `entryid`) VALUES ('Romance','5610');
INSERT INTO `author_book`(`author`, `entryid`) VALUES ('Shawnee Schnitker','5610');
INSERT INTO `publisher_book`(`publisher`, `entryid`) VALUES ('Eisel Inc.','5610');
INSERT INTO `entry`(`entryid`,`type`) VALUES('5611','b');
INSERT INTO `book`(`title`,`entryid`,`isbn`,`type`) VALUES('Sarah by the Uganda','5611','9144546299756','e');
INSERT INTO `genre_book`(`genre`, `entryid`) VALUES ('Horror','5611');
INSERT INTO `author_book`(`author`, `entryid`) VALUES ('Moses Tarrant','5611');
INSERT INTO `publisher_book`(`publisher`, `entryid`) VALUES ('Moyet Inc.','5611');
INSERT INTO `entry`(`entryid`,`type`) VALUES('5612','b');
INSERT INTO `book`(`title`,`entryid`,`isbn`,`type`) VALUES('Girdle with the Speedboat','5612','9763745407074','j');
INSERT INTO `genre_book`(`genre`, `entryid`) VALUES ('Romance','5612');
INSERT INTO `author_book`(`author`, `entryid`) VALUES ('Nenita Morrone','5612');
INSERT INTO `publisher_book`(`publisher`, `entryid`) VALUES ('Trinkl Inc.','5612');
INSERT INTO `entry`(`entryid`,`type`) VALUES('5613','b');
INSERT INTO `book`(`title`,`entryid`,`isbn`,`type`) VALUES('Vinyl with John','5613','9783890712671','b');
INSERT INTO `genre_book`(`genre`, `entryid`) VALUES ('Adventure','5613');
INSERT INTO `author_book`(`author`, `entryid`) VALUES ('Kandy Urbanic','5613');
INSERT INTO `publisher_book`(`publisher`, `entryid`) VALUES ('Fattig Inc.','5613');
INSERT INTO `entry`(`entryid`,`type`) VALUES('5614','b');
INSERT INTO `book`(`title`,`entryid`,`isbn`,`type`) VALUES('Whiskey by the incriminating Skirt','5614','9124571418556','b');
INSERT INTO `genre_book`(`genre`, `entryid`) VALUES ('Science','5614');
INSERT INTO `author_book`(`author`, `entryid`) VALUES ('Brandi Equils','5614');
INSERT INTO `publisher_book`(`publisher`, `entryid`) VALUES ('Coltman Inc.','5614');
INSERT INTO `entry`(`entryid`,`type`) VALUES('5615','b');
INSERT INTO `book`(`title`,`entryid`,`isbn`,`type`) VALUES('Egypt vs. bubbly Venezuelan','5615','9072335549326','j');
INSERT INTO `genre_book`(`genre`, `entryid`) VALUES ('Science','5615');
INSERT INTO `author_book`(`author`, `entryid`) VALUES ('Irina Mottillo','5615');
INSERT INTO `publisher_book`(`publisher`, `entryid`) VALUES ('Meacham Cooperations.','5615');
INSERT INTO `entry`(`entryid`,`type`) VALUES('5616','b');
INSERT INTO `book`(`title`,`entryid`,`isbn`,`type`) VALUES('Gauge of the undivorced Receipt','5616','9646143442772','j');
INSERT INTO `genre_book`(`genre`, `entryid`) VALUES ('Sci-Fi','5616');
INSERT INTO `author_book`(`author`, `entryid`) VALUES ('Ethel Mcgeary','5616');
INSERT INTO `publisher_book`(`publisher`, `entryid`) VALUES ('Bigos Inc.','5616');
INSERT INTO `entry`(`entryid`,`type`) VALUES('5617','b');
INSERT INTO `book`(`title`,`entryid`,`isbn`,`type`) VALUES('Jute for schizogenetic Play','5617','0411539322606','j');
INSERT INTO `genre_book`(`genre`, `entryid`) VALUES ('Romance','5617');
INSERT INTO `author_book`(`author`, `entryid`) VALUES ('Justa Zumbo','5617');
INSERT INTO `publisher_book`(`publisher`, `entryid`) VALUES ('Rohanna Publishers.','5617');
INSERT INTO `entry`(`entryid`,`type`) VALUES('5618','b');
INSERT INTO `book`(`title`,`entryid`,`isbn`,`type`) VALUES('Woolen of grooved Flag','5618','0527098401932','b');
INSERT INTO `genre_book`(`genre`, `entryid`) VALUES ('Thriller','5618');
INSERT INTO `author_book`(`author`, `entryid`) VALUES ('Matha Vaccarella','5618');
INSERT INTO `publisher_book`(`publisher`, `entryid`) VALUES ('Ginty Cooperations.','5618');
INSERT INTO `entry`(`entryid`,`type`) VALUES('5619','b');
INSERT INTO `book`(`title`,`entryid`,`isbn`,`type`) VALUES('Pull with mistreated Gray','5619','0074160187470','b');
INSERT INTO `genre_book`(`genre`, `entryid`) VALUES ('Romance','5619');
INSERT INTO `author_book`(`author`, `entryid`) VALUES ('Marcell Langmaid','5619');
INSERT INTO `publisher_book`(`publisher`, `entryid`) VALUES ('Kuhlo Cooperations.','5619');
INSERT INTO `entry`(`entryid`,`type`) VALUES('5620','b');
INSERT INTO `book`(`title`,`entryid`,`isbn`,`type`) VALUES('Feeling for the Breath','5620','0278426308463','j');
INSERT INTO `genre_book`(`genre`, `entryid`) VALUES ('Adventure','5620');
INSERT INTO `author_book`(`author`, `entryid`) VALUES ('Terrence Asamoah','5620');
INSERT INTO `publisher_book`(`publisher`, `entryid`) VALUES ('Stallman Inc.','5620');
INSERT INTO `entry`(`entryid`,`type`) VALUES('5621','b');
INSERT INTO `book`(`title`,`entryid`,`isbn`,`type`) VALUES('Pencil vs. Sentence','5621','0867175613634','e');
INSERT INTO `genre_book`(`genre`, `entryid`) VALUES ('Sci-Fi','5621');
INSERT INTO `author`(`name`,`birthyear`,`deathyear`) VALUES('Alishia Mockus','1905','1974');
INSERT INTO `author_book`(`author`, `entryid`) VALUES ('Alishia Mockus','5621');
INSERT INTO `publisher_book`(`publisher`, `entryid`) VALUES ('Egley Cooperations.','5621');
INSERT INTO `entry`(`entryid`,`type`) VALUES('5622','b');
INSERT INTO `book`(`title`,`entryid`,`isbn`,`type`) VALUES('Priest and the adjunctive Streetcar','5622','9024353346226','b');
INSERT INTO `genre_book`(`genre`, `entryid`) VALUES ('Horror','5622');
INSERT INTO `author_book`(`author`, `entryid`) VALUES ('Arla Harmond','5622');
INSERT INTO `publisher_book`(`publisher`, `entryid`) VALUES ('Lucky Publishers.','5622');
INSERT INTO `entry`(`entryid`,`type`) VALUES('5623','b');
INSERT INTO `book`(`title`,`entryid`,`isbn`,`type`) VALUES('Cat for the bumbling Archaeology','5623','9516917189303','b');
INSERT INTO `genre_book`(`genre`, `entryid`) VALUES ('Thriller','5623');
INSERT INTO `author_book`(`author`, `entryid`) VALUES ('Summer Chacko','5623');
INSERT INTO `publisher_book`(`publisher`, `entryid`) VALUES ('Yonkers Cooperations.','5623');
INSERT INTO `entry`(`entryid`,`type`) VALUES('5624','b');
INSERT INTO `book`(`title`,`entryid`,`isbn`,`type`) VALUES('Postage to the Arrow','5624','0102067796597','e');
INSERT INTO `genre_book`(`genre`, `entryid`) VALUES ('Education','5624');
INSERT INTO `author_book`(`author`, `entryid`) VALUES ('Samantha Salmeron','5624');
INSERT INTO `publisher_book`(`publisher`, `entryid`) VALUES ('Sowden Publishers.','5624');
INSERT INTO `entry`(`entryid`,`type`) VALUES('5625','b');
INSERT INTO `book`(`title`,`entryid`,`isbn`,`type`) VALUES('North for the Address','5625','0960663949930','e');
INSERT INTO `genre_book`(`genre`, `entryid`) VALUES ('Horror','5625');
INSERT INTO `author_book`(`author`, `entryid`) VALUES ('Bree Greaux','5625');
INSERT INTO `publisher_book`(`publisher`, `entryid`) VALUES ('Lobosco Cooperations.','5625');
INSERT INTO `entry`(`entryid`,`type`) VALUES('5626','b');
INSERT INTO `book`(`title`,`entryid`,`isbn`,`type`) VALUES('Goal for intelligible Self','5626','9326428897991','e');
INSERT INTO `genre_book`(`genre`, `entryid`) VALUES ('Thriller','5626');
INSERT INTO `author_book`(`author`, `entryid`) VALUES ('Vance Hipolito','5626');
INSERT INTO `publisher_book`(`publisher`, `entryid`) VALUES ('Estrem Inc.','5626');
INSERT INTO `entry`(`entryid`,`type`) VALUES('5627','b');
INSERT INTO `book`(`title`,`entryid`,`isbn`,`type`) VALUES('Volcano with moot Signature','5627','0329359657728','j');
INSERT INTO `genre_book`(`genre`, `entryid`) VALUES ('Romance','5627');
INSERT INTO `author_book`(`author`, `entryid`) VALUES ('Roy Fagnant','5627');
INSERT INTO `publisher_book`(`publisher`, `entryid`) VALUES ('Wooderson Inc.','5627');
INSERT INTO `entry`(`entryid`,`type`) VALUES('5628','b');
INSERT INTO `book`(`title`,`entryid`,`isbn`,`type`) VALUES('Minute and Flame','5628','0311094771926','e');
INSERT INTO `genre_book`(`genre`, `entryid`) VALUES ('Science','5628');
INSERT INTO `author_book`(`author`, `entryid`) VALUES ('Olga Wickers','5628');
INSERT INTO `publisher_book`(`publisher`, `entryid`) VALUES ('Filyan Inc.','5628');
INSERT INTO `entry`(`entryid`,`type`) VALUES('5629','b');
INSERT INTO `book`(`title`,`entryid`,`isbn`,`type`) VALUES('Gas by the prescientific Kettle','5629','0526961747535','e');
INSERT INTO `genre_book`(`genre`, `entryid`) VALUES ('Education','5629');
INSERT INTO `author_book`(`author`, `entryid`) VALUES ('Catrina Heckathorn','5629');
INSERT INTO `publisher_book`(`publisher`, `entryid`) VALUES ('Mccardell Cooperations.','5629');
INSERT INTO `entry`(`entryid`,`type`) VALUES('5630','b');
INSERT INTO `book`(`title`,`entryid`,`isbn`,`type`) VALUES('Form and the recumbent Kidney','5630','0080062265651','e');
INSERT INTO `genre_book`(`genre`, `entryid`) VALUES ('Romance','5630');
INSERT INTO `author`(`name`,`birthyear`,`deathyear`) VALUES('Letty Kindel','1945','2021');
INSERT INTO `author_book`(`author`, `entryid`) VALUES ('Letty Kindel','5630');
INSERT INTO `publisher_book`(`publisher`, `entryid`) VALUES ('Marentez Inc.','5630');
INSERT INTO `entry`(`entryid`,`type`) VALUES('5631','b');
INSERT INTO `book`(`title`,`entryid`,`isbn`,`type`) VALUES('Chess and the upstanding Toenail','5631','0058745768652','e');
INSERT INTO `genre_book`(`genre`, `entryid`) VALUES ('Sci-Fi','5631');
INSERT INTO `author_book`(`author`, `entryid`) VALUES ('Estell Mays','5631');
INSERT INTO `publisher_book`(`publisher`, `entryid`) VALUES ('Cundy Inc.','5631');
INSERT INTO `entry`(`entryid`,`type`) VALUES('5632','b');
INSERT INTO `book`(`title`,`entryid`,`isbn`,`type`) VALUES('Athlete with the Paul','5632','0135346221850','b');
INSERT INTO `genre_book`(`genre`, `entryid`) VALUES ('Science','5632');
INSERT INTO `author_book`(`author`, `entryid`) VALUES ('Maximo Sarault','5632');
INSERT INTO `publisher_book`(`publisher`, `entryid`) VALUES ('Tigue Cooperations.','5632');
INSERT INTO `entry`(`entryid`,`type`) VALUES('5633','b');
INSERT INTO `book`(`title`,`entryid`,`isbn`,`type`) VALUES('Cut for Brow','5633','9456941322467','b');
INSERT INTO `genre_book`(`genre`, `entryid`) VALUES ('Adventure','5633');
INSERT INTO `author_book`(`author`, `entryid`) VALUES ('Ilene Hennig','5633');
INSERT INTO `publisher_book`(`publisher`, `entryid`) VALUES ('Pagani Cooperations.','5633');
INSERT INTO `entry`(`entryid`,`type`) VALUES('5634','b');
INSERT INTO `book`(`title`,`entryid`,`isbn`,`type`) VALUES('Yak by the Glue','5634','0592433851560','b');
INSERT INTO `genre_book`(`genre`, `entryid`) VALUES ('Sci-Fi','5634');
INSERT INTO `author_book`(`author`, `entryid`) VALUES ('Clifton Bari','5634');
INSERT INTO `publisher_book`(`publisher`, `entryid`) VALUES ('Munaz Publishers.','5634');
INSERT INTO `entry`(`entryid`,`type`) VALUES('5635','b');
INSERT INTO `book`(`title`,`entryid`,`isbn`,`type`) VALUES('Cow in the lippy Piccolo','5635','0072446453373','b');
INSERT INTO `genre_book`(`genre`, `entryid`) VALUES ('Adventure','5635');
INSERT INTO `author_book`(`author`, `entryid`) VALUES ('Penny Duel','5635');
INSERT INTO `publisher_book`(`publisher`, `entryid`) VALUES ('Diruzzo Publishers.','5635');
INSERT INTO `entry`(`entryid`,`type`) VALUES('5636','b');
INSERT INTO `book`(`title`,`entryid`,`isbn`,`type`) VALUES('Transaction to the pull-in Syria','5636','0348208570538','e');
INSERT INTO `genre_book`(`genre`, `entryid`) VALUES ('Education','5636');
INSERT INTO `author_book`(`author`, `entryid`) VALUES ('Nena Redburn','5636');
INSERT INTO `publisher_book`(`publisher`, `entryid`) VALUES ('Grumney Publishers.','5636');
INSERT INTO `entry`(`entryid`,`type`) VALUES('5637','b');
INSERT INTO `book`(`title`,`entryid`,`isbn`,`type`) VALUES('Skirt for unforeknowable Cuban','5637','0019328560786','b');
INSERT INTO `genre_book`(`genre`, `entryid`) VALUES ('Romance','5637');
INSERT INTO `author_book`(`author`, `entryid`) VALUES ('Agripina Dunnaville','5637');
INSERT INTO `publisher_book`(`publisher`, `entryid`) VALUES ('Tigue Cooperations.','5637');
INSERT INTO `entry`(`entryid`,`type`) VALUES('5638','b');
INSERT INTO `book`(`title`,`entryid`,`isbn`,`type`) VALUES('Handicap of the Austronesian Rayon','5638','0502075026012','j');
INSERT INTO `genre_book`(`genre`, `entryid`) VALUES ('Sci-Fi','5638');
INSERT INTO `author_book`(`author`, `entryid`) VALUES ('Latricia Brunot','5638');
INSERT INTO `publisher_book`(`publisher`, `entryid`) VALUES ('Yasurek Cooperations.','5638');
INSERT INTO `entry`(`entryid`,`type`) VALUES('5639','b');
INSERT INTO `book`(`title`,`entryid`,`isbn`,`type`) VALUES('Fahrenheit and the dinge Shelf','5639','0527306783407','j');
INSERT INTO `genre_book`(`genre`, `entryid`) VALUES ('Horror','5639');
INSERT INTO `author_book`(`author`, `entryid`) VALUES ('Angel Loflen','5639');
INSERT INTO `publisher_book`(`publisher`, `entryid`) VALUES ('Stjohn Publishers.','5639');
INSERT INTO `entry`(`entryid`,`type`) VALUES('5640','b');
INSERT INTO `book`(`title`,`entryid`,`isbn`,`type`) VALUES('Toothpaste for the ancestral Algebra','5640','9495011322344','b');
INSERT INTO `genre_book`(`genre`, `entryid`) VALUES ('Science','5640');
INSERT INTO `author_book`(`author`, `entryid`) VALUES ('Michel Albang','5640');
INSERT INTO `publisher_book`(`publisher`, `entryid`) VALUES ('Youmans Cooperations.','5640');
INSERT INTO `entry`(`entryid`,`type`) VALUES('5641','b');
INSERT INTO `book`(`title`,`entryid`,`isbn`,`type`) VALUES('Comb and the crassulaceous Call','5641','0213529274055','j');
INSERT INTO `genre_book`(`genre`, `entryid`) VALUES ('Thriller','5641');
INSERT INTO `author_book`(`author`, `entryid`) VALUES ('Delsie Pisano','5641');
INSERT INTO `publisher_book`(`publisher`, `entryid`) VALUES ('Seeber Publishers.','5641');
INSERT INTO `entry`(`entryid`,`type`) VALUES('5642','b');
INSERT INTO `book`(`title`,`entryid`,`isbn`,`type`) VALUES('Colony in the choric Temple','5642','9816062075538','b');
INSERT INTO `genre_book`(`genre`, `entryid`) VALUES ('Romance','5642');
INSERT INTO `author_book`(`author`, `entryid`) VALUES ('Veola Rachar','5642');
INSERT INTO `publisher_book`(`publisher`, `entryid`) VALUES ('Neuman Cooperations.','5642');
INSERT INTO `entry`(`entryid`,`type`) VALUES('5643','b');
INSERT INTO `book`(`title`,`entryid`,`isbn`,`type`) VALUES('Sky of Advice','5643','9465717488449','b');
INSERT INTO `genre_book`(`genre`, `entryid`) VALUES ('Thriller','5643');
INSERT INTO `author_book`(`author`, `entryid`) VALUES ('Sabra Minkowitz','5643');
INSERT INTO `publisher_book`(`publisher`, `entryid`) VALUES ('Klumph Inc.','5643');
INSERT INTO `entry`(`entryid`,`type`) VALUES('5644','b');
INSERT INTO `book`(`title`,`entryid`,`isbn`,`type`) VALUES('Measure in Weapon','5644','0016925012077','j');
INSERT INTO `genre_book`(`genre`, `entryid`) VALUES ('Adventure','5644');
INSERT INTO `author_book`(`author`, `entryid`) VALUES ('Vernon Furbeck','5644');
INSERT INTO `publisher_book`(`publisher`, `entryid`) VALUES ('Fenceroy Publishers.','5644');
INSERT INTO `entry`(`entryid`,`type`) VALUES('5645','b');
INSERT INTO `book`(`title`,`entryid`,`isbn`,`type`) VALUES('Ethiopia against flukey Lier','5645','9950055150699','b');
INSERT INTO `genre_book`(`genre`, `entryid`) VALUES ('Thriller','5645');
INSERT INTO `author_book`(`author`, `entryid`) VALUES ('Alonzo Wildes','5645');
INSERT INTO `publisher_book`(`publisher`, `entryid`) VALUES ('Gidwani Publishers.','5645');
INSERT INTO `entry`(`entryid`,`type`) VALUES('5646','b');
INSERT INTO `book`(`title`,`entryid`,`isbn`,`type`) VALUES('Beam and the Neapolitan Milk','5646','0142283854318','j');
INSERT INTO `genre_book`(`genre`, `entryid`) VALUES ('Romance','5646');
INSERT INTO `author_book`(`author`, `entryid`) VALUES ('Inocencia Shutes','5646');
INSERT INTO `publisher_book`(`publisher`, `entryid`) VALUES ('Armada Cooperations.','5646');
INSERT INTO `entry`(`entryid`,`type`) VALUES('5647','b');
INSERT INTO `book`(`title`,`entryid`,`isbn`,`type`) VALUES('Yoke with the arranged Root','5647','9403911735723','e');
INSERT INTO `genre_book`(`genre`, `entryid`) VALUES ('Romance','5647');
INSERT INTO `author_book`(`author`, `entryid`) VALUES ('Estell Mays','5647');
INSERT INTO `publisher_book`(`publisher`, `entryid`) VALUES ('Allocca Cooperations.','5647');
INSERT INTO `entry`(`entryid`,`type`) VALUES('5648','b');
INSERT INTO `book`(`title`,`entryid`,`isbn`,`type`) VALUES('Zone in Iron','5648','0975417451503','b');
INSERT INTO `genre_book`(`genre`, `entryid`) VALUES ('Romance','5648');
INSERT INTO `author_book`(`author`, `entryid`) VALUES ('Annett Khum','5648');
INSERT INTO `publisher_book`(`publisher`, `entryid`) VALUES ('Good Inc.','5648');
INSERT INTO `entry`(`entryid`,`type`) VALUES('5649','b');
INSERT INTO `book`(`title`,`entryid`,`isbn`,`type`) VALUES('Format because of Santa','5649','0669549318708','e');
INSERT INTO `genre_book`(`genre`, `entryid`) VALUES ('Horror','5649');
INSERT INTO `author_book`(`author`, `entryid`) VALUES ('Kylee Wabasha','5649');
INSERT INTO `publisher_book`(`publisher`, `entryid`) VALUES ('Leppert Inc.','5649');
INSERT INTO `entry`(`entryid`,`type`) VALUES('5650','b');
INSERT INTO `book`(`title`,`entryid`,`isbn`,`type`) VALUES('Indonesia with the Physician','5650','0633240978086','j');
INSERT INTO `genre_book`(`genre`, `entryid`) VALUES ('Romance','5650');
INSERT INTO `author_book`(`author`, `entryid`) VALUES ('Stacy Bacher','5650');
INSERT INTO `publisher_book`(`publisher`, `entryid`) VALUES ('Batrum Inc.','5650');
INSERT INTO `entry`(`entryid`,`type`) VALUES('5651','b');
INSERT INTO `book`(`title`,`entryid`,`isbn`,`type`) VALUES('Europe vs. Clover','5651','0818843327190','e');
INSERT INTO `genre_book`(`genre`, `entryid`) VALUES ('Horror','5651');
INSERT INTO `author_book`(`author`, `entryid`) VALUES ('Ara Droy','5651');
INSERT INTO `publisher_book`(`publisher`, `entryid`) VALUES ('Ruozzo Cooperations.','5651');
INSERT INTO `entry`(`entryid`,`type`) VALUES('5652','b');
INSERT INTO `book`(`title`,`entryid`,`isbn`,`type`) VALUES('Attention in the radiating Lawyer','5652','9702465999591','j');
INSERT INTO `genre_book`(`genre`, `entryid`) VALUES ('Science','5652');
INSERT INTO `author_book`(`author`, `entryid`) VALUES ('Deb Maciolek','5652');
INSERT INTO `publisher_book`(`publisher`, `entryid`) VALUES ('Terrell Cooperations.','5652');
INSERT INTO `entry`(`entryid`,`type`) VALUES('5653','b');
INSERT INTO `book`(`title`,`entryid`,`isbn`,`type`) VALUES('Transaction against the gawsy Sock','5653','9378490271711','b');
INSERT INTO `genre_book`(`genre`, `entryid`) VALUES ('Thriller','5653');
INSERT INTO `author_book`(`author`, `entryid`) VALUES ('Harold Bries','5653');
INSERT INTO `publisher_book`(`publisher`, `entryid`) VALUES ('Rochford Cooperations.','5653');
INSERT INTO `entry`(`entryid`,`type`) VALUES('5654','b');
INSERT INTO `book`(`title`,`entryid`,`isbn`,`type`) VALUES('Size and Hip','5654','0015366544544','j');
INSERT INTO `genre_book`(`genre`, `entryid`) VALUES ('Thriller','5654');
INSERT INTO `author_book`(`author`, `entryid`) VALUES ('Sabra Minkowitz','5654');
INSERT INTO `publisher_book`(`publisher`, `entryid`) VALUES ('Dietlin Cooperations.','5654');
INSERT INTO `entry`(`entryid`,`type`) VALUES('5655','b');
INSERT INTO `book`(`title`,`entryid`,`isbn`,`type`) VALUES('Squash of ultimate Multimedia','5655','9116646129579','j');
INSERT INTO `genre_book`(`genre`, `entryid`) VALUES ('Sci-Fi','5655');
INSERT INTO `author_book`(`author`, `entryid`) VALUES ('Jason Burkeen','5655');
INSERT INTO `publisher_book`(`publisher`, `entryid`) VALUES ('Baltazor Publishers.','5655');
INSERT INTO `entry`(`entryid`,`type`) VALUES('5656','b');
INSERT INTO `book`(`title`,`entryid`,`isbn`,`type`) VALUES('Gram and Zairean Duck','5656','0204774838906','e');
INSERT INTO `genre_book`(`genre`, `entryid`) VALUES ('Sci-Fi','5656');
INSERT INTO `author_book`(`author`, `entryid`) VALUES ('Morgan Lichota','5656');
INSERT INTO `publisher_book`(`publisher`, `entryid`) VALUES ('Nierman Inc.','5656');
INSERT INTO `entry`(`entryid`,`type`) VALUES('5657','b');
INSERT INTO `book`(`title`,`entryid`,`isbn`,`type`) VALUES('Meter vs. Sidewalk','5657','0607709141135','b');
INSERT INTO `genre_book`(`genre`, `entryid`) VALUES ('Horror','5657');
INSERT INTO `author_book`(`author`, `entryid`) VALUES ('Carla Picketpin','5657');
INSERT INTO `publisher_book`(`publisher`, `entryid`) VALUES ('Sala Cooperations.','5657');
INSERT INTO `entry`(`entryid`,`type`) VALUES('5658','b');
INSERT INTO `book`(`title`,`entryid`,`isbn`,`type`) VALUES('Notify vs. Knowledge','5658','0313235443893','e');
INSERT INTO `genre_book`(`genre`, `entryid`) VALUES ('Romance','5658');
INSERT INTO `author_book`(`author`, `entryid`) VALUES ('Katrice Quartiero','5658');
INSERT INTO `publisher_book`(`publisher`, `entryid`) VALUES ('Mcbee Cooperations.','5658');
INSERT INTO `entry`(`entryid`,`type`) VALUES('5659','b');
INSERT INTO `book`(`title`,`entryid`,`isbn`,`type`) VALUES('Wing and Starter','5659','0487476893946','e');
INSERT INTO `genre_book`(`genre`, `entryid`) VALUES ('Romance','5659');
INSERT INTO `author`(`name`,`birthyear`,`deathyear`) VALUES('Demetrice Keliipaakaua','1893','1946');
INSERT INTO `author_book`(`author`, `entryid`) VALUES ('Demetrice Keliipaakaua','5659');
INSERT INTO `publisher_book`(`publisher`, `entryid`) VALUES ('Holleran Cooperations.','5659');
INSERT INTO `entry`(`entryid`,`type`) VALUES('5660','b');
INSERT INTO `book`(`title`,`entryid`,`isbn`,`type`) VALUES('Leopard to the Australia','5660','9711877848977','b');
INSERT INTO `genre_book`(`genre`, `entryid`) VALUES ('Education','5660');
INSERT INTO `author_book`(`author`, `entryid`) VALUES ('Bennie Sigona','5660');
INSERT INTO `publisher_book`(`publisher`, `entryid`) VALUES ('Garrington Cooperations.','5660');
INSERT INTO `entry`(`entryid`,`type`) VALUES('5661','b');
INSERT INTO `book`(`title`,`entryid`,`isbn`,`type`) VALUES('Comfort to Adult','5661','0690593182971','b');
INSERT INTO `genre_book`(`genre`, `entryid`) VALUES ('Education','5661');
INSERT INTO `author_book`(`author`, `entryid`) VALUES ('Janina Giczewski','5661');
INSERT INTO `publisher_book`(`publisher`, `entryid`) VALUES ('Rohanna Publishers.','5661');
INSERT INTO `entry`(`entryid`,`type`) VALUES('5662','b');
INSERT INTO `book`(`title`,`entryid`,`isbn`,`type`) VALUES('Alto of compassable Party','5662','0062531509690','b');
INSERT INTO `genre_book`(`genre`, `entryid`) VALUES ('Adventure','5662');
INSERT INTO `author_book`(`author`, `entryid`) VALUES ('Mozelle Scopa','5662');
INSERT INTO `publisher_book`(`publisher`, `entryid`) VALUES ('Ruggero Cooperations.','5662');
INSERT INTO `entry`(`entryid`,`type`) VALUES('5663','b');
INSERT INTO `book`(`title`,`entryid`,`isbn`,`type`) VALUES('Underclothes by the Mishnic Drama','5663','0583006514724','j');
INSERT INTO `genre_book`(`genre`, `entryid`) VALUES ('Education','5663');
INSERT INTO `author_book`(`author`, `entryid`) VALUES ('Coral Mcelderry','5663');
INSERT INTO `publisher_book`(`publisher`, `entryid`) VALUES ('Bigos Inc.','5663');
INSERT INTO `entry`(`entryid`,`type`) VALUES('5664','b');
INSERT INTO `book`(`title`,`entryid`,`isbn`,`type`) VALUES('Beaver because of Reaction','5664','0145604514552','j');
INSERT INTO `genre_book`(`genre`, `entryid`) VALUES ('Horror','5664');
INSERT INTO `author_book`(`author`, `entryid`) VALUES ('Kiera Haley','5664');
INSERT INTO `publisher_book`(`publisher`, `entryid`) VALUES ('Kopf Cooperations.','5664');
INSERT INTO `entry`(`entryid`,`type`) VALUES('5665','b');
INSERT INTO `book`(`title`,`entryid`,`isbn`,`type`) VALUES('Norwegian with tainted Sing','5665','0726832403834','e');
INSERT INTO `genre_book`(`genre`, `entryid`) VALUES ('Horror','5665');
INSERT INTO `author_book`(`author`, `entryid`) VALUES ('Joslyn Gerdts','5665');
INSERT INTO `publisher_book`(`publisher`, `entryid`) VALUES ('Dubrey Cooperations.','5665');
INSERT INTO `entry`(`entryid`,`type`) VALUES('5666','b');
INSERT INTO `book`(`title`,`entryid`,`isbn`,`type`) VALUES('Flight of shameful Place','5666','0969144140831','b');
INSERT INTO `genre_book`(`genre`, `entryid`) VALUES ('Adventure','5666');
INSERT INTO `author_book`(`author`, `entryid`) VALUES ('Shavonne Boundy','5666');
INSERT INTO `publisher_book`(`publisher`, `entryid`) VALUES ('Diruzzo Publishers.','5666');
INSERT INTO `entry`(`entryid`,`type`) VALUES('5667','b');
INSERT INTO `book`(`title`,`entryid`,`isbn`,`type`) VALUES('Season because of Tire','5667','0198728167955','j');
INSERT INTO `genre_book`(`genre`, `entryid`) VALUES ('Thriller','5667');
INSERT INTO `author_book`(`author`, `entryid`) VALUES ('Xenia Ahrenholtz','5667');
INSERT INTO `publisher_book`(`publisher`, `entryid`) VALUES ('Fattig Inc.','5667');
INSERT INTO `entry`(`entryid`,`type`) VALUES('5668','b');
INSERT INTO `book`(`title`,`entryid`,`isbn`,`type`) VALUES('Receipt and Zebra','5668','0592174000118','j');
INSERT INTO `genre_book`(`genre`, `entryid`) VALUES ('Sci-Fi','5668');
INSERT INTO `author_book`(`author`, `entryid`) VALUES ('Tristan Turowski','5668');
INSERT INTO `publisher_book`(`publisher`, `entryid`) VALUES ('Stallman Inc.','5668');
INSERT INTO `entry`(`entryid`,`type`) VALUES('5669','b');
INSERT INTO `book`(`title`,`entryid`,`isbn`,`type`) VALUES('Prose of reversible Apology','5669','0632299519561','e');
INSERT INTO `genre_book`(`genre`, `entryid`) VALUES ('Horror','5669');
INSERT INTO `author_book`(`author`, `entryid`) VALUES ('Carlos Brasseur','5669');
INSERT INTO `publisher_book`(`publisher`, `entryid`) VALUES ('Rohr Cooperations.','5669');
INSERT INTO `entry`(`entryid`,`type`) VALUES('5670','b');
INSERT INTO `book`(`title`,`entryid`,`isbn`,`type`) VALUES('Bulldozer with the microcrystalline Pickle','5670','9388579068851','j');
INSERT INTO `genre_book`(`genre`, `entryid`) VALUES ('Thriller','5670');
INSERT INTO `author_book`(`author`, `entryid`) VALUES ('Sheldon Katechis','5670');
INSERT INTO `publisher_book`(`publisher`, `entryid`) VALUES ('Ruozzo Cooperations.','5670');
INSERT INTO `entry`(`entryid`,`type`) VALUES('5671','b');
INSERT INTO `book`(`title`,`entryid`,`isbn`,`type`) VALUES('Canadian against Spinach','5671','0888909320589','j');
INSERT INTO `genre_book`(`genre`, `entryid`) VALUES ('Sci-Fi','5671');
INSERT INTO `author_book`(`author`, `entryid`) VALUES ('Tristan Turowski','5671');
INSERT INTO `publisher_book`(`publisher`, `entryid`) VALUES ('Viejo Publishers.','5671');
INSERT INTO `entry`(`entryid`,`type`) VALUES('5672','b');
INSERT INTO `book`(`title`,`entryid`,`isbn`,`type`) VALUES('Meteorology to the Psychiatrist','5672','9845965282239','e');
INSERT INTO `genre_book`(`genre`, `entryid`) VALUES ('Science','5672');
INSERT INTO `author_book`(`author`, `entryid`) VALUES ('Erin Beale','5672');
INSERT INTO `publisher_book`(`publisher`, `entryid`) VALUES ('Yazzi Publishers.','5672');
INSERT INTO `entry`(`entryid`,`type`) VALUES('5673','b');
INSERT INTO `book`(`title`,`entryid`,`isbn`,`type`) VALUES('Stopwatch for the Half-sister','5673','9685317435452','e');
INSERT INTO `genre_book`(`genre`, `entryid`) VALUES ('Horror','5673');
INSERT INTO `author_book`(`author`, `entryid`) VALUES ('Nada Candela','5673');
INSERT INTO `publisher_book`(`publisher`, `entryid`) VALUES ('Delashaw Publishers.','5673');
INSERT INTO `entry`(`entryid`,`type`) VALUES('5674','b');
INSERT INTO `book`(`title`,`entryid`,`isbn`,`type`) VALUES('Icicle vs. passerine Segment','5674','9269141086238','e');
INSERT INTO `genre_book`(`genre`, `entryid`) VALUES ('Romance','5674');
INSERT INTO `author_book`(`author`, `entryid`) VALUES ('Elida Westerfeld','5674');
INSERT INTO `publisher_book`(`publisher`, `entryid`) VALUES ('Excell Inc.','5674');
INSERT INTO `entry`(`entryid`,`type`) VALUES('5675','b');
INSERT INTO `book`(`title`,`entryid`,`isbn`,`type`) VALUES('Morning and the opaline Limit','5675','9085641156290','e');
INSERT INTO `genre_book`(`genre`, `entryid`) VALUES ('Sci-Fi','5675');
INSERT INTO `author_book`(`author`, `entryid`) VALUES ('Delsie Pisano','5675');
INSERT INTO `publisher_book`(`publisher`, `entryid`) VALUES ('Grinner Inc.','5675');
INSERT INTO `entry`(`entryid`,`type`) VALUES('5676','b');
INSERT INTO `book`(`title`,`entryid`,`isbn`,`type`) VALUES('Physician by the Sail','5676','9130538843045','j');
INSERT INTO `genre_book`(`genre`, `entryid`) VALUES ('Science','5676');
INSERT INTO `author_book`(`author`, `entryid`) VALUES ('Francis Stoliker','5676');
INSERT INTO `publisher_book`(`publisher`, `entryid`) VALUES ('Strazisar Inc.','5676');
INSERT INTO `entry`(`entryid`,`type`) VALUES('5677','b');
INSERT INTO `book`(`title`,`entryid`,`isbn`,`type`) VALUES('Match in the filmy Save','5677','0336729570598','e');
INSERT INTO `genre_book`(`genre`, `entryid`) VALUES ('Thriller','5677');
INSERT INTO `author_book`(`author`, `entryid`) VALUES ('Ramonita Ducan','5677');
INSERT INTO `publisher_book`(`publisher`, `entryid`) VALUES ('Nierman Inc.','5677');
INSERT INTO `entry`(`entryid`,`type`) VALUES('5678','b');
INSERT INTO `book`(`title`,`entryid`,`isbn`,`type`) VALUES('Schedule to Mayan Corn','5678','9872578379114','j');
INSERT INTO `genre_book`(`genre`, `entryid`) VALUES ('Adventure','5678');
INSERT INTO `author_book`(`author`, `entryid`) VALUES ('Deeanna Pfund','5678');
INSERT INTO `publisher_book`(`publisher`, `entryid`) VALUES ('Pagani Cooperations.','5678');
INSERT INTO `entry`(`entryid`,`type`) VALUES('5679','b');
INSERT INTO `book`(`title`,`entryid`,`isbn`,`type`) VALUES('Radiator and Geranium','5679','9952413107564','e');
INSERT INTO `genre_book`(`genre`, `entryid`) VALUES ('Romance','5679');
INSERT INTO `author_book`(`author`, `entryid`) VALUES ('Nenita Morrone','5679');
INSERT INTO `publisher_book`(`publisher`, `entryid`) VALUES ('Difalco Cooperations.','5679');
INSERT INTO `entry`(`entryid`,`type`) VALUES('5680','b');
INSERT INTO `book`(`title`,`entryid`,`isbn`,`type`) VALUES('Windchime for the Root','5680','0083043243502','e');
INSERT INTO `genre_book`(`genre`, `entryid`) VALUES ('Horror','5680');
INSERT INTO `author_book`(`author`, `entryid`) VALUES ('Mathew Idrovo','5680');
INSERT INTO `publisher_book`(`publisher`, `entryid`) VALUES ('Hengel Inc.','5680');
INSERT INTO `entry`(`entryid`,`type`) VALUES('5681','b');
INSERT INTO `book`(`title`,`entryid`,`isbn`,`type`) VALUES('Acrylic vs. Typhoon','5681','0635875327316','e');
INSERT INTO `genre_book`(`genre`, `entryid`) VALUES ('Education','5681');
INSERT INTO `author_book`(`author`, `entryid`) VALUES ('Ollie Labbadia','5681');
INSERT INTO `publisher_book`(`publisher`, `entryid`) VALUES ('Kasa Publishers.','5681');
INSERT INTO `entry`(`entryid`,`type`) VALUES('5682','b');
INSERT INTO `book`(`title`,`entryid`,`isbn`,`type`) VALUES('Baker by the untraversed Shirt','5682','9984783774009','j');
INSERT INTO `genre_book`(`genre`, `entryid`) VALUES ('Science','5682');
INSERT INTO `author_book`(`author`, `entryid`) VALUES ('Garnet Hopping','5682');
INSERT INTO `publisher_book`(`publisher`, `entryid`) VALUES ('Marth Cooperations.','5682');
INSERT INTO `entry`(`entryid`,`type`) VALUES('5683','b');
INSERT INTO `book`(`title`,`entryid`,`isbn`,`type`) VALUES('Marimba against Chicken','5683','9221300008966','b');
INSERT INTO `genre_book`(`genre`, `entryid`) VALUES ('Horror','5683');
INSERT INTO `author_book`(`author`, `entryid`) VALUES ('Marilu Gesner','5683');
INSERT INTO `publisher_book`(`publisher`, `entryid`) VALUES ('Footer Inc.','5683');
INSERT INTO `entry`(`entryid`,`type`) VALUES('5684','b');
INSERT INTO `book`(`title`,`entryid`,`isbn`,`type`) VALUES('Blizzard because of Tower','5684','9882412560410','j');
INSERT INTO `genre_book`(`genre`, `entryid`) VALUES ('Horror','5684');
INSERT INTO `author_book`(`author`, `entryid`) VALUES ('Toney Wisely','5684');
INSERT INTO `publisher_book`(`publisher`, `entryid`) VALUES ('Aleman Inc.','5684');
INSERT INTO `entry`(`entryid`,`type`) VALUES('5685','b');
INSERT INTO `book`(`title`,`entryid`,`isbn`,`type`) VALUES('Cemetery to filmable Bank','5685','0791772874839','e');
INSERT INTO `genre_book`(`genre`, `entryid`) VALUES ('Adventure','5685');
INSERT INTO `author_book`(`author`, `entryid`) VALUES ('Mariann Rieves','5685');
INSERT INTO `publisher_book`(`publisher`, `entryid`) VALUES ('Samas Publishers.','5685');
INSERT INTO `entry`(`entryid`,`type`) VALUES('5686','b');
INSERT INTO `book`(`title`,`entryid`,`isbn`,`type`) VALUES('Goldfish against the hyperthermal War','5686','9651014807989','j');
INSERT INTO `genre_book`(`genre`, `entryid`) VALUES ('Thriller','5686');
INSERT INTO `author_book`(`author`, `entryid`) VALUES ('Benito Stagliano','5686');
INSERT INTO `publisher_book`(`publisher`, `entryid`) VALUES ('Moritz Cooperations.','5686');
INSERT INTO `entry`(`entryid`,`type`) VALUES('5687','b');
INSERT INTO `book`(`title`,`entryid`,`isbn`,`type`) VALUES('Alligator with the Meeting','5687','0556446262716','j');
INSERT INTO `genre_book`(`genre`, `entryid`) VALUES ('Adventure','5687');
INSERT INTO `author_book`(`author`, `entryid`) VALUES ('Maryetta Smelser','5687');
INSERT INTO `publisher_book`(`publisher`, `entryid`) VALUES ('Durousseau Inc.','5687');
INSERT INTO `entry`(`entryid`,`type`) VALUES('5688','b');
INSERT INTO `book`(`title`,`entryid`,`isbn`,`type`) VALUES('Light because of Prepared','5688','0338072484999','j');
INSERT INTO `genre_book`(`genre`, `entryid`) VALUES ('Thriller','5688');
INSERT INTO `author_book`(`author`, `entryid`) VALUES ('Kiera Haley','5688');
INSERT INTO `publisher_book`(`publisher`, `entryid`) VALUES ('Tegarden Publishers.','5688');
INSERT INTO `entry`(`entryid`,`type`) VALUES('5689','b');
INSERT INTO `book`(`title`,`entryid`,`isbn`,`type`) VALUES('Agenda in the Half-sister','5689','0760516044630','j');
INSERT INTO `genre_book`(`genre`, `entryid`) VALUES ('Horror','5689');
INSERT INTO `author_book`(`author`, `entryid`) VALUES ('Rolland Netters','5689');
INSERT INTO `publisher_book`(`publisher`, `entryid`) VALUES ('Pagani Cooperations.','5689');
INSERT INTO `entry`(`entryid`,`type`) VALUES('5690','b');
INSERT INTO `book`(`title`,`entryid`,`isbn`,`type`) VALUES('Insurance by the actable Scooter','5690','9393076386007','e');
INSERT INTO `genre_book`(`genre`, `entryid`) VALUES ('Sci-Fi','5690');
INSERT INTO `author_book`(`author`, `entryid`) VALUES ('Moses Esmaili','5690');
INSERT INTO `publisher_book`(`publisher`, `entryid`) VALUES ('Culpepper Cooperations.','5690');
INSERT INTO `entry`(`entryid`,`type`) VALUES('5691','b');
INSERT INTO `book`(`title`,`entryid`,`isbn`,`type`) VALUES('Cricket for the filthier July','5691','9503376117085','b');
INSERT INTO `genre_book`(`genre`, `entryid`) VALUES ('Education','5691');
INSERT INTO `author_book`(`author`, `entryid`) VALUES ('Erlinda Gartin','5691');
INSERT INTO `publisher_book`(`publisher`, `entryid`) VALUES ('Cervone Cooperations.','5691');
INSERT INTO `entry`(`entryid`,`type`) VALUES('5692','b');
INSERT INTO `book`(`title`,`entryid`,`isbn`,`type`) VALUES('Silk because of halted Kale','5692','9907942592291','b');
INSERT INTO `genre_book`(`genre`, `entryid`) VALUES ('Education','5692');
INSERT INTO `author_book`(`author`, `entryid`) VALUES ('Matha Runfola','5692');
INSERT INTO `publisher_book`(`publisher`, `entryid`) VALUES ('Dietlin Cooperations.','5692');
INSERT INTO `entry`(`entryid`,`type`) VALUES('5693','b');
INSERT INTO `book`(`title`,`entryid`,`isbn`,`type`) VALUES('Balinese against Mexican','5693','0117587492409','j');
INSERT INTO `genre_book`(`genre`, `entryid`) VALUES ('Adventure','5693');
INSERT INTO `author_book`(`author`, `entryid`) VALUES ('Halley Gainor','5693');
INSERT INTO `publisher_book`(`publisher`, `entryid`) VALUES ('Giantonio Publishers.','5693');
INSERT INTO `entry`(`entryid`,`type`) VALUES('5694','b');
INSERT INTO `book`(`title`,`entryid`,`isbn`,`type`) VALUES('Field in anoestrous Piccolo','5694','0197487931779','b');
INSERT INTO `genre_book`(`genre`, `entryid`) VALUES ('Adventure','5694');
INSERT INTO `author_book`(`author`, `entryid`) VALUES ('Hayley Eure','5694');
INSERT INTO `publisher_book`(`publisher`, `entryid`) VALUES ('Baltazor Publishers.','5694');
INSERT INTO `entry`(`entryid`,`type`) VALUES('5695','b');
INSERT INTO `book`(`title`,`entryid`,`isbn`,`type`) VALUES('Mattock to majestic Broker','5695','0577496319002','j');
INSERT INTO `genre_book`(`genre`, `entryid`) VALUES ('Sci-Fi','5695');
INSERT INTO `author_book`(`author`, `entryid`) VALUES ('Miquel Doung','5695');
INSERT INTO `publisher_book`(`publisher`, `entryid`) VALUES ('Trnka Inc.','5695');
INSERT INTO `entry`(`entryid`,`type`) VALUES('5696','b');
INSERT INTO `book`(`title`,`entryid`,`isbn`,`type`) VALUES('Birthday in the broke Biplane','5696','0526520726227','b');
INSERT INTO `genre_book`(`genre`, `entryid`) VALUES ('Science','5696');
INSERT INTO `author_book`(`author`, `entryid`) VALUES ('Candice Ridinger','5696');
INSERT INTO `publisher_book`(`publisher`, `entryid`) VALUES ('Terrell Cooperations.','5696');
INSERT INTO `entry`(`entryid`,`type`) VALUES('5697','b');
INSERT INTO `book`(`title`,`entryid`,`isbn`,`type`) VALUES('Vise for Bulldozer','5697','9050385032275','e');
INSERT INTO `genre_book`(`genre`, `entryid`) VALUES ('Education','5697');
INSERT INTO `author_book`(`author`, `entryid`) VALUES ('Candyce Hahl','5697');
INSERT INTO `publisher_book`(`publisher`, `entryid`) VALUES ('Brotman Inc.','5697');
INSERT INTO `entry`(`entryid`,`type`) VALUES('5698','b');
INSERT INTO `book`(`title`,`entryid`,`isbn`,`type`) VALUES('Egypt of compromising Crime','5698','0394907597182','j');
INSERT INTO `genre_book`(`genre`, `entryid`) VALUES ('Thriller','5698');
INSERT INTO `author_book`(`author`, `entryid`) VALUES ('Selina Zembower','5698');
INSERT INTO `publisher_book`(`publisher`, `entryid`) VALUES ('Chamorro Publishers.','5698');
INSERT INTO `entry`(`entryid`,`type`) VALUES('5699','b');
INSERT INTO `book`(`title`,`entryid`,`isbn`,`type`) VALUES('Spot by Belgian','5699','0079838864196','e');
INSERT INTO `genre_book`(`genre`, `entryid`) VALUES ('Thriller','5699');
INSERT INTO `author_book`(`author`, `entryid`) VALUES ('Jeanett Hefflinger','5699');
INSERT INTO `publisher_book`(`publisher`, `entryid`) VALUES ('Zorns Inc.','5699');
INSERT INTO `entry`(`entryid`,`type`) VALUES('5700','b');
INSERT INTO `book`(`title`,`entryid`,`isbn`,`type`) VALUES('Drake with spirant Salt','5700','9126276099908','b');
INSERT INTO `genre_book`(`genre`, `entryid`) VALUES ('Education','5700');
INSERT INTO `author_book`(`author`, `entryid`) VALUES ('Laurinda Overmann','5700');
INSERT INTO `publisher_book`(`publisher`, `entryid`) VALUES ('Blan Inc.','5700');
INSERT INTO `entry`(`entryid`,`type`) VALUES('5701','b');
INSERT INTO `book`(`title`,`entryid`,`isbn`,`type`) VALUES('Wave vs. Cinema','5701','9294460035410','e');
INSERT INTO `genre_book`(`genre`, `entryid`) VALUES ('Education','5701');
INSERT INTO `author_book`(`author`, `entryid`) VALUES ('Londa Hunzelman','5701');
INSERT INTO `publisher_book`(`publisher`, `entryid`) VALUES ('Lobosco Cooperations.','5701');
INSERT INTO `entry`(`entryid`,`type`) VALUES('5702','b');
INSERT INTO `book`(`title`,`entryid`,`isbn`,`type`) VALUES('Leek to the unforewarned Anethesiologist','5702','0106095288840','e');
INSERT INTO `genre_book`(`genre`, `entryid`) VALUES ('Education','5702');
INSERT INTO `author_book`(`author`, `entryid`) VALUES ('Enedina Hamme','5702');
INSERT INTO `publisher_book`(`publisher`, `entryid`) VALUES ('Reinders Inc.','5702');
INSERT INTO `entry`(`entryid`,`type`) VALUES('5703','b');
INSERT INTO `book`(`title`,`entryid`,`isbn`,`type`) VALUES('Need against Pen','5703','9231869182062','b');
INSERT INTO `genre_book`(`genre`, `entryid`) VALUES ('Romance','5703');
INSERT INTO `author_book`(`author`, `entryid`) VALUES ('Mercedes Penha','5703');
INSERT INTO `publisher_book`(`publisher`, `entryid`) VALUES ('Marth Cooperations.','5703');
INSERT INTO `entry`(`entryid`,`type`) VALUES('5704','b');
INSERT INTO `book`(`title`,`entryid`,`isbn`,`type`) VALUES('Maraca vs. Bun','5704','0612910856571','e');
INSERT INTO `genre_book`(`genre`, `entryid`) VALUES ('Romance','5704');
INSERT INTO `author_book`(`author`, `entryid`) VALUES ('Petrina Amrich','5704');
INSERT INTO `publisher_book`(`publisher`, `entryid`) VALUES ('Devon Inc.','5704');
INSERT INTO `entry`(`entryid`,`type`) VALUES('5705','b');
INSERT INTO `book`(`title`,`entryid`,`isbn`,`type`) VALUES('Doctor for the helmeted Route','5705','0897026450449','b');
INSERT INTO `genre_book`(`genre`, `entryid`) VALUES ('Sci-Fi','5705');
INSERT INTO `author_book`(`author`, `entryid`) VALUES ('Ike Mogannam','5705');
INSERT INTO `publisher_book`(`publisher`, `entryid`) VALUES ('Boschee Cooperations.','5705');
INSERT INTO `entry`(`entryid`,`type`) VALUES('5706','b');
INSERT INTO `book`(`title`,`entryid`,`isbn`,`type`) VALUES('Sousaphone of well-spent Veil','5706','0286139328469','j');
INSERT INTO `genre_book`(`genre`, `entryid`) VALUES ('Romance','5706');
INSERT INTO `author_book`(`author`, `entryid`) VALUES ('Demetrice Keliipaakaua','5706');
INSERT INTO `publisher_book`(`publisher`, `entryid`) VALUES ('Tutoky Cooperations.','5706');
INSERT INTO `entry`(`entryid`,`type`) VALUES('5707','b');
INSERT INTO `book`(`title`,`entryid`,`isbn`,`type`) VALUES('Butter in staurolitic Study','5707','9696386183153','j');
INSERT INTO `genre_book`(`genre`, `entryid`) VALUES ('Science','5707');
INSERT INTO `author`(`name`,`birthyear`,`deathyear`) VALUES('Beth Fehlman','1949','2042');
INSERT INTO `author_book`(`author`, `entryid`) VALUES ('Beth Fehlman','5707');
INSERT INTO `publisher_book`(`publisher`, `entryid`) VALUES ('Bogan Cooperations.','5707');
INSERT INTO `entry`(`entryid`,`type`) VALUES('5708','b');
INSERT INTO `book`(`title`,`entryid`,`isbn`,`type`) VALUES('Lettuce by the Station','5708','0107315712264','b');
INSERT INTO `genre_book`(`genre`, `entryid`) VALUES ('Thriller','5708');
INSERT INTO `author`(`name`,`birthyear`,`deathyear`) VALUES('Thao Noell','1923','1948');
INSERT INTO `author_book`(`author`, `entryid`) VALUES ('Thao Noell','5708');
INSERT INTO `publisher_book`(`publisher`, `entryid`) VALUES ('Armada Cooperations.','5708');
INSERT INTO `entry`(`entryid`,`type`) VALUES('5709','b');
INSERT INTO `book`(`title`,`entryid`,`isbn`,`type`) VALUES('Euphonium with the unattached Grandson','5709','9893501264859','e');
INSERT INTO `genre_book`(`genre`, `entryid`) VALUES ('Education','5709');
INSERT INTO `author_book`(`author`, `entryid`) VALUES ('Bennie Sigona','5709');
INSERT INTO `publisher_book`(`publisher`, `entryid`) VALUES ('Harders Cooperations.','5709');
INSERT INTO `entry`(`entryid`,`type`) VALUES('5710','b');
INSERT INTO `book`(`title`,`entryid`,`isbn`,`type`) VALUES('Mechanic to Format','5710','0119674207121','j');
INSERT INTO `genre_book`(`genre`, `entryid`) VALUES ('Education','5710');
INSERT INTO `author`(`name`,`birthyear`,`deathyear`) VALUES('Tajuana Macri','1911','2004');
INSERT INTO `author_book`(`author`, `entryid`) VALUES ('Tajuana Macri','5710');
INSERT INTO `publisher_book`(`publisher`, `entryid`) VALUES ('Kaplan Inc.','5710');
INSERT INTO `entry`(`entryid`,`type`) VALUES('5711','b');
INSERT INTO `book`(`title`,`entryid`,`isbn`,`type`) VALUES('Ptarmigan because of Larch','5711','9242304072038','e');
INSERT INTO `genre_book`(`genre`, `entryid`) VALUES ('Science','5711');
INSERT INTO `author_book`(`author`, `entryid`) VALUES ('Petronila Horesco','5711');
INSERT INTO `publisher_book`(`publisher`, `entryid`) VALUES ('Caspi Inc.','5711');
INSERT INTO `entry`(`entryid`,`type`) VALUES('5712','b');
INSERT INTO `book`(`title`,`entryid`,`isbn`,`type`) VALUES('Believe of the recriminatory Sofa','5712','9205820923774','e');
INSERT INTO `genre_book`(`genre`, `entryid`) VALUES ('Science','5712');
INSERT INTO `author_book`(`author`, `entryid`) VALUES ('Lise Bohl','5712');
INSERT INTO `publisher_book`(`publisher`, `entryid`) VALUES ('Foti Cooperations.','5712');
INSERT INTO `entry`(`entryid`,`type`) VALUES('5713','b');
INSERT INTO `book`(`title`,`entryid`,`isbn`,`type`) VALUES('Cannon for leaderless Territory','5713','9845915559850','b');
INSERT INTO `genre_book`(`genre`, `entryid`) VALUES ('Adventure','5713');
INSERT INTO `author_book`(`author`, `entryid`) VALUES ('Juanita Fulford','5713');
INSERT INTO `publisher_book`(`publisher`, `entryid`) VALUES ('Stallman Inc.','5713');
INSERT INTO `entry`(`entryid`,`type`) VALUES('5714','b');
INSERT INTO `book`(`title`,`entryid`,`isbn`,`type`) VALUES('Prosecution and Ravioli','5714','9445676959065','b');
INSERT INTO `genre_book`(`genre`, `entryid`) VALUES ('Thriller','5714');
INSERT INTO `author_book`(`author`, `entryid`) VALUES ('Garret Kochis','5714');
INSERT INTO `publisher_book`(`publisher`, `entryid`) VALUES ('Derenzi Publishers.','5714');
INSERT INTO `entry`(`entryid`,`type`) VALUES('5715','b');
INSERT INTO `book`(`title`,`entryid`,`isbn`,`type`) VALUES('Gate in the incendiary Desire','5715','0699224894229','e');
INSERT INTO `genre_book`(`genre`, `entryid`) VALUES ('Horror','5715');
INSERT INTO `author_book`(`author`, `entryid`) VALUES ('Gianna Laffredo','5715');
INSERT INTO `publisher_book`(`publisher`, `entryid`) VALUES ('Hathcoat Publishers.','5715');
INSERT INTO `entry`(`entryid`,`type`) VALUES('5716','b');
INSERT INTO `book`(`title`,`entryid`,`isbn`,`type`) VALUES('Thing by the prolusory Reminder','5716','0729647861236','e');
INSERT INTO `genre_book`(`genre`, `entryid`) VALUES ('Thriller','5716');
INSERT INTO `author_book`(`author`, `entryid`) VALUES ('Louie Vincent','5716');
INSERT INTO `publisher_book`(`publisher`, `entryid`) VALUES ('Argrave Publishers.','5716');
INSERT INTO `entry`(`entryid`,`type`) VALUES('5717','b');
INSERT INTO `book`(`title`,`entryid`,`isbn`,`type`) VALUES('Authority for injudicious Valley','5717','0295508346160','b');
INSERT INTO `genre_book`(`genre`, `entryid`) VALUES ('Romance','5717');
INSERT INTO `author_book`(`author`, `entryid`) VALUES ('Adena Rossotto','5717');
INSERT INTO `publisher_book`(`publisher`, `entryid`) VALUES ('Edington Cooperations.','5717');
INSERT INTO `entry`(`entryid`,`type`) VALUES('5718','b');
INSERT INTO `book`(`title`,`entryid`,`isbn`,`type`) VALUES('Bamboo with the Aaronic Graphic','5718','0003236703698','j');
INSERT INTO `genre_book`(`genre`, `entryid`) VALUES ('Adventure','5718');
INSERT INTO `author_book`(`author`, `entryid`) VALUES ('Rosetta Harwin','5718');
INSERT INTO `publisher_book`(`publisher`, `entryid`) VALUES ('Karvonen Inc.','5718');
INSERT INTO `entry`(`entryid`,`type`) VALUES('5719','b');
INSERT INTO `book`(`title`,`entryid`,`isbn`,`type`) VALUES('Shop for Bowl','5719','9553703136605','e');
INSERT INTO `genre_book`(`genre`, `entryid`) VALUES ('Horror','5719');
INSERT INTO `author_book`(`author`, `entryid`) VALUES ('Ilana Geck','5719');
INSERT INTO `publisher_book`(`publisher`, `entryid`) VALUES ('Graffney Inc.','5719');
INSERT INTO `entry`(`entryid`,`type`) VALUES('5720','b');
INSERT INTO `book`(`title`,`entryid`,`isbn`,`type`) VALUES('Bag because of aureate Thumb','5720','9642031203818','j');
INSERT INTO `genre_book`(`genre`, `entryid`) VALUES ('Sci-Fi','5720');
INSERT INTO `author_book`(`author`, `entryid`) VALUES ('Marylyn Chaisty','5720');
INSERT INTO `publisher_book`(`publisher`, `entryid`) VALUES ('Pyros Inc.','5720');
INSERT INTO `entry`(`entryid`,`type`) VALUES('5721','b');
INSERT INTO `book`(`title`,`entryid`,`isbn`,`type`) VALUES('Cough and the Rat','5721','0702858150367','j');
INSERT INTO `genre_book`(`genre`, `entryid`) VALUES ('Adventure','5721');
INSERT INTO `author_book`(`author`, `entryid`) VALUES ('Wilhelmina Dirusso','5721');
INSERT INTO `publisher_book`(`publisher`, `entryid`) VALUES ('Wolfer Cooperations.','5721');
INSERT INTO `entry`(`entryid`,`type`) VALUES('5722','b');
INSERT INTO `book`(`title`,`entryid`,`isbn`,`type`) VALUES('Straw against wavier Gas','5722','9078601984261','e');
INSERT INTO `genre_book`(`genre`, `entryid`) VALUES ('Thriller','5722');
INSERT INTO `author_book`(`author`, `entryid`) VALUES ('Mara Zelasco','5722');
INSERT INTO `publisher_book`(`publisher`, `entryid`) VALUES ('Munaz Publishers.','5722');
INSERT INTO `entry`(`entryid`,`type`) VALUES('5723','b');
INSERT INTO `book`(`title`,`entryid`,`isbn`,`type`) VALUES('Japan vs. Iraq','5723','9638578867215','j');
INSERT INTO `genre_book`(`genre`, `entryid`) VALUES ('Adventure','5723');
INSERT INTO `author_book`(`author`, `entryid`) VALUES ('Allyn Proa','5723');
INSERT INTO `publisher_book`(`publisher`, `entryid`) VALUES ('Diliberti Inc.','5723');
INSERT INTO `entry`(`entryid`,`type`) VALUES('5724','b');
INSERT INTO `book`(`title`,`entryid`,`isbn`,`type`) VALUES('Quill because of Pyramid','5724','0452894754726','b');
INSERT INTO `genre_book`(`genre`, `entryid`) VALUES ('Sci-Fi','5724');
INSERT INTO `author_book`(`author`, `entryid`) VALUES ('Lourdes Lopau','5724');
INSERT INTO `publisher_book`(`publisher`, `entryid`) VALUES ('Marentez Inc.','5724');
INSERT INTO `entry`(`entryid`,`type`) VALUES('5725','b');
INSERT INTO `book`(`title`,`entryid`,`isbn`,`type`) VALUES('Theater and the Cylinder','5725','9048447085283','e');
INSERT INTO `genre_book`(`genre`, `entryid`) VALUES ('Adventure','5725');
INSERT INTO `author`(`name`,`birthyear`,`deathyear`) VALUES('Evan Busk','1898','1947');
INSERT INTO `author_book`(`author`, `entryid`) VALUES ('Evan Busk','5725');
INSERT INTO `publisher_book`(`publisher`, `entryid`) VALUES ('Opteyndt Inc.','5725');
INSERT INTO `entry`(`entryid`,`type`) VALUES('5726','b');
INSERT INTO `book`(`title`,`entryid`,`isbn`,`type`) VALUES('Leg and Whale','5726','0715052879195','e');
INSERT INTO `genre_book`(`genre`, `entryid`) VALUES ('Education','5726');
INSERT INTO `author`(`name`,`birthyear`,`deathyear`) VALUES('Neil Kinatyan','1919','1948');
INSERT INTO `author_book`(`author`, `entryid`) VALUES ('Neil Kinatyan','5726');
INSERT INTO `publisher_book`(`publisher`, `entryid`) VALUES ('Harbin Cooperations.','5726');
INSERT INTO `entry`(`entryid`,`type`) VALUES('5727','b');
INSERT INTO `book`(`title`,`entryid`,`isbn`,`type`) VALUES('Room by the emulsive Team','5727','0047258209698','b');
INSERT INTO `genre_book`(`genre`, `entryid`) VALUES ('Education','5727');
INSERT INTO `author_book`(`author`, `entryid`) VALUES ('Mariella Mancino','5727');
INSERT INTO `publisher_book`(`publisher`, `entryid`) VALUES ('Luchenbill Inc.','5727');
INSERT INTO `entry`(`entryid`,`type`) VALUES('5728','b');
INSERT INTO `book`(`title`,`entryid`,`isbn`,`type`) VALUES('Archaeology against occultism Point','5728','9086223577320','j');
INSERT INTO `genre_book`(`genre`, `entryid`) VALUES ('Thriller','5728');
INSERT INTO `author_book`(`author`, `entryid`) VALUES ('Mabel Justo','5728');
INSERT INTO `publisher_book`(`publisher`, `entryid`) VALUES ('Trish Inc.','5728');
INSERT INTO `entry`(`entryid`,`type`) VALUES('5729','b');
INSERT INTO `book`(`title`,`entryid`,`isbn`,`type`) VALUES('Impulse and Relish','5729','0695182534601','b');
INSERT INTO `genre_book`(`genre`, `entryid`) VALUES ('Adventure','5729');
INSERT INTO `author_book`(`author`, `entryid`) VALUES ('Claris Burman','5729');
INSERT INTO `publisher_book`(`publisher`, `entryid`) VALUES ('Nelke Publishers.','5729');
INSERT INTO `entry`(`entryid`,`type`) VALUES('5730','b');
INSERT INTO `book`(`title`,`entryid`,`isbn`,`type`) VALUES('Semicircle against the Wrecker','5730','9525477755794','j');
INSERT INTO `genre_book`(`genre`, `entryid`) VALUES ('Horror','5730');
INSERT INTO `author_book`(`author`, `entryid`) VALUES ('Chastity Adamis','5730');
INSERT INTO `publisher_book`(`publisher`, `entryid`) VALUES ('Luchenbill Inc.','5730');
INSERT INTO `entry`(`entryid`,`type`) VALUES('5731','b');
INSERT INTO `book`(`title`,`entryid`,`isbn`,`type`) VALUES('Argentina to unmatched Packet','5731','0879997183120','j');
INSERT INTO `genre_book`(`genre`, `entryid`) VALUES ('Education','5731');
INSERT INTO `author_book`(`author`, `entryid`) VALUES ('Bennie Sigona','5731');
INSERT INTO `publisher_book`(`publisher`, `entryid`) VALUES ('Chavez Publishers.','5731');
INSERT INTO `entry`(`entryid`,`type`) VALUES('5732','b');
INSERT INTO `book`(`title`,`entryid`,`isbn`,`type`) VALUES('Rat against Granddaughter','5732','9088113413531','b');
INSERT INTO `genre_book`(`genre`, `entryid`) VALUES ('Adventure','5732');
INSERT INTO `author_book`(`author`, `entryid`) VALUES ('Ling Jou','5732');
INSERT INTO `publisher_book`(`publisher`, `entryid`) VALUES ('Bernadette Cooperations.','5732');
INSERT INTO `entry`(`entryid`,`type`) VALUES('5733','b');
INSERT INTO `book`(`title`,`entryid`,`isbn`,`type`) VALUES('Arm with the Equinox','5733','9057415292913','j');
INSERT INTO `genre_book`(`genre`, `entryid`) VALUES ('Science','5733');
INSERT INTO `author_book`(`author`, `entryid`) VALUES ('Delcie Mclemore','5733');
INSERT INTO `publisher_book`(`publisher`, `entryid`) VALUES ('Mominee Inc.','5733');
INSERT INTO `entry`(`entryid`,`type`) VALUES('5734','b');
INSERT INTO `book`(`title`,`entryid`,`isbn`,`type`) VALUES('Catsup against amphisbaenic Hourglass','5734','9080486766580','j');
INSERT INTO `genre_book`(`genre`, `entryid`) VALUES ('Education','5734');
INSERT INTO `author_book`(`author`, `entryid`) VALUES ('Maxine Biscoe','5734');
INSERT INTO `publisher_book`(`publisher`, `entryid`) VALUES ('Coreas Inc.','5734');
INSERT INTO `entry`(`entryid`,`type`) VALUES('5735','b');
INSERT INTO `book`(`title`,`entryid`,`isbn`,`type`) VALUES('Waiter to the simulative Bag','5735','9711661901620','b');
INSERT INTO `genre_book`(`genre`, `entryid`) VALUES ('Thriller','5735');
INSERT INTO `author_book`(`author`, `entryid`) VALUES ('Renato Karle','5735');
INSERT INTO `publisher_book`(`publisher`, `entryid`) VALUES ('Scotty Inc.','5735');
INSERT INTO `entry`(`entryid`,`type`) VALUES('5736','b');
INSERT INTO `book`(`title`,`entryid`,`isbn`,`type`) VALUES('Lock to dissentient Girl','5736','9199450827890','b');
INSERT INTO `genre_book`(`genre`, `entryid`) VALUES ('Adventure','5736');
INSERT INTO `author_book`(`author`, `entryid`) VALUES ('Danette Feirer','5736');
INSERT INTO `publisher_book`(`publisher`, `entryid`) VALUES ('Cordas Inc.','5736');
INSERT INTO `entry`(`entryid`,`type`) VALUES('5737','b');
INSERT INTO `book`(`title`,`entryid`,`isbn`,`type`) VALUES('Dredger of the Goose','5737','9341754964782','b');
INSERT INTO `genre_book`(`genre`, `entryid`) VALUES ('Thriller','5737');
INSERT INTO `author`(`name`,`birthyear`,`deathyear`) VALUES('Linn Lourens','1927','2027');
INSERT INTO `author_book`(`author`, `entryid`) VALUES ('Linn Lourens','5737');
INSERT INTO `publisher_book`(`publisher`, `entryid`) VALUES ('Celli Cooperations.','5737');
INSERT INTO `entry`(`entryid`,`type`) VALUES('5738','b');
INSERT INTO `book`(`title`,`entryid`,`isbn`,`type`) VALUES('Jaw against Blinker','5738','0817043922460','b');
INSERT INTO `genre_book`(`genre`, `entryid`) VALUES ('Science','5738');
INSERT INTO `author_book`(`author`, `entryid`) VALUES ('Merrill Brauner','5738');
INSERT INTO `publisher_book`(`publisher`, `entryid`) VALUES ('Luangamath Inc.','5738');
INSERT INTO `entry`(`entryid`,`type`) VALUES('5739','b');
INSERT INTO `book`(`title`,`entryid`,`isbn`,`type`) VALUES('Driver because of undebauched Laborer','5739','0549585587603','b');
INSERT INTO `genre_book`(`genre`, `entryid`) VALUES ('Science','5739');
INSERT INTO `author_book`(`author`, `entryid`) VALUES ('Shani Geoffrey','5739');
INSERT INTO `publisher_book`(`publisher`, `entryid`) VALUES ('Pooser Publishers.','5739');
INSERT INTO `entry`(`entryid`,`type`) VALUES('5740','b');
INSERT INTO `book`(`title`,`entryid`,`isbn`,`type`) VALUES('Plot with collaborative Donkey','5740','9085519182222','e');
INSERT INTO `genre_book`(`genre`, `entryid`) VALUES ('Thriller','5740');
INSERT INTO `author_book`(`author`, `entryid`) VALUES ('Clement Barthol','5740');
INSERT INTO `publisher_book`(`publisher`, `entryid`) VALUES ('Storbeck Inc.','5740');
INSERT INTO `entry`(`entryid`,`type`) VALUES('5741','b');
INSERT INTO `book`(`title`,`entryid`,`isbn`,`type`) VALUES('Whiskey by particulate Cost','5741','9941636248657','j');
INSERT INTO `genre_book`(`genre`, `entryid`) VALUES ('Education','5741');
INSERT INTO `author_book`(`author`, `entryid`) VALUES ('Isobel Truesdale','5741');
INSERT INTO `publisher_book`(`publisher`, `entryid`) VALUES ('Cordas Inc.','5741');
INSERT INTO `entry`(`entryid`,`type`) VALUES('5742','b');
INSERT INTO `book`(`title`,`entryid`,`isbn`,`type`) VALUES('Mistake with Harbor','5742','9287934517148','b');
INSERT INTO `genre_book`(`genre`, `entryid`) VALUES ('Thriller','5742');
INSERT INTO `author_book`(`author`, `entryid`) VALUES ('Joane Ebersole','5742');
INSERT INTO `publisher_book`(`publisher`, `entryid`) VALUES ('Hendershott Publishers.','5742');
INSERT INTO `entry`(`entryid`,`type`) VALUES('5743','b');
INSERT INTO `book`(`title`,`entryid`,`isbn`,`type`) VALUES('Headlight with the feathered Sea','5743','0125957876921','j');
INSERT INTO `genre_book`(`genre`, `entryid`) VALUES ('Science','5743');
INSERT INTO `author_book`(`author`, `entryid`) VALUES ('Olevia Manues','5743');
INSERT INTO `publisher_book`(`publisher`, `entryid`) VALUES ('Franty Cooperations.','5743');
INSERT INTO `entry`(`entryid`,`type`) VALUES('5744','b');
INSERT INTO `book`(`title`,`entryid`,`isbn`,`type`) VALUES('Word by reviving Alley','5744','9244716249445','b');
INSERT INTO `genre_book`(`genre`, `entryid`) VALUES ('Romance','5744');
INSERT INTO `author_book`(`author`, `entryid`) VALUES ('Beth Fehlman','5744');
INSERT INTO `publisher_book`(`publisher`, `entryid`) VALUES ('Harbin Cooperations.','5744');
INSERT INTO `entry`(`entryid`,`type`) VALUES('5745','b');
INSERT INTO `book`(`title`,`entryid`,`isbn`,`type`) VALUES('Community in world-shaking Crocodile','5745','0028080010234','j');
INSERT INTO `genre_book`(`genre`, `entryid`) VALUES ('Adventure','5745');
INSERT INTO `author_book`(`author`, `entryid`) VALUES ('Roxann Schuchard','5745');
INSERT INTO `publisher_book`(`publisher`, `entryid`) VALUES ('Gasser Publishers.','5745');
INSERT INTO `entry`(`entryid`,`type`) VALUES('5746','b');
INSERT INTO `book`(`title`,`entryid`,`isbn`,`type`) VALUES('Area of Wing','5746','0831892345131','e');
INSERT INTO `genre_book`(`genre`, `entryid`) VALUES ('Adventure','5746');
INSERT INTO `author_book`(`author`, `entryid`) VALUES ('Bethann Zinda','5746');
INSERT INTO `publisher_book`(`publisher`, `entryid`) VALUES ('Ellett Publishers.','5746');
INSERT INTO `entry`(`entryid`,`type`) VALUES('5747','b');
INSERT INTO `book`(`title`,`entryid`,`isbn`,`type`) VALUES('Aluminium of Iris','5747','9246587688650','j');
INSERT INTO `genre_book`(`genre`, `entryid`) VALUES ('Thriller','5747');
INSERT INTO `author_book`(`author`, `entryid`) VALUES ('Laure Ravitz','5747');
INSERT INTO `publisher_book`(`publisher`, `entryid`) VALUES ('Harders Cooperations.','5747');
INSERT INTO `entry`(`entryid`,`type`) VALUES('5748','b');
INSERT INTO `book`(`title`,`entryid`,`isbn`,`type`) VALUES('Pain because of crabbiest Pleasure','5748','0877942698815','j');
INSERT INTO `genre_book`(`genre`, `entryid`) VALUES ('Science','5748');
INSERT INTO `author_book`(`author`, `entryid`) VALUES ('Emely Aldape','5748');
INSERT INTO `publisher_book`(`publisher`, `entryid`) VALUES ('Gorney Publishers.','5748');
INSERT INTO `entry`(`entryid`,`type`) VALUES('5749','b');
INSERT INTO `book`(`title`,`entryid`,`isbn`,`type`) VALUES('Carol by the Edge','5749','9595278741598','e');
INSERT INTO `genre_book`(`genre`, `entryid`) VALUES ('Romance','5749');
INSERT INTO `author_book`(`author`, `entryid`) VALUES ('Corey Laconte','5749');
INSERT INTO `publisher_book`(`publisher`, `entryid`) VALUES ('Mu Inc.','5749');
INSERT INTO `entry`(`entryid`,`type`) VALUES('5750','b');
INSERT INTO `book`(`title`,`entryid`,`isbn`,`type`) VALUES('Hub by the Flood','5750','0856602492521','j');
INSERT INTO `genre_book`(`genre`, `entryid`) VALUES ('Thriller','5750');
INSERT INTO `author_book`(`author`, `entryid`) VALUES ('Richelle Newcombe','5750');
INSERT INTO `publisher_book`(`publisher`, `entryid`) VALUES ('Youmans Cooperations.','5750');
INSERT INTO `entry`(`entryid`,`type`) VALUES('5751','b');
INSERT INTO `book`(`title`,`entryid`,`isbn`,`type`) VALUES('Alloy of the Headline','5751','0027852549905','b');
INSERT INTO `genre_book`(`genre`, `entryid`) VALUES ('Science','5751');
INSERT INTO `author_book`(`author`, `entryid`) VALUES ('Charla Sarni','5751');
INSERT INTO `publisher_book`(`publisher`, `entryid`) VALUES ('Dewolff Cooperations.','5751');
INSERT INTO `entry`(`entryid`,`type`) VALUES('5752','b');
INSERT INTO `book`(`title`,`entryid`,`isbn`,`type`) VALUES('Defense and cluttered Cone','5752','0933478420289','b');
INSERT INTO `genre_book`(`genre`, `entryid`) VALUES ('Romance','5752');
INSERT INTO `author_book`(`author`, `entryid`) VALUES ('Sharon Jolls','5752');
INSERT INTO `publisher_book`(`publisher`, `entryid`) VALUES ('Kotlar Publishers.','5752');
INSERT INTO `entry`(`entryid`,`type`) VALUES('5753','b');
INSERT INTO `book`(`title`,`entryid`,`isbn`,`type`) VALUES('Bill by the gawkiest Siamese','5753','9556441511223','j');
INSERT INTO `genre_book`(`genre`, `entryid`) VALUES ('Science','5753');
INSERT INTO `author_book`(`author`, `entryid`) VALUES ('Leanora Renk','5753');
INSERT INTO `publisher_book`(`publisher`, `entryid`) VALUES ('Urive Publishers.','5753');
INSERT INTO `entry`(`entryid`,`type`) VALUES('5754','b');
INSERT INTO `book`(`title`,`entryid`,`isbn`,`type`) VALUES('Dessert in Coach','5754','9689667567175','b');
INSERT INTO `genre_book`(`genre`, `entryid`) VALUES ('Science','5754');
INSERT INTO `author_book`(`author`, `entryid`) VALUES ('Buster Syracuse','5754');
INSERT INTO `publisher_book`(`publisher`, `entryid`) VALUES ('Lundblad Inc.','5754');
INSERT INTO `entry`(`entryid`,`type`) VALUES('5755','b');
INSERT INTO `book`(`title`,`entryid`,`isbn`,`type`) VALUES('Armchair in Surname','5755','9165890414332','b');
INSERT INTO `genre_book`(`genre`, `entryid`) VALUES ('Thriller','5755');
INSERT INTO `author_book`(`author`, `entryid`) VALUES ('Randi Starr','5755');
INSERT INTO `publisher_book`(`publisher`, `entryid`) VALUES ('Hodgeman Inc.','5755');
INSERT INTO `entry`(`entryid`,`type`) VALUES('5756','b');
INSERT INTO `book`(`title`,`entryid`,`isbn`,`type`) VALUES('Degree for the Fire','5756','0800798542458','j');
INSERT INTO `genre_book`(`genre`, `entryid`) VALUES ('Adventure','5756');
INSERT INTO `author_book`(`author`, `entryid`) VALUES ('Keira Digiovanni','5756');
INSERT INTO `publisher_book`(`publisher`, `entryid`) VALUES ('Beachman Cooperations.','5756');
INSERT INTO `entry`(`entryid`,`type`) VALUES('5757','b');
INSERT INTO `book`(`title`,`entryid`,`isbn`,`type`) VALUES('Crow by the Samnite France','5757','9804983881693','j');
INSERT INTO `genre_book`(`genre`, `entryid`) VALUES ('Sci-Fi','5757');
INSERT INTO `author_book`(`author`, `entryid`) VALUES ('Georgie Bilyeu','5757');
INSERT INTO `publisher_book`(`publisher`, `entryid`) VALUES ('Nack Publishers.','5757');
INSERT INTO `entry`(`entryid`,`type`) VALUES('5758','b');
INSERT INTO `book`(`title`,`entryid`,`isbn`,`type`) VALUES('Dill against Whip','5758','0706083430290','b');
INSERT INTO `genre_book`(`genre`, `entryid`) VALUES ('Adventure','5758');
INSERT INTO `author_book`(`author`, `entryid`) VALUES ('Rosalinda Schellhase','5758');
INSERT INTO `publisher_book`(`publisher`, `entryid`) VALUES ('Lanphere Cooperations.','5758');
INSERT INTO `entry`(`entryid`,`type`) VALUES('5759','b');
INSERT INTO `book`(`title`,`entryid`,`isbn`,`type`) VALUES('Sampan for uninstructed Religion','5759','9007847059313','b');
INSERT INTO `genre_book`(`genre`, `entryid`) VALUES ('Science','5759');
INSERT INTO `author_book`(`author`, `entryid`) VALUES ('Lilliam Ayarza','5759');
INSERT INTO `publisher_book`(`publisher`, `entryid`) VALUES ('Medford Inc.','5759');
INSERT INTO `entry`(`entryid`,`type`) VALUES('5760','b');
INSERT INTO `book`(`title`,`entryid`,`isbn`,`type`) VALUES('Freckle and the invaginate Titanium','5760','0476026352734','b');
INSERT INTO `genre_book`(`genre`, `entryid`) VALUES ('Adventure','5760');
INSERT INTO `author`(`name`,`birthyear`,`deathyear`) VALUES('Arden Pushaw','1950','1996');
INSERT INTO `author_book`(`author`, `entryid`) VALUES ('Arden Pushaw','5760');
INSERT INTO `publisher_book`(`publisher`, `entryid`) VALUES ('Katzaman Cooperations.','5760');
INSERT INTO `entry`(`entryid`,`type`) VALUES('5761','b');
INSERT INTO `book`(`title`,`entryid`,`isbn`,`type`) VALUES('Blue in the Stream','5761','0321945427865','j');
INSERT INTO `genre_book`(`genre`, `entryid`) VALUES ('Romance','5761');
INSERT INTO `author_book`(`author`, `entryid`) VALUES ('Omer Hedler','5761');
INSERT INTO `publisher_book`(`publisher`, `entryid`) VALUES ('Kamuda Inc.','5761');
INSERT INTO `entry`(`entryid`,`type`) VALUES('5762','b');
INSERT INTO `book`(`title`,`entryid`,`isbn`,`type`) VALUES('Biology with Waitress','5762','9246516555948','j');
INSERT INTO `genre_book`(`genre`, `entryid`) VALUES ('Romance','5762');
INSERT INTO `author_book`(`author`, `entryid`) VALUES ('Christopher Canas','5762');
INSERT INTO `publisher_book`(`publisher`, `entryid`) VALUES ('Deaville Inc.','5762');
INSERT INTO `entry`(`entryid`,`type`) VALUES('5763','b');
INSERT INTO `book`(`title`,`entryid`,`isbn`,`type`) VALUES('Face in the muted Trowel','5763','0774153741519','b');
INSERT INTO `genre_book`(`genre`, `entryid`) VALUES ('Sci-Fi','5763');
INSERT INTO `author_book`(`author`, `entryid`) VALUES ('Marylyn Smelko','5763');
INSERT INTO `publisher_book`(`publisher`, `entryid`) VALUES ('Gorney Publishers.','5763');
INSERT INTO `entry`(`entryid`,`type`) VALUES('5764','b');
INSERT INTO `book`(`title`,`entryid`,`isbn`,`type`) VALUES('Piccolo in the Color','5764','9711450234030','b');
INSERT INTO `genre_book`(`genre`, `entryid`) VALUES ('Adventure','5764');
INSERT INTO `author_book`(`author`, `entryid`) VALUES ('Deja Beel','5764');
INSERT INTO `publisher_book`(`publisher`, `entryid`) VALUES ('Matise Cooperations.','5764');
INSERT INTO `entry`(`entryid`,`type`) VALUES('5765','b');
INSERT INTO `book`(`title`,`entryid`,`isbn`,`type`) VALUES('Node with embroiled Statistic','5765','9162631534375','e');
INSERT INTO `genre_book`(`genre`, `entryid`) VALUES ('Education','5765');
INSERT INTO `author_book`(`author`, `entryid`) VALUES ('Tamela Skutt','5765');
INSERT INTO `publisher_book`(`publisher`, `entryid`) VALUES ('Leydecker Inc.','5765');
INSERT INTO `entry`(`entryid`,`type`) VALUES('5766','b');
INSERT INTO `book`(`title`,`entryid`,`isbn`,`type`) VALUES('Judge and the Oedipean Temper','5766','0085984893617','b');
INSERT INTO `genre_book`(`genre`, `entryid`) VALUES ('Horror','5766');
INSERT INTO `author_book`(`author`, `entryid`) VALUES ('Sanjuana Meinders','5766');
INSERT INTO `publisher_book`(`publisher`, `entryid`) VALUES ('Weagraff Cooperations.','5766');
INSERT INTO `entry`(`entryid`,`type`) VALUES('5767','b');
INSERT INTO `book`(`title`,`entryid`,`isbn`,`type`) VALUES('Client by the hip John','5767','9869193296196','b');
INSERT INTO `genre_book`(`genre`, `entryid`) VALUES ('Adventure','5767');
INSERT INTO `author_book`(`author`, `entryid`) VALUES ('Lorena Tweddell','5767');
INSERT INTO `publisher_book`(`publisher`, `entryid`) VALUES ('Ezelle Publishers.','5767');
INSERT INTO `entry`(`entryid`,`type`) VALUES('5768','b');
INSERT INTO `book`(`title`,`entryid`,`isbn`,`type`) VALUES('Tuna and the Trapezoid','5768','9478844920757','b');
INSERT INTO `genre_book`(`genre`, `entryid`) VALUES ('Thriller','5768');
INSERT INTO `author_book`(`author`, `entryid`) VALUES ('Shoshana Vigiano','5768');
INSERT INTO `publisher_book`(`publisher`, `entryid`) VALUES ('Dingson Publishers.','5768');
INSERT INTO `entry`(`entryid`,`type`) VALUES('5769','b');
INSERT INTO `book`(`title`,`entryid`,`isbn`,`type`) VALUES('Lathe to the Mint','5769','0091827835271','b');
INSERT INTO `genre_book`(`genre`, `entryid`) VALUES ('Horror','5769');
INSERT INTO `author_book`(`author`, `entryid`) VALUES ('Wava War','5769');
INSERT INTO `publisher_book`(`publisher`, `entryid`) VALUES ('Diliberti Inc.','5769');
INSERT INTO `entry`(`entryid`,`type`) VALUES('5770','b');
INSERT INTO `book`(`title`,`entryid`,`isbn`,`type`) VALUES('Orchestra with the Sun','5770','0005818717996','b');
INSERT INTO `genre_book`(`genre`, `entryid`) VALUES ('Romance','5770');
INSERT INTO `author_book`(`author`, `entryid`) VALUES ('Winston Siano','5770');
INSERT INTO `publisher_book`(`publisher`, `entryid`) VALUES ('Mccardell Cooperations.','5770');
INSERT INTO `entry`(`entryid`,`type`) VALUES('5771','b');
INSERT INTO `book`(`title`,`entryid`,`isbn`,`type`) VALUES('Zinc with sultriest Gallon','5771','9495972393029','e');
INSERT INTO `genre_book`(`genre`, `entryid`) VALUES ('Sci-Fi','5771');
INSERT INTO `author_book`(`author`, `entryid`) VALUES ('Betsey Herrick','5771');
INSERT INTO `publisher_book`(`publisher`, `entryid`) VALUES ('Hamnon Publishers.','5771');
INSERT INTO `entry`(`entryid`,`type`) VALUES('5772','b');
INSERT INTO `book`(`title`,`entryid`,`isbn`,`type`) VALUES('Station with florid Reaction','5772','9812789003364','b');
INSERT INTO `genre_book`(`genre`, `entryid`) VALUES ('Romance','5772');
INSERT INTO `author_book`(`author`, `entryid`) VALUES ('Ayako Lebeda','5772');
INSERT INTO `publisher_book`(`publisher`, `entryid`) VALUES ('Holshovser Publishers.','5772');
INSERT INTO `entry`(`entryid`,`type`) VALUES('5773','b');
INSERT INTO `book`(`title`,`entryid`,`isbn`,`type`) VALUES('Kick by the tortious Whorl','5773','0934817179013','j');
INSERT INTO `genre_book`(`genre`, `entryid`) VALUES ('Romance','5773');
INSERT INTO `author_book`(`author`, `entryid`) VALUES ('Deandre Pankhurst','5773');
INSERT INTO `publisher_book`(`publisher`, `entryid`) VALUES ('Wood Inc.','5773');
INSERT INTO `entry`(`entryid`,`type`) VALUES('5774','b');
INSERT INTO `book`(`title`,`entryid`,`isbn`,`type`) VALUES('Boundary to Cost','5774','9210982636022','e');
INSERT INTO `genre_book`(`genre`, `entryid`) VALUES ('Horror','5774');
INSERT INTO `author_book`(`author`, `entryid`) VALUES ('Kathrine Lucci','5774');
INSERT INTO `publisher_book`(`publisher`, `entryid`) VALUES ('Dietlin Cooperations.','5774');
INSERT INTO `entry`(`entryid`,`type`) VALUES('5775','b');
INSERT INTO `book`(`title`,`entryid`,`isbn`,`type`) VALUES('Pisces because of coliform Liquid','5775','9227428705258','j');
INSERT INTO `genre_book`(`genre`, `entryid`) VALUES ('Romance','5775');
INSERT INTO `author_book`(`author`, `entryid`) VALUES ('Loura Savelli','5775');
INSERT INTO `publisher_book`(`publisher`, `entryid`) VALUES ('Rodrick Cooperations.','5775');
INSERT INTO `entry`(`entryid`,`type`) VALUES('5776','b');
INSERT INTO `book`(`title`,`entryid`,`isbn`,`type`) VALUES('Boundary by Avenue','5776','9162418902620','b');
INSERT INTO `genre_book`(`genre`, `entryid`) VALUES ('Science','5776');
INSERT INTO `author`(`name`,`birthyear`,`deathyear`) VALUES('Normand Bourdier','1933','1982');
INSERT INTO `author_book`(`author`, `entryid`) VALUES ('Normand Bourdier','5776');
INSERT INTO `publisher_book`(`publisher`, `entryid`) VALUES ('Bagnaschi Publishers.','5776');
INSERT INTO `entry`(`entryid`,`type`) VALUES('5777','b');
INSERT INTO `book`(`title`,`entryid`,`isbn`,`type`) VALUES('Halibut against the Television','5777','0490662710051','b');
INSERT INTO `genre_book`(`genre`, `entryid`) VALUES ('Thriller','5777');
INSERT INTO `author_book`(`author`, `entryid`) VALUES ('Cherryl Palacious','5777');
INSERT INTO `publisher_book`(`publisher`, `entryid`) VALUES ('Litwin Publishers.','5777');
INSERT INTO `entry`(`entryid`,`type`) VALUES('5778','b');
INSERT INTO `book`(`title`,`entryid`,`isbn`,`type`) VALUES('Egypt of the astylar Roast','5778','0708241508070','j');
INSERT INTO `genre_book`(`genre`, `entryid`) VALUES ('Horror','5778');
INSERT INTO `author_book`(`author`, `entryid`) VALUES ('Lauretta Mcmunn','5778');
INSERT INTO `publisher_book`(`publisher`, `entryid`) VALUES ('Farber Publishers.','5778');
INSERT INTO `entry`(`entryid`,`type`) VALUES('5779','b');
INSERT INTO `book`(`title`,`entryid`,`isbn`,`type`) VALUES('Mom to fruity Voice','5779','9451931103077','e');
INSERT INTO `genre_book`(`genre`, `entryid`) VALUES ('Adventure','5779');
INSERT INTO `author_book`(`author`, `entryid`) VALUES ('Werner Fudala','5779');
INSERT INTO `publisher_book`(`publisher`, `entryid`) VALUES ('Luchenbill Inc.','5779');
INSERT INTO `entry`(`entryid`,`type`) VALUES('5780','b');
INSERT INTO `book`(`title`,`entryid`,`isbn`,`type`) VALUES('Drum in the Underpants','5780','0450739852270','j');
INSERT INTO `genre_book`(`genre`, `entryid`) VALUES ('Romance','5780');
INSERT INTO `author_book`(`author`, `entryid`) VALUES ('Shalon Kilroy','5780');
INSERT INTO `publisher_book`(`publisher`, `entryid`) VALUES ('Dingson Publishers.','5780');
INSERT INTO `entry`(`entryid`,`type`) VALUES('5781','b');
INSERT INTO `book`(`title`,`entryid`,`isbn`,`type`) VALUES('Australian with the English','5781','9367465094124','b');
INSERT INTO `genre_book`(`genre`, `entryid`) VALUES ('Romance','5781');
INSERT INTO `author_book`(`author`, `entryid`) VALUES ('Lavon Payna','5781');
INSERT INTO `publisher_book`(`publisher`, `entryid`) VALUES ('Devon Inc.','5781');
INSERT INTO `entry`(`entryid`,`type`) VALUES('5782','b');
INSERT INTO `book`(`title`,`entryid`,`isbn`,`type`) VALUES('Linda and the limber Flame','5782','9809137621901','j');
INSERT INTO `genre_book`(`genre`, `entryid`) VALUES ('Horror','5782');
INSERT INTO `author_book`(`author`, `entryid`) VALUES ('Keesha Tarangelo','5782');
INSERT INTO `publisher_book`(`publisher`, `entryid`) VALUES ('Harders Cooperations.','5782');
INSERT INTO `entry`(`entryid`,`type`) VALUES('5783','b');
INSERT INTO `book`(`title`,`entryid`,`isbn`,`type`) VALUES('Existence in housewifely Moustache','5783','9603338548059','b');
INSERT INTO `genre_book`(`genre`, `entryid`) VALUES ('Thriller','5783');
INSERT INTO `author_book`(`author`, `entryid`) VALUES ('Nydia Duhe','5783');
INSERT INTO `publisher_book`(`publisher`, `entryid`) VALUES ('Danowski Publishers.','5783');
INSERT INTO `entry`(`entryid`,`type`) VALUES('5784','b');
INSERT INTO `book`(`title`,`entryid`,`isbn`,`type`) VALUES('Jeans for the cockeyed Office','5784','0438043258013','e');
INSERT INTO `genre_book`(`genre`, `entryid`) VALUES ('Romance','5784');
INSERT INTO `author_book`(`author`, `entryid`) VALUES ('Margie Sellman','5784');
INSERT INTO `publisher_book`(`publisher`, `entryid`) VALUES ('Neuman Cooperations.','5784');
INSERT INTO `entry`(`entryid`,`type`) VALUES('5785','b');
INSERT INTO `book`(`title`,`entryid`,`isbn`,`type`) VALUES('Curler against Bone','5785','0952836005791','e');
INSERT INTO `genre_book`(`genre`, `entryid`) VALUES ('Horror','5785');
INSERT INTO `author_book`(`author`, `entryid`) VALUES ('Jewell Clipper','5785');
INSERT INTO `publisher_book`(`publisher`, `entryid`) VALUES ('Valree Inc.','5785');
INSERT INTO `entry`(`entryid`,`type`) VALUES('5786','b');
INSERT INTO `book`(`title`,`entryid`,`isbn`,`type`) VALUES('Bow against the Radiator','5786','9031493837351','b');
INSERT INTO `genre_book`(`genre`, `entryid`) VALUES ('Sci-Fi','5786');
INSERT INTO `author_book`(`author`, `entryid`) VALUES ('Kennith Runner','5786');
INSERT INTO `publisher_book`(`publisher`, `entryid`) VALUES ('Nack Publishers.','5786');
INSERT INTO `entry`(`entryid`,`type`) VALUES('5787','b');
INSERT INTO `book`(`title`,`entryid`,`isbn`,`type`) VALUES('Mom because of jeering Dog','5787','0787551463502','b');
INSERT INTO `genre_book`(`genre`, `entryid`) VALUES ('Science','5787');
INSERT INTO `author_book`(`author`, `entryid`) VALUES ('Marisa Schwister','5787');
INSERT INTO `publisher_book`(`publisher`, `entryid`) VALUES ('Cordas Inc.','5787');
INSERT INTO `entry`(`entryid`,`type`) VALUES('5788','b');
INSERT INTO `book`(`title`,`entryid`,`isbn`,`type`) VALUES('Key with the orobanchaceous George','5788','9494024894212','b');
INSERT INTO `genre_book`(`genre`, `entryid`) VALUES ('Science','5788');
INSERT INTO `author_book`(`author`, `entryid`) VALUES ('Selina Zembower','5788');
INSERT INTO `publisher_book`(`publisher`, `entryid`) VALUES ('Martinek Cooperations.','5788');
INSERT INTO `entry`(`entryid`,`type`) VALUES('5789','b');
INSERT INTO `book`(`title`,`entryid`,`isbn`,`type`) VALUES('Bar because of Salesman','5789','9422446778600','j');
INSERT INTO `genre_book`(`genre`, `entryid`) VALUES ('Science','5789');
INSERT INTO `author_book`(`author`, `entryid`) VALUES ('Nana Koinzan','5789');
INSERT INTO `publisher_book`(`publisher`, `entryid`) VALUES ('Maxell Publishers.','5789');
INSERT INTO `entry`(`entryid`,`type`) VALUES('5790','b');
INSERT INTO `book`(`title`,`entryid`,`isbn`,`type`) VALUES('Dogsled and Hockey','5790','9002802122108','j');
INSERT INTO `genre_book`(`genre`, `entryid`) VALUES ('Adventure','5790');
INSERT INTO `author_book`(`author`, `entryid`) VALUES ('Vernell Gauna','5790');
INSERT INTO `publisher_book`(`publisher`, `entryid`) VALUES ('Marth Cooperations.','5790');
INSERT INTO `entry`(`entryid`,`type`) VALUES('5791','b');
INSERT INTO `book`(`title`,`entryid`,`isbn`,`type`) VALUES('Rice to cancelled Advertisement','5791','0019450618683','e');
INSERT INTO `genre_book`(`genre`, `entryid`) VALUES ('Romance','5791');
INSERT INTO `author_book`(`author`, `entryid`) VALUES ('Denisse Bragdon','5791');
INSERT INTO `publisher_book`(`publisher`, `entryid`) VALUES ('Ruozzo Cooperations.','5791');
INSERT INTO `entry`(`entryid`,`type`) VALUES('5792','b');
INSERT INTO `book`(`title`,`entryid`,`isbn`,`type`) VALUES('Crocodile to the stateliest Voice','5792','0710277651284','b');
INSERT INTO `genre_book`(`genre`, `entryid`) VALUES ('Thriller','5792');
INSERT INTO `author_book`(`author`, `entryid`) VALUES ('Vania Sarson','5792');
INSERT INTO `publisher_book`(`publisher`, `entryid`) VALUES ('Matise Cooperations.','5792');
INSERT INTO `entry`(`entryid`,`type`) VALUES('5793','b');
INSERT INTO `book`(`title`,`entryid`,`isbn`,`type`) VALUES('Stretch of the unconfused Heart','5793','9162404282601','e');
INSERT INTO `genre_book`(`genre`, `entryid`) VALUES ('Romance','5793');
INSERT INTO `author`(`name`,`birthyear`,`deathyear`) VALUES('Giuseppe Nute','1910','2000');
INSERT INTO `author_book`(`author`, `entryid`) VALUES ('Giuseppe Nute','5793');
INSERT INTO `publisher_book`(`publisher`, `entryid`) VALUES ('Waldbauer Publishers.','5793');
INSERT INTO `entry`(`entryid`,`type`) VALUES('5794','b');
INSERT INTO `book`(`title`,`entryid`,`isbn`,`type`) VALUES('Tiger against the Panties','5794','0246566709902','b');
INSERT INTO `genre_book`(`genre`, `entryid`) VALUES ('Romance','5794');
INSERT INTO `author_book`(`author`, `entryid`) VALUES ('Sanjuanita Winesberry','5794');
INSERT INTO `publisher_book`(`publisher`, `entryid`) VALUES ('Yasso Cooperations.','5794');
INSERT INTO `entry`(`entryid`,`type`) VALUES('5795','b');
INSERT INTO `book`(`title`,`entryid`,`isbn`,`type`) VALUES('Bibliography in the Time','5795','0924088350006','e');
INSERT INTO `genre_book`(`genre`, `entryid`) VALUES ('Romance','5795');
INSERT INTO `author_book`(`author`, `entryid`) VALUES ('Renna Linnemann','5795');
INSERT INTO `publisher_book`(`publisher`, `entryid`) VALUES ('Moraitis Inc.','5795');
INSERT INTO `entry`(`entryid`,`type`) VALUES('5796','b');
INSERT INTO `book`(`title`,`entryid`,`isbn`,`type`) VALUES('Help against the Sign','5796','0013837696805','j');
INSERT INTO `genre_book`(`genre`, `entryid`) VALUES ('Romance','5796');
INSERT INTO `author_book`(`author`, `entryid`) VALUES ('Lenita Dahm','5796');
INSERT INTO `publisher_book`(`publisher`, `entryid`) VALUES ('Gorney Publishers.','5796');
INSERT INTO `entry`(`entryid`,`type`) VALUES('5797','b');
INSERT INTO `book`(`title`,`entryid`,`isbn`,`type`) VALUES('Step-mother against the Thistle','5797','9146737483832','j');
INSERT INTO `genre_book`(`genre`, `entryid`) VALUES ('Science','5797');
INSERT INTO `author_book`(`author`, `entryid`) VALUES ('Emilie Casbarro','5797');
INSERT INTO `publisher_book`(`publisher`, `entryid`) VALUES ('Beja Publishers.','5797');
INSERT INTO `entry`(`entryid`,`type`) VALUES('5798','b');
INSERT INTO `book`(`title`,`entryid`,`isbn`,`type`) VALUES('Tent in the allergic Rain','5798','9366943816068','e');
INSERT INTO `genre_book`(`genre`, `entryid`) VALUES ('Education','5798');
INSERT INTO `author_book`(`author`, `entryid`) VALUES ('Shavonda Pinet','5798');
INSERT INTO `publisher_book`(`publisher`, `entryid`) VALUES ('Gallegos Publishers.','5798');
INSERT INTO `entry`(`entryid`,`type`) VALUES('5799','b');
INSERT INTO `book`(`title`,`entryid`,`isbn`,`type`) VALUES('Stop of fair Parent','5799','0133304315639','j');
INSERT INTO `genre_book`(`genre`, `entryid`) VALUES ('Science','5799');
INSERT INTO `author_book`(`author`, `entryid`) VALUES ('Korey Acy','5799');
INSERT INTO `publisher_book`(`publisher`, `entryid`) VALUES ('Beja Publishers.','5799');
INSERT INTO `entry`(`entryid`,`type`) VALUES('5800','b');
INSERT INTO `book`(`title`,`entryid`,`isbn`,`type`) VALUES('Alibi because of inartistic Minister','5800','0500532172794','e');
INSERT INTO `genre_book`(`genre`, `entryid`) VALUES ('Romance','5800');
INSERT INTO `author_book`(`author`, `entryid`) VALUES ('Elida Heffern','5800');
INSERT INTO `publisher_book`(`publisher`, `entryid`) VALUES ('Fiebich Cooperations.','5800');
INSERT INTO `entry`(`entryid`,`type`) VALUES('5801','b');
INSERT INTO `book`(`title`,`entryid`,`isbn`,`type`) VALUES('Wave for corded Semicolon','5801','0921009856403','j');
INSERT INTO `genre_book`(`genre`, `entryid`) VALUES ('Science','5801');
INSERT INTO `author_book`(`author`, `entryid`) VALUES ('Buster Syracuse','5801');
INSERT INTO `publisher_book`(`publisher`, `entryid`) VALUES ('Toste Publishers.','5801');
INSERT INTO `entry`(`entryid`,`type`) VALUES('5802','b');
INSERT INTO `book`(`title`,`entryid`,`isbn`,`type`) VALUES('Niece by the Square','5802','9696695190203','e');
INSERT INTO `genre_book`(`genre`, `entryid`) VALUES ('Thriller','5802');
INSERT INTO `author_book`(`author`, `entryid`) VALUES ('Porter Finkel','5802');
INSERT INTO `publisher_book`(`publisher`, `entryid`) VALUES ('Blan Inc.','5802');
INSERT INTO `entry`(`entryid`,`type`) VALUES('5803','b');
INSERT INTO `book`(`title`,`entryid`,`isbn`,`type`) VALUES('End for the newborn David','5803','0875700785870','e');
INSERT INTO `genre_book`(`genre`, `entryid`) VALUES ('Adventure','5803');
INSERT INTO `author_book`(`author`, `entryid`) VALUES ('Adrien Kulaga','5803');
INSERT INTO `publisher_book`(`publisher`, `entryid`) VALUES ('Papaleo Publishers.','5803');
INSERT INTO `entry`(`entryid`,`type`) VALUES('5804','b');
INSERT INTO `book`(`title`,`entryid`,`isbn`,`type`) VALUES('Stinger for Helmet','5804','9332301881278','b');
INSERT INTO `genre_book`(`genre`, `entryid`) VALUES ('Thriller','5804');
INSERT INTO `author_book`(`author`, `entryid`) VALUES ('Shawana Vancleve','5804');
INSERT INTO `publisher_book`(`publisher`, `entryid`) VALUES ('Portaro Inc.','5804');
INSERT INTO `entry`(`entryid`,`type`) VALUES('5805','b');
INSERT INTO `book`(`title`,`entryid`,`isbn`,`type`) VALUES('Siberian to Numeric','5805','9924089591892','e');
INSERT INTO `genre_book`(`genre`, `entryid`) VALUES ('Sci-Fi','5805');
INSERT INTO `author_book`(`author`, `entryid`) VALUES ('Susanne Walkowski','5805');
INSERT INTO `publisher_book`(`publisher`, `entryid`) VALUES ('Inlow Inc.','5805');
INSERT INTO `entry`(`entryid`,`type`) VALUES('5806','b');
INSERT INTO `book`(`title`,`entryid`,`isbn`,`type`) VALUES('Feature for the Cinema','5806','9494027633476','e');
INSERT INTO `genre_book`(`genre`, `entryid`) VALUES ('Science','5806');
INSERT INTO `author_book`(`author`, `entryid`) VALUES ('Eric Mikulec','5806');
INSERT INTO `publisher_book`(`publisher`, `entryid`) VALUES ('Rothery Cooperations.','5806');
INSERT INTO `entry`(`entryid`,`type`) VALUES('5807','b');
INSERT INTO `book`(`title`,`entryid`,`isbn`,`type`) VALUES('Flower and the Squid','5807','0472065969243','e');
INSERT INTO `genre_book`(`genre`, `entryid`) VALUES ('Romance','5807');
INSERT INTO `author_book`(`author`, `entryid`) VALUES ('Christopher Canas','5807');
INSERT INTO `publisher_book`(`publisher`, `entryid`) VALUES ('Luchenbill Inc.','5807');
INSERT INTO `entry`(`entryid`,`type`) VALUES('5808','b');
INSERT INTO `book`(`title`,`entryid`,`isbn`,`type`) VALUES('Flax for Anglican Oven','5808','9415182061154','e');
INSERT INTO `genre_book`(`genre`, `entryid`) VALUES ('Education','5808');
INSERT INTO `author_book`(`author`, `entryid`) VALUES ('Valeri Kuechle','5808');
INSERT INTO `publisher_book`(`publisher`, `entryid`) VALUES ('Grinner Inc.','5808');
INSERT INTO `entry`(`entryid`,`type`) VALUES('5809','b');
INSERT INTO `book`(`title`,`entryid`,`isbn`,`type`) VALUES('Sex of Trowel','5809','0183118207480','j');
INSERT INTO `genre_book`(`genre`, `entryid`) VALUES ('Education','5809');
INSERT INTO `author_book`(`author`, `entryid`) VALUES ('Agustina Sobczyk','5809');
INSERT INTO `publisher_book`(`publisher`, `entryid`) VALUES ('Beik Inc.','5809');
INSERT INTO `entry`(`entryid`,`type`) VALUES('5810','b');
INSERT INTO `book`(`title`,`entryid`,`isbn`,`type`) VALUES('Mouse for Mary','5810','0711995259659','b');
INSERT INTO `genre_book`(`genre`, `entryid`) VALUES ('Education','5810');
INSERT INTO `author_book`(`author`, `entryid`) VALUES ('Ladawn Catoire','5810');
INSERT INTO `publisher_book`(`publisher`, `entryid`) VALUES ('Storbeck Inc.','5810');
INSERT INTO `entry`(`entryid`,`type`) VALUES('5811','b');
INSERT INTO `book`(`title`,`entryid`,`isbn`,`type`) VALUES('Brother against the Punic Profit','5811','9234950175716','b');
INSERT INTO `genre_book`(`genre`, `entryid`) VALUES ('Sci-Fi','5811');
INSERT INTO `author_book`(`author`, `entryid`) VALUES ('Tegan Mccranie','5811');
INSERT INTO `publisher_book`(`publisher`, `entryid`) VALUES ('Wolfer Cooperations.','5811');
INSERT INTO `entry`(`entryid`,`type`) VALUES('5812','b');
INSERT INTO `book`(`title`,`entryid`,`isbn`,`type`) VALUES('Paul for guideless Hamburger','5812','0118028263037','j');
INSERT INTO `genre_book`(`genre`, `entryid`) VALUES ('Science','5812');
INSERT INTO `author_book`(`author`, `entryid`) VALUES ('Myrl Koyama','5812');
INSERT INTO `publisher_book`(`publisher`, `entryid`) VALUES ('Buergel Inc.','5812');
INSERT INTO `entry`(`entryid`,`type`) VALUES('5813','b');
INSERT INTO `book`(`title`,`entryid`,`isbn`,`type`) VALUES('Hole of slicked Woman','5813','0771243559812','e');
INSERT INTO `genre_book`(`genre`, `entryid`) VALUES ('Education','5813');
INSERT INTO `author`(`name`,`birthyear`,`deathyear`) VALUES('Chadwick Delabarre','1946','1967');
INSERT INTO `author_book`(`author`, `entryid`) VALUES ('Chadwick Delabarre','5813');
INSERT INTO `publisher_book`(`publisher`, `entryid`) VALUES ('Trinkl Inc.','5813');
INSERT INTO `entry`(`entryid`,`type`) VALUES('5814','b');
INSERT INTO `book`(`title`,`entryid`,`isbn`,`type`) VALUES('Kitty in irresponsive Fiber','5814','0375599654701','e');
INSERT INTO `genre_book`(`genre`, `entryid`) VALUES ('Sci-Fi','5814');
INSERT INTO `author`(`name`,`birthyear`,`deathyear`) VALUES('Ivey Stoppel','1897','1986');
INSERT INTO `author_book`(`author`, `entryid`) VALUES ('Ivey Stoppel','5814');
INSERT INTO `publisher_book`(`publisher`, `entryid`) VALUES ('Egley Cooperations.','5814');
INSERT INTO `entry`(`entryid`,`type`) VALUES('5815','b');
INSERT INTO `book`(`title`,`entryid`,`isbn`,`type`) VALUES('Red and Price','5815','0495986661672','b');
INSERT INTO `genre_book`(`genre`, `entryid`) VALUES ('Education','5815');
INSERT INTO `author_book`(`author`, `entryid`) VALUES ('Joe Deppert','5815');
INSERT INTO `publisher_book`(`publisher`, `entryid`) VALUES ('Beja Publishers.','5815');
INSERT INTO `entry`(`entryid`,`type`) VALUES('5816','b');
INSERT INTO `book`(`title`,`entryid`,`isbn`,`type`) VALUES('Existence with glassy Farm','5816','0368521948303','b');
INSERT INTO `genre_book`(`genre`, `entryid`) VALUES ('Science','5816');
INSERT INTO `author_book`(`author`, `entryid`) VALUES ('Lavon Payna','5816');
INSERT INTO `publisher_book`(`publisher`, `entryid`) VALUES ('Wesloh Inc.','5816');
INSERT INTO `entry`(`entryid`,`type`) VALUES('5817','b');
INSERT INTO `book`(`title`,`entryid`,`isbn`,`type`) VALUES('Organisation to storeyed Faucet','5817','0830686360629','e');
INSERT INTO `genre_book`(`genre`, `entryid`) VALUES ('Adventure','5817');
INSERT INTO `author_book`(`author`, `entryid`) VALUES ('Edra Cragin','5817');
INSERT INTO `publisher_book`(`publisher`, `entryid`) VALUES ('Grabo Cooperations.','5817');
INSERT INTO `entry`(`entryid`,`type`) VALUES('5818','b');
INSERT INTO `book`(`title`,`entryid`,`isbn`,`type`) VALUES('Body of C-clamp','5818','9380667134903','e');
INSERT INTO `genre_book`(`genre`, `entryid`) VALUES ('Education','5818');
INSERT INTO `author_book`(`author`, `entryid`) VALUES ('Henry Mccann','5818');
INSERT INTO `publisher_book`(`publisher`, `entryid`) VALUES ('Beja Publishers.','5818');
INSERT INTO `entry`(`entryid`,`type`) VALUES('5819','b');
INSERT INTO `book`(`title`,`entryid`,`isbn`,`type`) VALUES('Adjustment in the Gondola','5819','9928620012111','e');
INSERT INTO `genre_book`(`genre`, `entryid`) VALUES ('Romance','5819');
INSERT INTO `author_book`(`author`, `entryid`) VALUES ('Mathilda Morino','5819');
INSERT INTO `publisher_book`(`publisher`, `entryid`) VALUES ('Garfield Publishers.','5819');
INSERT INTO `entry`(`entryid`,`type`) VALUES('5820','b');
INSERT INTO `book`(`title`,`entryid`,`isbn`,`type`) VALUES('Lizard in annealed Swedish','5820','0083879511135','b');
INSERT INTO `genre_book`(`genre`, `entryid`) VALUES ('Thriller','5820');
INSERT INTO `author_book`(`author`, `entryid`) VALUES ('Brittani Barthol','5820');
INSERT INTO `publisher_book`(`publisher`, `entryid`) VALUES ('Deblanc Publishers.','5820');
INSERT INTO `entry`(`entryid`,`type`) VALUES('5821','b');
INSERT INTO `book`(`title`,`entryid`,`isbn`,`type`) VALUES('Fear with unseasonable Gearshift','5821','0448964902095','b');
INSERT INTO `genre_book`(`genre`, `entryid`) VALUES ('Science','5821');
INSERT INTO `author_book`(`author`, `entryid`) VALUES ('Gwenn Bernal','5821');
INSERT INTO `publisher_book`(`publisher`, `entryid`) VALUES ('Capurro Publishers.','5821');
INSERT INTO `entry`(`entryid`,`type`) VALUES('5822','b');
INSERT INTO `book`(`title`,`entryid`,`isbn`,`type`) VALUES('Middle vs. Witch','5822','0098770515553','j');
INSERT INTO `genre_book`(`genre`, `entryid`) VALUES ('Adventure','5822');
INSERT INTO `author`(`name`,`birthyear`,`deathyear`) VALUES('Rosia Seroka','1911','1976');
INSERT INTO `author_book`(`author`, `entryid`) VALUES ('Rosia Seroka','5822');
INSERT INTO `publisher_book`(`publisher`, `entryid`) VALUES ('Shuffstall Cooperations.','5822');
INSERT INTO `entry`(`entryid`,`type`) VALUES('5823','b');
INSERT INTO `book`(`title`,`entryid`,`isbn`,`type`) VALUES('Transport for the geosynclinal Carrot','5823','9745185644510','b');
INSERT INTO `genre_book`(`genre`, `entryid`) VALUES ('Sci-Fi','5823');
INSERT INTO `author_book`(`author`, `entryid`) VALUES ('Shaniqua Agosta','5823');
INSERT INTO `publisher_book`(`publisher`, `entryid`) VALUES ('Reeber Inc.','5823');
INSERT INTO `entry`(`entryid`,`type`) VALUES('5824','b');
INSERT INTO `book`(`title`,`entryid`,`isbn`,`type`) VALUES('Wound in grilled Cirrus','5824','0099898315796','j');
INSERT INTO `genre_book`(`genre`, `entryid`) VALUES ('Science','5824');
INSERT INTO `author_book`(`author`, `entryid`) VALUES ('Janina Giczewski','5824');
INSERT INTO `publisher_book`(`publisher`, `entryid`) VALUES ('Estrem Inc.','5824');
INSERT INTO `entry`(`entryid`,`type`) VALUES('5825','b');
INSERT INTO `book`(`title`,`entryid`,`isbn`,`type`) VALUES('Plot for the scotopic Database','5825','0838299984919','b');
INSERT INTO `genre_book`(`genre`, `entryid`) VALUES ('Adventure','5825');
INSERT INTO `author_book`(`author`, `entryid`) VALUES ('Rosette Severtson','5825');
INSERT INTO `publisher_book`(`publisher`, `entryid`) VALUES ('Herreras Cooperations.','5825');
INSERT INTO `entry`(`entryid`,`type`) VALUES('5826','b');
INSERT INTO `book`(`title`,`entryid`,`isbn`,`type`) VALUES('Bun and the Euphonium','5826','0896977251681','e');
INSERT INTO `genre_book`(`genre`, `entryid`) VALUES ('Sci-Fi','5826');
INSERT INTO `author_book`(`author`, `entryid`) VALUES ('Wilhelmina Dirusso','5826');
INSERT INTO `publisher_book`(`publisher`, `entryid`) VALUES ('Mominee Inc.','5826');
INSERT INTO `entry`(`entryid`,`type`) VALUES('5827','b');
INSERT INTO `book`(`title`,`entryid`,`isbn`,`type`) VALUES('Wood against well-affected Pilot','5827','0099278987912','b');
INSERT INTO `genre_book`(`genre`, `entryid`) VALUES ('Thriller','5827');
INSERT INTO `author_book`(`author`, `entryid`) VALUES ('Kenneth Mangual','5827');
INSERT INTO `publisher_book`(`publisher`, `entryid`) VALUES ('Deaville Inc.','5827');
INSERT INTO `entry`(`entryid`,`type`) VALUES('5828','b');
INSERT INTO `book`(`title`,`entryid`,`isbn`,`type`) VALUES('Calf in the mop-headed Current','5828','9605821360720','e');
INSERT INTO `genre_book`(`genre`, `entryid`) VALUES ('Science','5828');
INSERT INTO `author_book`(`author`, `entryid`) VALUES ('Jerold Taing','5828');
INSERT INTO `publisher_book`(`publisher`, `entryid`) VALUES ('Yasso Cooperations.','5828');
INSERT INTO `entry`(`entryid`,`type`) VALUES('5829','b');
INSERT INTO `book`(`title`,`entryid`,`isbn`,`type`) VALUES('Saw for the Apparatus','5829','0949402088881','b');
INSERT INTO `genre_book`(`genre`, `entryid`) VALUES ('Thriller','5829');
INSERT INTO `author_book`(`author`, `entryid`) VALUES ('Adrian Elling','5829');
INSERT INTO `publisher_book`(`publisher`, `entryid`) VALUES ('Storbeck Inc.','5829');
INSERT INTO `entry`(`entryid`,`type`) VALUES('5830','b');
INSERT INTO `book`(`title`,`entryid`,`isbn`,`type`) VALUES('Lyric with the Shadow','5830','0332199665988','b');
INSERT INTO `genre_book`(`genre`, `entryid`) VALUES ('Adventure','5830');
INSERT INTO `author_book`(`author`, `entryid`) VALUES ('Stacy Bacher','5830');
INSERT INTO `publisher_book`(`publisher`, `entryid`) VALUES ('Brotherson Inc.','5830');
INSERT INTO `entry`(`entryid`,`type`) VALUES('5831','b');
INSERT INTO `book`(`title`,`entryid`,`isbn`,`type`) VALUES('Science against Magic','5831','9507161029640','j');
INSERT INTO `genre_book`(`genre`, `entryid`) VALUES ('Romance','5831');
INSERT INTO `author_book`(`author`, `entryid`) VALUES ('Margarita Bloem','5831');
INSERT INTO `publisher_book`(`publisher`, `entryid`) VALUES ('Opteyndt Inc.','5831');
INSERT INTO `entry`(`entryid`,`type`) VALUES('5832','b');
INSERT INTO `book`(`title`,`entryid`,`isbn`,`type`) VALUES('Railway and the reciprocal Modem','5832','0822222808560','e');
INSERT INTO `genre_book`(`genre`, `entryid`) VALUES ('Sci-Fi','5832');
INSERT INTO `author_book`(`author`, `entryid`) VALUES ('Madaline Parrin','5832');
INSERT INTO `publisher_book`(`publisher`, `entryid`) VALUES ('Batrum Inc.','5832');
INSERT INTO `entry`(`entryid`,`type`) VALUES('5833','b');
INSERT INTO `book`(`title`,`entryid`,`isbn`,`type`) VALUES('Use in polyphase Landmine','5833','0224174893298','j');
INSERT INTO `genre_book`(`genre`, `entryid`) VALUES ('Horror','5833');
INSERT INTO `author_book`(`author`, `entryid`) VALUES ('Alishia Mockus','5833');
INSERT INTO `publisher_book`(`publisher`, `entryid`) VALUES ('Harders Cooperations.','5833');
INSERT INTO `entry`(`entryid`,`type`) VALUES('5834','b');
INSERT INTO `book`(`title`,`entryid`,`isbn`,`type`) VALUES('Interactive and step-up Lyre','5834','9096187868064','b');
INSERT INTO `genre_book`(`genre`, `entryid`) VALUES ('Horror','5834');
INSERT INTO `author_book`(`author`, `entryid`) VALUES ('Wava War','5834');
INSERT INTO `publisher_book`(`publisher`, `entryid`) VALUES ('Want Inc.','5834');
INSERT INTO `entry`(`entryid`,`type`) VALUES('5835','b');
INSERT INTO `book`(`title`,`entryid`,`isbn`,`type`) VALUES('Stove with curved Rabbit','5835','0032711799120','e');
INSERT INTO `genre_book`(`genre`, `entryid`) VALUES ('Adventure','5835');
INSERT INTO `author_book`(`author`, `entryid`) VALUES ('Annie Rotkowski','5835');
INSERT INTO `publisher_book`(`publisher`, `entryid`) VALUES ('Maxell Publishers.','5835');
INSERT INTO `entry`(`entryid`,`type`) VALUES('5836','b');
INSERT INTO `book`(`title`,`entryid`,`isbn`,`type`) VALUES('News to the Agenda','5836','9930075243106','j');
INSERT INTO `genre_book`(`genre`, `entryid`) VALUES ('Adventure','5836');
INSERT INTO `author_book`(`author`, `entryid`) VALUES ('Meaghan Kun','5836');
INSERT INTO `publisher_book`(`publisher`, `entryid`) VALUES ('Shamily Inc.','5836');
INSERT INTO `entry`(`entryid`,`type`) VALUES('5837','b');
INSERT INTO `book`(`title`,`entryid`,`isbn`,`type`) VALUES('Slave by United kingdom','5837','0207346906432','e');
INSERT INTO `genre_book`(`genre`, `entryid`) VALUES ('Thriller','5837');
INSERT INTO `author_book`(`author`, `entryid`) VALUES ('Petra Pageau','5837');
INSERT INTO `publisher_book`(`publisher`, `entryid`) VALUES ('Salvatori Inc.','5837');
INSERT INTO `entry`(`entryid`,`type`) VALUES('5838','b');
INSERT INTO `book`(`title`,`entryid`,`isbn`,`type`) VALUES('Giant against cantharidian Ease','5838','9111058672392','e');
INSERT INTO `genre_book`(`genre`, `entryid`) VALUES ('Education','5838');
INSERT INTO `author_book`(`author`, `entryid`) VALUES ('Liana Every','5838');
INSERT INTO `publisher_book`(`publisher`, `entryid`) VALUES ('Estrem Inc.','5838');
INSERT INTO `entry`(`entryid`,`type`) VALUES('5839','b');
INSERT INTO `book`(`title`,`entryid`,`isbn`,`type`) VALUES('Substance with the nonstick Appliance','5839','9221108420977','e');
INSERT INTO `genre_book`(`genre`, `entryid`) VALUES ('Horror','5839');
INSERT INTO `author_book`(`author`, `entryid`) VALUES ('Lynsey Kornbau','5839');
INSERT INTO `publisher_book`(`publisher`, `entryid`) VALUES ('Silevinac Inc.','5839');
INSERT INTO `entry`(`entryid`,`type`) VALUES('5840','b');
INSERT INTO `book`(`title`,`entryid`,`isbn`,`type`) VALUES('Snake for Wrecker','5840','0005925807776','e');
INSERT INTO `genre_book`(`genre`, `entryid`) VALUES ('Science','5840');
INSERT INTO `author_book`(`author`, `entryid`) VALUES ('Pat Curley','5840');
INSERT INTO `publisher_book`(`publisher`, `entryid`) VALUES ('Lobosco Cooperations.','5840');
INSERT INTO `entry`(`entryid`,`type`) VALUES('5841','b');
INSERT INTO `book`(`title`,`entryid`,`isbn`,`type`) VALUES('Centimeter of Bomb','5841','0695398775896','b');
INSERT INTO `genre_book`(`genre`, `entryid`) VALUES ('Romance','5841');
INSERT INTO `author_book`(`author`, `entryid`) VALUES ('Bev Buckless','5841');
INSERT INTO `publisher_book`(`publisher`, `entryid`) VALUES ('Haken Inc.','5841');
INSERT INTO `entry`(`entryid`,`type`) VALUES('5842','b');
INSERT INTO `book`(`title`,`entryid`,`isbn`,`type`) VALUES('Edger against the contaminable Suggestion','5842','0169061655675','b');
INSERT INTO `genre_book`(`genre`, `entryid`) VALUES ('Adventure','5842');
INSERT INTO `author_book`(`author`, `entryid`) VALUES ('Caryl Jay','5842');
INSERT INTO `publisher_book`(`publisher`, `entryid`) VALUES ('Pyros Inc.','5842');
INSERT INTO `entry`(`entryid`,`type`) VALUES('5843','b');
INSERT INTO `book`(`title`,`entryid`,`isbn`,`type`) VALUES('North of intriguing Juice','5843','9374708462662','b');
INSERT INTO `genre_book`(`genre`, `entryid`) VALUES ('Science','5843');
INSERT INTO `author_book`(`author`, `entryid`) VALUES ('Spencer Capilla','5843');
INSERT INTO `publisher_book`(`publisher`, `entryid`) VALUES ('Mesecar Publishers.','5843');
INSERT INTO `entry`(`entryid`,`type`) VALUES('5844','b');
INSERT INTO `book`(`title`,`entryid`,`isbn`,`type`) VALUES('Run of the Address','5844','9099621236217','e');
INSERT INTO `genre_book`(`genre`, `entryid`) VALUES ('Romance','5844');
INSERT INTO `author_book`(`author`, `entryid`) VALUES ('Danuta Mandahl','5844');
INSERT INTO `publisher_book`(`publisher`, `entryid`) VALUES ('Wojtowich Publishers.','5844');
INSERT INTO `entry`(`entryid`,`type`) VALUES('5845','b');
INSERT INTO `book`(`title`,`entryid`,`isbn`,`type`) VALUES('Packet in the Reduction','5845','0233174579891','e');
INSERT INTO `genre_book`(`genre`, `entryid`) VALUES ('Horror','5845');
INSERT INTO `author_book`(`author`, `entryid`) VALUES ('Wendell Inaba','5845');
INSERT INTO `publisher_book`(`publisher`, `entryid`) VALUES ('Vanwyck Publishers.','5845');
INSERT INTO `entry`(`entryid`,`type`) VALUES('5846','b');
INSERT INTO `book`(`title`,`entryid`,`isbn`,`type`) VALUES('Kettledrum for Toothpaste','5846','0816678886249','b');
INSERT INTO `genre_book`(`genre`, `entryid`) VALUES ('Science','5846');
INSERT INTO `author_book`(`author`, `entryid`) VALUES ('Tona Gollwitzer','5846');
INSERT INTO `publisher_book`(`publisher`, `entryid`) VALUES ('Bokanovich Publishers.','5846');
INSERT INTO `entry`(`entryid`,`type`) VALUES('5847','b');
INSERT INTO `book`(`title`,`entryid`,`isbn`,`type`) VALUES('Poet and the Bench','5847','0924325180765','e');
INSERT INTO `genre_book`(`genre`, `entryid`) VALUES ('Horror','5847');
INSERT INTO `author_book`(`author`, `entryid`) VALUES ('Rosy Stumpo','5847');
INSERT INTO `publisher_book`(`publisher`, `entryid`) VALUES ('Gallegos Publishers.','5847');
INSERT INTO `entry`(`entryid`,`type`) VALUES('5848','b');
INSERT INTO `book`(`title`,`entryid`,`isbn`,`type`) VALUES('Kenya against the fell Tsunami','5848','9376496757064','j');
INSERT INTO `genre_book`(`genre`, `entryid`) VALUES ('Sci-Fi','5848');
INSERT INTO `author`(`name`,`birthyear`,`deathyear`) VALUES('Giuseppina Lacau','1937','2010');
INSERT INTO `author_book`(`author`, `entryid`) VALUES ('Giuseppina Lacau','5848');
INSERT INTO `publisher_book`(`publisher`, `entryid`) VALUES ('Matise Cooperations.','5848');
INSERT INTO `entry`(`entryid`,`type`) VALUES('5849','b');
INSERT INTO `book`(`title`,`entryid`,`isbn`,`type`) VALUES('Opinion for Whip','5849','0328099665021','j');
INSERT INTO `genre_book`(`genre`, `entryid`) VALUES ('Thriller','5849');
INSERT INTO `author_book`(`author`, `entryid`) VALUES ('Rebbeca Palmquist','5849');
INSERT INTO `publisher_book`(`publisher`, `entryid`) VALUES ('Caspi Inc.','5849');
INSERT INTO `entry`(`entryid`,`type`) VALUES('5850','b');
INSERT INTO `book`(`title`,`entryid`,`isbn`,`type`) VALUES('Doll with Minibus','5850','9287302633251','e');
INSERT INTO `genre_book`(`genre`, `entryid`) VALUES ('Education','5850');
INSERT INTO `author`(`name`,`birthyear`,`deathyear`) VALUES('Yetta Sannes','1891','1936');
INSERT INTO `author_book`(`author`, `entryid`) VALUES ('Yetta Sannes','5850');
INSERT INTO `publisher_book`(`publisher`, `entryid`) VALUES ('Sures Publishers.','5850');
INSERT INTO `entry`(`entryid`,`type`) VALUES('5851','b');
INSERT INTO `book`(`title`,`entryid`,`isbn`,`type`) VALUES('Violet for the pizzicato English','5851','9335413439670','b');
INSERT INTO `genre_book`(`genre`, `entryid`) VALUES ('Sci-Fi','5851');
INSERT INTO `author_book`(`author`, `entryid`) VALUES ('Iesha Beitel','5851');
INSERT INTO `publisher_book`(`publisher`, `entryid`) VALUES ('Giampaolo Cooperations.','5851');
INSERT INTO `entry`(`entryid`,`type`) VALUES('5852','b');
INSERT INTO `book`(`title`,`entryid`,`isbn`,`type`) VALUES('Turkey of Perch','5852','0051431371508','j');
INSERT INTO `genre_book`(`genre`, `entryid`) VALUES ('Adventure','5852');
INSERT INTO `author_book`(`author`, `entryid`) VALUES ('Vena Rieser','5852');
INSERT INTO `publisher_book`(`publisher`, `entryid`) VALUES ('Farber Publishers.','5852');
INSERT INTO `entry`(`entryid`,`type`) VALUES('5853','b');
INSERT INTO `book`(`title`,`entryid`,`isbn`,`type`) VALUES('Venezuela vs. Active','5853','9414843296006','e');
INSERT INTO `genre_book`(`genre`, `entryid`) VALUES ('Romance','5853');
INSERT INTO `author_book`(`author`, `entryid`) VALUES ('Orpha Beckmann','5853');
INSERT INTO `publisher_book`(`publisher`, `entryid`) VALUES ('Marentez Inc.','5853');
INSERT INTO `entry`(`entryid`,`type`) VALUES('5854','b');
INSERT INTO `book`(`title`,`entryid`,`isbn`,`type`) VALUES('Soybean of Boy','5854','0873924971458','j');
INSERT INTO `genre_book`(`genre`, `entryid`) VALUES ('Sci-Fi','5854');
INSERT INTO `author_book`(`author`, `entryid`) VALUES ('Stefania Abbenante','5854');
INSERT INTO `publisher_book`(`publisher`, `entryid`) VALUES ('Montalvan Inc.','5854');
INSERT INTO `entry`(`entryid`,`type`) VALUES('5855','b');
INSERT INTO `book`(`title`,`entryid`,`isbn`,`type`) VALUES('Cemetery of Beech','5855','0116687309056','e');
INSERT INTO `genre_book`(`genre`, `entryid`) VALUES ('Thriller','5855');
INSERT INTO `author_book`(`author`, `entryid`) VALUES ('Jetta Ahlheim','5855');
INSERT INTO `publisher_book`(`publisher`, `entryid`) VALUES ('Vattikuti Publishers.','5855');
INSERT INTO `entry`(`entryid`,`type`) VALUES('5856','b');
INSERT INTO `book`(`title`,`entryid`,`isbn`,`type`) VALUES('Jasmine against the unassisting Border','5856','0608303035849','b');
INSERT INTO `genre_book`(`genre`, `entryid`) VALUES ('Education','5856');
INSERT INTO `author_book`(`author`, `entryid`) VALUES ('Freida Zabawa','5856');
INSERT INTO `publisher_book`(`publisher`, `entryid`) VALUES ('Wojtowich Publishers.','5856');
INSERT INTO `entry`(`entryid`,`type`) VALUES('5857','b');
INSERT INTO `book`(`title`,`entryid`,`isbn`,`type`) VALUES('Jam and Jail','5857','9129762299083','b');
INSERT INTO `genre_book`(`genre`, `entryid`) VALUES ('Science','5857');
INSERT INTO `author_book`(`author`, `entryid`) VALUES ('Lorrie Ritzel','5857');
INSERT INTO `publisher_book`(`publisher`, `entryid`) VALUES ('Cormican Inc.','5857');
INSERT INTO `entry`(`entryid`,`type`) VALUES('5858','b');
INSERT INTO `book`(`title`,`entryid`,`isbn`,`type`) VALUES('Football for Bamboo','5858','9275418914151','b');
INSERT INTO `genre_book`(`genre`, `entryid`) VALUES ('Sci-Fi','5858');
INSERT INTO `author_book`(`author`, `entryid`) VALUES ('Kayleigh Haagensen','5858');
INSERT INTO `publisher_book`(`publisher`, `entryid`) VALUES ('Akkerman Publishers.','5858');
INSERT INTO `entry`(`entryid`,`type`) VALUES('5859','b');
INSERT INTO `book`(`title`,`entryid`,`isbn`,`type`) VALUES('Slash against the Mask','5859','0717916330607','e');
INSERT INTO `genre_book`(`genre`, `entryid`) VALUES ('Romance','5859');
INSERT INTO `author_book`(`author`, `entryid`) VALUES ('Mavis Sodomka','5859');
INSERT INTO `publisher_book`(`publisher`, `entryid`) VALUES ('Mominee Inc.','5859');
INSERT INTO `entry`(`entryid`,`type`) VALUES('5860','b');
INSERT INTO `book`(`title`,`entryid`,`isbn`,`type`) VALUES('Dedication of the unsleeping Journey','5860','0055263533779','e');
INSERT INTO `genre_book`(`genre`, `entryid`) VALUES ('Thriller','5860');
INSERT INTO `author_book`(`author`, `entryid`) VALUES ('Julianne Raptis','5860');
INSERT INTO `publisher_book`(`publisher`, `entryid`) VALUES ('Sowden Publishers.','5860');
INSERT INTO `entry`(`entryid`,`type`) VALUES('5861','b');
INSERT INTO `book`(`title`,`entryid`,`isbn`,`type`) VALUES('Sphere of Team','5861','0698860603995','e');
INSERT INTO `genre_book`(`genre`, `entryid`) VALUES ('Science','5861');
INSERT INTO `author_book`(`author`, `entryid`) VALUES ('Arvilla Springs','5861');
INSERT INTO `publisher_book`(`publisher`, `entryid`) VALUES ('Norse Inc.','5861');
INSERT INTO `entry`(`entryid`,`type`) VALUES('5862','b');
INSERT INTO `book`(`title`,`entryid`,`isbn`,`type`) VALUES('Air and the Uto-Aztecan Quality','5862','0927988637000','j');
INSERT INTO `genre_book`(`genre`, `entryid`) VALUES ('Adventure','5862');
INSERT INTO `author_book`(`author`, `entryid`) VALUES ('Tiesha Hosea','5862');
INSERT INTO `publisher_book`(`publisher`, `entryid`) VALUES ('Rodrick Cooperations.','5862');
INSERT INTO `entry`(`entryid`,`type`) VALUES('5863','b');
INSERT INTO `book`(`title`,`entryid`,`isbn`,`type`) VALUES('Textbook of nae Dog','5863','9745709177907','j');
INSERT INTO `genre_book`(`genre`, `entryid`) VALUES ('Thriller','5863');
INSERT INTO `author_book`(`author`, `entryid`) VALUES ('Dennis Massy','5863');
INSERT INTO `publisher_book`(`publisher`, `entryid`) VALUES ('Franken Publishers.','5863');
INSERT INTO `entry`(`entryid`,`type`) VALUES('5864','b');
INSERT INTO `book`(`title`,`entryid`,`isbn`,`type`) VALUES('Summer of the Guilty','5864','9930054399152','b');
INSERT INTO `genre_book`(`genre`, `entryid`) VALUES ('Science','5864');
INSERT INTO `author_book`(`author`, `entryid`) VALUES ('Carla Botros','5864');
INSERT INTO `publisher_book`(`publisher`, `entryid`) VALUES ('Meacham Cooperations.','5864');
INSERT INTO `entry`(`entryid`,`type`) VALUES('5865','b');
INSERT INTO `book`(`title`,`entryid`,`isbn`,`type`) VALUES('Minute against the vaneless Fang','5865','9755256909390','b');
INSERT INTO `genre_book`(`genre`, `entryid`) VALUES ('Education','5865');
INSERT INTO `author`(`name`,`birthyear`,`deathyear`) VALUES('Latoya Mayhorn','1937','1978');
INSERT INTO `author_book`(`author`, `entryid`) VALUES ('Latoya Mayhorn','5865');
INSERT INTO `publisher_book`(`publisher`, `entryid`) VALUES ('Wehbe Cooperations.','5865');
INSERT INTO `entry`(`entryid`,`type`) VALUES('5866','b');
INSERT INTO `book`(`title`,`entryid`,`isbn`,`type`) VALUES('Leo to the Show','5866','9778359117251','b');
INSERT INTO `genre_book`(`genre`, `entryid`) VALUES ('Horror','5866');
INSERT INTO `author_book`(`author`, `entryid`) VALUES ('Jan Mintos','5866');
INSERT INTO `publisher_book`(`publisher`, `entryid`) VALUES ('Cotner Cooperations.','5866');
INSERT INTO `entry`(`entryid`,`type`) VALUES('5867','b');
INSERT INTO `book`(`title`,`entryid`,`isbn`,`type`) VALUES('Quince for Map','5867','0752205472234','j');
INSERT INTO `genre_book`(`genre`, `entryid`) VALUES ('Education','5867');
INSERT INTO `author_book`(`author`, `entryid`) VALUES ('Corrina Huffstutter','5867');
INSERT INTO `publisher_book`(`publisher`, `entryid`) VALUES ('Mizee Inc.','5867');
INSERT INTO `entry`(`entryid`,`type`) VALUES('5868','b');
INSERT INTO `book`(`title`,`entryid`,`isbn`,`type`) VALUES('Hour with autographic Grey','5868','9790229507757','e');
INSERT INTO `genre_book`(`genre`, `entryid`) VALUES ('Horror','5868');
INSERT INTO `author_book`(`author`, `entryid`) VALUES ('Chau Redden','5868');
INSERT INTO `publisher_book`(`publisher`, `entryid`) VALUES ('Gidwani Publishers.','5868');
INSERT INTO `entry`(`entryid`,`type`) VALUES('5869','b');
INSERT INTO `book`(`title`,`entryid`,`isbn`,`type`) VALUES('Income for the Crawdad','5869','0291154279380','j');
INSERT INTO `genre_book`(`genre`, `entryid`) VALUES ('Horror','5869');
INSERT INTO `author_book`(`author`, `entryid`) VALUES ('Debrah Arndorfer','5869');
INSERT INTO `publisher_book`(`publisher`, `entryid`) VALUES ('Blan Inc.','5869');
INSERT INTO `entry`(`entryid`,`type`) VALUES('5870','b');
INSERT INTO `book`(`title`,`entryid`,`isbn`,`type`) VALUES('Indonesia in the Christopher','5870','9150928396701','b');
INSERT INTO `genre_book`(`genre`, `entryid`) VALUES ('Education','5870');
INSERT INTO `author_book`(`author`, `entryid`) VALUES ('Edith Surwillo','5870');
INSERT INTO `publisher_book`(`publisher`, `entryid`) VALUES ('Beja Publishers.','5870');
INSERT INTO `entry`(`entryid`,`type`) VALUES('5871','b');
INSERT INTO `book`(`title`,`entryid`,`isbn`,`type`) VALUES('Learning against Mini-skirt','5871','0116583854638','b');
INSERT INTO `genre_book`(`genre`, `entryid`) VALUES ('Thriller','5871');
INSERT INTO `author_book`(`author`, `entryid`) VALUES ('Bryon Pasha','5871');
INSERT INTO `publisher_book`(`publisher`, `entryid`) VALUES ('Kindlimann Inc.','5871');
INSERT INTO `entry`(`entryid`,`type`) VALUES('5872','b');
INSERT INTO `book`(`title`,`entryid`,`isbn`,`type`) VALUES('Snowflake to tubeless Temper','5872','9720918894382','j');
INSERT INTO `genre_book`(`genre`, `entryid`) VALUES ('Thriller','5872');
INSERT INTO `author_book`(`author`, `entryid`) VALUES ('Dara Barrale','5872');
INSERT INTO `publisher_book`(`publisher`, `entryid`) VALUES ('Fenceroy Publishers.','5872');
INSERT INTO `entry`(`entryid`,`type`) VALUES('5873','b');
INSERT INTO `book`(`title`,`entryid`,`isbn`,`type`) VALUES('Fifth for the Creek','5873','9381514182326','e');
INSERT INTO `genre_book`(`genre`, `entryid`) VALUES ('Science','5873');
INSERT INTO `author_book`(`author`, `entryid`) VALUES ('Eryn Galizia','5873');
INSERT INTO `publisher_book`(`publisher`, `entryid`) VALUES ('Stjohn Publishers.','5873');
INSERT INTO `entry`(`entryid`,`type`) VALUES('5874','b');
INSERT INTO `book`(`title`,`entryid`,`isbn`,`type`) VALUES('Dryer in Baritone','5874','9369938129397','e');
INSERT INTO `genre_book`(`genre`, `entryid`) VALUES ('Science','5874');
INSERT INTO `author_book`(`author`, `entryid`) VALUES ('Clinton Legrande','5874');
INSERT INTO `publisher_book`(`publisher`, `entryid`) VALUES ('Dingson Publishers.','5874');
INSERT INTO `entry`(`entryid`,`type`) VALUES('5875','b');
INSERT INTO `book`(`title`,`entryid`,`isbn`,`type`) VALUES('Alarm to earthly Workshop','5875','0199643129806','b');
INSERT INTO `genre_book`(`genre`, `entryid`) VALUES ('Sci-Fi','5875');
INSERT INTO `author_book`(`author`, `entryid`) VALUES ('Rossie Macnair','5875');
INSERT INTO `publisher_book`(`publisher`, `entryid`) VALUES ('Nack Publishers.','5875');
INSERT INTO `entry`(`entryid`,`type`) VALUES('5876','b');
INSERT INTO `book`(`title`,`entryid`,`isbn`,`type`) VALUES('Treatment against the suicidal Father','5876','0265379139241','e');
INSERT INTO `genre_book`(`genre`, `entryid`) VALUES ('Adventure','5876');
INSERT INTO `author_book`(`author`, `entryid`) VALUES ('Minta Pavlich','5876');
INSERT INTO `publisher_book`(`publisher`, `entryid`) VALUES ('Antrikin Inc.','5876');
INSERT INTO `entry`(`entryid`,`type`) VALUES('5877','b');
INSERT INTO `book`(`title`,`entryid`,`isbn`,`type`) VALUES('Gas with the Closet','5877','0889667565373','j');
INSERT INTO `genre_book`(`genre`, `entryid`) VALUES ('Horror','5877');
INSERT INTO `author_book`(`author`, `entryid`) VALUES ('Buck Richel','5877');
INSERT INTO `publisher_book`(`publisher`, `entryid`) VALUES ('Foti Cooperations.','5877');
INSERT INTO `entry`(`entryid`,`type`) VALUES('5878','b');
INSERT INTO `book`(`title`,`entryid`,`isbn`,`type`) VALUES('Cd to the Arabian Brochure','5878','9108009263862','j');
INSERT INTO `genre_book`(`genre`, `entryid`) VALUES ('Adventure','5878');
INSERT INTO `author_book`(`author`, `entryid`) VALUES ('Alena Nichter','5878');
INSERT INTO `publisher_book`(`publisher`, `entryid`) VALUES ('Pawell Cooperations.','5878');
INSERT INTO `entry`(`entryid`,`type`) VALUES('5879','b');
INSERT INTO `book`(`title`,`entryid`,`isbn`,`type`) VALUES('Patient with hyperbatic Software','5879','0702548909862','j');
INSERT INTO `genre_book`(`genre`, `entryid`) VALUES ('Thriller','5879');
INSERT INTO `author_book`(`author`, `entryid`) VALUES ('Moses Esmaili','5879');
INSERT INTO `publisher_book`(`publisher`, `entryid`) VALUES ('Diliberti Inc.','5879');
INSERT INTO `entry`(`entryid`,`type`) VALUES('5880','b');
INSERT INTO `book`(`title`,`entryid`,`isbn`,`type`) VALUES('Country of the tendinous Lemonade','5880','9629524882593','j');
INSERT INTO `genre_book`(`genre`, `entryid`) VALUES ('Thriller','5880');
INSERT INTO `author_book`(`author`, `entryid`) VALUES ('Cecilia Sarli','5880');
INSERT INTO `publisher_book`(`publisher`, `entryid`) VALUES ('Parmely Publishers.','5880');
INSERT INTO `entry`(`entryid`,`type`) VALUES('5881','b');
INSERT INTO `book`(`title`,`entryid`,`isbn`,`type`) VALUES('Week for the Garlic','5881','0307384331894','b');
INSERT INTO `genre_book`(`genre`, `entryid`) VALUES ('Thriller','5881');
INSERT INTO `author_book`(`author`, `entryid`) VALUES ('Deja Theall','5881');
INSERT INTO `publisher_book`(`publisher`, `entryid`) VALUES ('Hooey Inc.','5881');
INSERT INTO `entry`(`entryid`,`type`) VALUES('5882','b');
INSERT INTO `book`(`title`,`entryid`,`isbn`,`type`) VALUES('Loaf with the implosive Violin','5882','0803466247218','e');
INSERT INTO `genre_book`(`genre`, `entryid`) VALUES ('Sci-Fi','5882');
INSERT INTO `author_book`(`author`, `entryid`) VALUES ('Pat Curley','5882');
INSERT INTO `publisher_book`(`publisher`, `entryid`) VALUES ('Nierman Inc.','5882');
INSERT INTO `entry`(`entryid`,`type`) VALUES('5883','b');
INSERT INTO `book`(`title`,`entryid`,`isbn`,`type`) VALUES('Tooth vs. edificatory Puma','5883','0898977320604','e');
INSERT INTO `genre_book`(`genre`, `entryid`) VALUES ('Romance','5883');
INSERT INTO `author_book`(`author`, `entryid`) VALUES ('Dennis Harryman','5883');
INSERT INTO `publisher_book`(`publisher`, `entryid`) VALUES ('Sunder Publishers.','5883');
INSERT INTO `entry`(`entryid`,`type`) VALUES('5884','b');
INSERT INTO `book`(`title`,`entryid`,`isbn`,`type`) VALUES('Zoo and Bobcat','5884','9380986702456','j');
INSERT INTO `genre_book`(`genre`, `entryid`) VALUES ('Education','5884');
INSERT INTO `author_book`(`author`, `entryid`) VALUES ('Waneta Mctague','5884');
INSERT INTO `publisher_book`(`publisher`, `entryid`) VALUES ('Bigos Inc.','5884');
INSERT INTO `entry`(`entryid`,`type`) VALUES('5885','b');
INSERT INTO `book`(`title`,`entryid`,`isbn`,`type`) VALUES('Sousaphone in the Silica','5885','0982933604244','e');
INSERT INTO `genre_book`(`genre`, `entryid`) VALUES ('Horror','5885');
INSERT INTO `author_book`(`author`, `entryid`) VALUES ('Lucas Whitker','5885');
INSERT INTO `publisher_book`(`publisher`, `entryid`) VALUES ('Hooey Inc.','5885');
INSERT INTO `entry`(`entryid`,`type`) VALUES('5886','b');
INSERT INTO `book`(`title`,`entryid`,`isbn`,`type`) VALUES('Liquor against the Weather','5886','0504732662091','b');
INSERT INTO `genre_book`(`genre`, `entryid`) VALUES ('Thriller','5886');
INSERT INTO `author_book`(`author`, `entryid`) VALUES ('Deja Beel','5886');
INSERT INTO `publisher_book`(`publisher`, `entryid`) VALUES ('Haggerty Cooperations.','5886');
INSERT INTO `entry`(`entryid`,`type`) VALUES('5887','b');
INSERT INTO `book`(`title`,`entryid`,`isbn`,`type`) VALUES('Bull and the fiftieth Liver','5887','9900236304210','j');
INSERT INTO `genre_book`(`genre`, `entryid`) VALUES ('Thriller','5887');
INSERT INTO `author_book`(`author`, `entryid`) VALUES ('Latoyia Skalicky','5887');
INSERT INTO `publisher_book`(`publisher`, `entryid`) VALUES ('Delashaw Publishers.','5887');
INSERT INTO `entry`(`entryid`,`type`) VALUES('5888','b');
INSERT INTO `book`(`title`,`entryid`,`isbn`,`type`) VALUES('Season of the Spruce','5888','9763912876763','b');
INSERT INTO `genre_book`(`genre`, `entryid`) VALUES ('Horror','5888');
INSERT INTO `author`(`name`,`birthyear`,`deathyear`) VALUES('Kerri Bachelder','1934','2005');
INSERT INTO `author_book`(`author`, `entryid`) VALUES ('Kerri Bachelder','5888');
INSERT INTO `publisher_book`(`publisher`, `entryid`) VALUES ('Guillotte Inc.','5888');
INSERT INTO `entry`(`entryid`,`type`) VALUES('5889','b');
INSERT INTO `book`(`title`,`entryid`,`isbn`,`type`) VALUES('Pen for Weight','5889','0609517297972','j');
INSERT INTO `genre_book`(`genre`, `entryid`) VALUES ('Sci-Fi','5889');
INSERT INTO `author_book`(`author`, `entryid`) VALUES ('Claris Malito','5889');
INSERT INTO `publisher_book`(`publisher`, `entryid`) VALUES ('Lobosco Cooperations.','5889');
INSERT INTO `entry`(`entryid`,`type`) VALUES('5890','b');
INSERT INTO `book`(`title`,`entryid`,`isbn`,`type`) VALUES('Grape by the sceptred Feature','5890','0553074421938','b');
INSERT INTO `genre_book`(`genre`, `entryid`) VALUES ('Education','5890');
INSERT INTO `author_book`(`author`, `entryid`) VALUES ('Etha Kobis','5890');
INSERT INTO `publisher_book`(`publisher`, `entryid`) VALUES ('Devon Inc.','5890');
INSERT INTO `entry`(`entryid`,`type`) VALUES('5891','b');
INSERT INTO `book`(`title`,`entryid`,`isbn`,`type`) VALUES('Soy in the Aberdeen Brush','5891','0086512174204','e');
INSERT INTO `genre_book`(`genre`, `entryid`) VALUES ('Education','5891');
INSERT INTO `author_book`(`author`, `entryid`) VALUES ('Malvina Ailshire','5891');
INSERT INTO `publisher_book`(`publisher`, `entryid`) VALUES ('Youmans Cooperations.','5891');
INSERT INTO `entry`(`entryid`,`type`) VALUES('5892','b');
INSERT INTO `book`(`title`,`entryid`,`isbn`,`type`) VALUES('Cactus to dumpy Salmon','5892','9987728834915','j');
INSERT INTO `genre_book`(`genre`, `entryid`) VALUES ('Horror','5892');
INSERT INTO `author_book`(`author`, `entryid`) VALUES ('Veola Rachar','5892');
INSERT INTO `publisher_book`(`publisher`, `entryid`) VALUES ('Vanwyck Publishers.','5892');
INSERT INTO `entry`(`entryid`,`type`) VALUES('5893','b');
INSERT INTO `book`(`title`,`entryid`,`isbn`,`type`) VALUES('Body against the quintuple Jute','5893','0995492625179','j');
INSERT INTO `genre_book`(`genre`, `entryid`) VALUES ('Thriller','5893');
INSERT INTO `author_book`(`author`, `entryid`) VALUES ('Jaimee Harber','5893');
INSERT INTO `publisher_book`(`publisher`, `entryid`) VALUES ('Tegarden Publishers.','5893');
INSERT INTO `entry`(`entryid`,`type`) VALUES('5894','b');
INSERT INTO `book`(`title`,`entryid`,`isbn`,`type`) VALUES('Undershirt by the lowering Rocket','5894','0132774216194','e');
INSERT INTO `genre_book`(`genre`, `entryid`) VALUES ('Sci-Fi','5894');
INSERT INTO `author_book`(`author`, `entryid`) VALUES ('Caron Gradney','5894');
INSERT INTO `publisher_book`(`publisher`, `entryid`) VALUES ('Trinkl Inc.','5894');
INSERT INTO `entry`(`entryid`,`type`) VALUES('5895','b');
INSERT INTO `book`(`title`,`entryid`,`isbn`,`type`) VALUES('Button against Spaghetti','5895','0379503324793','j');
INSERT INTO `genre_book`(`genre`, `entryid`) VALUES ('Education','5895');
INSERT INTO `author`(`name`,`birthyear`,`deathyear`) VALUES('Corina Bean','1887','1911');
INSERT INTO `author_book`(`author`, `entryid`) VALUES ('Corina Bean','5895');
INSERT INTO `publisher_book`(`publisher`, `entryid`) VALUES ('Terrell Cooperations.','5895');
INSERT INTO `entry`(`entryid`,`type`) VALUES('5896','b');
INSERT INTO `book`(`title`,`entryid`,`isbn`,`type`) VALUES('Croissant in uncomfortable Uzbekistan','5896','0453152140482','b');
INSERT INTO `genre_book`(`genre`, `entryid`) VALUES ('Horror','5896');
INSERT INTO `author_book`(`author`, `entryid`) VALUES ('Lisbeth Schmidbauer','5896');
INSERT INTO `publisher_book`(`publisher`, `entryid`) VALUES ('Hrdlicka Inc.','5896');
INSERT INTO `entry`(`entryid`,`type`) VALUES('5897','b');
INSERT INTO `book`(`title`,`entryid`,`isbn`,`type`) VALUES('Slave with the Whorl','5897','0700660252531','j');
INSERT INTO `genre_book`(`genre`, `entryid`) VALUES ('Adventure','5897');
INSERT INTO `author_book`(`author`, `entryid`) VALUES ('Simon Hendershott','5897');
INSERT INTO `publisher_book`(`publisher`, `entryid`) VALUES ('Cobden Publishers.','5897');
INSERT INTO `entry`(`entryid`,`type`) VALUES('5898','b');
INSERT INTO `book`(`title`,`entryid`,`isbn`,`type`) VALUES('Screwdriver to canescent Donna','5898','9324425366869','e');
INSERT INTO `genre_book`(`genre`, `entryid`) VALUES ('Science','5898');
INSERT INTO `author_book`(`author`, `entryid`) VALUES ('Eugene Debrie','5898');
INSERT INTO `publisher_book`(`publisher`, `entryid`) VALUES ('Arroyd Inc.','5898');
INSERT INTO `entry`(`entryid`,`type`) VALUES('5899','b');
INSERT INTO `book`(`title`,`entryid`,`isbn`,`type`) VALUES('Vault and the Cockroach','5899','0101598808925','b');
INSERT INTO `genre_book`(`genre`, `entryid`) VALUES ('Horror','5899');
INSERT INTO `author_book`(`author`, `entryid`) VALUES ('Zachary Rendleman','5899');
INSERT INTO `publisher_book`(`publisher`, `entryid`) VALUES ('Karvonen Inc.','5899');
INSERT INTO `entry`(`entryid`,`type`) VALUES('5900','b');
INSERT INTO `book`(`title`,`entryid`,`isbn`,`type`) VALUES('Work to Salary','5900','9554674333812','b');
INSERT INTO `genre_book`(`genre`, `entryid`) VALUES ('Romance','5900');
INSERT INTO `author_book`(`author`, `entryid`) VALUES ('Horace Urbanek','5900');
INSERT INTO `publisher_book`(`publisher`, `entryid`) VALUES ('Derizzio Inc.','5900');
INSERT INTO `entry`(`entryid`,`type`) VALUES('5901','b');
INSERT INTO `book`(`title`,`entryid`,`isbn`,`type`) VALUES('Actress to westering Sweater','5901','9094360306960','e');
INSERT INTO `genre_book`(`genre`, `entryid`) VALUES ('Thriller','5901');
INSERT INTO `author_book`(`author`, `entryid`) VALUES ('Mayme Wildes','5901');
INSERT INTO `publisher_book`(`publisher`, `entryid`) VALUES ('Mccardell Cooperations.','5901');
INSERT INTO `entry`(`entryid`,`type`) VALUES('5902','b');
INSERT INTO `book`(`title`,`entryid`,`isbn`,`type`) VALUES('Sunshine and optical Cheese','5902','0628320130669','j');
INSERT INTO `genre_book`(`genre`, `entryid`) VALUES ('Sci-Fi','5902');
INSERT INTO `author_book`(`author`, `entryid`) VALUES ('Laurinda Overmann','5902');
INSERT INTO `publisher_book`(`publisher`, `entryid`) VALUES ('Dismukes Cooperations.','5902');
INSERT INTO `entry`(`entryid`,`type`) VALUES('5903','b');
INSERT INTO `book`(`title`,`entryid`,`isbn`,`type`) VALUES('Middle against Recess','5903','9687665353324','e');
INSERT INTO `genre_book`(`genre`, `entryid`) VALUES ('Science','5903');
INSERT INTO `author_book`(`author`, `entryid`) VALUES ('Lu Voeks','5903');
INSERT INTO `publisher_book`(`publisher`, `entryid`) VALUES ('Reents Publishers.','5903');
INSERT INTO `entry`(`entryid`,`type`) VALUES('5904','b');
INSERT INTO `book`(`title`,`entryid`,`isbn`,`type`) VALUES('Bomb with the quarantined Multimedia','5904','9902038060959','j');
INSERT INTO `genre_book`(`genre`, `entryid`) VALUES ('Adventure','5904');
INSERT INTO `author_book`(`author`, `entryid`) VALUES ('Georgie Bilyeu','5904');
INSERT INTO `publisher_book`(`publisher`, `entryid`) VALUES ('Heritage Publishers.','5904');
INSERT INTO `entry`(`entryid`,`type`) VALUES('5905','b');
INSERT INTO `book`(`title`,`entryid`,`isbn`,`type`) VALUES('Stool and the collateral Foundation','5905','9846578532135','b');
INSERT INTO `genre_book`(`genre`, `entryid`) VALUES ('Romance','5905');
INSERT INTO `author_book`(`author`, `entryid`) VALUES ('Jenifer Sehl','5905');
INSERT INTO `publisher_book`(`publisher`, `entryid`) VALUES ('Dubrey Cooperations.','5905');
INSERT INTO `entry`(`entryid`,`type`) VALUES('5906','b');
INSERT INTO `book`(`title`,`entryid`,`isbn`,`type`) VALUES('Space and the incorporative Creator','5906','0685506010526','j');
INSERT INTO `genre_book`(`genre`, `entryid`) VALUES ('Adventure','5906');
INSERT INTO `author_book`(`author`, `entryid`) VALUES ('Kandy Hinds','5906');
INSERT INTO `publisher_book`(`publisher`, `entryid`) VALUES ('Ockman Inc.','5906');
INSERT INTO `entry`(`entryid`,`type`) VALUES('5907','b');
INSERT INTO `book`(`title`,`entryid`,`isbn`,`type`) VALUES('Linen with sighful Dentist','5907','9317539141141','e');
INSERT INTO `genre_book`(`genre`, `entryid`) VALUES ('Science','5907');
INSERT INTO `author_book`(`author`, `entryid`) VALUES ('Terrence Asamoah','5907');
INSERT INTO `publisher_book`(`publisher`, `entryid`) VALUES ('Filyan Inc.','5907');
INSERT INTO `entry`(`entryid`,`type`) VALUES('5908','b');
INSERT INTO `book`(`title`,`entryid`,`isbn`,`type`) VALUES('Saxophone vs. Platinum','5908','9369958597047','e');
INSERT INTO `genre_book`(`genre`, `entryid`) VALUES ('Sci-Fi','5908');
INSERT INTO `author_book`(`author`, `entryid`) VALUES ('Jeannette Giard','5908');
INSERT INTO `publisher_book`(`publisher`, `entryid`) VALUES ('Bogan Cooperations.','5908');
INSERT INTO `entry`(`entryid`,`type`) VALUES('5909','b');
INSERT INTO `book`(`title`,`entryid`,`isbn`,`type`) VALUES('Salt against objurgatory Beetle','5909','9457914198179','b');
INSERT INTO `genre_book`(`genre`, `entryid`) VALUES ('Sci-Fi','5909');
INSERT INTO `author_book`(`author`, `entryid`) VALUES ('Kyla Raphael','5909');
INSERT INTO `publisher_book`(`publisher`, `entryid`) VALUES ('Baltazor Publishers.','5909');
INSERT INTO `entry`(`entryid`,`type`) VALUES('5910','b');
INSERT INTO `book`(`title`,`entryid`,`isbn`,`type`) VALUES('Dragonfly for despotic Pharmacist','5910','0352009213427','e');
INSERT INTO `genre_book`(`genre`, `entryid`) VALUES ('Science','5910');
INSERT INTO `author_book`(`author`, `entryid`) VALUES ('Emeline Vigilante','5910');
INSERT INTO `publisher_book`(`publisher`, `entryid`) VALUES ('Dubuisson Inc.','5910');
INSERT INTO `entry`(`entryid`,`type`) VALUES('5911','b');
INSERT INTO `book`(`title`,`entryid`,`isbn`,`type`) VALUES('James against the Frame','5911','0706667860578','e');
INSERT INTO `genre_book`(`genre`, `entryid`) VALUES ('Thriller','5911');
INSERT INTO `author_book`(`author`, `entryid`) VALUES ('Lavon Payna','5911');
INSERT INTO `publisher_book`(`publisher`, `entryid`) VALUES ('Hathcoat Publishers.','5911');
INSERT INTO `entry`(`entryid`,`type`) VALUES('5912','b');
INSERT INTO `book`(`title`,`entryid`,`isbn`,`type`) VALUES('Gallon against the Purchase','5912','0708353555701','j');
INSERT INTO `genre_book`(`genre`, `entryid`) VALUES ('Romance','5912');
INSERT INTO `author_book`(`author`, `entryid`) VALUES ('Dennis Massy','5912');
INSERT INTO `publisher_book`(`publisher`, `entryid`) VALUES ('Cervone Cooperations.','5912');
INSERT INTO `entry`(`entryid`,`type`) VALUES('5913','b');
INSERT INTO `book`(`title`,`entryid`,`isbn`,`type`) VALUES('Lip for pressed Betty','5913','0506529428009','j');
INSERT INTO `genre_book`(`genre`, `entryid`) VALUES ('Horror','5913');
INSERT INTO `author_book`(`author`, `entryid`) VALUES ('Kandy Urbanic','5913');
INSERT INTO `publisher_book`(`publisher`, `entryid`) VALUES ('Schap Publishers.','5913');
INSERT INTO `entry`(`entryid`,`type`) VALUES('5914','b');
INSERT INTO `book`(`title`,`entryid`,`isbn`,`type`) VALUES('Vulture and the Basement','5914','9551569824246','e');
INSERT INTO `genre_book`(`genre`, `entryid`) VALUES ('Education','5914');
INSERT INTO `author`(`name`,`birthyear`,`deathyear`) VALUES('Shawnee Schares','1959','2031');
INSERT INTO `author_book`(`author`, `entryid`) VALUES ('Shawnee Schares','5914');
INSERT INTO `publisher_book`(`publisher`, `entryid`) VALUES ('Mcgranor Cooperations.','5914');
INSERT INTO `entry`(`entryid`,`type`) VALUES('5915','b');
INSERT INTO `book`(`title`,`entryid`,`isbn`,`type`) VALUES('Committee and the Firewall','5915','0171609052928','j');
INSERT INTO `genre_book`(`genre`, `entryid`) VALUES ('Science','5915');
INSERT INTO `author_book`(`author`, `entryid`) VALUES ('Lana Quante','5915');
INSERT INTO `publisher_book`(`publisher`, `entryid`) VALUES ('Stjohn Publishers.','5915');
INSERT INTO `entry`(`entryid`,`type`) VALUES('5916','b');
INSERT INTO `book`(`title`,`entryid`,`isbn`,`type`) VALUES('Athlete against boxlike Locket','5916','0938182968301','j');
INSERT INTO `genre_book`(`genre`, `entryid`) VALUES ('Horror','5916');
INSERT INTO `author_book`(`author`, `entryid`) VALUES ('Nellie Fredeen','5916');
INSERT INTO `publisher_book`(`publisher`, `entryid`) VALUES ('Deaville Inc.','5916');
INSERT INTO `entry`(`entryid`,`type`) VALUES('5917','b');
INSERT INTO `book`(`title`,`entryid`,`isbn`,`type`) VALUES('Income against the Poppy','5917','9179266161489','j');
INSERT INTO `genre_book`(`genre`, `entryid`) VALUES ('Education','5917');
INSERT INTO `author_book`(`author`, `entryid`) VALUES ('Rikki Antonetty','5917');
INSERT INTO `publisher_book`(`publisher`, `entryid`) VALUES ('Scantlen Inc.','5917');
INSERT INTO `entry`(`entryid`,`type`) VALUES('5918','b');
INSERT INTO `book`(`title`,`entryid`,`isbn`,`type`) VALUES('Riverbed against the tubulous East','5918','9797635597380','j');
INSERT INTO `genre_book`(`genre`, `entryid`) VALUES ('Thriller','5918');
INSERT INTO `author_book`(`author`, `entryid`) VALUES ('Rhea Hardey','5918');
INSERT INTO `publisher_book`(`publisher`, `entryid`) VALUES ('Strazisar Inc.','5918');
INSERT INTO `entry`(`entryid`,`type`) VALUES('5919','b');
INSERT INTO `book`(`title`,`entryid`,`isbn`,`type`) VALUES('Trade in mossier Chance','5919','0229395066026','e');
INSERT INTO `genre_book`(`genre`, `entryid`) VALUES ('Thriller','5919');
INSERT INTO `author_book`(`author`, `entryid`) VALUES ('Lizette Jeannotte','5919');
INSERT INTO `publisher_book`(`publisher`, `entryid`) VALUES ('Birr Publishers.','5919');
INSERT INTO `entry`(`entryid`,`type`) VALUES('5920','b');
INSERT INTO `book`(`title`,`entryid`,`isbn`,`type`) VALUES('Tray to the unrolled Denim','5920','9382285410403','e');
INSERT INTO `genre_book`(`genre`, `entryid`) VALUES ('Education','5920');
INSERT INTO `author`(`name`,`birthyear`,`deathyear`) VALUES('Ellan Stoecker','1917','1943');
INSERT INTO `author_book`(`author`, `entryid`) VALUES ('Ellan Stoecker','5920');
INSERT INTO `publisher_book`(`publisher`, `entryid`) VALUES ('Herreras Cooperations.','5920');
INSERT INTO `entry`(`entryid`,`type`) VALUES('5921','b');
INSERT INTO `book`(`title`,`entryid`,`isbn`,`type`) VALUES('Thunder with the limey Humor','5921','9470842285645','b');
INSERT INTO `genre_book`(`genre`, `entryid`) VALUES ('Sci-Fi','5921');
INSERT INTO `author_book`(`author`, `entryid`) VALUES ('Noemi Manlangit','5921');
INSERT INTO `publisher_book`(`publisher`, `entryid`) VALUES ('Nierman Inc.','5921');
INSERT INTO `entry`(`entryid`,`type`) VALUES('5922','b');
INSERT INTO `book`(`title`,`entryid`,`isbn`,`type`) VALUES('Aftermath of leftward Burst','5922','0059724787924','j');
INSERT INTO `genre_book`(`genre`, `entryid`) VALUES ('Horror','5922');
INSERT INTO `author_book`(`author`, `entryid`) VALUES ('Pia Neighbours','5922');
INSERT INTO `publisher_book`(`publisher`, `entryid`) VALUES ('Duchesney Publishers.','5922');
INSERT INTO `entry`(`entryid`,`type`) VALUES('5923','b');
INSERT INTO `book`(`title`,`entryid`,`isbn`,`type`) VALUES('Motorcycle by unsceptred Tsunami','5923','9691589855591','b');
INSERT INTO `genre_book`(`genre`, `entryid`) VALUES ('Science','5923');
INSERT INTO `author_book`(`author`, `entryid`) VALUES ('Numbers Zipp','5923');
INSERT INTO `publisher_book`(`publisher`, `entryid`) VALUES ('Lanphere Cooperations.','5923');
INSERT INTO `entry`(`entryid`,`type`) VALUES('5924','b');
INSERT INTO `book`(`title`,`entryid`,`isbn`,`type`) VALUES('Need to Feast','5924','9045745016328','j');
INSERT INTO `genre_book`(`genre`, `entryid`) VALUES ('Romance','5924');
INSERT INTO `author_book`(`author`, `entryid`) VALUES ('Renata Quicksall','5924');
INSERT INTO `publisher_book`(`publisher`, `entryid`) VALUES ('Garfield Publishers.','5924');
INSERT INTO `entry`(`entryid`,`type`) VALUES('5925','b');
INSERT INTO `book`(`title`,`entryid`,`isbn`,`type`) VALUES('Toenail with the aureate Cell','5925','9019665135045','b');
INSERT INTO `genre_book`(`genre`, `entryid`) VALUES ('Education','5925');
INSERT INTO `author_book`(`author`, `entryid`) VALUES ('Lorenzo Coltrain','5925');
INSERT INTO `publisher_book`(`publisher`, `entryid`) VALUES ('Sieger Inc.','5925');
INSERT INTO `entry`(`entryid`,`type`) VALUES('5926','b');
INSERT INTO `book`(`title`,`entryid`,`isbn`,`type`) VALUES('Dog vs. revisional Shock','5926','0632623960805','j');
INSERT INTO `genre_book`(`genre`, `entryid`) VALUES ('Thriller','5926');
INSERT INTO `author_book`(`author`, `entryid`) VALUES ('Carman Shiba','5926');
INSERT INTO `publisher_book`(`publisher`, `entryid`) VALUES ('Ramiro Inc.','5926');
INSERT INTO `entry`(`entryid`,`type`) VALUES('5927','b');
INSERT INTO `book`(`title`,`entryid`,`isbn`,`type`) VALUES('Department for the pictorial Leather','5927','9929824771880','e');
INSERT INTO `genre_book`(`genre`, `entryid`) VALUES ('Romance','5927');
INSERT INTO `author_book`(`author`, `entryid`) VALUES ('Marquita Mozie','5927');
INSERT INTO `publisher_book`(`publisher`, `entryid`) VALUES ('Malovich Inc.','5927');
INSERT INTO `entry`(`entryid`,`type`) VALUES('5928','b');
INSERT INTO `book`(`title`,`entryid`,`isbn`,`type`) VALUES('Willow and Dibble','5928','9397449921896','j');
INSERT INTO `genre_book`(`genre`, `entryid`) VALUES ('Adventure','5928');
INSERT INTO `author_book`(`author`, `entryid`) VALUES ('Shaunte Melkonian','5928');
INSERT INTO `publisher_book`(`publisher`, `entryid`) VALUES ('Sikora Cooperations.','5928');
INSERT INTO `entry`(`entryid`,`type`) VALUES('5929','b');
INSERT INTO `book`(`title`,`entryid`,`isbn`,`type`) VALUES('Sphynx and Condition','5929','9609007218310','j');
INSERT INTO `genre_book`(`genre`, `entryid`) VALUES ('Sci-Fi','5929');
INSERT INTO `author_book`(`author`, `entryid`) VALUES ('Denese Ingwersen','5929');
INSERT INTO `publisher_book`(`publisher`, `entryid`) VALUES ('Cordas Inc.','5929');
INSERT INTO `entry`(`entryid`,`type`) VALUES('5930','b');
INSERT INTO `book`(`title`,`entryid`,`isbn`,`type`) VALUES('Scarecrow with Lake','5930','9093556279238','e');
INSERT INTO `genre_book`(`genre`, `entryid`) VALUES ('Horror','5930');
INSERT INTO `author_book`(`author`, `entryid`) VALUES ('Loura Savelli','5930');
INSERT INTO `publisher_book`(`publisher`, `entryid`) VALUES ('Sistek Cooperations.','5930');
INSERT INTO `entry`(`entryid`,`type`) VALUES('5931','b');
INSERT INTO `book`(`title`,`entryid`,`isbn`,`type`) VALUES('Faucet by the Icon','5931','0739662088068','b');
INSERT INTO `genre_book`(`genre`, `entryid`) VALUES ('Romance','5931');
INSERT INTO `author_book`(`author`, `entryid`) VALUES ('Amiee Clyatt','5931');
INSERT INTO `publisher_book`(`publisher`, `entryid`) VALUES ('Cudjoe Publishers.','5931');
INSERT INTO `entry`(`entryid`,`type`) VALUES('5932','b');
INSERT INTO `book`(`title`,`entryid`,`isbn`,`type`) VALUES('Current for Digger','5932','9420149255197','b');
INSERT INTO `genre_book`(`genre`, `entryid`) VALUES ('Romance','5932');
INSERT INTO `author_book`(`author`, `entryid`) VALUES ('Jetta Korewdit','5932');
INSERT INTO `publisher_book`(`publisher`, `entryid`) VALUES ('Rodrick Cooperations.','5932');
INSERT INTO `entry`(`entryid`,`type`) VALUES('5933','b');
INSERT INTO `book`(`title`,`entryid`,`isbn`,`type`) VALUES('Yacht vs. Representative','5933','0805799662075','e');
INSERT INTO `genre_book`(`genre`, `entryid`) VALUES ('Sci-Fi','5933');
INSERT INTO `author_book`(`author`, `entryid`) VALUES ('Venus Holliday','5933');
INSERT INTO `publisher_book`(`publisher`, `entryid`) VALUES ('Balin Publishers.','5933');
INSERT INTO `entry`(`entryid`,`type`) VALUES('5934','b');
INSERT INTO `book`(`title`,`entryid`,`isbn`,`type`) VALUES('Share for the Wood','5934','0935671244839','j');
INSERT INTO `genre_book`(`genre`, `entryid`) VALUES ('Science','5934');
INSERT INTO `author_book`(`author`, `entryid`) VALUES ('Waneta Mctague','5934');
INSERT INTO `publisher_book`(`publisher`, `entryid`) VALUES ('Rickels Cooperations.','5934');
INSERT INTO `entry`(`entryid`,`type`) VALUES('5935','b');
INSERT INTO `book`(`title`,`entryid`,`isbn`,`type`) VALUES('Shallot for the mannish Modem','5935','9059267590998','e');
INSERT INTO `genre_book`(`genre`, `entryid`) VALUES ('Education','5935');
INSERT INTO `author_book`(`author`, `entryid`) VALUES ('Breanna Stanislawski','5935');
INSERT INTO `publisher_book`(`publisher`, `entryid`) VALUES ('Kedley Cooperations.','5935');
INSERT INTO `entry`(`entryid`,`type`) VALUES('5936','b');
INSERT INTO `book`(`title`,`entryid`,`isbn`,`type`) VALUES('Nation by the Margin','5936','9778244527921','b');
INSERT INTO `genre_book`(`genre`, `entryid`) VALUES ('Romance','5936');
INSERT INTO `author_book`(`author`, `entryid`) VALUES ('Malena Malinsky','5936');
INSERT INTO `publisher_book`(`publisher`, `entryid`) VALUES ('Victoria Cooperations.','5936');
INSERT INTO `entry`(`entryid`,`type`) VALUES('5937','b');
INSERT INTO `book`(`title`,`entryid`,`isbn`,`type`) VALUES('Screen in andante Look','5937','0721937536152','b');
INSERT INTO `genre_book`(`genre`, `entryid`) VALUES ('Romance','5937');
INSERT INTO `author_book`(`author`, `entryid`) VALUES ('Felisha Vilaro','5937');
INSERT INTO `publisher_book`(`publisher`, `entryid`) VALUES ('Caspi Inc.','5937');
INSERT INTO `entry`(`entryid`,`type`) VALUES('5938','b');
INSERT INTO `book`(`title`,`entryid`,`isbn`,`type`) VALUES('Susan with the Shrine','5938','9059171253515','b');
INSERT INTO `genre_book`(`genre`, `entryid`) VALUES ('Adventure','5938');
INSERT INTO `author_book`(`author`, `entryid`) VALUES ('Michell Donatelli','5938');
INSERT INTO `publisher_book`(`publisher`, `entryid`) VALUES ('Martinek Cooperations.','5938');
INSERT INTO `entry`(`entryid`,`type`) VALUES('5939','b');
INSERT INTO `book`(`title`,`entryid`,`isbn`,`type`) VALUES('Toast to November','5939','0452567924762','b');
INSERT INTO `genre_book`(`genre`, `entryid`) VALUES ('Romance','5939');
INSERT INTO `author_book`(`author`, `entryid`) VALUES ('Laurel Levert','5939');
INSERT INTO `publisher_book`(`publisher`, `entryid`) VALUES ('Salvatori Inc.','5939');
INSERT INTO `entry`(`entryid`,`type`) VALUES('5940','b');
INSERT INTO `book`(`title`,`entryid`,`isbn`,`type`) VALUES('Case of the Raven','5940','9460903577163','e');
INSERT INTO `genre_book`(`genre`, `entryid`) VALUES ('Thriller','5940');
INSERT INTO `author_book`(`author`, `entryid`) VALUES ('Latrina Gariety','5940');
INSERT INTO `publisher_book`(`publisher`, `entryid`) VALUES ('Bigos Inc.','5940');
INSERT INTO `entry`(`entryid`,`type`) VALUES('5941','b');
INSERT INTO `book`(`title`,`entryid`,`isbn`,`type`) VALUES('Jelly for the effervescing Barber','5941','0998666236126','j');
INSERT INTO `genre_book`(`genre`, `entryid`) VALUES ('Romance','5941');
INSERT INTO `author_book`(`author`, `entryid`) VALUES ('Lourie Mizrahi','5941');
INSERT INTO `publisher_book`(`publisher`, `entryid`) VALUES ('Nighswander Publishers.','5941');
INSERT INTO `entry`(`entryid`,`type`) VALUES('5942','b');
INSERT INTO `book`(`title`,`entryid`,`isbn`,`type`) VALUES('Lilac and Index','5942','0086463941536','j');
INSERT INTO `genre_book`(`genre`, `entryid`) VALUES ('Sci-Fi','5942');
INSERT INTO `author_book`(`author`, `entryid`) VALUES ('Allyn Proa','5942');
INSERT INTO `publisher_book`(`publisher`, `entryid`) VALUES ('Miccio Cooperations.','5942');
INSERT INTO `entry`(`entryid`,`type`) VALUES('5943','b');
INSERT INTO `book`(`title`,`entryid`,`isbn`,`type`) VALUES('Leo for busying Court','5943','9303331402209','e');
INSERT INTO `genre_book`(`genre`, `entryid`) VALUES ('Science','5943');
INSERT INTO `author_book`(`author`, `entryid`) VALUES ('Dean Madan','5943');
INSERT INTO `publisher_book`(`publisher`, `entryid`) VALUES ('Parmely Publishers.','5943');
INSERT INTO `entry`(`entryid`,`type`) VALUES('5944','b');
INSERT INTO `book`(`title`,`entryid`,`isbn`,`type`) VALUES('Decrease to the metaphorical Lily','5944','9314495317971','b');
INSERT INTO `genre_book`(`genre`, `entryid`) VALUES ('Education','5944');
INSERT INTO `author_book`(`author`, `entryid`) VALUES ('Eliana Chow','5944');
INSERT INTO `publisher_book`(`publisher`, `entryid`) VALUES ('Kleis Inc.','5944');
INSERT INTO `entry`(`entryid`,`type`) VALUES('5945','b');
INSERT INTO `book`(`title`,`entryid`,`isbn`,`type`) VALUES('Wood for the extended-play Macaroni','5945','0040281572146','j');
INSERT INTO `genre_book`(`genre`, `entryid`) VALUES ('Education','5945');
INSERT INTO `author_book`(`author`, `entryid`) VALUES ('Toney Heverin','5945');
INSERT INTO `publisher_book`(`publisher`, `entryid`) VALUES ('Samas Publishers.','5945');
INSERT INTO `entry`(`entryid`,`type`) VALUES('5946','b');
INSERT INTO `book`(`title`,`entryid`,`isbn`,`type`) VALUES('Prose because of tame Fedelini','5946','0967427987359','j');
INSERT INTO `genre_book`(`genre`, `entryid`) VALUES ('Adventure','5946');
INSERT INTO `author_book`(`author`, `entryid`) VALUES ('Virgie Darcy','5946');
INSERT INTO `publisher_book`(`publisher`, `entryid`) VALUES ('Lundblad Inc.','5946');
INSERT INTO `entry`(`entryid`,`type`) VALUES('5947','b');
INSERT INTO `book`(`title`,`entryid`,`isbn`,`type`) VALUES('Skill of Okra','5947','0850795011114','j');
INSERT INTO `genre_book`(`genre`, `entryid`) VALUES ('Science','5947');
INSERT INTO `author_book`(`author`, `entryid`) VALUES ('Marylyn Chaisty','5947');
INSERT INTO `publisher_book`(`publisher`, `entryid`) VALUES ('Shamily Inc.','5947');
INSERT INTO `entry`(`entryid`,`type`) VALUES('5948','b');
INSERT INTO `book`(`title`,`entryid`,`isbn`,`type`) VALUES('Norwegian with the Scooter','5948','0735560370531','e');
INSERT INTO `genre_book`(`genre`, `entryid`) VALUES ('Romance','5948');
INSERT INTO `author_book`(`author`, `entryid`) VALUES ('Latricia Brunot','5948');
INSERT INTO `publisher_book`(`publisher`, `entryid`) VALUES ('Springfield Inc.','5948');
INSERT INTO `entry`(`entryid`,`type`) VALUES('5949','b');
INSERT INTO `book`(`title`,`entryid`,`isbn`,`type`) VALUES('Governor with the binocular Burglar','5949','9859417017082','e');
INSERT INTO `genre_book`(`genre`, `entryid`) VALUES ('Sci-Fi','5949');
INSERT INTO `author_book`(`author`, `entryid`) VALUES ('Leone Ply','5949');
INSERT INTO `publisher_book`(`publisher`, `entryid`) VALUES ('Beja Publishers.','5949');
INSERT INTO `entry`(`entryid`,`type`) VALUES('5950','b');
INSERT INTO `book`(`title`,`entryid`,`isbn`,`type`) VALUES('Jumbo for Beef','5950','0865973797233','b');
INSERT INTO `genre_book`(`genre`, `entryid`) VALUES ('Romance','5950');
INSERT INTO `author_book`(`author`, `entryid`) VALUES ('Chelsie Soose','5950');
INSERT INTO `publisher_book`(`publisher`, `entryid`) VALUES ('Good Inc.','5950');
INSERT INTO `entry`(`entryid`,`type`) VALUES('5951','b');
INSERT INTO `book`(`title`,`entryid`,`isbn`,`type`) VALUES('Description to the Diaphragm','5951','9001420354842','j');
INSERT INTO `genre_book`(`genre`, `entryid`) VALUES ('Education','5951');
INSERT INTO `author_book`(`author`, `entryid`) VALUES ('Normand Bourdier','5951');
INSERT INTO `publisher_book`(`publisher`, `entryid`) VALUES ('Trobaugh Publishers.','5951');
INSERT INTO `entry`(`entryid`,`type`) VALUES('5952','b');
INSERT INTO `book`(`title`,`entryid`,`isbn`,`type`) VALUES('Growth with Woolen','5952','0454130411034','j');
INSERT INTO `genre_book`(`genre`, `entryid`) VALUES ('Adventure','5952');
INSERT INTO `author_book`(`author`, `entryid`) VALUES ('Kenneth Mangual','5952');
INSERT INTO `publisher_book`(`publisher`, `entryid`) VALUES ('Trapp Inc.','5952');
INSERT INTO `entry`(`entryid`,`type`) VALUES('5953','b');
INSERT INTO `book`(`title`,`entryid`,`isbn`,`type`) VALUES('Celeste in the Glockenspiel','5953','9437443654551','e');
INSERT INTO `genre_book`(`genre`, `entryid`) VALUES ('Education','5953');
INSERT INTO `author_book`(`author`, `entryid`) VALUES ('Larraine Tatsch','5953');
INSERT INTO `publisher_book`(`publisher`, `entryid`) VALUES ('Durousseau Inc.','5953');
INSERT INTO `entry`(`entryid`,`type`) VALUES('5954','b');
INSERT INTO `book`(`title`,`entryid`,`isbn`,`type`) VALUES('Margin by diphyletic Apparel','5954','0340306834082','b');
INSERT INTO `genre_book`(`genre`, `entryid`) VALUES ('Romance','5954');
INSERT INTO `author_book`(`author`, `entryid`) VALUES ('Dee Meltzer','5954');
INSERT INTO `publisher_book`(`publisher`, `entryid`) VALUES ('Eisel Inc.','5954');
INSERT INTO `entry`(`entryid`,`type`) VALUES('5955','b');
INSERT INTO `book`(`title`,`entryid`,`isbn`,`type`) VALUES('Thursday of the Singer','5955','0797589378818','b');
INSERT INTO `genre_book`(`genre`, `entryid`) VALUES ('Thriller','5955');
INSERT INTO `author_book`(`author`, `entryid`) VALUES ('Chelsey Dollins','5955');
INSERT INTO `publisher_book`(`publisher`, `entryid`) VALUES ('Lucious Publishers.','5955');
INSERT INTO `entry`(`entryid`,`type`) VALUES('5956','b');
INSERT INTO `book`(`title`,`entryid`,`isbn`,`type`) VALUES('Tom-tom for the splanchnic Lead','5956','9254741872754','e');
INSERT INTO `genre_book`(`genre`, `entryid`) VALUES ('Horror','5956');
INSERT INTO `author_book`(`author`, `entryid`) VALUES ('Freida Zabawa','5956');
INSERT INTO `publisher_book`(`publisher`, `entryid`) VALUES ('Fannin Cooperations.','5956');
INSERT INTO `entry`(`entryid`,`type`) VALUES('5957','b');
INSERT INTO `book`(`title`,`entryid`,`isbn`,`type`) VALUES('Visitor to the Parian Plasterboard','5957','9878499331437','e');
INSERT INTO `genre_book`(`genre`, `entryid`) VALUES ('Education','5957');
INSERT INTO `author_book`(`author`, `entryid`) VALUES ('Hildred Prem','5957');
INSERT INTO `publisher_book`(`publisher`, `entryid`) VALUES ('Mandril Inc.','5957');
INSERT INTO `entry`(`entryid`,`type`) VALUES('5958','b');
INSERT INTO `book`(`title`,`entryid`,`isbn`,`type`) VALUES('Pepper of the Diamond','5958','0914438497366','j');
INSERT INTO `genre_book`(`genre`, `entryid`) VALUES ('Romance','5958');
INSERT INTO `author_book`(`author`, `entryid`) VALUES ('Sunday Jericho','5958');
INSERT INTO `publisher_book`(`publisher`, `entryid`) VALUES ('Good Inc.','5958');
INSERT INTO `entry`(`entryid`,`type`) VALUES('5959','b');
INSERT INTO `book`(`title`,`entryid`,`isbn`,`type`) VALUES('Monday by Mouse','5959','0938155024558','b');
INSERT INTO `genre_book`(`genre`, `entryid`) VALUES ('Adventure','5959');
INSERT INTO `author_book`(`author`, `entryid`) VALUES ('Carmelina Wasylow','5959');
INSERT INTO `publisher_book`(`publisher`, `entryid`) VALUES ('Kotlar Publishers.','5959');
INSERT INTO `entry`(`entryid`,`type`) VALUES('5960','b');
INSERT INTO `book`(`title`,`entryid`,`isbn`,`type`) VALUES('Lawyer with grab Look','5960','0675348386694','e');
INSERT INTO `genre_book`(`genre`, `entryid`) VALUES ('Horror','5960');
INSERT INTO `author_book`(`author`, `entryid`) VALUES ('Dewitt Urbach','5960');
INSERT INTO `publisher_book`(`publisher`, `entryid`) VALUES ('Cudjoe Publishers.','5960');
INSERT INTO `entry`(`entryid`,`type`) VALUES('5961','b');
INSERT INTO `book`(`title`,`entryid`,`isbn`,`type`) VALUES('Attraction with Sailboat','5961','0347607253234','b');
INSERT INTO `genre_book`(`genre`, `entryid`) VALUES ('Sci-Fi','5961');
INSERT INTO `author_book`(`author`, `entryid`) VALUES ('Philomena Pooschke','5961');
INSERT INTO `publisher_book`(`publisher`, `entryid`) VALUES ('Vattikuti Publishers.','5961');
INSERT INTO `entry`(`entryid`,`type`) VALUES('5962','b');
INSERT INTO `book`(`title`,`entryid`,`isbn`,`type`) VALUES('Lentil with Christopher','5962','9186922373294','b');
INSERT INTO `genre_book`(`genre`, `entryid`) VALUES ('Education','5962');
INSERT INTO `author_book`(`author`, `entryid`) VALUES ('Adrianne Cargill','5962');
INSERT INTO `publisher_book`(`publisher`, `entryid`) VALUES ('Foti Cooperations.','5962');
INSERT INTO `entry`(`entryid`,`type`) VALUES('5963','b');
INSERT INTO `book`(`title`,`entryid`,`isbn`,`type`) VALUES('Order for Grandmother','5963','9218740073912','b');
INSERT INTO `genre_book`(`genre`, `entryid`) VALUES ('Education','5963');
INSERT INTO `author_book`(`author`, `entryid`) VALUES ('Jenice Lofties','5963');
INSERT INTO `publisher_book`(`publisher`, `entryid`) VALUES ('Warnock Cooperations.','5963');
INSERT INTO `entry`(`entryid`,`type`) VALUES('5964','b');
INSERT INTO `book`(`title`,`entryid`,`isbn`,`type`) VALUES('Carnation with Maid','5964','9560807211129','e');
INSERT INTO `genre_book`(`genre`, `entryid`) VALUES ('Adventure','5964');
INSERT INTO `author_book`(`author`, `entryid`) VALUES ('Deja Beel','5964');
INSERT INTO `publisher_book`(`publisher`, `entryid`) VALUES ('Eisel Inc.','5964');
INSERT INTO `entry`(`entryid`,`type`) VALUES('5965','b');
INSERT INTO `book`(`title`,`entryid`,`isbn`,`type`) VALUES('Promotion in oilier Objective','5965','9752680059020','j');
INSERT INTO `genre_book`(`genre`, `entryid`) VALUES ('Horror','5965');
INSERT INTO `author_book`(`author`, `entryid`) VALUES ('Huong Bisignano','5965');
INSERT INTO `publisher_book`(`publisher`, `entryid`) VALUES ('Hults Cooperations.','5965');
INSERT INTO `entry`(`entryid`,`type`) VALUES('5966','b');
INSERT INTO `book`(`title`,`entryid`,`isbn`,`type`) VALUES('Wind and Ceiling','5966','0386458101269','b');
INSERT INTO `genre_book`(`genre`, `entryid`) VALUES ('Horror','5966');
INSERT INTO `author_book`(`author`, `entryid`) VALUES ('Huong Bisignano','5966');
INSERT INTO `publisher_book`(`publisher`, `entryid`) VALUES ('Oieda Inc.','5966');
INSERT INTO `entry`(`entryid`,`type`) VALUES('5967','b');
INSERT INTO `book`(`title`,`entryid`,`isbn`,`type`) VALUES('Fahrenheit with Collar','5967','0865440984247','j');
INSERT INTO `genre_book`(`genre`, `entryid`) VALUES ('Horror','5967');
INSERT INTO `author_book`(`author`, `entryid`) VALUES ('Merlyn Knows','5967');
INSERT INTO `publisher_book`(`publisher`, `entryid`) VALUES ('Durousseau Inc.','5967');
INSERT INTO `entry`(`entryid`,`type`) VALUES('5968','b');
INSERT INTO `book`(`title`,`entryid`,`isbn`,`type`) VALUES('Twig because of Seaplane','5968','9854606799202','j');
INSERT INTO `genre_book`(`genre`, `entryid`) VALUES ('Horror','5968');
INSERT INTO `author_book`(`author`, `entryid`) VALUES ('Lizbeth Dalziel','5968');
INSERT INTO `publisher_book`(`publisher`, `entryid`) VALUES ('Statton Inc.','5968');
INSERT INTO `entry`(`entryid`,`type`) VALUES('5969','b');
INSERT INTO `book`(`title`,`entryid`,`isbn`,`type`) VALUES('Selection by Aftershave','5969','0209076029044','b');
INSERT INTO `genre_book`(`genre`, `entryid`) VALUES ('Thriller','5969');
INSERT INTO `author_book`(`author`, `entryid`) VALUES ('Mistie Bentson','5969');
INSERT INTO `publisher_book`(`publisher`, `entryid`) VALUES ('Arroyd Inc.','5969');
INSERT INTO `entry`(`entryid`,`type`) VALUES('5970','b');
INSERT INTO `book`(`title`,`entryid`,`isbn`,`type`) VALUES('Textbook against the pyoid Afternoon','5970','0991746790910','b');
INSERT INTO `genre_book`(`genre`, `entryid`) VALUES ('Horror','5970');
INSERT INTO `author_book`(`author`, `entryid`) VALUES ('Shantelle Schoo','5970');
INSERT INTO `publisher_book`(`publisher`, `entryid`) VALUES ('Mu Inc.','5970');
INSERT INTO `entry`(`entryid`,`type`) VALUES('5971','b');
INSERT INTO `book`(`title`,`entryid`,`isbn`,`type`) VALUES('November with Store','5971','9381083423709','b');
INSERT INTO `genre_book`(`genre`, `entryid`) VALUES ('Sci-Fi','5971');
INSERT INTO `author_book`(`author`, `entryid`) VALUES ('Issac Hubley','5971');
INSERT INTO `publisher_book`(`publisher`, `entryid`) VALUES ('Glackin Inc.','5971');
INSERT INTO `entry`(`entryid`,`type`) VALUES('5972','b');
INSERT INTO `book`(`title`,`entryid`,`isbn`,`type`) VALUES('Philosophy by the Self','5972','9088299127289','e');
INSERT INTO `genre_book`(`genre`, `entryid`) VALUES ('Thriller','5972');
INSERT INTO `author_book`(`author`, `entryid`) VALUES ('Tinisha Mountain','5972');
INSERT INTO `publisher_book`(`publisher`, `entryid`) VALUES ('Takemoto Inc.','5972');
INSERT INTO `entry`(`entryid`,`type`) VALUES('5973','b');
INSERT INTO `book`(`title`,`entryid`,`isbn`,`type`) VALUES('Gladiolus because of undiminished Lasagna','5973','9770231506165','j');
INSERT INTO `genre_book`(`genre`, `entryid`) VALUES ('Sci-Fi','5973');
INSERT INTO `author_book`(`author`, `entryid`) VALUES ('Shelba Baldini','5973');
INSERT INTO `publisher_book`(`publisher`, `entryid`) VALUES ('Cerrito Inc.','5973');
INSERT INTO `entry`(`entryid`,`type`) VALUES('5974','b');
INSERT INTO `book`(`title`,`entryid`,`isbn`,`type`) VALUES('Deficit of the Mirror','5974','9409560988580','e');
INSERT INTO `genre_book`(`genre`, `entryid`) VALUES ('Thriller','5974');
INSERT INTO `author_book`(`author`, `entryid`) VALUES ('Marceline Pons','5974');
INSERT INTO `publisher_book`(`publisher`, `entryid`) VALUES ('Dingson Publishers.','5974');
INSERT INTO `entry`(`entryid`,`type`) VALUES('5975','b');
INSERT INTO `book`(`title`,`entryid`,`isbn`,`type`) VALUES('Equipment vs. swirly Wrecker','5975','0357425185716','e');
INSERT INTO `genre_book`(`genre`, `entryid`) VALUES ('Education','5975');
INSERT INTO `author_book`(`author`, `entryid`) VALUES ('Corrine Soler','5975');
INSERT INTO `publisher_book`(`publisher`, `entryid`) VALUES ('Stjohn Publishers.','5975');
INSERT INTO `entry`(`entryid`,`type`) VALUES('5976','b');
INSERT INTO `book`(`title`,`entryid`,`isbn`,`type`) VALUES('Grape by the ventriloquial Collar','5976','0416974758060','e');
INSERT INTO `genre_book`(`genre`, `entryid`) VALUES ('Thriller','5976');
INSERT INTO `author_book`(`author`, `entryid`) VALUES ('Tiesha Hosea','5976');
INSERT INTO `publisher_book`(`publisher`, `entryid`) VALUES ('Holland Publishers.','5976');
INSERT INTO `entry`(`entryid`,`type`) VALUES('5977','b');
INSERT INTO `book`(`title`,`entryid`,`isbn`,`type`) VALUES('Arch with Zoology','5977','9591392504315','j');
INSERT INTO `genre_book`(`genre`, `entryid`) VALUES ('Thriller','5977');
INSERT INTO `author_book`(`author`, `entryid`) VALUES ('Janelle Mada','5977');
INSERT INTO `publisher_book`(`publisher`, `entryid`) VALUES ('Murtagh Inc.','5977');
INSERT INTO `entry`(`entryid`,`type`) VALUES('5978','b');
INSERT INTO `book`(`title`,`entryid`,`isbn`,`type`) VALUES('Attic and the unreckonable Beetle','5978','9392253039409','b');
INSERT INTO `genre_book`(`genre`, `entryid`) VALUES ('Education','5978');
INSERT INTO `author`(`name`,`birthyear`,`deathyear`) VALUES('Pierre Hom','1965','2008');
INSERT INTO `author_book`(`author`, `entryid`) VALUES ('Pierre Hom','5978');
INSERT INTO `publisher_book`(`publisher`, `entryid`) VALUES ('Strazisar Inc.','5978');
INSERT INTO `entry`(`entryid`,`type`) VALUES('5979','b');
INSERT INTO `book`(`title`,`entryid`,`isbn`,`type`) VALUES('Sneeze of Oval','5979','0444451400653','e');
INSERT INTO `genre_book`(`genre`, `entryid`) VALUES ('Science','5979');
INSERT INTO `author_book`(`author`, `entryid`) VALUES ('Hollis Blackwater','5979');
INSERT INTO `publisher_book`(`publisher`, `entryid`) VALUES ('Giampaolo Cooperations.','5979');
INSERT INTO `entry`(`entryid`,`type`) VALUES('5980','b');
INSERT INTO `book`(`title`,`entryid`,`isbn`,`type`) VALUES('Oyster in the Popcorn','5980','9600206422308','b');
INSERT INTO `genre_book`(`genre`, `entryid`) VALUES ('Horror','5980');
INSERT INTO `author_book`(`author`, `entryid`) VALUES ('Mathew Idrovo','5980');
INSERT INTO `publisher_book`(`publisher`, `entryid`) VALUES ('Ginty Cooperations.','5980');
INSERT INTO `entry`(`entryid`,`type`) VALUES('5981','b');
INSERT INTO `book`(`title`,`entryid`,`isbn`,`type`) VALUES('Abyssinian to the profligate Shovel','5981','9114007200769','e');
INSERT INTO `genre_book`(`genre`, `entryid`) VALUES ('Sci-Fi','5981');
INSERT INTO `author_book`(`author`, `entryid`) VALUES ('Catherin Boyette','5981');
INSERT INTO `publisher_book`(`publisher`, `entryid`) VALUES ('Tymon Inc.','5981');
INSERT INTO `entry`(`entryid`,`type`) VALUES('5982','b');
INSERT INTO `book`(`title`,`entryid`,`isbn`,`type`) VALUES('Bonsai against Victorian Clarinet','5982','9638519529830','j');
INSERT INTO `genre_book`(`genre`, `entryid`) VALUES ('Education','5982');
INSERT INTO `author_book`(`author`, `entryid`) VALUES ('Moses Tarrant','5982');
INSERT INTO `publisher_book`(`publisher`, `entryid`) VALUES ('Argrave Publishers.','5982');
INSERT INTO `entry`(`entryid`,`type`) VALUES('5983','b');
INSERT INTO `book`(`title`,`entryid`,`isbn`,`type`) VALUES('Opera for Year','5983','9765642504892','e');
INSERT INTO `genre_book`(`genre`, `entryid`) VALUES ('Science','5983');
INSERT INTO `author_book`(`author`, `entryid`) VALUES ('Nubia Stagers','5983');
INSERT INTO `publisher_book`(`publisher`, `entryid`) VALUES ('Goldhaber Publishers.','5983');
INSERT INTO `entry`(`entryid`,`type`) VALUES('5984','b');
INSERT INTO `book`(`title`,`entryid`,`isbn`,`type`) VALUES('Forest for the spouseless Palm','5984','0395121693337','b');
INSERT INTO `genre_book`(`genre`, `entryid`) VALUES ('Education','5984');
INSERT INTO `author_book`(`author`, `entryid`) VALUES ('Everett Coronado','5984');
INSERT INTO `publisher_book`(`publisher`, `entryid`) VALUES ('Duchesney Publishers.','5984');
INSERT INTO `entry`(`entryid`,`type`) VALUES('5985','b');
INSERT INTO `book`(`title`,`entryid`,`isbn`,`type`) VALUES('Stopsign to athetoid Sky','5985','9777790268855','j');
INSERT INTO `genre_book`(`genre`, `entryid`) VALUES ('Horror','5985');
INSERT INTO `author_book`(`author`, `entryid`) VALUES ('Deb Maciolek','5985');
INSERT INTO `publisher_book`(`publisher`, `entryid`) VALUES ('Nack Publishers.','5985');
INSERT INTO `entry`(`entryid`,`type`) VALUES('5986','b');
INSERT INTO `book`(`title`,`entryid`,`isbn`,`type`) VALUES('Philippines against scummier Celsius','5986','0353529255706','e');
INSERT INTO `genre_book`(`genre`, `entryid`) VALUES ('Sci-Fi','5986');
INSERT INTO `author_book`(`author`, `entryid`) VALUES ('Maranda Ahumada','5986');
INSERT INTO `publisher_book`(`publisher`, `entryid`) VALUES ('Terrell Cooperations.','5986');
INSERT INTO `entry`(`entryid`,`type`) VALUES('5987','b');
INSERT INTO `book`(`title`,`entryid`,`isbn`,`type`) VALUES('Coal by the Yam','5987','0319806540514','e');
INSERT INTO `genre_book`(`genre`, `entryid`) VALUES ('Thriller','5987');
INSERT INTO `author_book`(`author`, `entryid`) VALUES ('Luba Whisenant','5987');
INSERT INTO `publisher_book`(`publisher`, `entryid`) VALUES ('Mominee Inc.','5987');
INSERT INTO `entry`(`entryid`,`type`) VALUES('5988','b');
INSERT INTO `book`(`title`,`entryid`,`isbn`,`type`) VALUES('Tanzania by the Surfboard','5988','0082095087173','e');
INSERT INTO `genre_book`(`genre`, `entryid`) VALUES ('Horror','5988');
INSERT INTO `author_book`(`author`, `entryid`) VALUES ('Andrea Morneau','5988');
INSERT INTO `publisher_book`(`publisher`, `entryid`) VALUES ('Habeck Publishers.','5988');
INSERT INTO `entry`(`entryid`,`type`) VALUES('5989','b');
INSERT INTO `book`(`title`,`entryid`,`isbn`,`type`) VALUES('Tea with etched Relish','5989','0033815391028','e');
INSERT INTO `genre_book`(`genre`, `entryid`) VALUES ('Thriller','5989');
INSERT INTO `author_book`(`author`, `entryid`) VALUES ('Lorita Crask','5989');
INSERT INTO `publisher_book`(`publisher`, `entryid`) VALUES ('Mccarvill Inc.','5989');
INSERT INTO `entry`(`entryid`,`type`) VALUES('5990','b');
INSERT INTO `book`(`title`,`entryid`,`isbn`,`type`) VALUES('Grenade against the once Brochure','5990','9266792809814','e');
INSERT INTO `genre_book`(`genre`, `entryid`) VALUES ('Thriller','5990');
INSERT INTO `author_book`(`author`, `entryid`) VALUES ('Saul Traugott','5990');
INSERT INTO `publisher_book`(`publisher`, `entryid`) VALUES ('Franty Cooperations.','5990');
INSERT INTO `entry`(`entryid`,`type`) VALUES('5991','b');
INSERT INTO `book`(`title`,`entryid`,`isbn`,`type`) VALUES('Afghanistan of the March','5991','9321793907371','e');
INSERT INTO `genre_book`(`genre`, `entryid`) VALUES ('Horror','5991');
INSERT INTO `author_book`(`author`, `entryid`) VALUES ('Katharina Buechner','5991');
INSERT INTO `publisher_book`(`publisher`, `entryid`) VALUES ('Rudolph Cooperations.','5991');
INSERT INTO `entry`(`entryid`,`type`) VALUES('5992','b');
INSERT INTO `book`(`title`,`entryid`,`isbn`,`type`) VALUES('Net to Coat','5992','0687212452647','b');
INSERT INTO `genre_book`(`genre`, `entryid`) VALUES ('Romance','5992');
INSERT INTO `author_book`(`author`, `entryid`) VALUES ('Alida Luppino','5992');
INSERT INTO `publisher_book`(`publisher`, `entryid`) VALUES ('Tutoky Cooperations.','5992');
INSERT INTO `entry`(`entryid`,`type`) VALUES('5993','b');
INSERT INTO `book`(`title`,`entryid`,`isbn`,`type`) VALUES('Lobster for Basement','5993','9427248310999','b');
INSERT INTO `genre_book`(`genre`, `entryid`) VALUES ('Sci-Fi','5993');
INSERT INTO `author_book`(`author`, `entryid`) VALUES ('Leontine Molineaux','5993');
INSERT INTO `publisher_book`(`publisher`, `entryid`) VALUES ('Nemani Cooperations.','5993');
INSERT INTO `entry`(`entryid`,`type`) VALUES('5994','b');
INSERT INTO `book`(`title`,`entryid`,`isbn`,`type`) VALUES('Tie and the Sphynx','5994','9999388818468','e');
INSERT INTO `genre_book`(`genre`, `entryid`) VALUES ('Education','5994');
INSERT INTO `author_book`(`author`, `entryid`) VALUES ('Vernita Jensrud','5994');
INSERT INTO `publisher_book`(`publisher`, `entryid`) VALUES ('Weymouth Inc.','5994');
INSERT INTO `entry`(`entryid`,`type`) VALUES('5995','b');
INSERT INTO `book`(`title`,`entryid`,`isbn`,`type`) VALUES('Lock for rident Linen','5995','0804148401202','b');
INSERT INTO `genre_book`(`genre`, `entryid`) VALUES ('Horror','5995');
INSERT INTO `author_book`(`author`, `entryid`) VALUES ('Arla Harmond','5995');
INSERT INTO `publisher_book`(`publisher`, `entryid`) VALUES ('Hollner Publishers.','5995');
INSERT INTO `entry`(`entryid`,`type`) VALUES('5996','b');
INSERT INTO `book`(`title`,`entryid`,`isbn`,`type`) VALUES('Walk to the battological Lasagna','5996','0350981502021','j');
INSERT INTO `genre_book`(`genre`, `entryid`) VALUES ('Education','5996');
INSERT INTO `author`(`name`,`birthyear`,`deathyear`) VALUES('Elvis Galstad','1953','2029');
INSERT INTO `author_book`(`author`, `entryid`) VALUES ('Elvis Galstad','5996');
INSERT INTO `publisher_book`(`publisher`, `entryid`) VALUES ('Delashaw Publishers.','5996');
INSERT INTO `entry`(`entryid`,`type`) VALUES('5997','b');
INSERT INTO `book`(`title`,`entryid`,`isbn`,`type`) VALUES('Burglar by the Need','5997','9319184476538','b');
INSERT INTO `genre_book`(`genre`, `entryid`) VALUES ('Science','5997');
INSERT INTO `author_book`(`author`, `entryid`) VALUES ('Shanita Tabone','5997');
INSERT INTO `publisher_book`(`publisher`, `entryid`) VALUES ('Wojtowich Publishers.','5997');
INSERT INTO `entry`(`entryid`,`type`) VALUES('5998','b');
INSERT INTO `book`(`title`,`entryid`,`isbn`,`type`) VALUES('Flag by Kendo','5998','9255394722179','e');
INSERT INTO `genre_book`(`genre`, `entryid`) VALUES ('Horror','5998');
INSERT INTO `author_book`(`author`, `entryid`) VALUES ('Beth Fehlman','5998');
INSERT INTO `publisher_book`(`publisher`, `entryid`) VALUES ('Marth Cooperations.','5998');
INSERT INTO `entry`(`entryid`,`type`) VALUES('5999','b');
INSERT INTO `book`(`title`,`entryid`,`isbn`,`type`) VALUES('Thomas and the undreaming Hammer','5999','0269675002749','e');
INSERT INTO `genre_book`(`genre`, `entryid`) VALUES ('Romance','5999');
INSERT INTO `author_book`(`author`, `entryid`) VALUES ('Alisa Russomanno','5999');
INSERT INTO `publisher_book`(`publisher`, `entryid`) VALUES ('Trickel Inc.','5999');
INSERT INTO `entry`(`entryid`,`type`) VALUES('6000','b');
INSERT INTO `book`(`title`,`entryid`,`isbn`,`type`) VALUES('Output and the insusceptible Dorothy','6000','9840414516755','b');
INSERT INTO `genre_book`(`genre`, `entryid`) VALUES ('Thriller','6000');
INSERT INTO `author_book`(`author`, `entryid`) VALUES ('Beth Fehlman','6000');
INSERT INTO `publisher_book`(`publisher`, `entryid`) VALUES ('Blan Inc.','6000');
INSERT INTO `entry`(`entryid`,`type`) VALUES('6001','b');
INSERT INTO `book`(`title`,`entryid`,`isbn`,`type`) VALUES('Report and the dyeline Power','6001','0239540517912','j');
INSERT INTO `genre_book`(`genre`, `entryid`) VALUES ('Sci-Fi','6001');
INSERT INTO `author_book`(`author`, `entryid`) VALUES ('Allyn Proa','6001');
INSERT INTO `publisher_book`(`publisher`, `entryid`) VALUES ('Hoaglund Cooperations.','6001');
INSERT INTO `entry`(`entryid`,`type`) VALUES('6002','b');
INSERT INTO `book`(`title`,`entryid`,`isbn`,`type`) VALUES('Gosling to foreign Mask','6002','9069705495729','e');
INSERT INTO `genre_book`(`genre`, `entryid`) VALUES ('Education','6002');
INSERT INTO `author_book`(`author`, `entryid`) VALUES ('Werner Fudala','6002');
INSERT INTO `publisher_book`(`publisher`, `entryid`) VALUES ('Oieda Inc.','6002');
INSERT INTO `entry`(`entryid`,`type`) VALUES('6003','b');
INSERT INTO `book`(`title`,`entryid`,`isbn`,`type`) VALUES('Plaster with Italian','6003','0034255102876','b');
INSERT INTO `genre_book`(`genre`, `entryid`) VALUES ('Sci-Fi','6003');
INSERT INTO `author_book`(`author`, `entryid`) VALUES ('Kallie Hagg','6003');
INSERT INTO `publisher_book`(`publisher`, `entryid`) VALUES ('Leppert Inc.','6003');
INSERT INTO `entry`(`entryid`,`type`) VALUES('6004','b');
INSERT INTO `book`(`title`,`entryid`,`isbn`,`type`) VALUES('Latex of the ci-devant Linda','6004','9236554525108','b');
INSERT INTO `genre_book`(`genre`, `entryid`) VALUES ('Romance','6004');
INSERT INTO `author_book`(`author`, `entryid`) VALUES ('Cameron Tino','6004');
INSERT INTO `publisher_book`(`publisher`, `entryid`) VALUES ('Waldbauer Publishers.','6004');
INSERT INTO `entry`(`entryid`,`type`) VALUES('6005','b');
INSERT INTO `book`(`title`,`entryid`,`isbn`,`type`) VALUES('Leather of Trapezoid','6005','0596974438071','e');
INSERT INTO `genre_book`(`genre`, `entryid`) VALUES ('Education','6005');
INSERT INTO `author_book`(`author`, `entryid`) VALUES ('Javier Pieper','6005');
INSERT INTO `publisher_book`(`publisher`, `entryid`) VALUES ('Luchenbill Inc.','6005');
INSERT INTO `entry`(`entryid`,`type`) VALUES('6006','b');
INSERT INTO `book`(`title`,`entryid`,`isbn`,`type`) VALUES('Collar and Sink','6006','0221689731788','j');
INSERT INTO `genre_book`(`genre`, `entryid`) VALUES ('Adventure','6006');
INSERT INTO `author_book`(`author`, `entryid`) VALUES ('Ernest Sanda','6006');
INSERT INTO `publisher_book`(`publisher`, `entryid`) VALUES ('Bedre Publishers.','6006');
INSERT INTO `entry`(`entryid`,`type`) VALUES('6007','b');
INSERT INTO `book`(`title`,`entryid`,`isbn`,`type`) VALUES('Lunch with the Wrench','6007','0831175162876','b');
INSERT INTO `genre_book`(`genre`, `entryid`) VALUES ('Sci-Fi','6007');
INSERT INTO `author_book`(`author`, `entryid`) VALUES ('Pat Curley','6007');
INSERT INTO `publisher_book`(`publisher`, `entryid`) VALUES ('Armada Cooperations.','6007');
INSERT INTO `entry`(`entryid`,`type`) VALUES('6008','b');
INSERT INTO `book`(`title`,`entryid`,`isbn`,`type`) VALUES('Fir in Meeting','6008','0732602560814','e');
INSERT INTO `genre_book`(`genre`, `entryid`) VALUES ('Adventure','6008');
INSERT INTO `author_book`(`author`, `entryid`) VALUES ('Whitney Soni','6008');
INSERT INTO `publisher_book`(`publisher`, `entryid`) VALUES ('Hathcoat Publishers.','6008');
